chave_ato;cnj;sq_decisao;data_ato;classe;recorte_comunicacao;data_sjur;datas_sjur_variantes;fonte;url_peca;extrato;relator;arquivo_pje;sha256_pje;votacao;vencidos;url_andamento
0600081-16.2025.6.18.0000|68791;0600081-16.2025.6.18.0000;68791;2026-02-12;AREspE;1;2026-02-05;2026-02-05;SJUR — exportação oficial em CSV;https://sjur-servicos.tse.jus.br/sjur-servicos/rest/download/pdf/tribunal=TSE/processoNumero=060008116/processoClasse=AREspE/decisaoData=20260205;O Tribunal, por unanimidade, negou provimento ao agravo interno, nos termos do voto do Relator. Acompanharam o Relator os Ministros Antonio Carlos Ferreira, Villas Bôas Cueva, Floriano de Azevedo Marques, Estela Aranha, Nunes Marques e Cármen Lúcia (Presidente). Composição: Ministros (as) Cármen Lúcia (Presidente), Nunes Marques, André Mendonça, Antonio Carlos Ferreira, Villas Bôas Cueva, Floriano de Azevedo Marques e Estela Aranha.;Relator(a) Min. André Mendonça;;;unânime;;https://consultaunificadapje.tse.jus.br/#/public/resultado/0600081-16.2025.6.18.0000
0600094-79.2026.6.00.0000|67970;0600094-79.2026.6.00.0000;67970;2026-06-14;Rp;1;2026-02-12;2026-02-12;SJUR — exportação oficial em CSV;https://sjur-servicos.tse.jus.br/sjur-servicos/rest/download/pdf/tribunal=TSE/processoNumero=060009479/processoClasse=Rp/decisaoData=20260212;Julgamento conjunto: Representações no 060009479 e no 060018305). O Tribunal, por unanimidade, indeferiu os pedidos liminares, e extinguiu parcialmente o processo no 0600094-79, sem resolução de mérito, unicamente em relação ao segundo representante, diante da sua ilegitimidade ativa, remanescendo no polo ativo apenas o primeiro representante, nos termos do voto da Relatora. Acompanharam a Relatora os Ministros Nunes Marques, André Mendonça, Antonio Carlos Ferreira, Villas Bôas Cueva, Floriano de Azevedo Marques e Cármen Lúcia (Presidente). Composição: Ministros (as) Cármen Lúcia (Presidente), Nunes Marques, André Mendonça, Antonio Carlos Ferreira, Villas Bôas Cueva, Floriano de Azevedo Marques e Estela Aranha (Juíza Auxiliar).;Relator(a) Min. Estela Aranha;;;unânime;;https://consultaunificadapje.tse.jus.br/#/public/resultado/0600094-79.2026.6.00.0000
0600183-05.2026.6.00.0000|68644;0600183-05.2026.6.00.0000;68644;2026-06-14;Rp;1;2026-02-12;2026-02-12;SJUR — exportação oficial em CSV;https://sjur-servicos.tse.jus.br/sjur-servicos/rest/download/pdf/tribunal=TSE/processoNumero=060018305/processoClasse=Rp/decisaoData=20260212;Julgamento conjunto: Representações no 060009479 e no 060018305. O Tribunal, por unanimidade, indeferiu os pedidos liminares, e extinguiu parcialmente o processo no 0600094-79, sem resolução de mérito, unicamente em relação ao segundo representante, diante da sua ilegitimidade ativa, remanescendo no polo ativo apenas o primeiro representante, nos termos do voto da Relatora. Acompanharam a Relatora os Ministros Nunes Marques, André Mendonça, Antonio Carlos Ferreira, Villas Bôas Cueva, Floriano de Azevedo Marques e Cármen Lúcia (Presidente). Composição: Ministros (as) Cármen Lúcia (Presidente), Nunes Marques, André Mendonça, Antonio Carlos Ferreira, Villas Bôas Cueva, Floriano de Azevedo Marques e Estela Aranha (Juíza Auxiliar).;Relator(a) Min. Estela Aranha;;;unânime;;https://consultaunificadapje.tse.jus.br/#/public/resultado/0600183-05.2026.6.00.0000
0600949-58.2026.6.00.0000|68387;0600949-58.2026.6.00.0000;68387;2026-06-30;Rp;1;2026-06-25;2026-06-25;SJUR — exportação oficial em CSV;https://sjur-servicos.tse.jus.br/sjur-servicos/rest/download/pdf/tribunal=TSE/processoNumero=060094958/processoClasse=Rp/decisaoData=20260625;O Tribunal, por unanimidade, referendou a liminar parcialmente deferida anteriormente, nos termos do voto do Relator. Acompanharam o Relator os Ministros Dias Toffoli, Antonio Carlos Ferreira, Ricardo Villas Bôas Cueva, Floriano de Azevedo Marques, Estela Aranha e Nunes Marques (Presidente). Composição: Ministros Nunes Marques (Presidente), André Mendonça, Dias Toffoli, Antonio Carlos Ferreira, Ricardo Villas Bôas Cueva, Floriano de Azevedo Marques e Estela Aranha.;Relator(a) Min. André Mendonça;;;unânime;;https://consultaunificadapje.tse.jus.br/#/public/resultado/0600949-58.2026.6.00.0000
0600954-80.2026.6.00.0000|68385;0600954-80.2026.6.00.0000;68385;2026-06-30;Rp;1;2026-06-25;2026-06-25;SJUR — exportação oficial em CSV;https://sjur-servicos.tse.jus.br/sjur-servicos/rest/download/pdf/tribunal=TSE/processoNumero=060095480/processoClasse=Rp/decisaoData=20260625;O Tribunal, por unanimidade, referendou a liminar anteriormente indeferida, nos termos do voto do Relator. Acompanharam o Relator os Ministros Dias Toffoli, Antonio Carlos Ferreira, Ricardo Villas Bôas Cueva, Floriano de Azevedo Marques, Estela Aranha e Nunes Marques (Presidente). Composição: Ministros Nunes Marques (Presidente), André Mendonça, Dias Toffoli, Antonio Carlos Ferreira, Ricardo Villas Bôas Cueva, Floriano de Azevedo Marques e Estela Aranha.;Relator(a) Min. André Mendonça;;;unânime;;https://consultaunificadapje.tse.jus.br/#/public/resultado/0600954-80.2026.6.00.0000
0600960-87.2026.6.00.0000|67714;0600960-87.2026.6.00.0000;67714;2026-06-30;Rp;1;2026-06-25;2026-06-25;SJUR — exportação oficial em CSV;https://sjur-servicos.tse.jus.br/sjur-servicos/rest/download/pdf/tribunal=TSE/processoNumero=060096087/processoClasse=Rp/decisaoData=20260625;O Tribunal, por unanimidade, referendou a liminar parcialmente deferida anteriormente, nos termos do voto do Relator. Acompanharam o Relator os Ministros Dias Toffoli, Antonio Carlos Ferreira, Ricardo Villas Bôas Cueva, Floriano de Azevedo Marques, Estela Aranha e Nunes Marques (Presidente). Composição: Ministros Nunes Marques (Presidente), André Mendonça, Dias Toffoli, Antonio Carlos Ferreira, Ricardo Villas Bôas Cueva, Floriano de Azevedo Marques e Estela Aranha.;Relator(a) Min. André Mendonça;;;unânime;;https://consultaunificadapje.tse.jus.br/#/public/resultado/0600960-87.2026.6.00.0000
0600968-64.2026.6.00.0000|67713;0600968-64.2026.6.00.0000;67713;2026-06-30;Rp;1;2026-06-25;2026-06-25;SJUR — exportação oficial em CSV;https://sjur-servicos.tse.jus.br/sjur-servicos/rest/download/pdf/tribunal=TSE/processoNumero=060096864/processoClasse=Rp/decisaoData=20260625;O Tribunal, por unanimidade, referendou a liminar parcialmente deferida anteriormente, nos termos do voto do Relator. Acompanharam o Relator os Ministros Dias Toffoli, Antonio Carlos Ferreira, Ricardo Villas Bôas Cueva, Floriano de Azevedo Marques, Estela Aranha e Nunes Marques (Presidente). Composição: Ministros Nunes Marques (Presidente), André Mendonça, Dias Toffoli, Antonio Carlos Ferreira, Ricardo Villas Bôas Cueva, Floriano de Azevedo Marques e Estela Aranha.;Relator(a) Min. André Mendonça;;;unânime;;https://consultaunificadapje.tse.jus.br/#/public/resultado/0600968-64.2026.6.00.0000
0600969-49.2026.6.00.0000|68386;0600969-49.2026.6.00.0000;68386;2026-06-30;Rp;1;2026-06-25;2026-06-25;SJUR — exportação oficial em CSV;https://sjur-servicos.tse.jus.br/sjur-servicos/rest/download/pdf/tribunal=TSE/processoNumero=060096949/processoClasse=Rp/decisaoData=20260625;O Tribunal, por unanimidade, referendou a decisão liminar anteriormente deferida, em parte, nos termos do voto do Relator. Acompanharam o Relator os Ministros Dias Toffoli, Antonio Carlos Ferreira, Ricardo Villas Bôas Cueva, Floriano de Azevedo Marques, Estela Aranha e Nunes Marques (Presidente). Composição: Ministros Nunes Marques (Presidente), André Mendonça, Dias Toffoli, Antonio Carlos Ferreira, Ricardo Villas Bôas Cueva, Floriano de Azevedo Marques e Estela Aranha.;Relator(a) Min. André Mendonça;;;unânime;;https://consultaunificadapje.tse.jus.br/#/public/resultado/0600969-49.2026.6.00.0000
0600976-41.2026.6.00.0000|67715;0600976-41.2026.6.00.0000;67715;2026-06-30;Rp;1;;;PJe — acórdão;https://consultaunificadapje.tse.jus.br/consulta-publica-unificada/documento?extensaoArquivo=text/html&path=tse/2026/6/30/14/49/5/c2e84d5d94a2f5f75af036c0efd5a750de0c5e76f2c90a6c86327b52905bbcf2;O Tribunal, por unanimidade, referendou a liminar parcialmente deferida anteriormente, nos termos do voto do relator.;André Mendonça;85c907321beed429a142.html;c2e84d5d94a2f5f75af036c0efd5a750de0c5e76f2c90a6c86327b52905bbcf2;unânime;;https://consultaunificadapje.tse.jus.br/#/public/resultado/0600976-41.2026.6.00.0000
0600987-70.2026.6.00.0000|68821;0600987-70.2026.6.00.0000;68821;2026-06-30;Rp;1;2026-06-25;2026-06-25;SJUR — exportação oficial em CSV;https://sjur-servicos.tse.jus.br/sjur-servicos/rest/download/pdf/tribunal=TSE/processoNumero=060098770/processoClasse=Rp/decisaoData=20260625;O Tribunal, por unanimidade, referendou a liminar anteriormente indeferida, nos termos do voto do Relator. Acompanharam o Relator os Ministros Dias Toffoli, Antonio Carlos Ferreira, Ricardo Villas Bôas Cueva, Floriano de Azevedo Marques, Estela Aranha e Nunes Marques (Presidente). Composição: Ministros Nunes Marques (Presidente), André Mendonça, Dias Toffoli, Antonio Carlos Ferreira, Ricardo Villas Bôas Cueva, Floriano de Azevedo Marques e Estela Aranha.;Relator(a) Min. André Mendonça;;;unânime;;https://consultaunificadapje.tse.jus.br/#/public/resultado/0600987-70.2026.6.00.0000
0601002-39.2026.6.00.0000|68069;0601002-39.2026.6.00.0000;68069;2026-06-30;Rp;1;2026-06-25;2026-06-25;SJUR — exportação oficial em CSV;https://sjur-servicos.tse.jus.br/sjur-servicos/rest/download/pdf/tribunal=TSE/processoNumero=060100239/processoClasse=Rp/decisaoData=20260625;O Tribunal, por unanimidade, referendou a liminar anteriormente indeferida, nos termos do voto do Relator. Acompanharam o Relator os Ministros Dias Toffoli, Antonio Carlos Ferreira, Ricardo Villas Bôas Cueva, Floriano de Azevedo Marques, Estela Aranha e Nunes Marques (Presidente). Composição: Ministros Nunes Marques (Presidente), André Mendonça, Dias Toffoli, Antonio Carlos Ferreira, Ricardo Villas Bôas Cueva, Floriano de Azevedo Marques e Estela Aranha.;Relator(a) Min. André Mendonça;;;unânime;;https://consultaunificadapje.tse.jus.br/#/public/resultado/0601002-39.2026.6.00.0000
0600689-78.2026.6.00.0000|67987;0600689-78.2026.6.00.0000;67987;2026-07-01;Rp;1;;;PJe — acórdão;https://consultaunificadapje.tse.jus.br/consulta-publica-unificada/documento?extensaoArquivo=text/html&path=tse/2026/7/1/15/7/37/869f028aa30d9e9e9e3dcaaaf83736212e922e5908bd52c9edaef1f309e8347e;O Tribunal, por unanimidade, referendou a liminar parcialmente deferida anteriormente, nos termos do voto da relatora.;Estela Aranha;ec0fec0ce455deeee0c7.html;869f028aa30d9e9e9e3dcaaaf83736212e922e5908bd52c9edaef1f309e8347e;unânime;;https://consultaunificadapje.tse.jus.br/#/public/resultado/0600689-78.2026.6.00.0000
0600690-63.2026.6.00.0000|68634;0600690-63.2026.6.00.0000;68634;2026-07-01;Rp;1;;;PJe — acórdão;https://consultaunificadapje.tse.jus.br/consulta-publica-unificada/documento?extensaoArquivo=text/html&path=tse/2026/7/1/15/7/37/f985a29dbfbb483e899994bbcb0bdb4a5aff4225bcd0f033e8b8f1e8807b5156;O Tribunal, por maioria, referendou a liminar parcialmente deferida anteriormente, nos termos do voto da relatora, vencido, em parte, o Ministro Floriano de Azevedo Marques, que referendava a decisão apenas na parte em que proíbe o emprego impulsionamento, permanecendo possível a veiculação da mensagem em modalidade não impulsionada.;Estela Aranha;bfbf1c446c9d7b0a1f5d.html;f985a29dbfbb483e899994bbcb0bdb4a5aff4225bcd0f033e8b8f1e8807b5156;com divergência;Floriano de Azevedo Marques;https://consultaunificadapje.tse.jus.br/#/public/resultado/0600690-63.2026.6.00.0000
0600697-55.2026.6.00.0000|68305;0600697-55.2026.6.00.0000;68305;2026-07-01;Rp;1;;;PJe — acórdão;https://consultaunificadapje.tse.jus.br/consulta-publica-unificada/documento?extensaoArquivo=text/html&path=tse/2026/7/1/15/7/40/d6de927fd878c0193cf232c6928b7f49f9b96e3a704869d17a5a140112a8d415;O Tribunal, por unanimidade, referendou a liminar parcialmente deferida anteriormente, nos termos do voto da relatora.;Estela Aranha;52580e679ad63bb02fd2.html;d6de927fd878c0193cf232c6928b7f49f9b96e3a704869d17a5a140112a8d415;unânime;;https://consultaunificadapje.tse.jus.br/#/public/resultado/0600697-55.2026.6.00.0000
0600698-40.2026.6.00.0000|67626;0600698-40.2026.6.00.0000;67626;2026-07-01;Rp;1;;;PJe — acórdão;https://consultaunificadapje.tse.jus.br/consulta-publica-unificada/documento?extensaoArquivo=text/html&path=tse/2026/7/1/15/7/39/371c41968268d9b92946d7dacc22bdf41f5d24f1ab12e7e7352fbec54bf6f413;O Tribunal, por unanimidade, referendou a liminar parcialmente deferida anteriormente, nos termos do voto da relatora.;Estela Aranha;08df496e74828cb47be7.html;371c41968268d9b92946d7dacc22bdf41f5d24f1ab12e7e7352fbec54bf6f413;unânime;;https://consultaunificadapje.tse.jus.br/#/public/resultado/0600698-40.2026.6.00.0000
0600781-56.2026.6.00.0000|67625;0600781-56.2026.6.00.0000;67625;2026-07-01;Rp;1;;;PJe — acórdão;https://consultaunificadapje.tse.jus.br/consulta-publica-unificada/documento?extensaoArquivo=text/html&path=tse/2026/7/1/15/7/41/8c5ac9df0f79f74c8e77945791d8c47f62354612553c27734daad0dd46c34a7f;O Tribunal, por unanimidade, referendou a liminar parcialmente deferida anteriormente, nos termos do voto da relatora.;Estela Aranha;1a60fc9a8d954cc91271.html;8c5ac9df0f79f74c8e77945791d8c47f62354612553c27734daad0dd46c34a7f;unânime;;https://consultaunificadapje.tse.jus.br/#/public/resultado/0600781-56.2026.6.00.0000
0600782-41.2026.6.00.0000|68306;0600782-41.2026.6.00.0000;68306;2026-07-01;Rp;1;;;PJe — acórdão;https://consultaunificadapje.tse.jus.br/consulta-publica-unificada/documento?extensaoArquivo=text/html&path=tse/2026/7/1/15/8/0/a62ab232bba89f7594583cb93caf6e056ce1b262168c7526fe9f2e03c1eb453c;O Tribunal, por unanimidade, referendou a liminar parcialmente deferida anteriormente, nos termos do voto da relatora.;Estela Aranha;77a7c21dad18b3bbc7d9.html;a62ab232bba89f7594583cb93caf6e056ce1b262168c7526fe9f2e03c1eb453c;unânime;;https://consultaunificadapje.tse.jus.br/#/public/resultado/0600782-41.2026.6.00.0000
0600783-26.2026.6.00.0000|68635;0600783-26.2026.6.00.0000;68635;2026-07-01;Rp;1;;;PJe — acórdão;https://consultaunificadapje.tse.jus.br/consulta-publica-unificada/documento?extensaoArquivo=text/html&path=tse/2026/7/1/15/7/59/0e8ac62f7ef66fc9ae26e9fca32fd3b649e8c4a99446deb5b9c792a47ea7cd39;O Tribunal, por unanimidade, referendou a liminar parcialmente deferida anteriormente, nos termos do voto da relatora.;Estela Aranha;d0a23a20668ef3bd46c3.html;0e8ac62f7ef66fc9ae26e9fca32fd3b649e8c4a99446deb5b9c792a47ea7cd39;unânime;;https://consultaunificadapje.tse.jus.br/#/public/resultado/0600783-26.2026.6.00.0000
0600785-93.2026.6.00.0000|67986;0600785-93.2026.6.00.0000;67986;2026-07-01;Rp;1;;;PJe — acórdão;https://consultaunificadapje.tse.jus.br/consulta-publica-unificada/documento?extensaoArquivo=text/html&path=tse/2026/7/1/15/7/42/5143060af2db62801b0f2bf1864a1a115d21e576bbce032ebbe886f8e6d95fc2;O Tribunal, por unanimidade, referendou a liminar parcialmente deferida anteriormente, nos termos do voto da relatora.;Estela Aranha;bb2e975078d583e52f71.html;5143060af2db62801b0f2bf1864a1a115d21e576bbce032ebbe886f8e6d95fc2;unânime;;https://consultaunificadapje.tse.jus.br/#/public/resultado/0600785-93.2026.6.00.0000
0601104-61.2026.6.00.0000|68199;0601104-61.2026.6.00.0000;68199;2026-07-14;PA;0;;;;;;;;;não apurada;;https://consultaunificadapje.tse.jus.br/#/public/resultado/0601104-61.2026.6.00.0000
0600140-78.2026.6.14.0000|68583;0600140-78.2026.6.14.0000;68583;2026-08-05;PA;0;2026-08-03;2026-08-03;SJUR — exportação oficial em CSV;https://sjur-servicos.tse.jus.br/sjur-servicos/rest/download/pdf/tribunal=TSE/processoNumero=060014078/processoClasse=PA/decisaoData=20260803;O Tribunal, por unanimidade, referendou a decisão que aprovou o acórdão do Tribunal Regional Eleitoral, por meio do qual foi deferido o afastamento de magistrados de suas funções jurisdicionais regulares, durante o período eleitoral, nos termos do voto do Relator. Acompanharam o Relator os Ministros André Mendonça, Dias Toffoli, Antonio Carlos Ferreira, Ricardo Villas Bôas Cueva, Floriano de Azevedo Marques e Estela Aranha. Composição: Ministros Nunes Marques (Presidente), André Mendonça, Dias Toffoli, Antonio Carlos Ferreira, Ricardo Villas Bôas Cueva, Floriano de Azevedo Marques e Estela Aranha.;Relator(a) Min. Nunes Marques;;;unânime;;https://consultaunificadapje.tse.jus.br/#/public/resultado/0600140-78.2026.6.14.0000
0600863-87.2026.6.00.0000|68584;0600863-87.2026.6.00.0000;68584;2026-08-05;PA;0;2026-08-03;2026-08-03;SJUR — exportação oficial em CSV;https://sjur-servicos.tse.jus.br/sjur-servicos/rest/download/pdf/tribunal=TSE/processoNumero=060086387/processoClasse=PA/decisaoData=20260803;O Tribunal, por unanimidade, referendou a decisão que aprovou o acórdão do Tribunal Regional Eleitoral, por meio do qual foi deferido o afastamento de magistrados de suas funções jurisdicionais regulares, durante o período eleitoral, nos termos do voto do Relator. Acompanharam o Relator os Ministros André Mendonça, Dias Toffoli, Antonio Carlos Ferreira, Ricardo Villas Bôas Cueva, Floriano de Azevedo Marques e Estela Aranha. Composição: Ministros Nunes Marques (Presidente), André Mendonça, Dias Toffoli, Antonio Carlos Ferreira, Ricardo Villas Bôas Cueva, Floriano de Azevedo Marques e Estela Aranha.;Relator(a) Min. Nunes Marques;;;unânime;;https://consultaunificadapje.tse.jus.br/#/public/resultado/0600863-87.2026.6.00.0000
0600928-82.2026.6.00.0000|68585;0600928-82.2026.6.00.0000;68585;2026-08-05;PA;0;2026-08-03;2026-08-03;SJUR — exportação oficial em CSV;https://sjur-servicos.tse.jus.br/sjur-servicos/rest/download/pdf/tribunal=TSE/processoNumero=060092882/processoClasse=PA/decisaoData=20260803;O Tribunal, por unanimidade, referendou a decisão que aprovou o acórdão do Tribunal Regional Eleitoral, por meio do qual foi deferido o afastamento de magistrados de suas funções jurisdicionais regulares, durante o período eleitoral, nos termos do voto do Relator. Acompanharam o Relator os Ministros André Mendonça, Dias Toffoli, Antonio Carlos Ferreira, Ricardo Villas Bôas Cueva, Floriano de Azevedo Marques e Estela Aranha. Composição: Ministros Nunes Marques (Presidente), André Mendonça, Dias Toffoli, Antonio Carlos Ferreira, Ricardo Villas Bôas Cueva, Floriano de Azevedo Marques e Estela Aranha.;Relator(a) Min. Nunes Marques;;;unânime;;https://consultaunificadapje.tse.jus.br/#/public/resultado/0600928-82.2026.6.00.0000
0601194-69.2026.6.00.0000|68582;0601194-69.2026.6.00.0000;68582;2026-08-05;PA;0;2026-08-03;2026-08-03;SJUR — exportação oficial em CSV;https://sjur-servicos.tse.jus.br/sjur-servicos/rest/download/pdf/tribunal=TSE/processoNumero=060119469/processoClasse=PA/decisaoData=20260803;O Tribunal, por unanimidade, referendou a decisão que aprovou o acórdão do Tribunal Regional Eleitoral, por meio do qual foi deferido o afastamento de magistrados de suas funções jurisdicionais regulares, durante o período eleitoral, nos termos do voto do Relator. Acompanharam o Relator os Ministros André Mendonça, Dias Toffoli, Antonio Carlos Ferreira, Ricardo Villas Bôas Cueva, Floriano de Azevedo Marques e Estela Aranha. Composição: Ministros Nunes Marques (Presidente), André Mendonça, Dias Toffoli, Antonio Carlos Ferreira, Ricardo Villas Bôas Cueva, Floriano de Azevedo Marques e Estela Aranha.;Relator(a) Min. Nunes Marques;;;unânime;;https://consultaunificadapje.tse.jus.br/#/public/resultado/0601194-69.2026.6.00.0000
0601040-51.2026.6.00.0000|68295;0601040-51.2026.6.00.0000;68295;2026-08-12;PA;0;;;;;;;;;não apurada;;https://consultaunificadapje.tse.jus.br/#/public/resultado/0601040-51.2026.6.00.0000
0600963-42.2026.6.00.0000|67389;0600963-42.2026.6.00.0000;67389;2026-08-13;Rp;1;;;PJe — acórdão;https://consultaunificadapje.tse.jus.br/consulta-publica-unificada/documento?extensaoArquivo=text/html&path=tse/2026/8/13/16/32/14/885b323a8ff60a37635f4894078ba1999c124701a6de9c8e593762e526547de7;O Tribunal, por unanimidade, referendou a decisão de indeferimento da liminar, nos termos do voto do relator. Juntou mídia de sustentação oral a Dra. Maria Claudia Bucchianeri Pinheiro, advogada do representante, Partido Liberal (PL) – Nacional.;Nunes Marques;363d93dd1d9078ee97ae.html;885b323a8ff60a37635f4894078ba1999c124701a6de9c8e593762e526547de7;unânime;;https://consultaunificadapje.tse.jus.br/#/public/resultado/0600963-42.2026.6.00.0000
0600979-93.2026.6.00.0000|68246;0600979-93.2026.6.00.0000;68246;2026-08-13;Rp;1;2026-06-25;2026-06-25;SJUR — exportação oficial em CSV;https://sjur-servicos.tse.jus.br/sjur-servicos/rest/download/pdf/tribunal=TSE/processoNumero=060097993/processoClasse=Rp/decisaoData=20260625;O Tribunal, por unanimidade, referendou a liminar anteriormente concedida, nos termos do voto do relator.Composição: Ministros Nunes Marques (presidente), André Mendonça, Dias Toffoli, Antonio Carlos Ferreira, Ricardo Villa Bôas Cueva, Floriano de Azevedo Marques e Ministra Estela Aranha.Vice-Procurador-Geral Eleitoral: Alexandre Espinosa Bravo Barbosa.;Relator(a) Min. Nunes Marques;;;unânime;;https://consultaunificadapje.tse.jus.br/#/public/resultado/0600979-93.2026.6.00.0000
0600988-55.2026.6.00.0000|67388;0600988-55.2026.6.00.0000;67388;2026-08-13;Rp;1;2026-06-25;2026-06-25;SJUR — exportação oficial em CSV;https://sjur-servicos.tse.jus.br/sjur-servicos/rest/download/pdf/tribunal=TSE/processoNumero=060098855/processoClasse=Rp/decisaoData=20260625;O Tribunal, por unanimidade, referendou a liminar anteriormente concedida, nos termos do voto do Relator. Acompanharam o Relator os Ministros André Mendonça, Dias Toffoli, Antonio Carlos Ferreira, Ricardo Villas Bôas Cueva, Floriano de Azevedo Marques e Estela Aranha. Composição: Ministros Nunes Marques (Presidente), André Mendonça, Dias Toffoli, Antonio Carlos Ferreira, Ricardo Villas Bôas Cueva, Floriano de Azevedo Marques e Estela Aranha.;Relator(a) Min. Nunes Marques;;;unânime;;https://consultaunificadapje.tse.jus.br/#/public/resultado/0600988-55.2026.6.00.0000
0601195-54.2026.6.00.0000|68299;0601195-54.2026.6.00.0000;68299;2026-08-13;PA;0;2026-08-03;2026-08-03;SJUR — exportação oficial em CSV;https://sjur-servicos.tse.jus.br/sjur-servicos/rest/download/pdf/tribunal=TSE/processoNumero=060119554/processoClasse=PA/decisaoData=20260803;O Tribunal, por unanimidade, referendou a decisão que aprovou o acórdão do Tribunal Regional Eleitoral, por meio do qual foi deferido o afastamento de magistrados de suas funções jurisdicionais regulares, durante o período eleitoral, nos termos do voto do Relator. Acompanharam o Relator os Ministros André Mendonça, Dias Toffoli, Antonio Carlos Ferreira, Ricardo Villas Bôas Cueva, Floriano de Azevedo Marques e Estela Aranha. Composição: Ministros Nunes Marques (Presidente), André Mendonça, Dias Toffoli, Antonio Carlos Ferreira, Ricardo Villas Bôas Cueva, Floriano de Azevedo Marques e Estela Aranha.;Relator(a) Min. Nunes Marques;;;unânime;;https://consultaunificadapje.tse.jus.br/#/public/resultado/0601195-54.2026.6.00.0000
0600975-56.2026.6.00.0000|67411;0600975-56.2026.6.00.0000;67411;2026-08-14;PA;0;2026-08-03;2026-08-03;SJUR — exportação oficial em CSV;https://sjur-servicos.tse.jus.br/sjur-servicos/rest/download/pdf/tribunal=TSE/processoNumero=060097556/processoClasse=PA/decisaoData=20260803;O Tribunal, por unanimidade, referendou a decisão que aprovou o acórdão do Tribunal Regional Eleitoral, por meio do qual foi deferido o afastamento de magistrados de suas funções jurisdicionais regulares, durante o período eleitoral, nos termos do voto do Relator. Acompanharam o Relator os Ministros André Mendonça, Dias Toffoli, Antonio Carlos Ferreira, Ricardo Villas Bôas Cueva, Floriano de Azevedo Marques e Estela Aranha. Composição: Ministros Nunes Marques (Presidente), André Mendonça, Dias Toffoli, Antonio Carlos Ferreira, Ricardo Villas Bôas Cueva, Floriano de Azevedo Marques e Estela Aranha.;Relator(a) Min. Nunes Marques;;;unânime;;https://consultaunificadapje.tse.jus.br/#/public/resultado/0600975-56.2026.6.00.0000
0601267-41.2026.6.00.0000|68029;0601267-41.2026.6.00.0000;68029;2026-08-14;TutCautAnt;0;2026-08-04;2026-08-04;SJUR — exportação oficial em CSV;https://sjur-servicos.tse.jus.br/sjur-servicos/rest/download/pdf/tribunal=TSE/processoNumero=060126741/processoClasse=TutCautAnt/decisaoData=20260804;(Julgamento conjunto: ED na LT 0601130-93 e TutCautAnt 0601267-41): O Tribunal, por unanimidade, indeferiu o pedido de reconsideração, bem como o pedido formulado na petição de id. 174071286 e julgou prejudicados o pedido de atribuição de efeito suspensivo, a tutela de urgência e a TutCautAnt 0601267-41.2026.6.00.0000, nos termos do voto do Relator. Acompanharam o Relator a Ministra Estela Aranha e os Ministros Nauê Bernardo Pinheiro de Azevedo (substituto), Dias Toffoli, Antonio Carlos Ferreira e André Mendonça (Presidente em exercício). Suspeição do Senhor Ministro Nunes Marques. Ausência justificada do Senhor Ministro Floriano de Azevedo Marques. Composição do julgamento: Ministros (as) André Mendonça (Presidente em exercício), Dias Toffoli, Antonio Carlos Ferreira, Ricardo Villas Bôas Cueva, Estela Aranha e Nauê Bernardo Pinheiro de Azevedo (substituto).;Relator(a) Min. Ricardo Villas Bôas Cueva;;;unânime;;https://consultaunificadapje.tse.jus.br/#/public/resultado/0601267-41.2026.6.00.0000
0601107-16.2026.6.00.0000|67745;0601107-16.2026.6.00.0000;67745;2026-08-17;Rp;1;2026-08-14;2026-08-14;SJUR — exportação oficial em CSV;https://sjur-servicos.tse.jus.br/sjur-servicos/rest/download/pdf/tribunal=TSE/processoNumero=060110716/processoClasse=Rp/decisaoData=20260814;O Tribunal, por unanimidade, referendou a liminar anteriormente deferida, em parte, nos termos do voto do Relator. Acompanharam o Relator os Ministros Dias Toffoli, Antonio Carlos Ferreira, Ricardo Villas Bôas Cueva, Floriano de Azevedo Marques, Estela Aranha e Nunes Marques (Presidente). Composição: Ministros Nunes Marques (Presidente), André Mendonça, Dias Toffoli, Antonio Carlos Ferreira, Ricardo Villas Bôas Cueva, Floriano de Azevedo Marques e Estela Aranha.;Relator(a) Min. André Mendonça;;;unânime;;https://consultaunificadapje.tse.jus.br/#/public/resultado/0601107-16.2026.6.00.0000
0601006-76.2026.6.00.0000|68081;0601006-76.2026.6.00.0000;68081;2026-08-19;Rp;1;2026-08-14;2026-08-14;SJUR — exportação oficial em CSV;https://sjur-servicos.tse.jus.br/sjur-servicos/rest/download/pdf/tribunal=TSE/processoNumero=060100676/processoClasse=Rp/decisaoData=20260814;O Tribunal, por maioria, referendou a decisão concessiva, em parte, da liminar, nos termos do voto do Relator, vencida a Ministra Estela Aranha, que não referendava a decisão e, com isso, indeferia o pedido de tutela de urgência formulado. Acompanharam o Relator os Ministros Dias Toffoli, Antonio Carlos Ferreira, Ricardo Villas Bôas Cueva, Floriano de Azevedo Marques e Nunes Marques (Presidente). Composição: Ministros Nunes Marques (Presidente), André Mendonça, Dias Toffoli, Antonio Carlos Ferreira, Ricardo Villas Bôas Cueva, Floriano de Azevedo Marques e Estela Aranha.;Relator(a) Min. André Mendonça;;;com divergência;Estela Aranha;https://consultaunificadapje.tse.jus.br/#/public/resultado/0601006-76.2026.6.00.0000
0601009-31.2026.6.00.0000|68836;0601009-31.2026.6.00.0000;68836;2026-08-19;Rp;1;2026-08-14;2026-08-14;SJUR — exportação oficial em CSV;https://sjur-servicos.tse.jus.br/sjur-servicos/rest/download/pdf/tribunal=TSE/processoNumero=060100931/processoClasse=Rp/decisaoData=20260814;O Tribunal, por unanimidade, referendou a liminar anteriormente deferida, em parte, nos termos do voto do Relator. Acompanharam o Relator os Ministros Dias Toffoli, Antonio Carlos Ferreira, Ricardo Villas Bôas Cueva, Floriano de Azevedo Marques, Estela Aranha e Nunes Marques (Presidente). Composição: Ministros Nunes Marques (Presidente), André Mendonça, Dias Toffoli, Antonio Carlos Ferreira, Ricardo Villas Bôas Cueva, Floriano de Azevedo Marques e Estela Aranha.;Relator(a) Min. André Mendonça;;;unânime;;https://consultaunificadapje.tse.jus.br/#/public/resultado/0601009-31.2026.6.00.0000
0601047-43.2026.6.00.0000|67732;0601047-43.2026.6.00.0000;67732;2026-08-19;Rp;1;2026-08-14;2026-08-14;SJUR — exportação oficial em CSV;https://sjur-servicos.tse.jus.br/sjur-servicos/rest/download/pdf/tribunal=TSE/processoNumero=060104743/processoClasse=Rp/decisaoData=20260814;O Tribunal, por maioria, referendou a liminar anteriormente indeferida, nos termos do voto do Relator, vencido o Ministro Floriano de Azevedo Marques. Acompanharam o Relator os Ministros Dias Toffoli, Antonio Carlos Ferreira, Ricardo Villas Bôas Cueva, Estela Aranha e Nunes Marques (Presidente). Composição: Ministros Nunes Marques (Presidente), André Mendonça, Dias Toffoli, Antonio Carlos Ferreira, Ricardo Villas Bôas Cueva, Floriano de Azevedo Marques e Estela Aranha.;Relator(a) Min. André Mendonça;;;com divergência;Floriano de Azevedo Marques;https://consultaunificadapje.tse.jus.br/#/public/resultado/0601047-43.2026.6.00.0000
0601049-13.2026.6.00.0000|68837;0601049-13.2026.6.00.0000;68837;2026-08-19;Rp;1;;;PJe — acórdão;https://consultaunificadapje.tse.jus.br/consulta-publica-unificada/documento?extensaoArquivo=text/html&path=tse/2026/8/19/14/27/18/c28fb2748255b411bf7a6ed90cb8f1fca646a0cce2d25e9fcd71f0251bcdd96f;O Tribunal, por unanimidade, referendou a liminar anteriormente deferida, em parte, nos termos do voto do relator.;André Mendonça;8519be5391365f0b3a51.html;c28fb2748255b411bf7a6ed90cb8f1fca646a0cce2d25e9fcd71f0251bcdd96f;unânime;;https://consultaunificadapje.tse.jus.br/#/public/resultado/0601049-13.2026.6.00.0000
0601093-32.2026.6.00.0000|68398;0601093-32.2026.6.00.0000;68398;2026-08-19;Rp;1;2026-08-14;2026-08-14;SJUR — exportação oficial em CSV;https://sjur-servicos.tse.jus.br/sjur-servicos/rest/download/pdf/tribunal=TSE/processoNumero=060109332/processoClasse=Rp/decisaoData=20260814;O Tribunal, por unanimidade, referendou a liminar anteriormente deferida, em parte, nos termos do voto do Relator. Acompanharam o Relator os Ministros Dias Toffoli, Antonio Carlos Ferreira, Ricardo Villas Bôas Cueva, Floriano de Azevedo Marques, Estela Aranha e Nunes Marques (Presidente). Composição: Ministros Nunes Marques (Presidente), André Mendonça, Dias Toffoli, Antonio Carlos Ferreira, Ricardo Villas Bôas Cueva, Floriano de Azevedo Marques e Estela Aranha.;Relator(a) Min. André Mendonça;;;unânime;;https://consultaunificadapje.tse.jus.br/#/public/resultado/0601093-32.2026.6.00.0000
0601091-62.2026.6.00.0000|68777;0601091-62.2026.6.00.0000;68777;2026-08-20;TutCautAnt;1;2026-08-14;2026-08-14;SJUR — exportação oficial em CSV;https://sjur-servicos.tse.jus.br/sjur-servicos/rest/download/pdf/tribunal=TSE/processoNumero=060109162/processoClasse=Rp/decisaoData=20260814;O Tribunal, por maioria, deixou de apreciar o referendo da tutela provisória e reconheceu a inadequação da distribuição do presente feito a Juiz Auxiliar, com a consequente redistribuição, na classe Ação Cautelar, entre os membros competentes deste Tribunal, na forma regimental, nos termos do voto divergente do Ministro Ricardo Villas Bôas Cueva, vencidos os Ministros André Mendonça (Relator) e Dias Toffoli. Acompanharam a divergência os Ministros Antonio Carlos Ferreira, Floriano de Azevedo Marques, Estela Aranha e Nunes Marques (Presidente). Redigirá o acórdão o Ministro Ricardo Villas Bôas Cueva. Composição: Ministros Nunes Marques (Presidente), André Mendonça, Dias Toffoli, Antonio Carlos Ferreira, Ricardo Villas Bôas Cueva, Floriano de Azevedo Marques e Estela Aranha.;Relator(a) Min. André Mendonça, Relator Designado(a) Min. Ricardo Villas Bôas Cueva;;;com divergência;André Mendonça | Dias Toffoli;https://consultaunificadapje.tse.jus.br/#/public/resultado/0601091-62.2026.6.00.0000
0601012-83.2026.6.00.0000|67946;0601012-83.2026.6.00.0000;67946;2026-08-21;LT;0;2026-07-01;2026-07-01;SJUR — exportação oficial em CSV;https://sjur-servicos.tse.jus.br/sjur-servicos/rest/download/pdf/tribunal=TSE/processoNumero=060101283/processoClasse=LT/decisaoData=20260701;O Tribunal, por unanimidade, determinou o encaminhamento da Lista Tríplice ao Poder Executivo, para nomeação, nos termos do voto da Relatora. Acompanharam a Relatora os Ministros André Mendonça, Dias Toffoli, Antonio Carlos Ferreira, Floriano de Azevedo Marques e Nunes Marques (Presidente). Ausência justificada do Senhor Ministro Ricardo Villas Bôas Cueva (sem substituto). Composição: Ministros Nunes Marques (Presidente), André Mendonça, Dias Toffoli, Antonio Carlos Ferreira, Floriano de Azevedo Marques e Estela Aranha.;Relator(a) Min. Estela Aranha;;;unânime;;https://consultaunificadapje.tse.jus.br/#/public/resultado/0601012-83.2026.6.00.0000
0601046-58.2026.6.00.0000|67385;0601046-58.2026.6.00.0000;67385;2026-08-22;Rp;1;;;;;;;;;não apurada;;https://consultaunificadapje.tse.jus.br/#/public/resultado/0601046-58.2026.6.00.0000
0601089-92.2026.6.00.0000|68236;0601089-92.2026.6.00.0000;68236;2026-08-22;Rp;1;;;;;;;;;não apurada;;https://consultaunificadapje.tse.jus.br/#/public/resultado/0601089-92.2026.6.00.0000
0601101-09.2026.6.00.0000|67892;0601101-09.2026.6.00.0000;67892;2026-08-22;Rp;1;;;;;;;;;não apurada;;https://consultaunificadapje.tse.jus.br/#/public/resultado/0601101-09.2026.6.00.0000
0601182-55.2026.6.00.0000|68237;0601182-55.2026.6.00.0000;68237;2026-08-22;Rp;1;2026-08-14;2026-08-14;SJUR — exportação oficial em CSV;https://sjur-servicos.tse.jus.br/sjur-servicos/rest/download/pdf/tribunal=TSE/processoNumero=060118255/processoClasse=Rp/decisaoData=20260814;O Tribunal, por unanimidade, referendou a liminar anteriormente concedida, nos termos do voto do Relator. Acompanharam o Relator os Ministros André Mendonça, Dias Toffoli, Antonio Carlos Ferreira, Ricardo Villas Bôas Cueva, Floriano de Azevedo Marques e Estela Aranha. Composição: Ministros Nunes Marques (Presidente), André Mendonça, Dias Toffoli, Antonio Carlos Ferreira, Ricardo Villas Bôas Cueva, Floriano de Azevedo Marques e Estela Aranha.;Relator(a) Min. Nunes Marques;;;unânime;;https://consultaunificadapje.tse.jus.br/#/public/resultado/0601182-55.2026.6.00.0000
0601215-45.2026.6.00.0000|67891;0601215-45.2026.6.00.0000;67891;2026-08-22;Rp;1;2026-08-14;2026-08-14;SJUR — exportação oficial em CSV;https://sjur-servicos.tse.jus.br/sjur-servicos/rest/download/pdf/tribunal=TSE/processoNumero=060121545/processoClasse=Rp/decisaoData=20260814;O Tribunal, por unanimidade, referendou a decisão que indeferiu o pedido de liminar, nos termos do voto do Relator. Acompanharam o Relator os Ministros André Mendonça, Dias Toffoli, Antonio Carlos Ferreira, Ricardo Villas Bôas Cueva, Floriano de Azevedo Marques e Estela Aranha. Composição: Ministros Nunes Marques (Presidente), André Mendonça, Dias Toffoli, Antonio Carlos Ferreira, Ricardo Villas Bôas Cueva, Floriano de Azevedo Marques e Estela Aranha.;Relator(a) Min. Nunes Marques;;;unânime;;https://consultaunificadapje.tse.jus.br/#/public/resultado/0601215-45.2026.6.00.0000
0601232-81.2026.6.00.0000|67885;0601232-81.2026.6.00.0000;67885;2026-08-22;Rp;1;;;;;;;;;não apurada;;https://consultaunificadapje.tse.jus.br/#/public/resultado/0601232-81.2026.6.00.0000
0601016-23.2026.6.00.0000|68011;0601016-23.2026.6.00.0000;68011;2026-08-24;Rp;1;;;PJe — acórdão;https://consultaunificadapje.tse.jus.br/consulta-publica-unificada/documento?extensaoArquivo=text/html&path=tse/2026/8/24/17/59/20/71c70ea9c630e73023fc2fbdbddbd289e697dd5ca6dc70a1cab269ff86f1ef7f;"O Tribunal, por maioria, não referendou integralmente a decisão liminar e deferiu parcialmente a tutela de urgência para: a) determinar ao representado que, no prazo de 24 horas, torne indisponível ou remova a publicação veiculada no endereço eletrônico indicado na inicial; b) determinar que se abstenha de republicar ou difundir a mídia ora analisada, bem como conteúdo substancialmente idêntico que reproduza a afirmação de que Luiz Inácio Lula da Silva é ""defensor do PCC e do Comando Vermelho"", ou imputação equivalente que estabeleça associação pessoal entre o pré-candidato e essas organizações criminosas, sem substrato fático mínimo, sob pena de multa a ser fixada em caso de descumprimento; e c) determinar que se oficie ao provedor de aplicação responsável pela plataforma X para que proceda à remoção da publicação no prazo de 24 horas e informe a este Juízo as providências adotadas, nos termos do § 1o-B do art. 17 da Res.-TSE no 23.608/2019, acompanhando o relator quanto às demais manifestações impugnadas, nos termos do voto divergente do Ministro Ricardo Villas Bôas Cueva, vencidos os Ministros Nunes Marques e o Ministro André Mendonça. Acompanharam a divergência os Ministros Antonio Carlos Ferreira, Floriano de Azevedo Marques, Estela Aranha e Dias Toffoli. Redigirá o acórdão o Ministro Ricardo Villas Bôas Cueva.";;a2a6d3db3c44deb80b77.html;71c70ea9c630e73023fc2fbdbddbd289e697dd5ca6dc70a1cab269ff86f1ef7f;com divergência;André Mendonça | Nunes Marques;https://consultaunificadapje.tse.jus.br/#/public/resultado/0601016-23.2026.6.00.0000
0601015-38.2026.6.00.0000|67663;0601015-38.2026.6.00.0000;67663;2026-08-26;Rp;1;;;PJe — acórdão;https://consultaunificadapje.tse.jus.br/consulta-publica-unificada/documento?extensaoArquivo=text/html&path=tse/2026/8/26/18/15/12/11d1357487a1cdead5b3772912df571170b8703f9a860c65783ff07a9f5056f6;"O Tribunal, por maioria, não referendou integralmente a decisão liminar e, em consequência, deferiu parcialmente o pedido de tutela de urgência, exclusivamente quanto à propaganda eleitoral antecipada negativa decorrente da atribuição a Luiz Inácio Lula da Silva de atuação em favor ou para proteção do PCC e do Comando Vermelho, para: a) determinar que o representado, no prazo de 24 horas, torne indisponíveis ou remova as publicações veiculadas nos endereços eletrônicos contidos nos autos; b) determinar que o representado se abstenha de republicar ou difundir novamente as mídias ora analisadas, bem como conteúdos substancialmente idênticos que reproduzam a afirmação de que Luiz Inácio Lula da Silva realiza ou realizou ""lobby"" em favor ou para proteção do PCC e do Comando Vermelho, ou imputação de conteúdo equivalente que lhe atribua atuação pessoal em benefício dessas organizações criminosas, sem substrato fático mínimo, sob pena de multa a ser fixada em caso de descumprimento; e c) determinar seja oficiado o provedor de aplicação responsável pela plataforma X para que torne indisponíveis as publicações indicadas, no prazo de 24 horas, sob pena de multa, acompanhando o relator quando às demais manifestações impugnadas, nos termos do voto divergente do Ministro Ricardo Villas Bôas Cueva, vencido o Ministro André Mendonça (relator). Redigirá o acórdão o Ministro Ricardo Villas Bôas Cueva.";;f5a63d4127fe22284b54.html;11d1357487a1cdead5b3772912df571170b8703f9a860c65783ff07a9f5056f6;com divergência;André Mendonça;https://consultaunificadapje.tse.jus.br/#/public/resultado/0601015-38.2026.6.00.0000
0601586-09.2026.6.00.0000|68625;0601586-09.2026.6.00.0000;68625;2026-08-27;RCand;0;;;PJe — acórdão;https://consultaunificadapje.tse.jus.br/consulta-publica-unificada/documento?extensaoArquivo=text/html&path=tse/2026/8/27/20/15/23/041282d5066e75c5a71560d33907b2b303252f606623e1198a0605a325bb425f;O Tribunal, por unanimidade, deferiu a tutela de urgência, tal como requerida, para, desde logo e até ulterior deliberação quanto ao mérito deste requerimento de registro de candidatura, obstar o acesso pelo candidato impugnado aos recursos públicos de campanha eleitoral (Fundo Especial de Financiamento de Campanha e/ou Fundo Partidário) e o impedir de realizar propaganda eleitoral gratuita no rádio e na televisão, bem como os demais atos de propaganda eleitoral, inclusive debates, devendo o partido pelo qual lançada a candidatura em apreço (Partido Renovador Trabalhista Brasileiro – PRTB) adotar as medidas necessárias ao cumprimento da presente decisão. Determinou, ainda, a intimação com a máxima urgência, do candidato impugnado e do Diretório Nacional do PRTB, com a comunicação ao grupo único de emissoras de rádio e televisão para o cumprimento desta decisão, nos termos do voto da relatora. Acórdão publicado em;Estela Aranha;3271c0cd65b317d37939.html;041282d5066e75c5a71560d33907b2b303252f606623e1198a0605a325bb425f;unânime;;https://consultaunificadapje.tse.jus.br/#/public/resultado/0601586-09.2026.6.00.0000
0600118-57.2026.6.27.0000|68278;0600118-57.2026.6.27.0000;68278;2026-08-28;PA;0;2026-08-27;2026-08-27;SJUR — exportação oficial em CSV;https://sjur-servicos.tse.jus.br/sjur-servicos/rest/download/pdf/tribunal=TSE/processoNumero=060011857/processoClasse=PA/decisaoData=20260827;O Tribunal, por unanimidade, deferiu o pedido de requisição de força federal, nos termos do voto do Relator. Acompanharam o Relator os Ministros Dias Toffoli, Antonio Carlos Ferreira, Ricardo Villas Bôas Cueva, Floriano de Azevedo Marques e Estela Aranha. Ausência justificada do Senhor Ministro André Mendonça (sem substituto). Composição do julgamento: Ministros (as) Nunes Marques (Presidente), Dias Toffoli, Antonio Carlos Ferreira, Ricardo Villas Bôas Cueva, Floriano de Azevedo Marques e Estela Aranha.;Relator(a) Min. Nunes Marques;;;unânime;;https://consultaunificadapje.tse.jus.br/#/public/resultado/0600118-57.2026.6.27.0000
0600120-27.2026.6.27.0000|67396;0600120-27.2026.6.27.0000;67396;2026-08-28;PA;0;2026-08-27;2026-08-27;SJUR — exportação oficial em CSV;https://sjur-servicos.tse.jus.br/sjur-servicos/rest/download/pdf/tribunal=TSE/processoNumero=060012027/processoClasse=PA/decisaoData=20260827;O Tribunal, por unanimidade, deferiu o pedido de requisição de força federal, nos termos do voto do Relator. Acompanharam o Relator os Ministros Dias Toffoli, Antonio Carlos Ferreira, Ricardo Villas Bôas Cueva, Floriano de Azevedo Marques e Estela Aranha. Ausência justificada do Senhor Ministro André Mendonça (sem substituto). Composição do julgamento: Ministros (as) Nunes Marques (Presidente), Dias Toffoli, Antonio Carlos Ferreira, Ricardo Villas Bôas Cueva, Floriano de Azevedo Marques e Estela Aranha.;Relator(a) Min. Nunes Marques;;;unânime;;https://consultaunificadapje.tse.jus.br/#/public/resultado/0600120-27.2026.6.27.0000
0600121-12.2026.6.27.0000|67911;0600121-12.2026.6.27.0000;67911;2026-08-28;PA;0;2026-08-27;2026-08-27;SJUR — exportação oficial em CSV;https://sjur-servicos.tse.jus.br/sjur-servicos/rest/download/pdf/tribunal=TSE/processoNumero=060012112/processoClasse=PA/decisaoData=20260827;O Tribunal, por unanimidade, deferiu o pedido de requisição de força federal, nos termos do voto do Relator. Acompanharam o Relator os Ministros Dias Toffoli, Antonio Carlos Ferreira, Ricardo Villas Bôas Cueva, Floriano de Azevedo Marques e Estela Aranha. Ausência justificada do Senhor Ministro André Mendonça (sem substituto). Composição do julgamento: Ministros (as) Nunes Marques (Presidente), Dias Toffoli, Antonio Carlos Ferreira, Ricardo Villas Bôas Cueva, Floriano de Azevedo Marques e Estela Aranha.;Relator(a) Min. Nunes Marques;;;unânime;;https://consultaunificadapje.tse.jus.br/#/public/resultado/0600121-12.2026.6.27.0000
0600122-94.2026.6.27.0000|67844;0600122-94.2026.6.27.0000;67844;2026-08-28;PA;0;2026-08-27;2026-08-27;SJUR — exportação oficial em CSV;https://sjur-servicos.tse.jus.br/sjur-servicos/rest/download/pdf/tribunal=TSE/processoNumero=060012294/processoClasse=PA/decisaoData=20260827;O Tribunal, por unanimidade, deferiu o pedido de requisição de força federal, nos termos do voto do Relator. Acompanharam o Relator os Ministros Dias Toffoli, Antonio Carlos Ferreira, Ricardo Villas Bôas Cueva, Floriano de Azevedo Marques e Estela Aranha. Ausência justificada do Senhor Ministro André Mendonça (sem substituto). Composição do julgamento: Ministros (as) Nunes Marques (Presidente), Dias Toffoli, Antonio Carlos Ferreira, Ricardo Villas Bôas Cueva, Floriano de Azevedo Marques e Estela Aranha.;Relator(a) Min. Nunes Marques;;;unânime;;https://consultaunificadapje.tse.jus.br/#/public/resultado/0600122-94.2026.6.27.0000
0600123-79.2026.6.27.0000|68277;0600123-79.2026.6.27.0000;68277;2026-08-28;PA;0;2026-08-27;2026-08-27;SJUR — exportação oficial em CSV;https://sjur-servicos.tse.jus.br/sjur-servicos/rest/download/pdf/tribunal=TSE/processoNumero=060012379/processoClasse=PA/decisaoData=20260827;O Tribunal, por unanimidade, deferiu o pedido de requisição de força federal, nos termos do voto do Relator. Acompanharam o Relator os Ministros Dias Toffoli, Antonio Carlos Ferreira, Ricardo Villas Bôas Cueva, Floriano de Azevedo Marques e Estela Aranha. Ausência justificada do Senhor Ministro André Mendonça (sem substituto). Composição do julgamento: Ministros (as) Nunes Marques (Presidente), Dias Toffoli, Antonio Carlos Ferreira, Ricardo Villas Bôas Cueva, Floriano de Azevedo Marques e Estela Aranha.;Relator(a) Min. Nunes Marques;;;unânime;;https://consultaunificadapje.tse.jus.br/#/public/resultado/0600123-79.2026.6.27.0000
0600169-91.2026.6.01.0000|67846;0600169-91.2026.6.01.0000;67846;2026-08-28;PA;0;2026-08-27;2026-08-27;SJUR — exportação oficial em CSV;https://sjur-servicos.tse.jus.br/sjur-servicos/rest/download/pdf/tribunal=TSE/processoNumero=060016991/processoClasse=PA/decisaoData=20260827;O Tribunal, por unanimidade, deferiu o pedido de requisição de força federal, nos termos do voto do Relator. Acompanharam o Relator os Ministros Dias Toffoli, Antonio Carlos Ferreira, Ricardo Villas Bôas Cueva, Floriano de Azevedo Marques e Estela Aranha. Ausência justificada do Senhor Ministro André Mendonça (sem substituto). Composição do julgamento: Ministros (as) Nunes Marques (Presidente), Dias Toffoli, Antonio Carlos Ferreira, Ricardo Villas Bôas Cueva, Floriano de Azevedo Marques e Estela Aranha.;Relator(a) Min. Nunes Marques;;;unânime;;https://consultaunificadapje.tse.jus.br/#/public/resultado/0600169-91.2026.6.01.0000
0600365-07.2026.6.03.0000|67344;0600365-07.2026.6.03.0000;67344;2026-08-28;PA;0;2026-08-25;2026-08-25;SJUR — exportação oficial em CSV;https://sjur-servicos.tse.jus.br/sjur-servicos/rest/download/pdf/tribunal=TSE/processoNumero=060036507/processoClasse=PA/decisaoData=20260825;O Tribunal, por unanimidade, aprovou o acórdão do Tribunal Regional Eleitoral, por meio do qual foi deferido o afastamento de magistrado de suas funções jurisdicionais regulares da Justiça Comum Estadual, no período eleitoral, nos termos do voto do Relator. Acompanharam o Relator os Ministros André Mendonça, Dias Toffoli, Antonio Carlos Ferreira, Ricardo Villas Bôas Cueva, Floriano de Azevedo Marques e Estela Aranha. Composição: Ministros Nunes Marques (Presidente), André Mendonça, Dias Toffoli, Antonio Carlos Ferreira, Ricardo Villas Bôas Cueva, Floriano de Azevedo Marques e Estela Aranha.;Relator(a) Min. Nunes Marques;;;unânime;;https://consultaunificadapje.tse.jus.br/#/public/resultado/0600365-07.2026.6.03.0000
0600500-56.2026.6.16.0000|67850;0600500-56.2026.6.16.0000;67850;2026-08-28;PA;0;2026-08-25;2026-08-25;SJUR — exportação oficial em CSV;https://sjur-servicos.tse.jus.br/sjur-servicos/rest/download/pdf/tribunal=TSE/processoNumero=060050056/processoClasse=PA/decisaoData=20260825;O Tribunal, por unanimidade, aprovou o acórdão do Tribunal Regional Eleitoral, por meio do qual foi deferido o afastamento de magistrado de suas funções jurisdicionais regulares da Justiça Comum Estadual, no período eleitoral, nos termos do voto do Relator. Acompanharam o Relator os Ministros André Mendonça, Dias Toffoli, Antonio Carlos Ferreira, Ricardo Villas Bôas Cueva, Floriano de Azevedo Marques e Estela Aranha. Composição: Ministros Nunes Marques (Presidente), André Mendonça, Dias Toffoli, Antonio Carlos Ferreira, Ricardo Villas Bôas Cueva, Floriano de Azevedo Marques e Estela Aranha.;Relator(a) Min. Nunes Marques;;;unânime;;https://consultaunificadapje.tse.jus.br/#/public/resultado/0600500-56.2026.6.16.0000
0600504-93.2026.6.16.0000|67348;0600504-93.2026.6.16.0000;67348;2026-08-28;PA;0;2026-08-25;2026-08-25;SJUR — exportação oficial em CSV;https://sjur-servicos.tse.jus.br/sjur-servicos/rest/download/pdf/tribunal=TSE/processoNumero=060050493/processoClasse=PA/decisaoData=20260825;O Tribunal, por unanimidade, aprovou o acórdão do Tribunal Regional Eleitoral, por meio do qual foi deferido o afastamento de magistrado de suas funções jurisdicionais regulares da Justiça Comum Estadual, no período eleitoral, nos termos do voto do Relator. Acompanharam o Relator os Ministros André Mendonça, Dias Toffoli, Antonio Carlos Ferreira, Ricardo Villas Bôas Cueva, Floriano de Azevedo Marques e Estela Aranha. Composição: Ministros Nunes Marques (Presidente), André Mendonça, Dias Toffoli, Antonio Carlos Ferreira, Ricardo Villas Bôas Cueva, Floriano de Azevedo Marques e Estela Aranha.;Relator(a) Min. Nunes Marques;;;unânime;;https://consultaunificadapje.tse.jus.br/#/public/resultado/0600504-93.2026.6.16.0000
0600512-70.2026.6.16.0000|68276;0600512-70.2026.6.16.0000;68276;2026-08-28;PA;0;2026-08-25;2026-08-25;SJUR — exportação oficial em CSV;https://sjur-servicos.tse.jus.br/sjur-servicos/rest/download/pdf/tribunal=TSE/processoNumero=060051270/processoClasse=PA/decisaoData=20260825;O Tribunal, por unanimidade, aprovou o acórdão do Tribunal Regional Eleitoral, por meio do qual foi deferido o afastamento de magistrado de suas funções jurisdicionais regulares da Justiça Comum Estadual, no período eleitoral, nos termos do voto do Relator. Acompanharam o Relator os Ministros André Mendonça, Dias Toffoli, Antonio Carlos Ferreira, Ricardo Villas Bôas Cueva, Floriano de Azevedo Marques e Estela Aranha. Composição: Ministros Nunes Marques (Presidente), André Mendonça, Dias Toffoli, Antonio Carlos Ferreira, Ricardo Villas Bôas Cueva, Floriano de Azevedo Marques e Estela Aranha.;Relator(a) Min. Nunes Marques;;;unânime;;https://consultaunificadapje.tse.jus.br/#/public/resultado/0600512-70.2026.6.16.0000
0601235-36.2026.6.00.0000|68210;0601235-36.2026.6.00.0000;68210;2026-08-28;PA;0;2026-08-27;2026-08-27;SJUR — exportação oficial em CSV;https://sjur-servicos.tse.jus.br/sjur-servicos/rest/download/pdf/tribunal=TSE/processoNumero=060123536/processoClasse=PA/decisaoData=20260827;O Tribunal, por unanimidade, deferiu o pedido de requisição de força federal, nos termos do voto do Relator. Acompanharam o Relator os Ministros Dias Toffoli, Antonio Carlos Ferreira, Ricardo Villas Bôas Cueva, Floriano de Azevedo Marques e Estela Aranha. Ausência justificada do Senhor Ministro André Mendonça (sem substituto). Composição do julgamento: Ministros (as) Nunes Marques (Presidente), Dias Toffoli, Antonio Carlos Ferreira, Ricardo Villas Bôas Cueva, Floriano de Azevedo Marques e Estela Aranha.;Relator(a) Min. Nunes Marques;;;unânime;;https://consultaunificadapje.tse.jus.br/#/public/resultado/0601235-36.2026.6.00.0000
0601248-35.2026.6.00.0000|67851;0601248-35.2026.6.00.0000;67851;2026-08-28;PA;0;2026-08-25;2026-08-25;SJUR — exportação oficial em CSV;https://sjur-servicos.tse.jus.br/sjur-servicos/rest/download/pdf/tribunal=TSE/processoNumero=060124835/processoClasse=PA/decisaoData=20260825;O Tribunal, por unanimidade, referendou a decisão que aprovou o acórdão do Tribunal Regional Eleitoral, por meio do qual foi deferido afastamento de magistrado de suas funções jurisdicionais regulares, durante o período eleitoral, nos termos do voto do Relator. Acompanharam o Relator os Ministros André Mendonça, Dias Toffoli, Antonio Carlos Ferreira, Ricardo Villas Bôas Cueva, Floriano de Azevedo Marques e Estela Aranha. Composição: Ministros Nunes Marques (Presidente), André Mendonça, Dias Toffoli, Antonio Carlos Ferreira, Ricardo Villas Bôas Cueva, Floriano de Azevedo Marques e Estela Aranha.;Relator(a) Min. Nunes Marques;;;unânime;;https://consultaunificadapje.tse.jus.br/#/public/resultado/0601248-35.2026.6.00.0000
0600116-72.2026.6.06.0000|67400;0600116-72.2026.6.06.0000;67400;2026-08-31;PA;0;2026-08-27;2026-08-27;SJUR — exportação oficial em CSV;https://sjur-servicos.tse.jus.br/sjur-servicos/rest/download/pdf/tribunal=TSE/processoNumero=060011672/processoClasse=PA/decisaoData=20260827;O Tribunal, por unanimidade, deferiu o pedido de requisição de força federal, nos termos do voto do Relator. Acompanharam o Relator os Ministros Dias Toffoli, Antonio Carlos Ferreira, Ricardo Villas Bôas Cueva, Floriano de Azevedo Marques e Estela Aranha. Ausência justificada do Senhor Ministro André Mendonça (sem substituto). Composição do julgamento: Ministros (as) Nunes Marques (Presidente), Dias Toffoli, Antonio Carlos Ferreira, Ricardo Villas Bôas Cueva, Floriano de Azevedo Marques e Estela Aranha.;Relator(a) Min. Nunes Marques;;;unânime;;https://consultaunificadapje.tse.jus.br/#/public/resultado/0600116-72.2026.6.06.0000
0600162-12.2026.6.15.0000|67401;0600162-12.2026.6.15.0000;67401;2026-08-31;PA;0;2026-08-25;2026-08-25;SJUR — exportação oficial em CSV;https://sjur-servicos.tse.jus.br/sjur-servicos/rest/download/pdf/tribunal=TSE/processoNumero=060016212/processoClasse=PA/decisaoData=20260825;O Tribunal, por unanimidade, referendou a decisão que aprovou o acórdão do Tribunal Regional Eleitoral, por meio do qual foi deferido afastamento de magistrado de suas funções jurisdicionais regulares, durante o período eleitoral, nos termos do voto do Relator. Acompanharam o Relator os Ministros André Mendonça, Dias Toffoli, Antonio Carlos Ferreira, Ricardo Villas Bôas Cueva, Floriano de Azevedo Marques e Estela Aranha. Composição: Ministros Nunes Marques (Presidente), André Mendonça, Dias Toffoli, Antonio Carlos Ferreira, Ricardo Villas Bôas Cueva, Floriano de Azevedo Marques e Estela Aranha.;Relator(a) Min. Nunes Marques;;;unânime;;https://consultaunificadapje.tse.jus.br/#/public/resultado/0600162-12.2026.6.15.0000
0600410-48.2026.6.16.0000|67919;0600410-48.2026.6.16.0000;67919;2026-08-31;PA;0;2026-08-25;2026-08-25;SJUR — exportação oficial em CSV;https://sjur-servicos.tse.jus.br/sjur-servicos/rest/download/pdf/tribunal=TSE/processoNumero=060041048/processoClasse=PA/decisaoData=20260825;O Tribunal, por unanimidade, referendou a decisão que aprovou o acórdão do Tribunal Regional Eleitoral, por meio do qual foi deferido afastamento de magistrado de suas funções jurisdicionais regulares, durante o período eleitoral, nos termos do voto do Relator. Acompanharam o Relator os Ministros André Mendonça, Dias Toffoli, Antonio Carlos Ferreira, Ricardo Villas Bôas Cueva, Floriano de Azevedo Marques e Estela Aranha. Composição: Ministros Nunes Marques (Presidente), André Mendonça, Dias Toffoli, Antonio Carlos Ferreira, Ricardo Villas Bôas Cueva, Floriano de Azevedo Marques e Estela Aranha.;Relator(a) Min. Nunes Marques;;;unânime;;https://consultaunificadapje.tse.jus.br/#/public/resultado/0600410-48.2026.6.16.0000
0600696-70.2026.6.00.0000|67918;0600696-70.2026.6.00.0000;67918;2026-08-31;PA;0;2026-08-25;2026-08-25;SJUR — exportação oficial em CSV;https://sjur-servicos.tse.jus.br/sjur-servicos/rest/download/pdf/tribunal=TSE/processoNumero=060069670/processoClasse=PA/decisaoData=20260825;O Tribunal, por unanimidade, referendou a decisão que aprovou o acórdão do Tribunal Regional Eleitoral, por meio do qual foi deferido afastamento de magistrado de suas funções jurisdicionais regulares, durante o período eleitoral, nos termos do voto do Relator. Acompanharam o Relator os Ministros André Mendonça, Dias Toffoli, Antonio Carlos Ferreira, Ricardo Villas Bôas Cueva, Floriano de Azevedo Marques e Estela Aranha. Composição: Ministros Nunes Marques (Presidente), André Mendonça, Dias Toffoli, Antonio Carlos Ferreira, Ricardo Villas Bôas Cueva, Floriano de Azevedo Marques e Estela Aranha.;Relator(a) Min. Nunes Marques;;;unânime;;https://consultaunificadapje.tse.jus.br/#/public/resultado/0600696-70.2026.6.00.0000
0601240-58.2026.6.00.0000|68291;0601240-58.2026.6.00.0000;68291;2026-08-31;PA;0;2026-08-27;2026-08-27;SJUR — exportação oficial em CSV;https://sjur-servicos.tse.jus.br/sjur-servicos/rest/download/pdf/tribunal=TSE/processoNumero=060124058/processoClasse=PA/decisaoData=20260827;O Tribunal, por unanimidade, deferiu o pedido de requisição de força federal, nos termos do voto do Relator. Acompanharam o Relator os Ministros Dias Toffoli, Antonio Carlos Ferreira, Ricardo Villas Bôas Cueva, Floriano de Azevedo Marques e Estela Aranha. Ausência justificada do Senhor Ministro André Mendonça (sem substituto). Composição do julgamento: Ministros (as) Nunes Marques (Presidente), Dias Toffoli, Antonio Carlos Ferreira, Ricardo Villas Bôas Cueva, Floriano de Azevedo Marques e Estela Aranha.;Relator(a) Min. Nunes Marques;;;unânime;;https://consultaunificadapje.tse.jus.br/#/public/resultado/0601240-58.2026.6.00.0000
0601269-11.2026.6.00.0000|67916;0601269-11.2026.6.00.0000;67916;2026-08-31;PA;0;2026-08-25;2026-08-25;SJUR — exportação oficial em CSV;https://sjur-servicos.tse.jus.br/sjur-servicos/rest/download/pdf/tribunal=TSE/processoNumero=060126911/processoClasse=PA/decisaoData=20260825;O Tribunal, por unanimidade, referendou a decisão que aprovou o acórdão do Tribunal Regional Eleitoral, por meio do qual foi deferido afastamento de magistrado de suas funções jurisdicionais regulares, durante o período eleitoral, nos termos do voto do Relator. Acompanharam o Relator os Ministros André Mendonça, Dias Toffoli, Antonio Carlos Ferreira, Ricardo Villas Bôas Cueva, Floriano de Azevedo Marques e Estela Aranha. Composição: Ministros Nunes Marques (Presidente), André Mendonça, Dias Toffoli, Antonio Carlos Ferreira, Ricardo Villas Bôas Cueva, Floriano de Azevedo Marques e Estela Aranha.;Relator(a) Min. Nunes Marques;;;unânime;;https://consultaunificadapje.tse.jus.br/#/public/resultado/0601269-11.2026.6.00.0000
0600503-11.2026.6.16.0000|67405;0600503-11.2026.6.16.0000;67405;2026-09-01;PA;0;2026-08-25;2026-08-25;SJUR — exportação oficial em CSV;https://sjur-servicos.tse.jus.br/sjur-servicos/rest/download/pdf/tribunal=TSE/processoNumero=060050311/processoClasse=PA/decisaoData=20260825;O Tribunal, por unanimidade, aprovou o acórdão do Tribunal Regional Eleitoral, por meio do qual foi deferido o afastamento de magistrado de suas funções jurisdicionais regulares da Justiça Comum Estadual, no período eleitoral, nos termos do voto do Relator. Acompanharam o Relator os Ministros André Mendonça, Dias Toffoli, Antonio Carlos Ferreira, Ricardo Villas Bôas Cueva, Floriano de Azevedo Marques e Estela Aranha. Composição: Ministros Nunes Marques (Presidente), André Mendonça, Dias Toffoli, Antonio Carlos Ferreira, Ricardo Villas Bôas Cueva, Floriano de Azevedo Marques e Estela Aranha.;Relator(a) Min. Nunes Marques;;;unânime;;https://consultaunificadapje.tse.jus.br/#/public/resultado/0600503-11.2026.6.16.0000
0600956-50.2026.6.00.0000|68140;0600956-50.2026.6.00.0000;68140;2026-09-01;CtaEl;0;2026-08-27;2026-08-27;SJUR — exportação oficial em CSV;https://sjur-servicos.tse.jus.br/sjur-servicos/rest/download/pdf/tribunal=TSE/processoNumero=060095650/processoClasse=CtaEl/decisaoData=20260827;O Tribunal, por unanimidade, não conheceu da Consulta, nos termos do voto do Relator. Acompanharam o Relator os Ministros Ricardo Villas Bôas Cueva, Floriano de Azevedo Marques, Estela Aranha, André Mendonça, Dias Toffoli e Nunes Marques (Presidente). Composição: Ministros Nunes Marques (Presidente), André Mendonça, Dias Toffoli, Antonio Carlos Ferreira, Ricardo Villas Bôas Cueva, Floriano de Azevedo Marques e Estela Aranha.;Relator(a) Min. Antonio Carlos Ferreira;;;unânime;;https://consultaunificadapje.tse.jus.br/#/public/resultado/0600956-50.2026.6.00.0000
0600994-62.2026.6.00.0000|68361;0600994-62.2026.6.00.0000;68361;2026-09-01;MSCiv;0;2026-08-29;2026-08-29;SJUR — exportação oficial em CSV;https://sjur-servicos.tse.jus.br/sjur-servicos/rest/download/pdf/tribunal=TSE/processoNumero=060099462/processoClasse=AgR/decisaoData=20260829;O Tribunal, por unanimidade, negou provimento ao agravo interno, nos termos do voto do Relator. Acompanharam o Relator os Ministros Floriano de Azevedo Marques, Estela Aranha, André Mendonça, Dias Toffoli, Antonio Carlos Ferreira e Nunes Marques (Presidente). Acordão publicado em sessão. Composição: Ministros Nunes Marques (Presidente), André Mendonça, Dias Toffoli, Antonio Carlos Ferreira, Ricardo Villas Bôas Cueva, Floriano de Azevedo Marques e Estela Aranha.;Relator(a) Min. Ricardo Villas Bôas Cueva;;;unânime;;https://consultaunificadapje.tse.jus.br/#/public/resultado/0600994-62.2026.6.00.0000
0601404-23.2026.6.00.0000|67680;0601404-23.2026.6.00.0000;67680;2026-09-03;RCand;0;2026-09-03;"2026-09-02; 2026-09-03";SJUR — exportação oficial em CSV;https://sjur-servicos.tse.jus.br/sjur-servicos/rest/download/pdf/tribunal=TSE/processoNumero=060140423/processoClasse=RCand/decisaoData=20260903;O Tribunal, por unanimidade, deferiu o registro de candidatura de Romeu Zema Neto para concorrer ao cargo de presidente da República pelo Partido Novo (NOVO), nas eleições de 2026, nos termos do voto do Relator. Acompanharam o Relator os Ministros Dias Toffoli, Antonio Carlos Ferreira, Ricardo Villas Bôas Cueva, Floriano de Azevedo Marques, Estela Aranha e Nunes Marques (Presidente). Acórdão publicado em sessão. Composição: Ministros Nunes Marques (Presidente), André Mendonça, Dias Toffoli, Antonio Carlos Ferreira, Ricardo Villas Bôas Cueva, Floriano de Azevedo Marques e Estela Aranha.;Relator(a) Min. André Mendonça;;;unânime;;https://consultaunificadapje.tse.jus.br/#/public/resultado/0601404-23.2026.6.00.0000
0601425-96.2026.6.00.0000|68099;0601425-96.2026.6.00.0000;68099;2026-09-03;RCand;0;2026-09-03;"2026-09-02; 2026-09-03";SJUR — exportação oficial em CSV;https://sjur-servicos.tse.jus.br/sjur-servicos/rest/download/pdf/tribunal=TSE/processoNumero=060142596/processoClasse=RCand/decisaoData=20260903;O Tribunal, por unanimidade, deferiu o registro de candidatura de GERALDO JOSÉ RODRIGUES ALCKMIN FILHO para concorrer ao cargo de vice-presidente da República pela Coligação Brasil Pronto Pra Mais (PSB, PDT, FEDERAÇÃO BRASIL DA ESPERANÇA - FE BRASIL (PT/PC do B/PV), FEDERAÇÃO PSOL REDE (PSOL/REDE)), nas eleições de 2026, nos termos do voto do Relator. Acompanharam o Relator os Ministros Dias Toffoli, Antonio Carlos Ferreira, Ricardo Villas Bôas Cueva, Floriano de Azevedo Marques, Estela Aranha e Nunes Marques (Presidente). Acórdão publicado em sessão. Composição: Ministros Nunes Marques (Presidente), André Mendonça, Dias Toffoli, Antonio Carlos Ferreira, Ricardo Villas Bôas Cueva, Floriano de Azevedo Marques e Estela Aranha.;Relator(a) Min. André Mendonça;;;unânime;;https://consultaunificadapje.tse.jus.br/#/public/resultado/0601425-96.2026.6.00.0000
0600478-95.2026.6.16.0000|68207;0600478-95.2026.6.16.0000;68207;2026-09-04;PA;0;2026-08-25;2026-08-25;SJUR — exportação oficial em CSV;https://sjur-servicos.tse.jus.br/sjur-servicos/rest/download/pdf/tribunal=TSE/processoNumero=060047895/processoClasse=PA/decisaoData=20260825;O Tribunal, por unanimidade, aprovou o acórdão do Tribunal Regional Eleitoral, por meio do qual foi deferido o afastamento de magistrado de suas funções jurisdicionais regulares da Justiça Federal, no período eleitoral, nos termos do voto do Relator. Acompanharam o Relator os Ministros André Mendonça, Dias Toffoli, Antonio Carlos Ferreira, Ricardo Villas Bôas Cueva, Floriano de Azevedo Marques e Estela Aranha. Composição: Ministros Nunes Marques (Presidente), André Mendonça, Dias Toffoli, Antonio Carlos Ferreira, Ricardo Villas Bôas Cueva, Floriano de Azevedo Marques e Estela Aranha.;Relator(a) Min. Nunes Marques;;;unânime;;https://consultaunificadapje.tse.jus.br/#/public/resultado/0600478-95.2026.6.16.0000
0601393-91.2026.6.00.0000|68208;0601393-91.2026.6.00.0000;68208;2026-09-04;PA;0;2026-09-01;2026-09-01;SJUR — exportação oficial em CSV;https://sjur-servicos.tse.jus.br/sjur-servicos/rest/download/pdf/tribunal=TSE/processoNumero=060139391/processoClasse=PA/decisaoData=20260901;O Tribunal, por unanimidade, deferiu o pedido de requisição de força federal, nos termos do voto do Relator. Acompanharam o Relator os Ministros André Mendonça, Dias Toffoli, Antonio Carlos Ferreira, Ricardo Villas Bôas Cueva, Floriano de Azevedo Marques e Estela Aranha. Composição: Ministros Nunes Marques (Presidente), André Mendonça, Dias Toffoli, Antonio Carlos Ferreira, Ricardo Villas Bôas Cueva, Floriano de Azevedo Marques e Estela Aranha.;Relator(a) Min. Nunes Marques;;;unânime;;https://consultaunificadapje.tse.jus.br/#/public/resultado/0601393-91.2026.6.00.0000
0601397-31.2026.6.00.0000|68858;0601397-31.2026.6.00.0000;68858;2026-09-04;RCand;0;2026-09-03;"2026-09-02; 2026-09-03";SJUR — exportação oficial em CSV;https://sjur-servicos.tse.jus.br/sjur-servicos/rest/download/pdf/tribunal=TSE/processoNumero=060139731/processoClasse=RCand/decisaoData=20260903;O Tribunal, por unanimidade, deferiu o DRAP e, por conseguinte, declarou a sigla Unidade Popular (UP) habilitada a participar do pleito de 2026, para a disputa aos cargos de presidente e de vice-presidente da República, nos termos do voto do Relator. Acompanharam o Relator os Ministros Dias Toffoli, Antonio Carlos Ferreira, Ricardo Villas Bôas Cueva, Floriano de Azevedo Marques, Estela Aranha e Nunes Marques (Presidente). Acórdão publicado em sessão. Composição: Ministros Nunes Marques (Presidente), André Mendonça, Dias Toffoli, Antonio Carlos Ferreira, Ricardo Villas Bôas Cueva, Floriano de Azevedo Marques e Estela Aranha.;Relator(a) Min. André Mendonça;;;unânime;;https://consultaunificadapje.tse.jus.br/#/public/resultado/0601397-31.2026.6.00.0000
0601399-98.2026.6.00.0000|68100;0601399-98.2026.6.00.0000;68100;2026-09-04;RCand;0;2026-09-03;"2026-09-02; 2026-09-03";SJUR — exportação oficial em CSV;https://sjur-servicos.tse.jus.br/sjur-servicos/rest/download/pdf/tribunal=TSE/processoNumero=060139998/processoClasse=RCand/decisaoData=20260903;O Tribunal, por unanimidade, deferiu o registro de candidatura de Samara Martins da Silva Feitosa para concorrer ao cargo de presidente da República pelo Unidade Popular (UP), nas eleições de 2026, nos termos do voto do Relator. Acompanharam o Relator os Ministros Dias Toffoli, Antonio Carlos Ferreira, Ricardo Villas Bôas Cueva, Floriano de Azevedo Marques, Estela Aranha e Nunes Marques (Presidente). Acórdão publicado em sessão. Composição: Ministros Nunes Marques (Presidente), André Mendonça, Dias Toffoli, Antonio Carlos Ferreira, Ricardo Villas Bôas Cueva, Floriano de Azevedo Marques e Estela Aranha.;Relator(a) Min. André Mendonça;;;unânime;;https://consultaunificadapje.tse.jus.br/#/public/resultado/0601399-98.2026.6.00.0000
0601402-53.2026.6.00.0000|68419;0601402-53.2026.6.00.0000;68419;2026-09-04;RCand;0;2026-09-03;"2026-09-02; 2026-09-03";SJUR — exportação oficial em CSV;https://sjur-servicos.tse.jus.br/sjur-servicos/rest/download/pdf/tribunal=TSE/processoNumero=060140253/processoClasse=RCand/decisaoData=20260903;O Tribunal, por unanimidade, deferiu o DRAP e, por conseguinte, declarou a sigla Partido Novo (NOVO) habilitada a participar do pleito de 2026, para a disputa aos cargos de presidente e de vice-presidente da República, nos termos do voto do Relator. Acompanharam o Relator os Ministros Dias Toffoli, Antonio Carlos Ferreira, Ricardo Villas Bôas Cueva, Floriano de Azevedo Marques, Estela Aranha e Nunes Marques (Presidente). Acórdão publicado em sessão. Composição: Ministros Nunes Marques (Presidente), André Mendonça, Dias Toffoli, Antonio Carlos Ferreira, Ricardo Villas Bôas Cueva, Floriano de Azevedo Marques e Estela Aranha.;Relator(a) Min. André Mendonça;;;unânime;;https://consultaunificadapje.tse.jus.br/#/public/resultado/0601402-53.2026.6.00.0000
0601403-38.2026.6.00.0000|68420;0601403-38.2026.6.00.0000;68420;2026-09-04;RCand;0;2026-09-03;"2026-09-02; 2026-09-03";SJUR — exportação oficial em CSV;https://sjur-servicos.tse.jus.br/sjur-servicos/rest/download/pdf/tribunal=TSE/processoNumero=060140338/processoClasse=RCand/decisaoData=20260903;O Tribunal, por unanimidade, deferiu o registro de candidatura de Luis Eduardo Grangeiro Girão para concorrer ao cargo de vice-presidente da República pelo Partido Novo (NOVO), nas eleições de 2026, nos termos do voto do Relator. Acompanharam o Relator os Ministros Dias Toffoli, Antonio Carlos Ferreira, Ricardo Villas Bôas Cueva, Floriano de Azevedo Marques, Estela Aranha e Nunes Marques (Presidente). Acórdão publicado em sessão. Composição: Ministros Nunes Marques (Presidente), André Mendonça, Dias Toffoli, Antonio Carlos Ferreira, Ricardo Villas Bôas Cueva, Floriano de Azevedo Marques e Estela Aranha.;Relator(a) Min. André Mendonça;;;unânime;;https://consultaunificadapje.tse.jus.br/#/public/resultado/0601403-38.2026.6.00.0000
0601419-89.2026.6.00.0000|68859;0601419-89.2026.6.00.0000;68859;2026-09-04;RCand;0;2026-09-03;2026-09-03;SJUR — exportação oficial em CSV;https://sjur-servicos.tse.jus.br/sjur-servicos/rest/download/pdf/tribunal=TSE/processoNumero=060141989/processoClasse=RCand/decisaoData=20260903;O Tribunal, por unanimidade, deferiu o registro de candidatura de Hertz da Conceição Dias para concorrer ao cargo de presidente da República pelo Partido Socialista dos Trabalhadores Unificado (PSTU) Nacional, nas eleições de 2026, nos termos do voto do Relator. Acompanharam o Relator os Ministros Dias Toffoli, Antonio Carlos Ferreira, Ricardo Villas Bôas Cueva, Floriano de Azevedo Marques, Estela Aranha e Nunes Marques (Presidente). Acórdão publicado em sessão. Composição: Ministros Nunes Marques (Presidente), André Mendonça, Dias Toffoli, Antonio Carlos Ferreira, Ricardo Villas Bôas Cueva, Floriano de Azevedo Marques e Estela Aranha.;Relator(a) Min. André Mendonça;;;unânime;;https://consultaunificadapje.tse.jus.br/#/public/resultado/0601419-89.2026.6.00.0000
0601424-14.2026.6.00.0000|68421;0601424-14.2026.6.00.0000;68421;2026-09-04;RCand;0;2026-09-03;"2026-09-02; 2026-09-03";SJUR — exportação oficial em CSV;https://sjur-servicos.tse.jus.br/sjur-servicos/rest/download/pdf/tribunal=TSE/processoNumero=060142414/processoClasse=RCand/decisaoData=20260903;O Tribunal, por unanimidade, deferiu o DRAP e, por conseguinte, declarou a Coligação Brasil Pronto Pra Mais habilitada a participar do pleito de 2026, para a disputa aos cargos de presidente e de vice-presidente da República, nos termos do voto do Relator. Acompanharam o Relator os Ministros Dias Toffoli, Antonio Carlos Ferreira, Ricardo Villas Bôas Cueva, Floriano de Azevedo Marques, Estela Aranha e Nunes Marques (Presidente). Acórdão publicado em sessão. Composição: Ministros Nunes Marques (Presidente), André Mendonça, Dias Toffoli, Antonio Carlos Ferreira, Ricardo Villas Bôas Cueva, Floriano de Azevedo Marques e Estela Aranha.;Relator(a) Min. André Mendonça;;;unânime;;https://consultaunificadapje.tse.jus.br/#/public/resultado/0601424-14.2026.6.00.0000
0601426-81.2026.6.00.0000|67687;0601426-81.2026.6.00.0000;67687;2026-09-06;RCand;0;2026-09-03;"2026-09-02; 2026-09-03";SJUR — exportação oficial em CSV;https://sjur-servicos.tse.jus.br/sjur-servicos/rest/download/pdf/tribunal=TSE/processoNumero=060142681/processoClasse=RCand/decisaoData=20260903;O Tribunal, por unanimidade, deferiu o registro de candidatura de LUIZ INÁCIO LULA DA SILVA para concorrer ao cargo de presidente da República pela Coligação Brasil Pronto Pra Mais (PSB, PDT, FEDERAÇÃO BRASIL DA ESPERANÇA - FE BRASIL (PT/PC do B/PV), FEDERAÇÃO PSOL REDE (PSOL/REDE)), nas eleições de 2026, nos termos do voto do Relator. Acompanharam o Relator os Ministros Dias Toffoli, Antonio Carlos Ferreira, Ricardo Villas Bôas Cueva, Floriano de Azevedo Marques, Estela Aranha e Nunes Marques (Presidente). Acórdão publicado em sessão. Composição: Ministros Nunes Marques (Presidente), André Mendonça, Dias Toffoli, Antonio Carlos Ferreira, Ricardo Villas Bôas Cueva, Floriano de Azevedo Marques e Estela Aranha.;Relator(a) Min. André Mendonça;;;unânime;;https://consultaunificadapje.tse.jus.br/#/public/resultado/0601426-81.2026.6.00.0000
0601398-16.2026.6.00.0000|68413;0601398-16.2026.6.00.0000;68413;2026-09-08;RCand;0;2026-09-03;2026-09-03;SJUR — exportação oficial em CSV;https://sjur-servicos.tse.jus.br/sjur-servicos/rest/download/pdf/tribunal=TSE/processoNumero=060139816/processoClasse=RCand/decisaoData=20260903;O Tribunal, por unanimidade, deferiu o registro de candidatura de Raquel Nonato de Brício para concorrer ao cargo de vice-presidente da República pelo Unidade Popular (UP), nas eleições de 2026, nos termos do voto do Relator. Acompanharam o Relator os Ministros Dias Toffoli, Antonio Carlos Ferreira, Ricardo Villas Bôas Cueva, Floriano de Azevedo Marques, Estela Aranha e Nunes Marques (Presidente). Acórdão publicado em sessão. Composição: Ministros Nunes Marques (Presidente), André Mendonça, Dias Toffoli, Antonio Carlos Ferreira, Ricardo Villas Bôas Cueva, Floriano de Azevedo Marques e Estela Aranha.;Relator(a) Min. André Mendonça;;;unânime;;https://consultaunificadapje.tse.jus.br/#/public/resultado/0601398-16.2026.6.00.0000
0601418-07.2026.6.00.0000|67942;0601418-07.2026.6.00.0000;67942;2026-09-08;RCand;0;2026-09-03;"2026-09-02; 2026-09-03";SJUR — exportação oficial em CSV;https://sjur-servicos.tse.jus.br/sjur-servicos/rest/download/pdf/tribunal=TSE/processoNumero=060141807/processoClasse=RCand/decisaoData=20260903;O Tribunal, por unanimidade, deferiu o DRAP e, por conseguinte, declarou a sigla Partido Socialista dos Trabalhadores Unificado (PSTU) habilitada a participar do pleito de 2026, para a disputa aos cargos de presidente e de vice-presidente da República, nos termos do voto do Relator. Acompanharam o Relator os Ministros Dias Toffoli, Antonio Carlos Ferreira, Ricardo Villas Bôas Cueva, Floriano de Azevedo Marques, Estela Aranha e Nunes Marques (Presidente). Acórdão publicado em sessão. Composição: Ministros Nunes Marques (Presidente), André Mendonça, Dias Toffoli, Antonio Carlos Ferreira, Ricardo Villas Bôas Cueva, Floriano de Azevedo Marques e Estela Aranha.;Relator(a) Min. André Mendonça;;;unânime;;https://consultaunificadapje.tse.jus.br/#/public/resultado/0601418-07.2026.6.00.0000
0601420-74.2026.6.00.0000|68302;0601420-74.2026.6.00.0000;68302;2026-09-08;RCand;0;2026-09-03;"2026-09-02; 2026-09-03";SJUR — exportação oficial em CSV;https://sjur-servicos.tse.jus.br/sjur-servicos/rest/download/pdf/tribunal=TSE/processoNumero=060142074/processoClasse=RCand/decisaoData=20260903;O Tribunal, por unanimidade, deferiu o registro de candidatura de Vanessa Portugal Barbosa para concorrer ao cargo de vice-presidente da República pelo Partido Socialista dos Trabalhadores Unificado (PSTU), nas eleições de 2026, nos termos do voto do Relator. Acompanharam o Relator os Ministros Dias Toffoli, Antonio Carlos Ferreira, Ricardo Villas Bôas Cueva, Floriano de Azevedo Marques, Estela Aranha e Nunes Marques (Presidente). Acórdão publicado em sessão. Composição: Ministros Nunes Marques (Presidente), André Mendonça, Dias Toffoli, Antonio Carlos Ferreira, Ricardo Villas Bôas Cueva, Floriano de Azevedo Marques e Estela Aranha.;Relator(a) Min. André Mendonça;;;unânime;;https://consultaunificadapje.tse.jus.br/#/public/resultado/0601420-74.2026.6.00.0000
0601532-43.2026.6.00.0000|67661;0601532-43.2026.6.00.0000;67661;2026-09-09;RCand;0;2026-09-03;"2026-09-02; 2026-09-03";SJUR — exportação oficial em CSV;https://sjur-servicos.tse.jus.br/sjur-servicos/rest/download/pdf/tribunal=TSE/processoNumero=060153243/processoClasse=RCand/decisaoData=20260903;O Tribunal, por unanimidade, deferiu o Demonstrativo de Regularidade de Atos Partidários (DRAP) e, por conseguinte, declarou a sigla Partido Liberal (PL) habilitada a participar do pleito de 2026, para a disputa aos cargos de presidente e de vice-presidente da República, nos termos do voto da Relatora. Acompanharam a Relatora os Ministros André Mendonça, Dias Toffoli, Antonio Carlos Ferreira, Ricardo Villas Bôas Cueva, Floriano de Azevedo Marques e Nunes Marques (Presidente). Acórdão publicado em sessão. Composição: Ministros Nunes Marques (Presidente), André Mendonça, Dias Toffoli, Antonio Carlos Ferreira, Ricardo Villas Bôas Cueva, Floriano de Azevedo Marques e Estela Aranha.;Relator(a) Min. Estela Aranha;;;unânime;;https://consultaunificadapje.tse.jus.br/#/public/resultado/0601532-43.2026.6.00.0000
0601533-28.2026.6.00.0000|68630;0601533-28.2026.6.00.0000;68630;2026-09-09;RCand;0;2026-09-03;"2026-09-02; 2026-09-03";SJUR — exportação oficial em CSV;https://sjur-servicos.tse.jus.br/sjur-servicos/rest/download/pdf/tribunal=TSE/processoNumero=060153328/processoClasse=RCand/decisaoData=20260903;O Tribunal, por unanimidade, deferiu o Demonstrativo de Regularidade de Atos Partidários (DRAP) e, por conseguinte, declarou a sigla Partido Liberal (PL) habilitada a participar do pleito de 2026, para a disputa aos cargos de presidente e de vice-presidente da República, nos termos do voto da Relatora. Acompanharam a Relatora os Ministros André Mendonça, Dias Toffoli, Antonio Carlos Ferreira, Ricardo Villas Bôas Cueva, Floriano de Azevedo Marques e Nunes Marques (Presidente). Acórdão publicado em sessão. Composição: Ministros Nunes Marques (Presidente), André Mendonça, Dias Toffoli, Antonio Carlos Ferreira, Ricardo Villas Bôas Cueva, Floriano de Azevedo Marques e Estela Aranha.;Relator(a) Min. Estela Aranha;;;unânime;;https://consultaunificadapje.tse.jus.br/#/public/resultado/0601533-28.2026.6.00.0000
0601545-42.2026.6.00.0000|68616;0601545-42.2026.6.00.0000;68616;2026-09-09;RCand;0;2026-09-03;"2026-09-02; 2026-09-03";SJUR — exportação oficial em CSV;https://sjur-servicos.tse.jus.br/sjur-servicos/rest/download/pdf/tribunal=TSE/processoNumero=060154542/processoClasse=RCand/decisaoData=20260903;O Tribunal, por unanimidade, deferiu o Demonstrativo de Regularidade de Atos Partidários (DRAP) e, por conseguinte, declarou a sigla Partido Comunista Brasileiro (PCB) habilitada a participar do pleito de 2026, para a disputa aos cargos de presidente e de vice-presidente da República, nos termos do voto da Relatora. Acompanharam a Relatora os Ministros André Mendonça, Dias Toffoli, Antonio Carlos Ferreira, Ricardo Villas Bôas Cueva, Floriano de Azevedo Marques e Nunes Marques (Presidente). Acórdão publicado em sessão. Composição: Ministros Nunes Marques (Presidente), André Mendonça, Dias Toffoli, Antonio Carlos Ferreira, Ricardo Villas Bôas Cueva, Floriano de Azevedo Marques e Estela Aranha.;Relator(a) Min. Estela Aranha;;;unânime;;https://consultaunificadapje.tse.jus.br/#/public/resultado/0601545-42.2026.6.00.0000
0601546-27.2026.6.00.0000|68631;0601546-27.2026.6.00.0000;68631;2026-09-09;RCand;0;2026-09-03;"2026-09-02; 2026-09-03";SJUR — exportação oficial em CSV;https://sjur-servicos.tse.jus.br/sjur-servicos/rest/download/pdf/tribunal=TSE/processoNumero=060154627/processoClasse=RCand/decisaoData=20260903;O Tribunal, por unanimidade, deferiu o registro de candidatura de Cleusa dos Santos para concorrer ao cargo de vice-presidente da República pelo Partido Comunista Brasileiro (PCB), nas eleições de 2026, nos termos do voto da Relatora. Acompanharam a Relatora os Ministros André Mendonça, Dias Toffoli, Antonio Carlos Ferreira, Ricardo Villas Bôas Cueva, Floriano de Azevedo Marques e Nunes Marques (Presidente). Acórdão publicado em sessão. Composição: Ministros Nunes Marques (Presidente), André Mendonça, Dias Toffoli, Antonio Carlos Ferreira, Ricardo Villas Bôas Cueva, Floriano de Azevedo Marques e Estela Aranha.;Relator(a) Min. Estela Aranha;;;unânime;;https://consultaunificadapje.tse.jus.br/#/public/resultado/0601546-27.2026.6.00.0000
0601547-12.2026.6.00.0000|68774;0601547-12.2026.6.00.0000;68774;2026-09-09;RCand;0;2026-09-03;"2026-09-02; 2026-09-03";SJUR — exportação oficial em CSV;https://sjur-servicos.tse.jus.br/sjur-servicos/rest/download/pdf/tribunal=TSE/processoNumero=060154712/processoClasse=RCand/decisaoData=20260903;O Tribunal, por unanimidade, deferiu o registro de candidatura de Edmilson Silva Costa para concorrer ao cargo de presidente da República pelo Partido Comunista Brasileiro (PCB), nas eleições de 2026, nos termos do voto da Relatora. Acompanharam a Relatora os Ministros André Mendonça, Dias Toffoli, Antonio Carlos Ferreira, Ricardo Villas Bôas Cueva, Floriano de Azevedo Marques e Nunes Marques (Presidente). Acórdão publicado em sessão. Composição: Ministros Nunes Marques (Presidente), André Mendonça, Dias Toffoli, Antonio Carlos Ferreira, Ricardo Villas Bôas Cueva, Floriano de Azevedo Marques e Estela Aranha.;Relator(a) Min. Estela Aranha;;;unânime;;https://consultaunificadapje.tse.jus.br/#/public/resultado/0601547-12.2026.6.00.0000
0601020-60.2026.6.00.0000|67749;0601020-60.2026.6.00.0000;67749;2026-09-10;Rp;1;2026-09-09;2026-09-09;SJUR — exportação oficial em CSV;https://sjur-servicos.tse.jus.br/sjur-servicos/rest/download/pdf/tribunal=TSE/processoNumero=060102060/processoClasse=Rp/decisaoData=20260909;O Tribunal, por unanimidade, referendou a liminar anteriormente indeferida, nos termos do voto do Relator. Acompanharam o Relator os Ministros Dias Toffoli, Antonio Carlos Ferreira, Ricardo Villas Bôas Cueva, Floriano de Azevedo Marques, Estela Aranha e Nunes Marques (Presidente). Acórdão publicado em sessão. Composição: Ministros Nunes Marques (Presidente), André Mendonça, Dias Toffoli, Antonio Carlos Ferreira, Ricardo Villas Bôas Cueva, Floriano de Azevedo Marques e Estela Aranha.;Relator(a) Min. André Mendonça;;;unânime;;https://consultaunificadapje.tse.jus.br/#/public/resultado/0601020-60.2026.6.00.0000
0601103-76.2026.6.00.0000|68390;0601103-76.2026.6.00.0000;68390;2026-09-10;Rp;1;2026-09-09;2026-09-09;SJUR — exportação oficial em CSV;https://sjur-servicos.tse.jus.br/sjur-servicos/rest/download/pdf/tribunal=TSE/processoNumero=060110376/processoClasse=Rp/decisaoData=20260909;O Tribunal, por unanimidade, referendou a liminar parcialmente deferida, nos termos do voto do Relator, no que foi acompanhado integralmente pelo Ministro Dias Toffoli. Acompanharam o Relator por fundamentação diversa os Ministros Antonio Carlos Ferreira, Ricardo Villas Bôas Cueva, Floriano de Azevedo Marques, Estela Aranha e Nunes Marques (Presidente). Acórdão publicado em sessão. Composição: Ministros Nunes Marques (Presidente), André Mendonça, Dias Toffoli, Antonio Carlos Ferreira, Ricardo Villas Bôas Cueva, Floriano de Azevedo Marques e Estela Aranha.;Relator(a) Min. André Mendonça;;;unânime;;https://consultaunificadapje.tse.jus.br/#/public/resultado/0601103-76.2026.6.00.0000
0601217-15.2026.6.00.0000|68826;0601217-15.2026.6.00.0000;68826;2026-09-10;Rp;1;2026-09-09;2026-09-09;SJUR — exportação oficial em CSV;https://sjur-servicos.tse.jus.br/sjur-servicos/rest/download/pdf/tribunal=TSE/processoNumero=060121715/processoClasse=Rp/decisaoData=20260909;O Tribunal, por unanimidade, referendou a liminar deferida parcialmente, nos termos do voto do Relator. Acompanharam o Relator os Ministros Dias Toffoli, Antonio Carlos Ferreira (Art. 7o, § 2o, da Resolução-TSE no 23.598/2019), Ricardo Villas Bôas Cueva, Floriano de Azevedo Marques, Estela Aranha e Nunes Marques (Presidente). Acórdão publicado em sessão. Composição: Ministros Nunes Marques (Presidente), André Mendonça, Dias Toffoli, Antonio Carlos Ferreira, Ricardo Villas Bôas Cueva, Floriano de Azevedo Marques e Estela Aranha.;Relator(a) Min. André Mendonça;;;unânime;;https://consultaunificadapje.tse.jus.br/#/public/resultado/0601217-15.2026.6.00.0000
0601272-63.2026.6.00.0000|67343;0601272-63.2026.6.00.0000;67343;2026-09-10;PA;0;2026-08-25;2026-08-25;SJUR — exportação oficial em CSV;https://sjur-servicos.tse.jus.br/sjur-servicos/rest/download/pdf/tribunal=TSE/processoNumero=060127263/processoClasse=PA/decisaoData=20260825;O Tribunal, por unanimidade, referendou a decisão que aprovou o acórdão do Tribunal Regional Eleitoral, por meio do qual foi deferido afastamento de magistrado de suas funções jurisdicionais regulares, durante o período eleitoral, nos termos do voto do Relator. Acompanharam o Relator os Ministros André Mendonça, Dias Toffoli, Antonio Carlos Ferreira, Ricardo Villas Bôas Cueva, Floriano de Azevedo Marques e Estela Aranha. Composição: Ministros Nunes Marques (Presidente), André Mendonça, Dias Toffoli, Antonio Carlos Ferreira, Ricardo Villas Bôas Cueva, Floriano de Azevedo Marques e Estela Aranha.;Relator(a) Min. Nunes Marques;;;unânime;;https://consultaunificadapje.tse.jus.br/#/public/resultado/0601272-63.2026.6.00.0000
0601344-50.2026.6.00.0000|68075;0601344-50.2026.6.00.0000;68075;2026-09-10;Rp;1;2026-09-09;2026-09-09;SJUR — exportação oficial em CSV;https://sjur-servicos.tse.jus.br/sjur-servicos/rest/download/pdf/tribunal=TSE/processoNumero=060134450/processoClasse=Rp/decisaoData=20260909;O Tribunal, por unanimidade, referendou a liminar parcialmente deferida, nos termos do voto do Relator. Acompanharam o Relator os Ministros Dias Toffoli, Antonio Carlos Ferreira, Ricardo Villas Bôas Cueva, Floriano de Azevedo Marques, Estela Aranha e Nunes Marques (Presidente). Acórdão publicado em sessão. Composição: Ministros Nunes Marques (Presidente), André Mendonça, Dias Toffoli, Antonio Carlos Ferreira, Ricardo Villas Bôas Cueva, Floriano de Azevedo Marques e Estela Aranha.;Relator(a) Min. André Mendonça;;;unânime;;https://consultaunificadapje.tse.jus.br/#/public/resultado/0601344-50.2026.6.00.0000
0601628-58.2026.6.00.0000|68529;0601628-58.2026.6.00.0000;68529;2026-09-10;PA;0;2026-09-01;2026-09-01;SJUR — exportação oficial em CSV;https://sjur-servicos.tse.jus.br/sjur-servicos/rest/download/pdf/tribunal=TSE/processoNumero=060162858/processoClasse=PA/decisaoData=20260901;O Tribunal, por unanimidade, deferiu o pedido de requisição de força federal, nos termos do voto do Relator. Acompanharam o Relator os Ministros André Mendonça, Dias Toffoli, Antonio Carlos Ferreira, Ricardo Villas Bôas Cueva, Floriano de Azevedo Marques e Estela Aranha. Composição: Ministros Nunes Marques (Presidente), André Mendonça, Dias Toffoli, Antonio Carlos Ferreira, Ricardo Villas Bôas Cueva, Floriano de Azevedo Marques e Estela Aranha.;Relator(a) Min. Nunes Marques;;;unânime;;https://consultaunificadapje.tse.jus.br/#/public/resultado/0601628-58.2026.6.00.0000
0601674-47.2026.6.00.0000|68074;0601674-47.2026.6.00.0000;68074;2026-09-10;Rp;1;2026-09-09;2026-09-09;SJUR — exportação oficial em CSV;https://sjur-servicos.tse.jus.br/sjur-servicos/rest/download/pdf/tribunal=TSE/processoNumero=060167447/processoClasse=Rp/decisaoData=20260909;O Tribunal, por unanimidade, referendou a liminar parcialmente deferida, nos termos do voto do Relator. Acompanharam o Relator os Ministros Dias Toffoli, Antonio Carlos Ferreira, Ricardo Villas Bôas Cueva, Floriano de Azevedo Marques, Estela Aranha e Nunes Marques (Presidente). Acórdão publicado em sessão. Composição: Ministros Nunes Marques (Presidente), André Mendonça, Dias Toffoli, Antonio Carlos Ferreira, Ricardo Villas Bôas Cueva, Floriano de Azevedo Marques e Estela Aranha.;Relator(a) Min. André Mendonça;;;unânime;;https://consultaunificadapje.tse.jus.br/#/public/resultado/0601674-47.2026.6.00.0000
0601751-56.2026.6.00.0000|67842;0601751-56.2026.6.00.0000;67842;2026-09-10;PA;0;2026-09-08;2026-09-08;SJUR — exportação oficial em CSV;https://sjur-servicos.tse.jus.br/sjur-servicos/rest/download/pdf/tribunal=TSE/processoNumero=060175156/processoClasse=PA/decisaoData=20260908;O Tribunal, por unanimidade, aprovou a Resolução no 8.146/2026 do Tribunal Regional Eleitoral do Distrito Federal (TRE/DF), por meio da qual foi deferido o afastamento da desembargadora eleitoral Gilda Sigmaringa Seixas das suas atribuições no Tribunal Regional Federal da 1a Região (TRF1), no período de 31 de agosto de 2026 a 30 de outubro de 2026 (cinco dias após o segundo turno das eleições, se houver), nos termos do voto do Relator. Acompanharam o Relator os Ministros André Mendonça, Dias Toffoli, Antonio Carlos Ferreira, Ricardo Villas Bôas Cueva, Floriano de Azevedo Marques e Estela Aranha. Composição: Ministros Nunes Marques (Presidente), André Mendonça, Dias Toffoli, Antonio Carlos Ferreira, Ricardo Villas Bôas Cueva, Floriano de Azevedo Marques e Estela Aranha.;Relator(a) Min. Nunes Marques;;;unânime;;https://consultaunificadapje.tse.jus.br/#/public/resultado/0601751-56.2026.6.00.0000
0600961-72.2026.6.00.0000|67948;0600961-72.2026.6.00.0000;67948;2026-09-11;Rp;1;2026-09-09;2026-09-09;SJUR — exportação oficial em CSV;https://sjur-servicos.tse.jus.br/sjur-servicos/rest/download/pdf/tribunal=TSE/processoNumero=060096172/processoClasse=Rp/decisaoData=20260909;"Prosseguindo com o julgamento, o Tribunal, por maioria, referendou, em parte, a decisão liminar e, com isso, deferiu parcialmente o pedido para que, no prazo de 24 horas, sob pena de multa diária, nos termos do § 4o do art. 38 da Res.-TSE no 23.610/2019, seja removida a publicação indicada na petição. Determinou, ainda, que o representado se abstenha de republicar ou difundir novamente o vídeo específico ora indicado ou conteúdos substancialmente idênticos; e que se oficie ao provedor de aplicação responsável pelo Instagram para cumprimento da determinação judicial de remoção da publicação, no prazo de 24 horas, devendo informar a este Juízo sobre as providências tomadas, conforme o § 1o-B do art. 17 da Res.-TSE no 23.608/2019, sob pena de fixação de multa e outras medidas para o efetivo cumprimento desta decisão, nos termos do voto divergente da Ministra Estela Aranha, vencidos o Relator e, em parte, o Ministro Floriano de Azevedo Marques. Acompanharam integralmente a divergência os Ministros Dias Toffoli, Antonio Carlos Ferreira, Ricardo Villas Bôas Cueva e Nunes Marques (Presidente). Redigirá o acórdão a Ministra Estela Aranha. Acórdão publicado em sessão. Composição: Ministros Nunes Marques (Presidente), André Mendonça, Dias Toffoli, Antonio Carlos Ferreira, Ricardo Villas Bôas Cueva, Floriano de Azevedo Marques e Estela Aranha.";Relator(a) Min. André Mendonça;;;com divergência;André Mendonça | Floriano de Azevedo Marques;https://consultaunificadapje.tse.jus.br/#/public/resultado/0600961-72.2026.6.00.0000
0601181-70.2026.6.00.0000|68076;0601181-70.2026.6.00.0000;68076;2026-09-11;Rp;1;;;PJe — acórdão;https://consultaunificadapje.tse.jus.br/consulta-publica-unificada/documento?extensaoArquivo=text/html&path=tse/2026/9/11/14/22/13/e467e3501c49dfe375288acca854404886dd001ad1967c1b202164fa1cc74e6c;O Tribunal, por unanimidade, referendou a liminar anteriormente indeferida, nos termos do voto do relator. Acórdão publicado em;André Mendonça;97d3a81d02ddac36fdad.html;e467e3501c49dfe375288acca854404886dd001ad1967c1b202164fa1cc74e6c;unânime;;https://consultaunificadapje.tse.jus.br/#/public/resultado/0601181-70.2026.6.00.0000
0601263-04.2026.6.00.0000|68403;0601263-04.2026.6.00.0000;68403;2026-09-11;Rp;1;2026-09-09;2026-09-09;SJUR — exportação oficial em CSV;https://sjur-servicos.tse.jus.br/sjur-servicos/rest/download/pdf/tribunal=TSE/processoNumero=060126304/processoClasse=Rp/decisaoData=20260909;O Tribunal, por unanimidade, referendou a liminar anteriormente deferida, nos termos do voto do Relator. Acompanharam o Relator os Ministros Dias Toffoli, Antonio Carlos Ferreira (Art. 7o, § 2o, da Resolução-TSE no 23.598/2019), Ricardo Villas Bôas Cueva, Floriano de Azevedo Marques, Estela Aranha e Nunes Marques (Presidente). Acórdão publicado em sessão. Composição: Ministros Nunes Marques (Presidente), André Mendonça, Dias Toffoli, Antonio Carlos Ferreira, Ricardo Villas Bôas Cueva, Floriano de Azevedo Marques e Estela Aranha.;Relator(a) Min. André Mendonça;;;unânime;;https://consultaunificadapje.tse.jus.br/#/public/resultado/0601263-04.2026.6.00.0000
0601274-33.2026.6.00.0000|68833;0601274-33.2026.6.00.0000;68833;2026-09-11;RepEsp;0;;;PJe — acórdão;https://consultaunificadapje.tse.jus.br/consulta-publica-unificada/documento?extensaoArquivo=text/html&path=tse/2026/9/11/14/23/9/9c98cd43873103c924c5c3cafdf3f9ebbc3678316483994289c22e8b13b20816;O Tribunal, por unanimidade, referendou a liminar anteriormente indeferida, nos termos do voto do relator.;André Mendonça;a1cbc27029bc5081b695.html;9c98cd43873103c924c5c3cafdf3f9ebbc3678316483994289c22e8b13b20816;unânime;;https://consultaunificadapje.tse.jus.br/#/public/resultado/0601274-33.2026.6.00.0000
0601312-45.2026.6.00.0000|68402;0601312-45.2026.6.00.0000;68402;2026-09-11;Rp;1;2026-09-09;2026-09-09;SJUR — exportação oficial em CSV;https://sjur-servicos.tse.jus.br/sjur-servicos/rest/download/pdf/tribunal=TSE/processoNumero=060131245/processoClasse=Rp/decisaoData=20260909;O Tribunal, por unanimidade, referendou a liminar parcialmente deferida, nos termos do voto do Relator. Acompanharam o Relator os Ministros Dias Toffoli, Antonio Carlos Ferreira, Ricardo Villas Bôas Cueva, Floriano de Azevedo Marques, Estela Aranha e Nunes Marques (Presidente). Acórdão publicado em sessão. Composição: Ministros Nunes Marques (Presidente), André Mendonça, Dias Toffoli, Antonio Carlos Ferreira, Ricardo Villas Bôas Cueva, Floriano de Azevedo Marques e Estela Aranha.;Relator(a) Min. André Mendonça;;;unânime;;https://consultaunificadapje.tse.jus.br/#/public/resultado/0601312-45.2026.6.00.0000
0601337-58.2026.6.00.0000|67738;0601337-58.2026.6.00.0000;67738;2026-09-11;Rp;1;2026-09-09;2026-09-09;SJUR — exportação oficial em CSV;https://sjur-servicos.tse.jus.br/sjur-servicos/rest/download/pdf/tribunal=TSE/processoNumero=060133758/processoClasse=Rp/decisaoData=20260909;O Tribunal, por unanimidade, referendou a liminar anteriormente deferida, nos termos do voto do Relator. Acompanharam o Relator os Ministros Dias Toffoli, Antonio Carlos Ferreira, Ricardo Villas Bôas Cueva, Floriano de Azevedo Marques, Estela Aranha e Nunes Marques (Presidente) (Art. 7o, § 2o, da Resolução-TSE no 23.598/2019). Acórdão publicado em sessão. Composição: Ministros Nunes Marques (Presidente), André Mendonça, Dias Toffoli, Antonio Carlos Ferreira, Ricardo Villas Bôas Cueva, Floriano de Azevedo Marques e Estela Aranha.;Relator(a) Min. André Mendonça;;;unânime;;https://consultaunificadapje.tse.jus.br/#/public/resultado/0601337-58.2026.6.00.0000
0601428-51.2026.6.00.0000|68832;0601428-51.2026.6.00.0000;68832;2026-09-11;Rp;1;2026-09-09;2026-09-09;SJUR — exportação oficial em CSV;https://sjur-servicos.tse.jus.br/sjur-servicos/rest/download/pdf/tribunal=TSE/processoNumero=060142851/processoClasse=Rp/decisaoData=20260909;O Tribunal, por unanimidade, referendou a liminar anteriormente deferida, em parte, nos termos do voto do Relator. Acompanharam o Relator os Ministros Dias Toffoli, Antonio Carlos Ferreira, Ricardo Villas Bôas Cueva, Floriano de Azevedo Marques, Estela Aranha e Nunes Marques (Presidente). Acórdão publicado em sessão. Composição: Ministros Nunes Marques (Presidente), André Mendonça, Dias Toffoli, Antonio Carlos Ferreira, Ricardo Villas Bôas Cueva, Floriano de Azevedo Marques e Estela Aranha.;Relator(a) Min. André Mendonça;;;unânime;;https://consultaunificadapje.tse.jus.br/#/public/resultado/0601428-51.2026.6.00.0000
0601636-35.2026.6.00.0000|68084;0601636-35.2026.6.00.0000;68084;2026-09-11;Rp;0;2026-09-09;2026-09-09;SJUR — exportação oficial em CSV;https://sjur-servicos.tse.jus.br/sjur-servicos/rest/download/pdf/tribunal=TSE/processoNumero=060163635/processoClasse=Rp/decisaoData=20260909;O Tribunal, por unanimidade, referendou a liminar anteriormente indeferida, nos termos do voto do Relator. Acompanharam o Relator os Ministros Dias Toffoli, Antonio Carlos Ferreira, Ricardo Villas Bôas Cueva, Floriano de Azevedo Marques, Estela Aranha e Nunes Marques (Presidente). Acórdão publicado em sessão. Composição: Ministros Nunes Marques (Presidente), André Mendonça, Dias Toffoli, Antonio Carlos Ferreira, Ricardo Villas Bôas Cueva, Floriano de Azevedo Marques e Estela Aranha.;Relator(a) Min. André Mendonça;;;unânime;;https://consultaunificadapje.tse.jus.br/#/public/resultado/0601636-35.2026.6.00.0000
0601646-79.2026.6.00.0000|67729;0601646-79.2026.6.00.0000;67729;2026-09-11;Rp;1;2026-09-09;2026-09-09;SJUR — exportação oficial em CSV;https://sjur-servicos.tse.jus.br/sjur-servicos/rest/download/pdf/tribunal=TSE/processoNumero=060164679/processoClasse=Rp/decisaoData=20260909;O Tribunal, por unanimidade, referendou a decisão que deferiu parcialmente a liminar, nos termos do voto do Relator. Acompanharam o Relator os Ministros Dias Toffoli, Antonio Carlos Ferreira, Ricardo Villas Bôas Cueva, Floriano de Azevedo Marques, Estela Aranha e Nunes Marques (Presidente). Acórdão publicado em sessão. Composição: Ministros Nunes Marques (Presidente), André Mendonça, Dias Toffoli, Antonio Carlos Ferreira, Ricardo Villas Bôas Cueva, Floriano de Azevedo Marques e Estela Aranha.;Relator(a) Min. André Mendonça;;;unânime;;https://consultaunificadapje.tse.jus.br/#/public/resultado/0601646-79.2026.6.00.0000
0601690-98.2026.6.00.0000|68395;0601690-98.2026.6.00.0000;68395;2026-09-11;Rp;1;;;PJe — acórdão;https://consultaunificadapje.tse.jus.br/consulta-publica-unificada/documento?extensaoArquivo=text/html&path=tse/2026/9/11/14/22/49/bdb5bef2a4ed9440885b018f8c4ab943469293927a03e31335584aa2d3a1b8c0;O Tribunal, por unanimidade, referendou a liminar parcialmente deferida, nos termos do voto do relator. Acórdão publicado em;André Mendonça;b454673110353dde62a3.html;bdb5bef2a4ed9440885b018f8c4ab943469293927a03e31335584aa2d3a1b8c0;unânime;;https://consultaunificadapje.tse.jus.br/#/public/resultado/0601690-98.2026.6.00.0000
0601735-05.2026.6.00.0000|68843;0601735-05.2026.6.00.0000;68843;2026-09-11;Rp;0;2026-09-09;2026-09-09;SJUR — exportação oficial em CSV;https://sjur-servicos.tse.jus.br/sjur-servicos/rest/download/pdf/tribunal=TSE/processoNumero=060173505/processoClasse=Rp/decisaoData=20260909;O Tribunal, por unanimidade, referendou a liminar parcialmente deferida, nos termos do voto do Relator. Acompanharam o Relator os Ministros Dias Toffoli, Antonio Carlos Ferreira, Ricardo Villas Bôas Cueva, Floriano de Azevedo Marques, Estela Aranha e Nunes Marques (Presidente). Acórdão publicado em sessão. Composição: Ministros Nunes Marques (Presidente), André Mendonça, Dias Toffoli, Antonio Carlos Ferreira, Ricardo Villas Bôas Cueva, Floriano de Azevedo Marques e Estela Aranha.;Relator(a) Min. André Mendonça;;;unânime;;https://consultaunificadapje.tse.jus.br/#/public/resultado/0601735-05.2026.6.00.0000
0601738-57.2026.6.00.0000|68396;0601738-57.2026.6.00.0000;68396;2026-09-11;Rp;0;2026-09-09;2026-09-09;SJUR — exportação oficial em CSV;https://sjur-servicos.tse.jus.br/sjur-servicos/rest/download/pdf/tribunal=TSE/processoNumero=060173857/processoClasse=Rp/decisaoData=20260909;O Tribunal, por unanimidade, referendou a liminar anteriormente indeferida, nos termos do voto do Relator. Acompanharam o Relator os Ministros Dias Toffoli, Antonio Carlos Ferreira, Ricardo Villas Bôas Cueva, Floriano de Azevedo Marques, Estela Aranha e Nunes Marques (Presidente). Acórdão publicado em sessão. Composição: Ministros Nunes Marques (Presidente), André Mendonça, Dias Toffoli, Antonio Carlos Ferreira, Ricardo Villas Bôas Cueva, Floriano de Azevedo Marques e Estela Aranha.;Relator(a) Min. André Mendonça;;;unânime;;https://consultaunificadapje.tse.jus.br/#/public/resultado/0601738-57.2026.6.00.0000
0601755-93.2026.6.00.0000|68667;0601755-93.2026.6.00.0000;68667;2026-09-11;DR;1;;;PJe — acórdão;https://consultaunificadapje.tse.jus.br/consulta-publica-unificada/documento?extensaoArquivo=text/html&path=tse/2026/9/11/18/7/58/310e0c24078156baa32335b9e2cf16ded13645b0adaa9df3f1996afd9c8372a3;O Tribunal, por unanimidade, referendou a liminar anteriormente deferida, nos termos do voto da relatora. Juntou mídia de sustentação oral (ID 178614484), o Dr. Miguel Filipi Pimentel Novaes, advogado dos representados Luiz Inácio Lula da Silva e Coligação Brasil Pronto Pra Mais. Acórdão publicado em;Estela Aranha;7c470cef2afc5eb1791c.html;310e0c24078156baa32335b9e2cf16ded13645b0adaa9df3f1996afd9c8372a3;unânime;;https://consultaunificadapje.tse.jus.br/#/public/resultado/0601755-93.2026.6.00.0000
0601766-25.2026.6.00.0000|68652;0601766-25.2026.6.00.0000;68652;2026-09-11;DR;1;2026-09-09;2026-09-09;SJUR — exportação oficial em CSV;https://sjur-servicos.tse.jus.br/sjur-servicos/rest/download/pdf/tribunal=TSE/processoNumero=060176625/processoClasse=DR/decisaoData=20260909;O Tribunal, por unanimidade, referendou a liminar anteriormente indeferida, nos termos do voto da Relatora. Acompanharam a Relatora os Ministros André Mendonça, Dias Toffoli, Antonio Carlos Ferreira, Ricardo Villas Bôas Cueva, Floriano de Azevedo Marques e Nunes Marques (Presidente). Acórdão publicado em sessão. Composição: Ministros Nunes Marques (Presidente), André Mendonça, Dias Toffoli, Antonio Carlos Ferreira, Ricardo Villas Bôas Cueva, Floriano de Azevedo Marques e Estela Aranha.;Relator(a) Min. Estela Aranha;;;unânime;;https://consultaunificadapje.tse.jus.br/#/public/resultado/0601766-25.2026.6.00.0000
0601364-41.2026.6.00.0000|68095;0601364-41.2026.6.00.0000;68095;2026-09-12;Rp;1;2026-09-09;2026-09-09;SJUR — exportação oficial em CSV;https://sjur-servicos.tse.jus.br/sjur-servicos/rest/download/pdf/tribunal=TSE/processoNumero=060136441/processoClasse=Rp/decisaoData=20260909;O Tribunal, por unanimidade, referendou a liminar anteriormente deferida, nos termos do voto do Relator. Acompanharam o Relator os Ministros Dias Toffoli, Antonio Carlos Ferreira, Ricardo Villas Bôas Cueva, Floriano de Azevedo Marques, Estela Aranha e Nunes Marques (Presidente). Acórdão publicado em sessão. Composição: Ministros Nunes Marques (Presidente), André Mendonça, Dias Toffoli, Antonio Carlos Ferreira, Ricardo Villas Bôas Cueva, Floriano de Azevedo Marques e Estela Aranha.;Relator(a) Min. André Mendonça;;;unânime;;https://consultaunificadapje.tse.jus.br/#/public/resultado/0601364-41.2026.6.00.0000
0601412-97.2026.6.00.0000|68082;0601412-97.2026.6.00.0000;68082;2026-09-12;Rp;1;2026-09-09;2026-09-09;SJUR — exportação oficial em CSV;https://sjur-servicos.tse.jus.br/sjur-servicos/rest/download/pdf/tribunal=TSE/processoNumero=060141297/processoClasse=Rp/decisaoData=20260909;O Tribunal, por unanimidade, referendou a liminar parcialmente deferida, nos termos do voto do Relator. Acompanharam o Relator os Ministros Dias Toffoli, Antonio Carlos Ferreira, Ricardo Villas Bôas Cueva, Floriano de Azevedo Marques, Estela Aranha e Nunes Marques (Presidente). Acórdão publicado em sessão. Composição: Ministros Nunes Marques (Presidente), André Mendonça, Dias Toffoli, Antonio Carlos Ferreira, Ricardo Villas Bôas Cueva, Floriano de Azevedo Marques e Estela Aranha.;Relator(a) Min. André Mendonça;;;unânime;;https://consultaunificadapje.tse.jus.br/#/public/resultado/0601412-97.2026.6.00.0000
0601447-57.2026.6.00.0000|68838;0601447-57.2026.6.00.0000;68838;2026-09-12;Rp;1;2026-09-09;2026-09-09;SJUR — exportação oficial em CSV;https://sjur-servicos.tse.jus.br/sjur-servicos/rest/download/pdf/tribunal=TSE/processoNumero=060144757/processoClasse=Rp/decisaoData=20260909;O Tribunal, por unanimidade, referendou a liminar parcialmente deferida, nos termos do voto do Relator. Acompanharam o Relator os Ministros Dias Toffoli, Antonio Carlos Ferreira, Ricardo Villas Bôas Cueva, Floriano de Azevedo Marques, Estela Aranha e Nunes Marques (Presidente). Acórdão publicado em sessão. Composição: Ministros Nunes Marques (Presidente), André Mendonça, Dias Toffoli, Antonio Carlos Ferreira, Ricardo Villas Bôas Cueva, Floriano de Azevedo Marques e Estela Aranha.;Relator(a) Min. André Mendonça;;;unânime;;https://consultaunificadapje.tse.jus.br/#/public/resultado/0601447-57.2026.6.00.0000
0601530-73.2026.6.00.0000|68094;0601530-73.2026.6.00.0000;68094;2026-09-12;Rp;0;2026-09-09;2026-09-09;SJUR — exportação oficial em CSV;https://sjur-servicos.tse.jus.br/sjur-servicos/rest/download/pdf/tribunal=TSE/processoNumero=060153073/processoClasse=Rp/decisaoData=20260909;O Tribunal, por unanimidade, referendou a liminar anteriormente indeferida, nos termos do voto do Relator. Acompanharam o Relator os Ministros Dias Toffoli, Antonio Carlos Ferreira, Ricardo Villas Bôas Cueva, Floriano de Azevedo Marques, Estela Aranha e Nunes Marques (Presidente). Acórdão publicado em sessão. Composição: Ministros Nunes Marques (Presidente), André Mendonça, Dias Toffoli, Antonio Carlos Ferreira, Ricardo Villas Bôas Cueva, Floriano de Azevedo Marques e Estela Aranha.;Relator(a) Min. André Mendonça;;;unânime;;https://consultaunificadapje.tse.jus.br/#/public/resultado/0601530-73.2026.6.00.0000
0601605-15.2026.6.00.0000|67735;0601605-15.2026.6.00.0000;67735;2026-09-12;Rp;0;2026-09-09;2026-09-09;SJUR — exportação oficial em CSV;https://sjur-servicos.tse.jus.br/sjur-servicos/rest/download/pdf/tribunal=TSE/processoNumero=060160515/processoClasse=Rp/decisaoData=20260909;O Tribunal, por unanimidade, referendou a liminar anteriormente indeferida, nos termos do voto do Relator. Acompanharam o Relator os Ministros Dias Toffoli, Antonio Carlos Ferreira, Ricardo Villas Bôas Cueva, Floriano de Azevedo Marques, Estela Aranha e Nunes Marques (Presidente). Acórdão publicado em sessão. Composição: Ministros Nunes Marques (Presidente), André Mendonça, Dias Toffoli, Antonio Carlos Ferreira, Ricardo Villas Bôas Cueva, Floriano de Azevedo Marques e Estela Aranha.;Relator(a) Min. André Mendonça;;;unânime;;https://consultaunificadapje.tse.jus.br/#/public/resultado/0601605-15.2026.6.00.0000
0601607-82.2026.6.00.0000|67734;0601607-82.2026.6.00.0000;67734;2026-09-12;Rp;0;2026-09-09;2026-09-09;SJUR — exportação oficial em CSV;https://sjur-servicos.tse.jus.br/sjur-servicos/rest/download/pdf/tribunal=TSE/processoNumero=060160782/processoClasse=Rp/decisaoData=20260909;O Tribunal, por unanimidade, referendou a liminar anteriormente indeferida, nos termos do voto do Relator. Acompanharam o Relator os Ministros Dias Toffoli, Antonio Carlos Ferreira, Ricardo Villas Bôas Cueva, Floriano de Azevedo Marques, Estela Aranha e Nunes Marques (Presidente). Acórdão publicado em sessão. Composição: Ministros Nunes Marques (Presidente), André Mendonça, Dias Toffoli, Antonio Carlos Ferreira, Ricardo Villas Bôas Cueva, Floriano de Azevedo Marques e Estela Aranha.;Relator(a) Min. André Mendonça;;;unânime;;https://consultaunificadapje.tse.jus.br/#/public/resultado/0601607-82.2026.6.00.0000
0600468-95.2026.6.00.0000|67982;0600468-95.2026.6.00.0000;67982;2026-09-14;Rp;1;;;PJe — acórdão;https://consultaunificadapje.tse.jus.br/consulta-publica-unificada/documento?extensaoArquivo=text/html&path=tse/2026/9/14/18/35/52/ef38ba9b753579025484a79dac886d3235cc53650c4829b3e53b2a56f67563be;Prosseguindo com o julgamento, o Tribunal, por maioria, referendou a decisão de deferimento da liminar, nos termos do voto da relatora, vencido o Ministro André Mendonça. Acórdão publicado em;Estela Aranha;f3385aa2f34fa7bece21.html;ef38ba9b753579025484a79dac886d3235cc53650c4829b3e53b2a56f67563be;com divergência;André Mendonça;https://consultaunificadapje.tse.jus.br/#/public/resultado/0600468-95.2026.6.00.0000
0601156-19.2026.6.05.0000|68499;0601156-19.2026.6.05.0000;68499;2026-09-14;REspEl;0;2026-09-10;2026-09-10;SJUR — exportação oficial em CSV;https://sjur-servicos.tse.jus.br/sjur-servicos/rest/download/pdf/tribunal=TSE/processoNumero=060115619/processoClasse=REspEl/decisaoData=20260910;O Tribunal, por unanimidade, negou provimento ao recurso especial, nos termos do voto do Relator. Acompanharam o Relator os Ministros Ricardo Villas Bôas Cueva, Floriano de Azevedo Marques, Estela Aranha, André Mendonça, Dias Toffoli e Nunes Marques (Presidente). Acórdão publicado em sessão. Composição: Ministros Nunes Marques (Presidente), André Mendonça, Dias Toffoli, Antonio Carlos Ferreira, Ricardo Villas Bôas Cueva, Floriano de Azevedo Marques e Estela Aranha.;Relator(a) Min. Antonio Carlos Ferreira;;;unânime;;https://consultaunificadapje.tse.jus.br/#/public/resultado/0601156-19.2026.6.05.0000
0601157-04.2026.6.05.0000|69183;0601157-04.2026.6.05.0000;69183;2026-09-14;REspEl;0;2026-09-10;2026-09-10;SJUR — exportação oficial em CSV;https://sjur-servicos.tse.jus.br/sjur-servicos/rest/download/pdf/tribunal=TSE/processoNumero=060115704/processoClasse=REspEl/decisaoData=20260910;O Tribunal, por unanimidade, negou provimento ao recurso especial, nos termos do voto do Relator. Acompanharam o Relator os Ministros Ricardo Villas Bôas Cueva, Floriano de Azevedo Marques, Estela Aranha, André Mendonça, Dias Toffoli e Nunes Marques (Presidente). Acórdão publicado em sessão. Composição: Ministros Nunes Marques (Presidente), André Mendonça, Dias Toffoli, Antonio Carlos Ferreira, Ricardo Villas Bôas Cueva, Floriano de Azevedo Marques e Estela Aranha.;Relator(a) Min. Antonio Carlos Ferreira;;;unânime;;https://consultaunificadapje.tse.jus.br/#/public/resultado/0601157-04.2026.6.05.0000
0601179-62.2026.6.05.0000|69181;0601179-62.2026.6.05.0000;69181;2026-09-14;REspEl;0;2026-09-10;2026-09-10;SJUR — exportação oficial em CSV;https://sjur-servicos.tse.jus.br/sjur-servicos/rest/download/pdf/tribunal=TSE/processoNumero=060117962/processoClasse=REspEl/decisaoData=20260910;O Tribunal, por unanimidade, negou provimento ao recurso especial, nos termos do voto do Relator. Acompanharam o Relator os Ministros Ricardo Villas Bôas Cueva, Floriano de Azevedo Marques, Estela Aranha, André Mendonça, Dias Toffoli e Nunes Marques (Presidente). Acórdão publicado em sessão. Composição: Ministros Nunes Marques (Presidente), André Mendonça, Dias Toffoli, Antonio Carlos Ferreira, Ricardo Villas Bôas Cueva, Floriano de Azevedo Marques e Estela Aranha.;Relator(a) Min. Antonio Carlos Ferreira;;;unânime;;https://consultaunificadapje.tse.jus.br/#/public/resultado/0601179-62.2026.6.05.0000
0601180-47.2026.6.05.0000|69214;0601180-47.2026.6.05.0000;69214;2026-09-14;REspEl;0;2026-09-10;2026-09-10;SJUR — exportação oficial em CSV;https://sjur-servicos.tse.jus.br/sjur-servicos/rest/download/pdf/tribunal=TSE/processoNumero=060118047/processoClasse=REspEl/decisaoData=20260910;O Tribunal, por unanimidade, negou provimento ao recurso especial, nos termos do voto do Relator. Acompanharam o Relator os Ministros Ricardo Villas Bôas Cueva, Floriano de Azevedo Marques, Estela Aranha, André Mendonça, Dias Toffoli e Nunes Marques (Presidente). Acórdão publicado em sessão. Composição: Ministros Nunes Marques (Presidente), André Mendonça, Dias Toffoli, Antonio Carlos Ferreira, Ricardo Villas Bôas Cueva, Floriano de Azevedo Marques e Estela Aranha.;Relator(a) Min. Antonio Carlos Ferreira;;;unânime;;https://consultaunificadapje.tse.jus.br/#/public/resultado/0601180-47.2026.6.05.0000
0601182-17.2026.6.05.0000|69182;0601182-17.2026.6.05.0000;69182;2026-09-14;REspEl;0;2026-09-10;2026-09-10;SJUR — exportação oficial em CSV;https://sjur-servicos.tse.jus.br/sjur-servicos/rest/download/pdf/tribunal=TSE/processoNumero=060118217/processoClasse=REspEl/decisaoData=20260910;O Tribunal, por unanimidade, negou provimento ao recurso especial, nos termos do voto do Relator. Acompanharam o Relator os Ministros Ricardo Villas Bôas Cueva, Floriano de Azevedo Marques, Estela Aranha, André Mendonça, Dias Toffoli e Nunes Marques (Presidente). Acórdão publicado em sessão. Composição: Ministros Nunes Marques (Presidente), André Mendonça, Dias Toffoli, Antonio Carlos Ferreira, Ricardo Villas Bôas Cueva, Floriano de Azevedo Marques e Estela Aranha.;Relator(a) Min. Antonio Carlos Ferreira;;;unânime;;https://consultaunificadapje.tse.jus.br/#/public/resultado/0601182-17.2026.6.05.0000
0601235-36.2026.6.00.0000|68205;0601235-36.2026.6.00.0000;68205;2026-09-14;PA;0;2026-09-08;2026-09-08;SJUR — exportação oficial em CSV;https://sjur-servicos.tse.jus.br/sjur-servicos/rest/download/pdf/tribunal=TSE/processoNumero=060123536/processoClasse=PA/decisaoData=20260908;O Tribunal, por unanimidade, deferiu o pedido de requisição de força federal, nos termos do voto do Relator. Acompanharam o Relator os Ministros André Mendonça, Dias Toffoli, Antonio Carlos Ferreira, Ricardo Villas Bôas Cueva, Floriano de Azevedo Marques e Estela Aranha. Composição: Ministros Nunes Marques (Presidente), André Mendonça, Dias Toffoli, Antonio Carlos Ferreira, Ricardo Villas Bôas Cueva, Floriano de Azevedo Marques e Estela Aranha.;Relator(a) Min. Nunes Marques;;;unânime;;https://consultaunificadapje.tse.jus.br/#/public/resultado/0601235-36.2026.6.00.0000
0601534-13.2026.6.00.0000|68614;0601534-13.2026.6.00.0000;68614;2026-09-14;RCand;0;2026-09-11;2026-09-11;SJUR — exportação oficial em CSV;https://sjur-servicos.tse.jus.br/sjur-servicos/rest/download/pdf/tribunal=TSE/processoNumero=060153413/processoClasse=RCand/decisaoData=20260911;"O Tribunal, por unanimidade, deferiu o Demonstrativo de Regularidade de Atos Partidários (DRAP) apresentado no RCand no 0601760-18 e, por conseguinte, declarou a Coligação Brasil dos Nossos Sonhos (AGIR/AVANTE) habilitada a participar do pleito de 2026, para a disputa aos cargos de presidente e de vice-presidente da República; e julgou prejudicado o RCand no 0601534-13, nos termos do voto da Relatora. Acompanharam a Relatora os Ministros André Mendonça, Dias Toffoli, Antonio Carlos Ferreira, Ricardo Villas Bôas Cueva, Floriano de Azevedo Marques e Nunes Marques (Presidente). Acórdão publicado em sessão. Composição: Ministros Nunes Marques (Presidente), André Mendonça, Dias Toffoli, Antonio Carlos Ferreira, Ricardo Villas Bôas Cueva, Floriano de Azevedo Marques e Estela Aranha.";Relator(a) Min. Estela Aranha;;;unânime;;https://consultaunificadapje.tse.jus.br/#/public/resultado/0601534-13.2026.6.00.0000
0601535-95.2026.6.00.0000|68615;0601535-95.2026.6.00.0000;68615;2026-09-14;RCand;0;2026-09-03;"2026-09-02; 2026-09-03";SJUR — exportação oficial em CSV;https://sjur-servicos.tse.jus.br/sjur-servicos/rest/download/pdf/tribunal=TSE/processoNumero=060153595/processoClasse=RCand/decisaoData=20260903;O Tribunal, por unanimidade, deferiu o registro de candidatura de Flávio Nantes Bolsonaro para concorrer ao cargo de presidente da República pelo Partido Liberal (PL), nas eleições de 2026, nos termos do voto da Relatora. Acompanharam a Relatora os Ministros André Mendonça, Dias Toffoli, Antonio Carlos Ferreira, Ricardo Villas Bôas Cueva, Floriano de Azevedo Marques e Nunes Marques (Presidente). Acórdão publicado em sessão. Composição: Ministros Nunes Marques (Presidente), André Mendonça, Dias Toffoli, Antonio Carlos Ferreira, Ricardo Villas Bôas Cueva, Floriano de Azevedo Marques e Estela Aranha.;Relator(a) Min. Estela Aranha;;;unânime;;https://consultaunificadapje.tse.jus.br/#/public/resultado/0601535-95.2026.6.00.0000
0601536-80.2026.6.00.0000|67621;0601536-80.2026.6.00.0000;67621;2026-09-14;RCand;0;2026-09-11;2026-09-11;SJUR — exportação oficial em CSV;https://sjur-servicos.tse.jus.br/sjur-servicos/rest/download/pdf/tribunal=TSE/processoNumero=060153680/processoClasse=RCand/decisaoData=20260911;O Tribunal, por unanimidade, deferiu o registro de candidatura de Augusto Jorge Cury para concorrer ao cargo de presidente da República pela Coligação Brasil dos Nossos Sonhos, nas eleições de 2026, nos termos do voto da Relatora. Acompanharam a Relatora os Ministros André Mendonça, Dias Toffoli, Antonio Carlos Ferreira, Ricardo Villas Bôas Cueva, Floriano de Azevedo Marques e Nunes Marques (Presidente). Acórdão publicado em sessão. Composição: Ministros Nunes Marques (Presidente), André Mendonça, Dias Toffoli, Antonio Carlos Ferreira, Ricardo Villas Bôas Cueva, Floriano de Azevedo Marques e Estela Aranha.;Relator(a) Min. Estela Aranha;;;unânime;;https://consultaunificadapje.tse.jus.br/#/public/resultado/0601536-80.2026.6.00.0000
0601537-65.2026.6.00.0000|68343;0601537-65.2026.6.00.0000;68343;2026-09-14;RCand;0;2026-09-11;2026-09-11;SJUR — exportação oficial em CSV;https://sjur-servicos.tse.jus.br/sjur-servicos/rest/download/pdf/tribunal=TSE/processoNumero=060153765/processoClasse=RCand/decisaoData=20260911;O Tribunal, por unanimidade, deferiu o registro de candidatura de Julio Cesar Delgado para concorrer ao cargo de vice-presidente da República pela Coligação Brasil dos Nossos Sonhos, nas eleições de 2026, nos termos do voto da Relatora. Acompanharam a Relatora os Ministros André Mendonça, Dias Toffoli, Antonio Carlos Ferreira, Ricardo Villas Bôas Cueva, Floriano de Azevedo Marques e Nunes Marques (Presidente). Acórdão publicado em sessão. Composição: Ministros Nunes Marques (Presidente), André Mendonça, Dias Toffoli, Antonio Carlos Ferreira, Ricardo Villas Bôas Cueva, Floriano de Azevedo Marques e Estela Aranha.;Relator(a) Min. Estela Aranha;;;unânime;;https://consultaunificadapje.tse.jus.br/#/public/resultado/0601537-65.2026.6.00.0000
0601575-77.2026.6.00.0000|69216;0601575-77.2026.6.00.0000;69216;2026-09-14;RCand;0;2026-09-10;"2026-09-09; 2026-09-10";SJUR — exportação oficial em CSV;https://sjur-servicos.tse.jus.br/sjur-servicos/rest/download/pdf/tribunal=TSE/processoNumero=060157577/processoClasse=RCand/decisaoData=20260910;O Tribunal, por unanimidade, deferiu o DRAP e, por conseguinte, declarou o partido Democracia Cristã (DC) habilitado a participar do pleito de 2026 para a disputa aos cargos de Presidente e de Vice-Presidente da República, nos termos do voto do Relator. Acompanharam o Relator os Ministros Ricardo Villas Bôas Cueva, Floriano de Azevedo Marques, Estela Aranha, André Mendonça, Dias Toffoli e Nunes Marques (Presidente). Acórdão publicado em sessão. Composição: Ministros Nunes Marques (Presidente), André Mendonça, Dias Toffoli, Antonio Carlos Ferreira, Ricardo Villas Bôas Cueva, Floriano de Azevedo Marques e Estela Aranha.;Relator(a) Min. Antonio Carlos Ferreira;;;unânime;;https://consultaunificadapje.tse.jus.br/#/public/resultado/0601575-77.2026.6.00.0000
0601576-62.2026.6.00.0000|69184;0601576-62.2026.6.00.0000;69184;2026-09-14;RCand;0;2026-09-10;"2026-09-09; 2026-09-10";SJUR — exportação oficial em CSV;https://sjur-servicos.tse.jus.br/sjur-servicos/rest/download/pdf/tribunal=TSE/processoNumero=060157662/processoClasse=RCand/decisaoData=20260910;O Tribunal, por unanimidade, deferiu o pedido de registro de candidatura de Clariana Zacarkim Barão para concorrer ao cargo de Presidente da República pelo partido Democracia Cristã (DC) nas eleições de 2026, nos termos do voto do Relator. Acompanharam o Relator os Ministros Ricardo Villas Bôas Cueva, Floriano de Azevedo Marques, Estela Aranha, André Mendonça, Dias Toffoli e Nunes Marques (Presidente). Acórdão publicado em sessão. Composição: Ministros Nunes Marques (Presidente), André Mendonça, Dias Toffoli, Antonio Carlos Ferreira, Ricardo Villas Bôas Cueva, Floriano de Azevedo Marques e Estela Aranha.;Relator(a) Min. Antonio Carlos Ferreira;;;unânime;;https://consultaunificadapje.tse.jus.br/#/public/resultado/0601576-62.2026.6.00.0000
0601579-17.2026.6.00.0000|67812;0601579-17.2026.6.00.0000;67812;2026-09-14;RCand;0;2026-09-10;"2026-09-09; 2026-09-10";SJUR — exportação oficial em CSV;https://sjur-servicos.tse.jus.br/sjur-servicos/rest/download/pdf/tribunal=TSE/processoNumero=060157917/processoClasse=RCand/decisaoData=20260910;O Tribunal, por unanimidade, deferiu o pedido de registro de candidatura de Fabiana Cristina Tavares Torquato para concorrer ao cargo de Vice-Presidente da República pelo Democracia Cristã (DC) nas eleições de 2026, nos termos do voto do Relator. Acompanharam o Relator os Ministros Ricardo Villas Bôas Cueva, Floriano de Azevedo Marques, Estela Aranha, André Mendonça, Dias Toffoli e Nunes Marques (Presidente). Acórdão publicado em sessão. Composição: Ministros Nunes Marques (Presidente), André Mendonça, Dias Toffoli, Antonio Carlos Ferreira, Ricardo Villas Bôas Cueva, Floriano de Azevedo Marques e Estela Aranha.;Relator(a) Min. Antonio Carlos Ferreira;;;unânime;;https://consultaunificadapje.tse.jus.br/#/public/resultado/0601579-17.2026.6.00.0000
0601584-39.2026.6.00.0000|68626;0601584-39.2026.6.00.0000;68626;2026-09-14;RCand;0;2026-09-11;2026-09-11;SJUR — exportação oficial em CSV;https://sjur-servicos.tse.jus.br/sjur-servicos/rest/download/pdf/tribunal=TSE/processoNumero=060158439/processoClasse=RCand/decisaoData=20260911;O Tribunal, por unanimidade, deferiu o Demonstrativo de Regularidade de Atos Partidários (DRAP) e, por conseguinte, declarou a sigla Partido Renovador Trabalhista Brasileiro (PRTB) habilitada a participar do pleito de 2026, para a disputa aos cargos de presidente e de vice-presidente da República, nos termos do voto da Relatora. Acompanharam a Relatora os Ministros André Mendonça, Dias Toffoli, Antonio Carlos Ferreira, Ricardo Villas Bôas Cueva, Floriano de Azevedo Marques e Nunes Marques (Presidente). Acórdão publicado em sessão. Composição: Ministros Nunes Marques (Presidente), André Mendonça, Dias Toffoli, Antonio Carlos Ferreira, Ricardo Villas Bôas Cueva, Floriano de Azevedo Marques e Estela Aranha.;Relator(a) Min. Estela Aranha;;;unânime;;https://consultaunificadapje.tse.jus.br/#/public/resultado/0601584-39.2026.6.00.0000
0601585-24.2026.6.00.0000|68617;0601585-24.2026.6.00.0000;68617;2026-09-14;RCand;0;2026-09-11;2026-09-11;SJUR — exportação oficial em CSV;https://sjur-servicos.tse.jus.br/sjur-servicos/rest/download/pdf/tribunal=TSE/processoNumero=060158524/processoClasse=RCand/decisaoData=20260911;O Tribunal, por unanimidade, julgou improcedente a impugnação e deferiu o registro de candidatura de Leonardo Alves de Araújo para concorrer ao cargo de vice-presidente da República pelo Partido Renovador Trabalhista Brasileiro (PRTB), nas eleições de 2026. Viabilidade da chapa majoritária condicionada a substituição regular do titular da chapa, nos termos do voto da Relatora. Acompanharam a Relatora os Ministros André Mendonça, Dias Toffoli, Antonio Carlos Ferreira, Ricardo Villas Bôas Cueva, Floriano de Azevedo Marques e Nunes Marques (Presidente). Acórdão publicado em sessão. Composição: Ministros Nunes Marques (Presidente), André Mendonça, Dias Toffoli, Antonio Carlos Ferreira, Ricardo Villas Bôas Cueva, Floriano de Azevedo Marques e Estela Aranha.;Relator(a) Min. Estela Aranha;;;unânime;;https://consultaunificadapje.tse.jus.br/#/public/resultado/0601585-24.2026.6.00.0000
0601586-09.2026.6.00.0000|68775;0601586-09.2026.6.00.0000;68775;2026-09-14;RCand;0;;;PJe — acórdão;https://consultaunificadapje.tse.jus.br/consulta-publica-unificada/documento?extensaoArquivo=text/html&path=tse/2026/9/14/18/38/33/40a574e420d2776ff01a93f7a8043f76b51b9851675d9bee4115dfa788b4ed43;O Tribunal, por unanimidade, julgou procedentes as impugnações e indeferiu o registro de candidatura de Pablo Henrique da Costa Marçal para concorrer ao cargo de presidente da República, pelo Partido Renovador Trabalhista Brasileiro (PRTB), nas eleições de 2026, com fundamento no não preenchimento da condição de elegibilidade alusiva à filiação partidária, nos termos do art. 9o da Lei no 9.504/97, e na incidência de causa de inelegibilidade, nos termos dos arts. 22, XIV, e 1o, I, d , da Lei Complementar no 64/1990. Ficam ratificadas, em definitivo, as determinações contidas na tutela de urgência deferida em 20.8.2026 (ID no 176215414), e afastada a aplicação do art. 16-A da Lei no 9.504/97, com a vedação da prática de atos de campanha e a retirada do nome do candidato da programação da urna eletrônica. Faculta-se, por fim, ao partido substituir o candidato Pablo Henrique da Costa Marçal na forma do art. 13, § 3o, da Lei no 9.504/97 e da Res.-TSE no 23.609/2019, nos termos do voto da relatora. Acórdão publicado em;Estela Aranha;60fcf1e1080dd20ec16e.html;40a574e420d2776ff01a93f7a8043f76b51b9851675d9bee4115dfa788b4ed43;unânime;;https://consultaunificadapje.tse.jus.br/#/public/resultado/0601586-09.2026.6.00.0000
0601646-41.2026.6.05.0000|69215;0601646-41.2026.6.05.0000;69215;2026-09-14;REspEl;0;;;PJe — acórdão;https://consultaunificadapje.tse.jus.br/consulta-publica-unificada/documento?extensaoArquivo=text/html&path=tse/2026/9/14/18/45/11/b2afdccb51449c1822fb76bb70200362189105d726c4870cc1cd53350ffd6925;O Tribunal, por unanimidade, negou provimento ao recurso especial, nos termos do voto do relator. Acórdão publicado em;Antonio Carlos Ferreira;5bc8d7ba97855eb25d9d.html;b2afdccb51449c1822fb76bb70200362189105d726c4870cc1cd53350ffd6925;unânime;;https://consultaunificadapje.tse.jus.br/#/public/resultado/0601646-41.2026.6.05.0000
0601760-18.2026.6.00.0000|68776;0601760-18.2026.6.00.0000;68776;2026-09-14;RCand;0;2026-09-11;2026-09-11;SJUR — exportação oficial em CSV;https://sjur-servicos.tse.jus.br/sjur-servicos/rest/download/pdf/tribunal=TSE/processoNumero=060176018/processoClasse=RCand/decisaoData=20260911;"O Tribunal, por unanimidade, deferiu o Demonstrativo de Regularidade de Atos Partidários (DRAP) apresentado no RCand no 0601760-18 e, por conseguinte, declarou a Coligação Brasil dos Nossos Sonhos (AGIR/AVANTE) habilitada a participar do pleito de 2026, para a disputa aos cargos de presidente e de vice-presidente da República; e julgou prejudicado o RCand no 0601534-13, nos termos do voto da Relatora. Acompanharam a Relatora os Ministros André Mendonça, Dias Toffoli, Antonio Carlos Ferreira, Ricardo Villas Bôas Cueva, Floriano de Azevedo Marques e Nunes Marques (Presidente). Acórdão publicado em sessão. Composição: Ministros Nunes Marques (Presidente), André Mendonça, Dias Toffoli, Antonio Carlos Ferreira, Ricardo Villas Bôas Cueva, Floriano de Azevedo Marques e Estela Aranha.";Relator(a) Min. Estela Aranha;;;unânime;;https://consultaunificadapje.tse.jus.br/#/public/resultado/0601760-18.2026.6.00.0000
0601763-70.2026.6.00.0000|68659;0601763-70.2026.6.00.0000;68659;2026-09-14;Rp;1;;;PJe — acórdão;https://consultaunificadapje.tse.jus.br/consulta-publica-unificada/documento?extensaoArquivo=text/html&path=tse/2026/9/14/18/35/52/ac51cbe2a15913ced9ff7a6250a3f52a8d4a87c3c8754f9faca601c1b96733cb;O Tribunal, por unanimidade, referendou a liminar parcialmente deferida, nos termos do voto da relatora. Acórdão publicado em;Estela Aranha;5a5edc66ddd183cfb2d3.html;ac51cbe2a15913ced9ff7a6250a3f52a8d4a87c3c8754f9faca601c1b96733cb;unânime;;https://consultaunificadapje.tse.jus.br/#/public/resultado/0601763-70.2026.6.00.0000
0601019-75.2026.6.00.0000|67996;0601019-75.2026.6.00.0000;67996;2026-09-16;Rp;1;2026-09-09;2026-09-09;SJUR — exportação oficial em CSV;https://sjur-servicos.tse.jus.br/sjur-servicos/rest/download/pdf/tribunal=TSE/processoNumero=060101975/processoClasse=Rp/decisaoData=20260909;Prosseguindo com o julgamento, o Tribunal, por maioria, deferiu o pedido de tutela de urgência, a fim de determinar a imediata remoção do conteúdo irregular dos seguintes endereços (URL) referidos na petição inicial (ID 166001905, p. 27-28), bem como que o representado se abstenha de realizar nova divulgação, compartilhamento, impulsionamento, republicação ou veiculação do mesmo conteúdo, ou de conteúdo substancialmente idêntico, que reproduza as associações entre Luiz Inácio Lula da Silva a organizações criminosas, sob pena de multa de R$10.000,00 por postagem, nos termos do voto divergente do Ministro Dias Toffoli, vencidos o Relator e a Ministra Estela Aranha. Acompanharam integralmente a divergência os Ministros Antonio Carlos Ferreira, Ricardo Villas Bôas Cueva, Floriano de Azevedo Marques e Nunes Marques (Presidente). Redigirá o acórdão o Ministro Dias Toffoli. Acórdão publicado em sessão. Composição: Ministros Nunes Marques (Presidente), André Mendonça, Dias Toffoli, Antonio Carlos Ferreira, Ricardo Villas Bôas Cueva, Floriano de Azevedo Marques e Estela Aranha.;Relator(a) Min. André Mendonça;;;com divergência;André Mendonça | Estela Aranha;https://consultaunificadapje.tse.jus.br/#/public/resultado/0601019-75.2026.6.00.0000
0601357-49.2026.6.00.0000|68066;0601357-49.2026.6.00.0000;68066;2026-09-16;Rp;1;2026-09-09;2026-09-09;SJUR — exportação oficial em CSV;https://sjur-servicos.tse.jus.br/sjur-servicos/rest/download/pdf/tribunal=TSE/processoNumero=060135749/processoClasse=Rp/decisaoData=20260909;O Tribunal, por maioria, referendou a liminar deferida parcialmente, nos termos do voto do Relator, vencidos a Ministra Estela Aranha e o Ministro Floriano de Azevedo Marques. Acompanharam integralmente o Relator os Ministros Dias Toffoli, Antonio Carlos Ferreira, Ricardo Villas Bôas Cueva e Nunes Marques (Presidente). Acórdão publicado em sessão. Composição: Ministros Nunes Marques (Presidente), André Mendonça, Dias Toffoli, Antonio Carlos Ferreira, Ricardo Villas Bôas Cueva, Floriano de Azevedo Marques e Estela Aranha.;Relator(a) Min. André Mendonça;;;com divergência;Estela Aranha | Floriano de Azevedo Marques;https://consultaunificadapje.tse.jus.br/#/public/resultado/0601357-49.2026.6.00.0000
0601413-82.2026.6.00.0000|67786;0601413-82.2026.6.00.0000;67786;2026-09-16;RCand;0;2026-09-10;"2026-09-09; 2026-09-10";SJUR — exportação oficial em CSV;https://sjur-servicos.tse.jus.br/sjur-servicos/rest/download/pdf/tribunal=TSE/processoNumero=060141382/processoClasse=RCand/decisaoData=20260910;O Tribunal, por unanimidade, deferiu o DRAP do MISSÃO, declarou o partido habilitado a apresentar candidaturas à eleição presidencial de 2026, reservando aos autos respectivos o exame dos requisitos pessoais a serem atendidos pelos candidatos, e determinou que o resultado deste julgamento seja certificado nos autos dos Requerimentos de Registro de Candidatura (RRCs) dos candidatos vinculados, conforme art. 47 da Res. TSE no 23.609/19, nos termos do voto do Relator. Acompanharam o Relator os Ministros Antonio Carlos Ferreira, Ricardo Villas Bôas Cueva, Floriano de Azevedo Marques, Estela Aranha, André Mendonça e Nunes Marques (Presidente). Acórdão publicado em sessão. Composição: Ministros Nunes Marques (Presidente), André Mendonça, Dias Toffoli, Antonio Carlos Ferreira, Ricardo Villas Bôas Cueva, Floriano de Azevedo Marques e Estela Aranha.;Relator(a) Min. Dias Toffoli;;;unânime;;https://consultaunificadapje.tse.jus.br/#/public/resultado/0601413-82.2026.6.00.0000
0601414-67.2026.6.00.0000|68133;0601414-67.2026.6.00.0000;68133;2026-09-16;RCand;0;2026-09-10;"2026-09-09; 2026-09-10";SJUR — exportação oficial em CSV;https://sjur-servicos.tse.jus.br/sjur-servicos/rest/download/pdf/tribunal=TSE/processoNumero=060141467/processoClasse=RCand/decisaoData=20260910;O Tribunal, por unanimidade, deferiu o requerimento de registro de candidatura de Aroldo Medina ao cargo de Vice-Presidente da República nas Eleições 2026, nos termos do voto do Relator. Acompanharam o Relator os Ministros Antonio Carlos Ferreira, Ricardo Villas Bôas Cueva, Floriano de Azevedo Marques, Estela Aranha, André Mendonça e Nunes Marques (Presidente). Acórdão publicado em sessão. Composição: Ministros Nunes Marques (Presidente), André Mendonça, Dias Toffoli, Antonio Carlos Ferreira, Ricardo Villas Bôas Cueva, Floriano de Azevedo Marques e Estela Aranha.;Relator(a) Min. Dias Toffoli;;;unânime;;https://consultaunificadapje.tse.jus.br/#/public/resultado/0601414-67.2026.6.00.0000
0601415-52.2026.6.00.0000|68476;0601415-52.2026.6.00.0000;68476;2026-09-16;RCand;0;2026-09-10;"2026-09-09; 2026-09-10";SJUR — exportação oficial em CSV;https://sjur-servicos.tse.jus.br/sjur-servicos/rest/download/pdf/tribunal=TSE/processoNumero=060141552/processoClasse=RCand/decisaoData=20260910;O Tribunal, por unanimidade, deferiu o requerimento de registro de candidatura de Renan Antônio Ferreira dos Santos ao cargo de Presidente da República nas Eleições 2026, nos termos do voto do Relator. Acompanharam o Relator os Ministros Antonio Carlos Ferreira, Ricardo Villas Bôas Cueva, Floriano de Azevedo Marques, Estela Aranha, André Mendonça e Nunes Marques (Presidente). Acórdão publicado em sessão. Composição: Ministros Nunes Marques (Presidente), André Mendonça, Dias Toffoli, Antonio Carlos Ferreira, Ricardo Villas Bôas Cueva, Floriano de Azevedo Marques e Estela Aranha.;Relator(a) Min. Dias Toffoli;;;unânime;;https://consultaunificadapje.tse.jus.br/#/public/resultado/0601415-52.2026.6.00.0000
0601442-35.2026.6.00.0000|69180;0601442-35.2026.6.00.0000;69180;2026-09-16;RCand;0;2026-09-10;"2026-09-09; 2026-09-10";SJUR — exportação oficial em CSV;https://sjur-servicos.tse.jus.br/sjur-servicos/rest/download/pdf/tribunal=TSE/processoNumero=060144235/processoClasse=RCand/decisaoData=20260910;O Tribunal, por unanimidade, deferiu o DRAP do DEMOCRATA, declarou o partido habilitado a apresentar candidaturas à eleição presidencial de 2026, reservando aos autos respectivos o exame dos requisitos pessoais a serem atendidos pelos candidatos e determinou que o resultado deste julgamento seja certificado nos autos dos Requerimentos de Registro de Candidatura (RRCs) dos candidatos vinculados, conforme art. 47 da Res. TSE no 23.609/19, nos termos do voto do Relator. Acompanharam o Relator os Ministros Antonio Carlos Ferreira, Ricardo Villas Bôas Cueva, Floriano de Azevedo Marques, Estela Aranha, André Mendonça e Nunes Marques (Presidente). Acórdão publicado em sessão. Composição: Ministros Nunes Marques (Presidente), André Mendonça, Dias Toffoli, Antonio Carlos Ferreira, Ricardo Villas Bôas Cueva, Floriano de Azevedo Marques e Estela Aranha.;Relator(a) Min. Dias Toffoli;;;unânime;;https://consultaunificadapje.tse.jus.br/#/public/resultado/0601442-35.2026.6.00.0000
0601443-20.2026.6.00.0000|68474;0601443-20.2026.6.00.0000;68474;2026-09-16;RCand;0;2026-09-10;"2026-09-09; 2026-09-10";SJUR — exportação oficial em CSV;https://sjur-servicos.tse.jus.br/sjur-servicos/rest/download/pdf/tribunal=TSE/processoNumero=060144320/processoClasse=RCand/decisaoData=20260910;O Tribunal, por unanimidade, deferiu o requerimento de registro de candidatura de Sued Haidar Nogueira ao cargo de Vice-Presidente da República nas Eleições 2026, nos termos do voto do Relator. Acompanharam o Relator os Ministros Antonio Carlos Ferreira, Ricardo Villas Bôas Cueva, Floriano de Azevedo Marques, Estela Aranha, André Mendonça e Nunes Marques (Presidente). Acórdão publicado em sessão. Composição: Ministros Nunes Marques (Presidente), André Mendonça, Dias Toffoli, Antonio Carlos Ferreira, Ricardo Villas Bôas Cueva, Floriano de Azevedo Marques e Estela Aranha.;Relator(a) Min. Dias Toffoli;;;unânime;;https://consultaunificadapje.tse.jus.br/#/public/resultado/0601443-20.2026.6.00.0000
0601444-05.2026.6.00.0000|68475;0601444-05.2026.6.00.0000;68475;2026-09-16;RCand;0;2026-09-10;"2026-09-09; 2026-09-10";SJUR — exportação oficial em CSV;https://sjur-servicos.tse.jus.br/sjur-servicos/rest/download/pdf/tribunal=TSE/processoNumero=060144405/processoClasse=RCand/decisaoData=20260910;O Tribunal, por unanimidade, deferiu o requerimento de registro de candidatura de Wilson Grassi Junior ao cargo de Presidente da República nas Eleições 2026, nos termos do voto do Relator. Acompanharam o Relator os Ministros Antonio Carlos Ferreira, Ricardo Villas Bôas Cueva, Floriano de Azevedo Marques, Estela Aranha, André Mendonça e Nunes Marques (Presidente). Acórdão publicado em sessão. Composição: Ministros Nunes Marques (Presidente), André Mendonça, Dias Toffoli, Antonio Carlos Ferreira, Ricardo Villas Bôas Cueva, Floriano de Azevedo Marques e Estela Aranha.;Relator(a) Min. Dias Toffoli;;;unânime;;https://consultaunificadapje.tse.jus.br/#/public/resultado/0601444-05.2026.6.00.0000
0601543-72.2026.6.00.0000|68818;0601543-72.2026.6.00.0000;68818;2026-09-16;Rp;0;2026-09-09;2026-09-09;SJUR — exportação oficial em CSV;https://sjur-servicos.tse.jus.br/sjur-servicos/rest/download/pdf/tribunal=TSE/processoNumero=060154372/processoClasse=Rp/decisaoData=20260909;O Tribunal, por unanimidade, referendou a liminar anteriormente indeferida, nos termos do voto do Relator. Acompanharam o Relator os Ministros Dias Toffoli, Antonio Carlos Ferreira, Ricardo Villas Bôas Cueva, Floriano de Azevedo Marques, Estela Aranha e Nunes Marques (Presidente). Acórdão publicado em sessão. Composição: Ministros Nunes Marques (Presidente), André Mendonça, Dias Toffoli, Antonio Carlos Ferreira, Ricardo Villas Bôas Cueva, Floriano de Azevedo Marques e Estela Aranha.;Relator(a) Min. André Mendonça;;;unânime;;https://consultaunificadapje.tse.jus.br/#/public/resultado/0601543-72.2026.6.00.0000
0601596-53.2026.6.00.0000|68812;0601596-53.2026.6.00.0000;68812;2026-09-16;Rp;0;2026-09-09;2026-09-09;SJUR — exportação oficial em CSV;https://sjur-servicos.tse.jus.br/sjur-servicos/rest/download/pdf/tribunal=TSE/processoNumero=060159653/processoClasse=Rp/decisaoData=20260909;O Tribunal, por unanimidade, referendou a liminar anteriormente indeferida, nos termos do voto do Relator. Acompanharam o Relator os Ministros Dias Toffoli, Antonio Carlos Ferreira, Ricardo Villas Bôas Cueva, Floriano de Azevedo Marques, Estela Aranha e Nunes Marques (Presidente). Acórdão publicado em sessão. Composição: Ministros Nunes Marques (Presidente), André Mendonça, Dias Toffoli, Antonio Carlos Ferreira, Ricardo Villas Bôas Cueva, Floriano de Azevedo Marques e Estela Aranha.;Relator(a) Min. André Mendonça;;;unânime;;https://consultaunificadapje.tse.jus.br/#/public/resultado/0601596-53.2026.6.00.0000
0601598-23.2026.6.00.0000|67697;0601598-23.2026.6.00.0000;67697;2026-09-16;Rp;0;2026-09-09;2026-09-09;SJUR — exportação oficial em CSV;https://sjur-servicos.tse.jus.br/sjur-servicos/rest/download/pdf/tribunal=TSE/processoNumero=060159823/processoClasse=Rp/decisaoData=20260909;O Tribunal, por unanimidade, referendou a liminar anteriormente indeferida, nos termos do voto do Relator. Acompanharam o Relator os Ministros Dias Toffoli, Antonio Carlos Ferreira, Ricardo Villas Bôas Cueva, Floriano de Azevedo Marques, Estela Aranha e Nunes Marques (Presidente). Acórdão publicado em sessão. Composição: Ministros Nunes Marques (Presidente), André Mendonça, Dias Toffoli, Antonio Carlos Ferreira, Ricardo Villas Bôas Cueva, Floriano de Azevedo Marques e Estela Aranha.;Relator(a) Min. André Mendonça;;;unânime;;https://consultaunificadapje.tse.jus.br/#/public/resultado/0601598-23.2026.6.00.0000
0601599-08.2026.6.00.0000|68048;0601599-08.2026.6.00.0000;68048;2026-09-16;Rp;0;2026-09-09;2026-09-09;SJUR — exportação oficial em CSV;https://sjur-servicos.tse.jus.br/sjur-servicos/rest/download/pdf/tribunal=TSE/processoNumero=060159908/processoClasse=Rp/decisaoData=20260909;O Tribunal, por unanimidade, referendou a liminar anteriormente indeferida, nos termos do voto do Relator. Acompanharam o Relator os Ministros Dias Toffoli, Antonio Carlos Ferreira, Ricardo Villas Bôas Cueva, Floriano de Azevedo Marques, Estela Aranha e Nunes Marques (Presidente). Acórdão publicado em sessão. Composição: Ministros Nunes Marques (Presidente), André Mendonça, Dias Toffoli, Antonio Carlos Ferreira, Ricardo Villas Bôas Cueva, Floriano de Azevedo Marques e Estela Aranha.;Relator(a) Min. André Mendonça;;;unânime;;https://consultaunificadapje.tse.jus.br/#/public/resultado/0601599-08.2026.6.00.0000
0601600-90.2026.6.00.0000|68369;0601600-90.2026.6.00.0000;68369;2026-09-16;Rp;0;2026-09-09;2026-09-09;SJUR — exportação oficial em CSV;https://sjur-servicos.tse.jus.br/sjur-servicos/rest/download/pdf/tribunal=TSE/processoNumero=060160090/processoClasse=Rp/decisaoData=20260909;O Tribunal, por unanimidade, referendou a liminar anteriormente indeferida, nos termos do voto do Relator. Acompanharam o Relator os Ministros Dias Toffoli, Antonio Carlos Ferreira, Ricardo Villas Bôas Cueva, Floriano de Azevedo Marques, Estela Aranha e Nunes Marques (Presidente). Acórdão publicado em sessão. Composição: Ministros Nunes Marques (Presidente), André Mendonça, Dias Toffoli, Antonio Carlos Ferreira, Ricardo Villas Bôas Cueva, Floriano de Azevedo Marques e Estela Aranha.;Relator(a) Min. André Mendonça;;;unânime;;https://consultaunificadapje.tse.jus.br/#/public/resultado/0601600-90.2026.6.00.0000
0601604-30.2026.6.00.0000|68049;0601604-30.2026.6.00.0000;68049;2026-09-16;Rp;0;2026-09-09;2026-09-09;SJUR — exportação oficial em CSV;https://sjur-servicos.tse.jus.br/sjur-servicos/rest/download/pdf/tribunal=TSE/processoNumero=060160430/processoClasse=Rp/decisaoData=20260909;O Tribunal, por unanimidade, referendou a liminar anteriormente indeferida, nos termos do voto do Relator. Acompanharam o Relator os Ministros Dias Toffoli, Antonio Carlos Ferreira, Ricardo Villas Bôas Cueva, Floriano de Azevedo Marques, Estela Aranha e Nunes Marques (Presidente). Acórdão publicado em sessão. Composição: Ministros Nunes Marques (Presidente), André Mendonça, Dias Toffoli, Antonio Carlos Ferreira, Ricardo Villas Bôas Cueva, Floriano de Azevedo Marques e Estela Aranha.;Relator(a) Min. André Mendonça;;;unânime;;https://consultaunificadapje.tse.jus.br/#/public/resultado/0601604-30.2026.6.00.0000
0601642-42.2026.6.00.0000|68816;0601642-42.2026.6.00.0000;68816;2026-09-16;Rp;1;2026-09-09;2026-09-09;SJUR — exportação oficial em CSV;https://sjur-servicos.tse.jus.br/sjur-servicos/rest/download/pdf/tribunal=TSE/processoNumero=060164242/processoClasse=Rp/decisaoData=20260909;O Tribunal, por maioria, referendou a liminar parcialmente deferida, nos termos do voto do Relator, vencido, em parte, o Ministro Floriano de Azevedo Marques. Acompanharam o Relator os Ministros Dias Toffoli, Antonio Carlos Ferreira, Ricardo Villas Bôas Cueva, Estela Aranha e Nunes Marques (Presidente). Acórdão publicado em sessão. Composição: Ministros Nunes Marques (Presidente), André Mendonça, Dias Toffoli, Antonio Carlos Ferreira, Ricardo Villas Bôas Cueva, Floriano de Azevedo Marques e Estela Aranha.;Relator(a) Min. André Mendonça;;;com divergência;Floriano de Azevedo Marques;https://consultaunificadapje.tse.jus.br/#/public/resultado/0601642-42.2026.6.00.0000
0601645-94.2026.6.00.0000|68817;0601645-94.2026.6.00.0000;68817;2026-09-16;Rp;0;2026-09-09;2026-09-09;SJUR — exportação oficial em CSV;https://sjur-servicos.tse.jus.br/sjur-servicos/rest/download/pdf/tribunal=TSE/processoNumero=060164594/processoClasse=Rp/decisaoData=20260909;O Tribunal, por unanimidade, referendou a liminar anteriormente indeferida, nos termos do voto do Relator. Acompanharam o Relator os Ministros Dias Toffoli, Antonio Carlos Ferreira, Ricardo Villas Bôas Cueva, Floriano de Azevedo Marques, Estela Aranha e Nunes Marques (Presidente). Acórdão publicado em sessão. Composição: Ministros Nunes Marques (Presidente), André Mendonça, Dias Toffoli, Antonio Carlos Ferreira, Ricardo Villas Bôas Cueva, Floriano de Azevedo Marques e Estela Aranha.;Relator(a) Min. André Mendonça;;;unânime;;https://consultaunificadapje.tse.jus.br/#/public/resultado/0601645-94.2026.6.00.0000
0601680-54.2026.6.00.0000|68378;0601680-54.2026.6.00.0000;68378;2026-09-16;Rp;0;2026-09-09;2026-09-09;SJUR — exportação oficial em CSV;https://sjur-servicos.tse.jus.br/sjur-servicos/rest/download/pdf/tribunal=TSE/processoNumero=060168054/processoClasse=Rp/decisaoData=20260909;O Tribunal, por unanimidade, referendou a liminar anteriormente indeferida, nos termos do voto do Relator. Acompanharam o Relator os Ministros Dias Toffoli, Antonio Carlos Ferreira, Ricardo Villas Bôas Cueva, Floriano de Azevedo Marques, Estela Aranha e Nunes Marques (Presidente). Acórdão publicado em sessão. Composição: Ministros Nunes Marques (Presidente), André Mendonça, Dias Toffoli, Antonio Carlos Ferreira, Ricardo Villas Bôas Cueva, Floriano de Azevedo Marques e Estela Aranha.;Relator(a) Min. André Mendonça;;;unânime;;https://consultaunificadapje.tse.jus.br/#/public/resultado/0601680-54.2026.6.00.0000
0601682-24.2026.6.00.0000|68379;0601682-24.2026.6.00.0000;68379;2026-09-16;Rp;0;2026-09-09;2026-09-09;SJUR — exportação oficial em CSV;https://sjur-servicos.tse.jus.br/sjur-servicos/rest/download/pdf/tribunal=TSE/processoNumero=060168224/processoClasse=Rp/decisaoData=20260909;O Tribunal, por unanimidade, referendou a liminar anteriormente indeferida, nos termos do voto do Relator. Acompanharam o Relator os Ministros Dias Toffoli, Antonio Carlos Ferreira, Ricardo Villas Bôas Cueva, Floriano de Azevedo Marques, Estela Aranha e Nunes Marques (Presidente). Acórdão publicado em sessão. Composição: Ministros Nunes Marques (Presidente), André Mendonça, Dias Toffoli, Antonio Carlos Ferreira, Ricardo Villas Bôas Cueva, Floriano de Azevedo Marques e Estela Aranha.;Relator(a) Min. André Mendonça;;;unânime;;https://consultaunificadapje.tse.jus.br/#/public/resultado/0601682-24.2026.6.00.0000
0601737-72.2026.6.00.0000|68819;0601737-72.2026.6.00.0000;68819;2026-09-16;Rp;0;2026-09-09;2026-09-09;SJUR — exportação oficial em CSV;https://sjur-servicos.tse.jus.br/sjur-servicos/rest/download/pdf/tribunal=TSE/processoNumero=060173772/processoClasse=Rp/decisaoData=20260909;O Tribunal, por unanimidade, referendou a liminar anteriormente indeferida, nos termos do voto do Relator. Acompanharam o Relator os Ministros Dias Toffoli, Antonio Carlos Ferreira, Ricardo Villas Bôas Cueva, Floriano de Azevedo Marques, Estela Aranha e Nunes Marques (Presidente). Acórdão publicado em sessão. Composição: Ministros Nunes Marques (Presidente), André Mendonça, Dias Toffoli, Antonio Carlos Ferreira, Ricardo Villas Bôas Cueva, Floriano de Azevedo Marques e Estela Aranha.;Relator(a) Min. André Mendonça;;;unânime;;https://consultaunificadapje.tse.jus.br/#/public/resultado/0601737-72.2026.6.00.0000
0601749-86.2026.6.00.0000|67712;0601749-86.2026.6.00.0000;67712;2026-09-16;Rp;1;;;PJe — acórdão;https://consultaunificadapje.tse.jus.br/consulta-publica-unificada/documento?extensaoArquivo=text/html&path=tse/2026/9/16/17/55/20/aa543a228e7772850c79dd980631f43aa69642ef47589ec6eddbe30af46ffdaf;O Tribunal, por unanimidade, referendou a liminar parcialmente deferida, nos termos do voto do relator. Acórdão publicado em;André Mendonça;bab55c0e98d1ddcc2bd7.html;aa543a228e7772850c79dd980631f43aa69642ef47589ec6eddbe30af46ffdaf;unânime;;https://consultaunificadapje.tse.jus.br/#/public/resultado/0601749-86.2026.6.00.0000
0600937-65.2026.6.10.0000|68527;0600937-65.2026.6.10.0000;68527;2026-09-17;PA;0;2026-09-08;2026-09-08;SJUR — exportação oficial em CSV;https://sjur-servicos.tse.jus.br/sjur-servicos/rest/download/pdf/tribunal=TSE/processoNumero=060093765/processoClasse=PA/decisaoData=20260908;O Tribunal, por unanimidade, deferiu o pedido de requisição de força federal, nos termos do voto do Relator. Acompanharam o Relator os Ministros André Mendonça, Dias Toffoli, Antonio Carlos Ferreira, Ricardo Villas Bôas Cueva, Floriano de Azevedo Marques e Estela Aranha. Composição: Ministros Nunes Marques (Presidente), André Mendonça, Dias Toffoli, Antonio Carlos Ferreira, Ricardo Villas Bôas Cueva, Floriano de Azevedo Marques e Estela Aranha.;Relator(a) Min. Nunes Marques;;;unânime;;https://consultaunificadapje.tse.jus.br/#/public/resultado/0600937-65.2026.6.10.0000
0600973-86.2026.6.00.0000|67873;0600973-86.2026.6.00.0000;67873;2026-09-17;Rp;1;;;PJe — acórdão;https://consultaunificadapje.tse.jus.br/consulta-publica-unificada/documento?extensaoArquivo=text/html&path=tse/2026/9/17/18/30/7/48cf5eb1efd7140745dc8d6b525d4de40b0ac7f621dcbf1688f1b9715fbea644;Prosseguindo com o julgamento, o Tribunal, por maioria, não referendou a decisão que indeferiu o pedido de liminar e deferiu o pedido de tutela de urgência, determinando, no prazo de 24 horas, a remoção do conteúdo publicado na URLs: https://www.instagram.com/reels/DZHtuqpJvNG/, bem como a abstenção de republicação ou difusão do vídeo específico ou de conteúdos substancialmente idênticos, nos termos do voto divergente do Ministro Dias Toffoli, vencidos o relator, o Ministros André Mendonça e a Ministra Estela Aranha. Redigirá o acórdão o Ministro Dias Toffoli. Acórdão publicado em;Relator(a) Min. Nunes Marques;bc5dc5b6895e8796f3ab.html;48cf5eb1efd7140745dc8d6b525d4de40b0ac7f621dcbf1688f1b9715fbea644;com divergência;André Mendonça | Estela Aranha | Nunes Marques;https://consultaunificadapje.tse.jus.br/#/public/resultado/0600973-86.2026.6.00.0000
0601001-54.2026.6.00.0000|67351;0601001-54.2026.6.00.0000;67351;2026-09-17;Rp;1;2026-09-09;2026-09-09;SJUR — exportação oficial em CSV;https://sjur-servicos.tse.jus.br/sjur-servicos/rest/download/pdf/tribunal=TSE/processoNumero=060100154/processoClasse=Rp/decisaoData=20260909;O Tribunal, por maioria, referendou a liminar anteriormente indeferida, nos termos do voto do Relator, vencido o Ministro Floriano de Azevedo Marques. Acompanharam integralmente o Relator os Ministros André Mendonça, Dias Toffoli, Antonio Carlos Ferreira, Ricardo Villas Bôas Cueva e Estela Aranha. Acórdão publicado em sessão. Composição: Ministros Nunes Marques (Presidente), André Mendonça, Dias Toffoli, Antonio Carlos Ferreira, Ricardo Villas Bôas Cueva, Floriano de Azevedo Marques e Estela Aranha.;Relator(a) Min. Nunes Marques;;;com divergência;Floriano de Azevedo Marques;https://consultaunificadapje.tse.jus.br/#/public/resultado/0601001-54.2026.6.00.0000
0601010-16.2026.6.00.0000|68235;0601010-16.2026.6.00.0000;68235;2026-09-17;Rp;1;2026-09-09;2026-09-09;SJUR — exportação oficial em CSV;https://sjur-servicos.tse.jus.br/sjur-servicos/rest/download/pdf/tribunal=TSE/processoNumero=060101016/processoClasse=Rp/decisaoData=20260909;O Tribunal, por unanimidade, referendou a liminar anteriormente indeferida, nos termos do voto do Relator. Acompanharam o Relator os Ministros André Mendonça, Dias Toffoli, Antonio Carlos Ferreira, Ricardo Villas Bôas Cueva, Floriano de Azevedo Marques e Estela Aranha. Acórdão publicado em sessão. Composição: Ministros Nunes Marques (Presidente), André Mendonça, Dias Toffoli, Antonio Carlos Ferreira, Ricardo Villas Bôas Cueva, Floriano de Azevedo Marques e Estela Aranha.;Relator(a) Min. Nunes Marques;;;unânime;;https://consultaunificadapje.tse.jus.br/#/public/resultado/0601010-16.2026.6.00.0000
0601050-95.2026.6.00.0000|68551;0601050-95.2026.6.00.0000;68551;2026-09-17;Rp;1;2026-09-09;2026-09-09;SJUR — exportação oficial em CSV;https://sjur-servicos.tse.jus.br/sjur-servicos/rest/download/pdf/tribunal=TSE/processoNumero=060105095/processoClasse=Rp/decisaoData=20260909;O Tribunal, por unanimidade, referendou a liminar anteriormente concedida, nos termos do voto do Relator. Acompanharam o Relator os Ministros André Mendonça, Dias Toffoli, Antonio Carlos Ferreira, Ricardo Villas Bôas Cueva, Floriano de Azevedo Marques e Estela Aranha. Acórdão publicado em sessão. Composição: Ministros Nunes Marques (Presidente), André Mendonça, Dias Toffoli, Antonio Carlos Ferreira, Ricardo Villas Bôas Cueva, Floriano de Azevedo Marques e Estela Aranha.;Relator(a) Min. Nunes Marques;;;unânime;;https://consultaunificadapje.tse.jus.br/#/public/resultado/0601050-95.2026.6.00.0000
0601250-05.2026.6.00.0000|67856;0601250-05.2026.6.00.0000;67856;2026-09-17;Rp;1;;;PJe — acórdão;https://consultaunificadapje.tse.jus.br/consulta-publica-unificada/documento?extensaoArquivo=text/html&path=tse/2026/9/17/18/32/52/3c11968fada6b2e6b42817de329353bc59c4aedd57d87caf55b7c95bfb78acd8;O Tribunal, por unanimidade, referendou a decisão que indeferiu o pedido liminar, nos termos do voto do relator. Acórdão publicado em;Nunes Marques;8e2ff0c57ce298b416c5.html;3c11968fada6b2e6b42817de329353bc59c4aedd57d87caf55b7c95bfb78acd8;unânime;;https://consultaunificadapje.tse.jus.br/#/public/resultado/0601250-05.2026.6.00.0000
0601260-49.2026.6.00.0000|68556;0601260-49.2026.6.00.0000;68556;2026-09-17;Rp;1;2026-09-09;2026-09-09;SJUR — exportação oficial em CSV;https://sjur-servicos.tse.jus.br/sjur-servicos/rest/download/pdf/tribunal=TSE/processoNumero=060126049/processoClasse=Rp/decisaoData=20260909;O Tribunal, por unanimidade, referendou o pedido de tutela de urgência deferido, nos termos do voto do Relator. Acompanharam o Relator os Ministros André Mendonça, Dias Toffoli, Antonio Carlos Ferreira, Ricardo Villas Bôas Cueva, Floriano de Azevedo Marques e Estela Aranha. Acórdão publicado em sessão. Composição: Ministros Nunes Marques (Presidente), André Mendonça, Dias Toffoli, Antonio Carlos Ferreira, Ricardo Villas Bôas Cueva, Floriano de Azevedo Marques e Estela Aranha.;Relator(a) Min. Nunes Marques;;;unânime;;https://consultaunificadapje.tse.jus.br/#/public/resultado/0601260-49.2026.6.00.0000
0601262-19.2026.6.00.0000|67369;0601262-19.2026.6.00.0000;67369;2026-09-17;Rp;1;2026-09-09;2026-09-09;SJUR — exportação oficial em CSV;https://sjur-servicos.tse.jus.br/sjur-servicos/rest/download/pdf/tribunal=TSE/processoNumero=060126219/processoClasse=Rp/decisaoData=20260909;O Tribunal, por unanimidade, referendou a liminar anteriormente deferida, nos termos do voto do Relator. Acompanharam o Relator os Ministros André Mendonça, Dias Toffoli, Antonio Carlos Ferreira, Ricardo Villas Bôas Cueva, Floriano de Azevedo Marques e Estela Aranha. Acórdão publicado em sessão. Composição: Ministros Nunes Marques (Presidente), André Mendonça, Dias Toffoli, Antonio Carlos Ferreira, Ricardo Villas Bôas Cueva, Floriano de Azevedo Marques e Estela Aranha.;Relator(a) Min. Nunes Marques;;;unânime;;https://consultaunificadapje.tse.jus.br/#/public/resultado/0601262-19.2026.6.00.0000
0601287-32.2026.6.00.0000|68555;0601287-32.2026.6.00.0000;68555;2026-09-17;Rp;1;2026-09-09;2026-09-09;SJUR — exportação oficial em CSV;https://sjur-servicos.tse.jus.br/sjur-servicos/rest/download/pdf/tribunal=TSE/processoNumero=060128732/processoClasse=Rp/decisaoData=20260909;O Tribunal, por unanimidade, referendou a liminar anteriormente deferida, nos termos do voto do Relator. Acompanharam o Relator os Ministros André Mendonça, Dias Toffoli, Antonio Carlos Ferreira, Ricardo Villas Bôas Cueva, Floriano de Azevedo Marques e Estela Aranha. Acórdão publicado em sessão. Composição: Ministros Nunes Marques (Presidente), André Mendonça, Dias Toffoli, Antonio Carlos Ferreira, Ricardo Villas Bôas Cueva, Floriano de Azevedo Marques e Estela Aranha.;Relator(a) Min. Nunes Marques;;;unânime;;https://consultaunificadapje.tse.jus.br/#/public/resultado/0601287-32.2026.6.00.0000
0601383-47.2026.6.00.0000|67878;0601383-47.2026.6.00.0000;67878;2026-09-17;Rp;1;2026-09-09;2026-09-09;SJUR — exportação oficial em CSV;https://sjur-servicos.tse.jus.br/sjur-servicos/rest/download/pdf/tribunal=TSE/processoNumero=060138347/processoClasse=Rp/decisaoData=20260909;O Tribunal, por unanimidade, referendou a liminar deferida parcialmente, nos termos do voto do Relator. Acompanharam o Relator os Ministros André Mendonça, Dias Toffoli, Antonio Carlos Ferreira, Ricardo Villas Bôas Cueva, Floriano de Azevedo Marques e Estela Aranha. Acórdão publicado em sessão. Composição: Ministros Nunes Marques (Presidente), André Mendonça, Dias Toffoli, Antonio Carlos Ferreira, Ricardo Villas Bôas Cueva, Floriano de Azevedo Marques e Estela Aranha.;Relator(a) Min. Nunes Marques;;;unânime;;https://consultaunificadapje.tse.jus.br/#/public/resultado/0601383-47.2026.6.00.0000
0601155-34.2026.6.05.0000|67757;0601155-34.2026.6.05.0000;67757;2026-09-18;REspEl;0;;;PJe — acórdão;https://consultaunificadapje.tse.jus.br/consulta-publica-unificada/documento?extensaoArquivo=text/html&path=tse/2026/9/18/17/28/40/d9b71c95b8712bcccf0a23f6b3840fe30f3cc4e966d0dfaed6bed69251231a82;O Tribunal, por unanimidade, negou provimento ao recurso especial, nos termos do voto do relator. Acórdão publicado em;Antonio Carlos Ferreira;4f7e21810e4f3439b189.html;d9b71c95b8712bcccf0a23f6b3840fe30f3cc4e966d0dfaed6bed69251231a82;unânime;;https://consultaunificadapje.tse.jus.br/#/public/resultado/0601155-34.2026.6.05.0000
0601505-22.2026.6.05.0000|68443;0601505-22.2026.6.05.0000;68443;2026-09-18;REspEl;0;2026-09-10;2026-09-10;SJUR — exportação oficial em CSV;https://sjur-servicos.tse.jus.br/sjur-servicos/rest/download/pdf/tribunal=TSE/processoNumero=060150522/processoClasse=REspEl/decisaoData=20260910;O Tribunal, por unanimidade, não conheceu do recurso especial, nos termos do voto do Relator. Acompanharam o Relator os Ministros Ricardo Villas Bôas Cueva, Floriano de Azevedo Marques, Estela Aranha, André Mendonça, Dias Toffoli e Nunes Marques (Presidente). Acórdão publicado em sessão. Composição: Ministros Nunes Marques (Presidente), André Mendonça, Dias Toffoli, Antonio Carlos Ferreira, Ricardo Villas Bôas Cueva, Floriano de Azevedo Marques e Estela Aranha.;Relator(a) Min. Antonio Carlos Ferreira;;;unânime;;https://consultaunificadapje.tse.jus.br/#/public/resultado/0601505-22.2026.6.05.0000
0601527-21.2026.6.00.0000|68778;0601527-21.2026.6.00.0000;68778;2026-09-18;MSCiv;0;2026-09-11;2026-09-11;SJUR — exportação oficial em CSV;https://sjur-servicos.tse.jus.br/sjur-servicos/rest/download/pdf/tribunal=TSE/processoNumero=060152721/processoClasse=MSCiv/decisaoData=20260911;"O Tribunal, por unanimidade, confirmou a liminar e concedeu em parte a segurança, decretando a nulidade integral da Ata Executiva Nacional do Partido Avante, de 9/8/2026, e determinou ao Tribunal Regional Eleitoral do Piauí o regular processamento do requerimento de registro de candidatura do impetrante, inclusive para que examine, como entender de direito, a validade da deliberação da Convenção Estadual do AVANTE/PI de 30/7/2026 e sua aptidão para amparar o respectivo pedido de registro; determinando, ainda, a comunicação ao TRE/PI e à autoridade coatora, com urgência, independentemente da publicação do acórdão, nos termos do voto do Relator. Acompanharam o Relator os Ministros Floriano de Azevedo Marques, Estela Aranha, André Mendonça, Dias Toffoli, Antonio Carlos Ferreira e Nunes Marques (Presidente). Composição: Ministros Nunes Marques (Presidente), André Mendonça, Dias Toffoli, Antonio Carlos Ferreira, Ricardo Villas Bôas Cueva, Floriano de Azevedo Marques e Estela Aranha.";Relator(a) Min. Ricardo Villas Bôas Cueva;;;unânime;;https://consultaunificadapje.tse.jus.br/#/public/resultado/0601527-21.2026.6.00.0000
0600322-76.2025.6.22.0000|68473;0600322-76.2025.6.22.0000;68473;2026-09-19;RO-El;0;2026-09-17;2026-09-17;SJUR — exportação oficial em CSV;https://sjur-servicos.tse.jus.br/sjur-servicos/rest/download/pdf/tribunal=TSE/processoNumero=060032276/processoClasse=RO-El/decisaoData=20260917;(Julgamento conjunto: RO-El no 0600322-76 e TutCautAnt no 0601293-39). O Tribunal, por unanimidade, julgou prejudicado o recurso ordinário eleitoral e extinguiu, sem resolução de mérito, com base no art. 485, IV, do Código de Processo Civil, o presente Requerimento de Declaração de Elegibilidade (RDE) proposto por Márcio Gomes de Miranda, julgando, em consequência, prejudicada a Tutela Cautelar Antecedente 0601293-39.2026.6.00.0000 e a consequente liminar antes deferida, nos termos do voto do Relator. Acompanharam o Relator a Ministra Estela Aranha e os Ministros André Mendonça, Dias Toffoli, Antonio Carlos Ferreira, Ricardo Villas Bôas Cueva e Nunes Marques (Presidente). Composição: Ministros Nunes Marques (Presidente), André Mendonça, Dias Toffoli, Antonio Carlos Ferreira, Ricardo Villas Bôas Cueva, Floriano de Azevedo Marques e Estela Aranha.;Relator(a) Min. Floriano De Azevedo Marques;;;unânime;;https://consultaunificadapje.tse.jus.br/#/public/resultado/0600322-76.2025.6.22.0000
0601311-60.2026.6.00.0000|67808;0601311-60.2026.6.00.0000;67808;2026-09-19;MSCiv;0;2026-09-17;2026-09-17;SJUR — exportação oficial em CSV;https://sjur-servicos.tse.jus.br/sjur-servicos/rest/download/pdf/tribunal=TSE/processoNumero=060131160/processoClasse=MSCiv/decisaoData=20260917;O Tribunal, por unanimidade, não conheceu do agravo de instrumento e determinou a remessa dos autos ao Tribunal Regional Eleitoral de Alagoas, juízo competente para apreciar o mandado de segurança, nos termos do voto do Relator. Acompanharam o Relator os Ministros Ricardo Villas Bôas Cueva, Floriano de Azevedo Marques, Estela Aranha, André Mendonça, Dias Toffoli e Nunes Marques (Presidente). Composição: Ministros Nunes Marques (Presidente), André Mendonça, Dias Toffoli, Antonio Carlos Ferreira, Ricardo Villas Bôas Cueva, Floriano de Azevedo Marques e Estela Aranha.;Relator(a) Min. Antonio Carlos Ferreira;;;unânime;;https://consultaunificadapje.tse.jus.br/#/public/resultado/0601311-60.2026.6.00.0000
0601753-26.2026.6.00.0000|68336;0601753-26.2026.6.00.0000;68336;2026-09-19;Rp;1;2026-09-09;2026-09-09;SJUR — exportação oficial em CSV;https://sjur-servicos.tse.jus.br/sjur-servicos/rest/download/pdf/tribunal=TSE/processoNumero=060175326/processoClasse=Rp/decisaoData=20260909;Prosseguindo com o julgamento, o Tribunal, por maioria, indeferiu o pedido de liminar e determinou que seja reabilitado o acesso à URL https://www.instagram.com/lindberghfarias/reel/Dcjdfv6slDn/, nos termos do voto divergente do Ministro Dias Toffoli, vencidos o Relator e os Ministros Antonio Carlos Ferreira e Nunes Marques. Acompanharam integralmente a divergência os Ministros Ricardo Villas Bôas Cueva, Floriano de Azevedo Marques e Estela Aranha. Redigirá o acórdão o Ministro Dias Toffoli. Acórdão publicado em sessão. Composição: Ministros Nunes Marques (Presidente), André Mendonça, Dias Toffoli, Antonio Carlos Ferreira, Ricardo Villas Bôas Cueva, Floriano de Azevedo Marques e Estela Aranha.;Relator(a) Min. André Mendonça;;;com divergência;André Mendonça | Antonio Carlos Ferreira | Nunes Marques;https://consultaunificadapje.tse.jus.br/#/public/resultado/0601753-26.2026.6.00.0000
0600978-11.2026.6.00.0000|67340;0600978-11.2026.6.00.0000;67340;2026-09-22;PetCiv;0;2026-08-18;2026-08-18;SJUR — exportação oficial em CSV;https://sjur-servicos.tse.jus.br/sjur-servicos/rest/download/pdf/tribunal=TSE/processoNumero=060097811/processoClasse=PetCiv/decisaoData=20260818;O Tribunal, por unanimidade, resolveu Questão de Ordem no sentido de homologar o pedido de desistência formulado pelo Diretório Nacional do Partido dos Trabalhadores (PT) e julgou extinto o processo, sem resolução do mérito, nos termos do voto reajustado do Relator. Acompanharam o Relator os Ministros André Mendonça, Dias Toffoli, Antonio Carlos Ferreira, Ricardo Villas Bôas Cueva, Floriano de Azevedo Marques e Estela Aranha. Composição: Ministros Nunes Marques (Presidente), André Mendonça, Dias Toffoli, Antonio Carlos Ferreira, Ricardo Villas Bôas Cueva, Floriano de Azevedo Marques e Estela Aranha.;Relator(a) Min. Nunes Marques;;;unânime;;https://consultaunificadapje.tse.jus.br/#/public/resultado/0600978-11.2026.6.00.0000
0601959-40.2026.6.00.0000|68202;0601959-40.2026.6.00.0000;68202;2026-09-22;PA;0;2026-09-17;2026-09-17;SJUR — exportação oficial em CSV;https://sjur-servicos.tse.jus.br/sjur-servicos/rest/download/pdf/tribunal=TSE/processoNumero=060195940/processoClasse=PA/decisaoData=20260917;"O Tribunal, por unanimidade, aprovou o acórdão do Tribunal Regional Eleitoral da Bahia, por meio do qual foi deferido o afastamento do desembargador eleitoral Isaías Vinícius de Castro Simões de suas atribuições no Tribunal de Justiça do Estado da Bahia, no período de 4 de setembro de 2026 a 9 de outubro de 2026 e, se houver segundo turno das eleições, de 13 a 26 de outubro de 2026; e do desembargador Iran Esmeraldo Leite de suas atribuições no Tribunal Regional Federal da 1a Região/Seção Judiciária da Bahia, no período de 14 a 24 de setembro de 2026 e, se houver segundo turno das eleições, de 13 a 23 de outubro de 2026, nos termos do voto do Relator. Acompanharam o Relator os Ministros André Mendonça, Antonio Carlos Ferreira, Ricardo Villas Bôas Cueva, Floriano de Azevedo Marques e Estela Aranha. Ausência justificada do Senhor Ministro Dias Toffoli (sem substituto). Composição: Ministros Nunes Marques (Presidente), André Mendonça, Antonio Carlos Ferreira, Ricardo Villas Bôas Cueva, Floriano de Azevedo Marques e Estela Aranha.";Relator(a) Min. Nunes Marques;;;unânime;;https://consultaunificadapje.tse.jus.br/#/public/resultado/0601959-40.2026.6.00.0000
0600005-74.2026.6.13.0071|68783;0600005-74.2026.6.13.0071;68783;2026-09-25;REspEl;0;2026-09-23;2026-09-23;SJUR — exportação oficial em CSV;https://sjur-servicos.tse.jus.br/sjur-servicos/rest/download/pdf/tribunal=TSE/processoNumero=060000574/processoClasse=REspEl/decisaoData=20260923;O Tribunal, por unanimidade, não conheceu do recurso especial, nos termos do voto do Relator. Acompanharam o Relator os Ministros Sebastião Reis Júnior (substituto), Floriano de Azevedo Marques, Estela Aranha, André Mendonça, Dias Toffoli, e Nunes Marques (Presidente). Composição: Ministros Nunes Marques (Presidente), André Mendonça, Dias Toffoli, Ricardo Villas Bôas Cueva, Sebastião Reis Júnior (substituto), Floriano de Azevedo Marques e Estela Aranha.;Relator(a) Min. Ricardo Villas Bôas Cueva;;;unânime;;https://consultaunificadapje.tse.jus.br/#/public/resultado/0600005-74.2026.6.13.0071
0600532-82.2026.6.26.0000|68348;0600532-82.2026.6.26.0000;68348;2026-09-25;RO-El;0;2026-09-24;2026-09-24;SJUR — exportação oficial em CSV;https://sjur-servicos.tse.jus.br/sjur-servicos/rest/download/pdf/tribunal=TSE/processoNumero=060053282/processoClasse=RO-El/decisaoData=20260924;O Tribunal, por unanimidade, negou provimento ao recurso ordinário e determinou a comunicação imediata ao Tribunal Regional Eleitoral, nos termos do voto do Relator. Acompanharam o Relator os Ministros Sebastião Reis Júnior (substituto), Floriano de Azevedo Marques, Estela Aranha, André Mendonça, Dias Toffoli e Nunes Marques (Presidente). Acórdão publicado em sessão. Composição: Ministros Nunes Marques (Presidente), André Mendonça, Dias Toffoli, Ricardo Villas Bôas Cueva, Sebastião Reis Júnior (substituto), Floriano de Azevedo Marques e Estela Aranha.;Relator(a) Min. Ricardo Villas Bôas Cueva;;;unânime;;https://consultaunificadapje.tse.jus.br/#/public/resultado/0600532-82.2026.6.26.0000
0600639-56.2026.6.25.0000|67772;0600639-56.2026.6.25.0000;67772;2026-09-25;REspEl;0;2026-09-24;2026-09-24;SJUR — exportação oficial em CSV;https://sjur-servicos.tse.jus.br/sjur-servicos/rest/download/pdf/tribunal=TSE/processoNumero=060063956/processoClasse=REspEl/decisaoData=20260924;"O Tribunal, por unanimidade, não conheceu do recurso especial, mantendo o indeferimento do DRAP da Federação Renovação Solidária (PRD/SOLIDARIEDADE) relativo ao cargo de deputado federal e declarou, independentemente da oposição e do julgamento de eventuais embargos, a cessação da situação sub judice do DRAP e de todas as candidaturas vinculadas; determinando, ainda, a imediata comunicação ao Tribunal Regional Eleitoral de Sergipe, para que exclua da urna eletrônica todas as candidaturas ao cargo de deputado federal vinculadas a este DRAP, nos termos do voto do Relator. Acompanharam o Relator os Ministros Ricardo Villas Bôas Cueva, Sebastião Reis Júnior (substituto), Floriano de Azevedo Marques, Estela Aranha, André Mendonça e Nunes Marques (Presidente). Acórdão publicado em sessão. Composição: Ministros Nunes Marques (Presidente), André Mendonça, Dias Toffoli, Ricardo Villas Bôas Cueva, Sebastião Reis Júnior (substituto), Floriano de Azevedo Marques e Estela Aranha.";Relator(a) Min. Dias Toffoli;;;unânime;;https://consultaunificadapje.tse.jus.br/#/public/resultado/0600639-56.2026.6.25.0000
0600877-71.2026.6.00.0000|67903;0600877-71.2026.6.00.0000;67903;2026-09-25;LT;0;2026-09-24;2026-09-24;SJUR — exportação oficial em CSV;https://sjur-servicos.tse.jus.br/sjur-servicos/rest/download/pdf/tribunal=TSE/processoNumero=060087771/processoClasse=LT/decisaoData=20260924;O Tribunal, por unanimidade, determinou o retorno da lista ao Tribunal Regional Eleitoral de Minas Gerais para recomposição, de modo que seja integrada unicamente por mulheres, em conformidade com a Resolução-TSE no 23.746/2025, mantendo-se, desde logo, os nomes da Dra. Sarah Campos e da Dra. Joyce Janine Figueiredo Ornelas Braz, nos termos do voto do Relator. Acompanharam o Relator os Ministros Dias Toffoli, Ricardo Villas Bôas Cueva, Sebastião Reis Júnior (substituto), Floriano de Azevedo Marques, Estela Aranha e Nunes Marques (Presidente). Composição: Ministros (as) Nunes Marques (Presidente), André Mendonça, Dias Toffoli, Ricardo Villas Bôas Cueva, Sebastião Reis Júnior (substituto), Floriano de Azevedo Marques e Estela Aranha.;Relator(a) Min. André Mendonça;;;unânime;;https://consultaunificadapje.tse.jus.br/#/public/resultado/0600877-71.2026.6.00.0000
0600900-86.2026.6.19.0000|68347;0600900-86.2026.6.19.0000;68347;2026-09-25;RO-El;0;2026-09-24;2026-09-24;SJUR — exportação oficial em CSV;https://sjur-servicos.tse.jus.br/sjur-servicos/rest/download/pdf/tribunal=TSE/processoNumero=060090086/processoClasse=RO-El/decisaoData=20260924;O Tribunal, por unanimidade, não conheceu do recurso ordinário e determinou a imediata comunicação ao Tribunal Regional Eleitoral, nos termos do voto do Relator. Acompanharam o Relator os Ministros Sebastião Reis Júnior (substituto), Floriano de Azevedo Marques, Estela Aranha, André Mendonça, Dias Toffoli e Nunes Marques (Presidente). Juntou mídia de sustentação oral a Dra. Manuela Fonseca Dalpoz, advogada do recorrente Gabriel Fernandes de Oliveira Pereira (ID 179543034). Acórdão publicado em sessão. Composição: Ministros Nunes Marques (Presidente), André Mendonça, Dias Toffoli, Ricardo Villas Bôas Cueva, Sebastião Reis Júnior (substituto), Floriano de Azevedo Marques e Estela Aranha.;Relator(a) Min. Ricardo Villas Bôas Cueva;;;unânime;;https://consultaunificadapje.tse.jus.br/#/public/resultado/0600900-86.2026.6.19.0000
0601873-69.2026.6.00.0000|68882;0601873-69.2026.6.00.0000;68882;2026-09-25;MSCiv;0;2026-09-24;2026-09-24;SJUR — exportação oficial em CSV;https://sjur-servicos.tse.jus.br/sjur-servicos/rest/download/pdf/tribunal=TSE/processoNumero=060187369/processoClasse=AgR/decisaoData=20260924;O Tribunal, por unanimidade, negou provimento ao agravo interno, nos termos do voto do Relator. Acompanharam o Relator a Ministra Estela Aranha e os Ministros André Mendonça, Dias Toffoli, Ricardo Villas Bôas Cueva, Sebastião Reis Júnior (substituto) e Nunes Marques (Presidente). Acórdão publicado em sessão. Composição: Ministros Nunes Marques (Presidente), André Mendonça, Dias Toffoli, Ricardo Villas Bôas Cueva, Sebastião Reis Júnior (substituto), Floriano de Azevedo Marques e Estela Aranha.;Relator(a) Min. Floriano De Azevedo Marques;;;unânime;;https://consultaunificadapje.tse.jus.br/#/public/resultado/0601873-69.2026.6.00.0000
0600834-37.2026.6.00.0000|68523;0600834-37.2026.6.00.0000;68523;2026-09-26;PA;0;2026-09-18;2026-09-18;SJUR — exportação oficial em CSV;https://sjur-servicos.tse.jus.br/sjur-servicos/rest/download/pdf/tribunal=TSE/processoNumero=060083437/processoClasse=PA/decisaoData=20260918;O Tribunal, por unanimidade, indeferiu os pedidos formulados por Monica Rosenberg Braizat, inclusive os de ampliação do horário de votação, criação ou designação de seções especiais, cadastramento e transferência temporária de eleitores com fundamento em impedimento religioso, expedição de orientação nacional para dispensa de mesários e comunicação da matéria ao Congresso Nacional, ressalvada a possibilidade de apresentação individual de justificativa de ausência à votação e de recusa justificada à nomeação para os trabalhos eleitorais, cabendo ao juízo competente apreciar cada requerimento na forma da legislação vigente, nos termos do voto do Relator. Acompanharam o Relator os Ministros André Mendonça, Dias Toffoli, Antonio Carlos Ferreira, Ricardo Villas Bôas Cueva, Floriano de Azevedo Marques e Estela Aranha. Composição: Ministros Nunes Marques (Presidente), André Mendonça, Dias Toffoli, Antonio Carlos Ferreira, Ricardo Villas Bôas Cueva, Floriano de Azevedo Marques e Estela Aranha.;Relator(a) Min. Nunes Marques;;;unânime;;https://consultaunificadapje.tse.jus.br/#/public/resultado/0600834-37.2026.6.00.0000
0601316-71.2026.6.04.0000|68279;0601316-71.2026.6.04.0000;68279;2026-09-26;PA;0;2026-09-22;2026-09-22;SJUR — exportação oficial em CSV;https://sjur-servicos.tse.jus.br/sjur-servicos/rest/download/pdf/tribunal=TSE/processoNumero=060131671/processoClasse=PA/decisaoData=20260922;O Tribunal, por unanimidade, deferiu o pedido de requisição de força federal, nos termos do voto do Relator. Acompanharam o Relator os Ministros André Mendonça, Dias Toffoli, Sebastião Reis Júnior (substituto), Marco Aurélio Bellizze (substituto), Floriano de Azevedo Marques e Estela Aranha. Ausência justificada do Senhor Ministro Ricardo Villas Bôas Cueva. Composição do julgamento: Ministros (as) Nunes Marques (Presidente), André Mendonça, Sebastião Reis Júnior (substituto), Marco Aurélio Bellizze (substituto), Floriano de Azevedo Marques e Estela Aranha.;Relator(a) Min. Nunes Marques;;;unânime;;https://consultaunificadapje.tse.jus.br/#/public/resultado/0601316-71.2026.6.04.0000
0601745-49.2026.6.00.0000|68253;0601745-49.2026.6.00.0000;68253;2026-09-26;Rcl;0;2026-09-25;2026-09-25;SJUR — exportação oficial em CSV;https://sjur-servicos.tse.jus.br/sjur-servicos/rest/download/pdf/tribunal=TSE/processoNumero=060174549/processoClasse=Rcl/decisaoData=20260925;O Tribunal, por unanimidade, referendou a liminar anteriormente concedida, nos termos do voto do Relator. Acompanharam o Relator a Ministra Estela Aranha e os Ministros André Mendonça, Dias Toffoli, Antonio Carlos Ferreira, Ricardo Villas Bôas Cueva e Nunes Marques (Presidente). Acórdão publicado em sessão. Composição: Ministros Nunes Marques (Presidente), André Mendonça, Dias Toffoli, Antonio Carlos Ferreira, Ricardo Villas Bôas Cueva, Floriano de Azevedo Marques e Estela Aranha.;Relator(a) Min. Floriano De Azevedo Marques;;;unânime;;https://consultaunificadapje.tse.jus.br/#/public/resultado/0601745-49.2026.6.00.0000
0602026-05.2026.6.00.0000|67838;0602026-05.2026.6.00.0000;67838;2026-09-26;PA;0;2026-09-22;2026-09-22;SJUR — exportação oficial em CSV;https://sjur-servicos.tse.jus.br/sjur-servicos/rest/download/pdf/tribunal=TSE/processoNumero=060202605/processoClasse=PA/decisaoData=20260922;O Tribunal, por unanimidade, deferiu o pedido de requisição de força federal, nos termos do voto do Relator. Acompanharam o Relator os Ministros André Mendonça, Dias Toffoli, Sebastião Reis Júnior (substituto), Marco Aurélio Bellizze (substituto), Floriano de Azevedo Marques e Estela Aranha. Ausência justificada do Senhor Ministro Ricardo Villas Bôas Cueva. Composição do julgamento: Ministros (as) Nunes Marques (Presidente), André Mendonça, Sebastião Reis Júnior (substituto), Marco Aurélio Bellizze (substituto), Floriano de Azevedo Marques e Estela Aranha.;Relator(a) Min. Nunes Marques;;;unânime;;https://consultaunificadapje.tse.jus.br/#/public/resultado/0602026-05.2026.6.00.0000
0600257-20.2026.6.23.0000|67667;0600257-20.2026.6.23.0000;67667;2026-09-28;REspEl;0;2026-09-24;2026-09-24;SJUR — exportação oficial em CSV;https://sjur-servicos.tse.jus.br/sjur-servicos/rest/download/pdf/tribunal=TSE/processoNumero=060025720/processoClasse=REspEl/decisaoData=20260924;O Tribunal, por unanimidade, negou provimento ao recurso especial, nos termos do voto do Relator. Acompanharam o Relator os Ministros Sebastião Reis Júnior (substituto), Floriano de Azevedo Marques, Estela Aranha, André Mendonça, Dias Toffoli e Nunes Marques (Presidente). Acórdão publicado em sessão. Composição: Ministros Nunes Marques (Presidente), André Mendonça, Dias Toffoli, Ricardo Villas Bôas Cueva, Sebastião Reis Júnior (substituto), Floriano de Azevedo Marques e Estela Aranha.;Relator(a) Min. Ricardo Villas Bôas Cueva;;;unânime;;https://consultaunificadapje.tse.jus.br/#/public/resultado/0600257-20.2026.6.23.0000
0601488-93.2026.6.19.0000|67670;0601488-93.2026.6.19.0000;67670;2026-09-28;REspEl;0;2026-09-24;2026-09-24;SJUR — exportação oficial em CSV;https://sjur-servicos.tse.jus.br/sjur-servicos/rest/download/pdf/tribunal=TSE/processoNumero=060148893/processoClasse=REspEl/decisaoData=20260924;O Tribunal, por unanimidade, negou provimento ao recurso especial, nos termos do voto do Relator. Acompanharam o Relator os Ministros Sebastião Reis Júnior (substituto), Floriano de Azevedo Marques, Estela Aranha, André Mendonça, Dias Toffoli e Nunes Marques (Presidente). Acórdão publicado em sessão. Composição: Ministros Nunes Marques (Presidente), André Mendonça, Dias Toffoli, Ricardo Villas Bôas Cueva, Sebastião Reis Júnior (substituto), Floriano de Azevedo Marques e Estela Aranha.;Relator(a) Min. Ricardo Villas Bôas Cueva;;;unânime;;https://consultaunificadapje.tse.jus.br/#/public/resultado/0601488-93.2026.6.19.0000
0601325-44.2026.6.00.0000|67790;0601325-44.2026.6.00.0000;67790;2026-09-29;MSCiv;0;;;;;;;;;não apurada;;https://consultaunificadapje.tse.jus.br/#/public/resultado/0601325-44.2026.6.00.0000
0600085-24.2026.6.25.0000|68125;0600085-24.2026.6.25.0000;68125;2026-09-30;REspEl;1;2026-09-24;2026-09-24;SJUR — exportação oficial em CSV;https://sjur-servicos.tse.jus.br/sjur-servicos/rest/download/pdf/tribunal=TSE/processoNumero=060008524/processoClasse=REspEl/decisaoData=20260924;O Tribunal, por unanimidade, não conheceu do recurso especial e julgou prejudicado o pedido de efeito suspensivo, nos termos do voto do Relator. Acompanharam o Relator os Ministros Ricardo Villas Bôas Cueva, Floriano de Azevedo Marques, Estela Aranha, André Mendonça, Dias Toffoli e Nunes Marques (Presidente). Acórdão publicado em sessão. Composição: Ministros Nunes Marques (Presidente), André Mendonça, Dias Toffoli, Antonio Carlos Ferreira, Ricardo Villas Bôas Cueva, Floriano de Azevedo Marques e Estela Aranha.;Relator(a) Min. Antonio Carlos Ferreira;;;unânime;;https://consultaunificadapje.tse.jus.br/#/public/resultado/0600085-24.2026.6.25.0000
0600170-56.2025.6.03.0000|68127;0600170-56.2025.6.03.0000;68127;2026-09-30;AREspE;1;2026-09-24;2026-09-24;SJUR — exportação oficial em CSV;https://sjur-servicos.tse.jus.br/sjur-servicos/rest/download/pdf/tribunal=TSE/processoNumero=060017056/processoClasse=AREspE/decisaoData=20260924;O Tribunal, por unanimidade, não conheceu do agravo em recurso especial, nos termos do voto do Relator. Acompanharam o Relator os Ministros Ricardo Villas Bôas Cueva, Floriano de Azevedo Marques, Estela Aranha, André Mendonça, Dias Toffoli e Nunes Marques (Presidente). Acórdão publicado em sessão. Composição: Ministros Nunes Marques (Presidente), André Mendonça, Dias Toffoli, Antonio Carlos Ferreira, Ricardo Villas Bôas Cueva, Floriano de Azevedo Marques e Estela Aranha.;Relator(a) Min. Antonio Carlos Ferreira;;;unânime;;https://consultaunificadapje.tse.jus.br/#/public/resultado/0600170-56.2025.6.03.0000
0600251-13.2026.6.23.0000|68126;0600251-13.2026.6.23.0000;68126;2026-09-30;RO-El;0;2026-09-24;2026-09-24;SJUR — exportação oficial em CSV;https://sjur-servicos.tse.jus.br/sjur-servicos/rest/download/pdf/tribunal=TSE/processoNumero=060025113/processoClasse=RO-El/decisaoData=20260924;O Tribunal, por unanimidade, negou provimento ao recurso ordinário, mantendo o deferimento do registro de candidatura de Helder Girão Barreto ao cargo de deputado federal pelo Estado de Roraima nas eleições de 2026, nos termos do voto do Relator. Acompanharam o Relator os Ministros Ricardo Villas Bôas Cueva, Floriano de Azevedo Marques, Estela Aranha, André Mendonça, Dias Toffoli e Nunes Marques (Presidente). Acórdão publicado em sessão. Composição: Ministros Nunes Marques (Presidente), André Mendonça, Dias Toffoli, Antonio Carlos Ferreira, Ricardo Villas Bôas Cueva, Floriano de Azevedo Marques e Estela Aranha.;Relator(a) Min. Antonio Carlos Ferreira;;;unânime;;https://consultaunificadapje.tse.jus.br/#/public/resultado/0600251-13.2026.6.23.0000
0600260-62.2026.6.09.0000|68440;0600260-62.2026.6.09.0000;68440;2026-09-30;AREspE;1;2026-09-24;2026-09-24;SJUR — exportação oficial em CSV;https://sjur-servicos.tse.jus.br/sjur-servicos/rest/download/pdf/tribunal=TSE/processoNumero=060026062/processoClasse=AREspE/decisaoData=20260924;O Tribunal, por unanimidade, não conheceu do agravo em recurso especial, nos termos do voto do Relator. Acompanharam o Relator os Ministros Ricardo Villas Bôas Cueva, Floriano de Azevedo Marques, Estela Aranha, André Mendonça, Dias Toffoli e Nunes Marques (Presidente). Acórdão publicado em sessão. Composição: Ministros Nunes Marques (Presidente), André Mendonça, Dias Toffoli, Antonio Carlos Ferreira, Ricardo Villas Bôas Cueva, Floriano de Azevedo Marques e Estela Aranha.;Relator(a) Min. Antonio Carlos Ferreira;;;unânime;;https://consultaunificadapje.tse.jus.br/#/public/resultado/0600260-62.2026.6.09.0000
0600632-81.2026.6.10.0000|68877;0600632-81.2026.6.10.0000;68877;2026-09-30;REspEl;0;2026-09-24;2026-09-24;SJUR — exportação oficial em CSV;https://sjur-servicos.tse.jus.br/sjur-servicos/rest/download/pdf/tribunal=TSE/processoNumero=060063281/processoClasse=REspEl/decisaoData=20260924;O Tribunal, por unanimidade, não conheceu do recurso especial, nos termos do voto do Relator. Acompanharam o Relator os Ministros Ricardo Villas Bôas Cueva, Floriano de Azevedo Marques, Estela Aranha, André Mendonça, Dias Toffoli e Nunes Marques (Presidente). Acórdão publicado em sessão. Composição: Ministros Nunes Marques (Presidente), André Mendonça, Dias Toffoli, Antonio Carlos Ferreira, Ricardo Villas Bôas Cueva, Floriano de Azevedo Marques e Estela Aranha.;Relator(a) Min. Antonio Carlos Ferreira;;;unânime;;https://consultaunificadapje.tse.jus.br/#/public/resultado/0600632-81.2026.6.10.0000
0600666-83.2026.6.09.0000|68442;0600666-83.2026.6.09.0000;68442;2026-09-30;REspEl;0;2026-09-24;2026-09-24;SJUR — exportação oficial em CSV;https://sjur-servicos.tse.jus.br/sjur-servicos/rest/download/pdf/tribunal=TSE/processoNumero=060066683/processoClasse=REspEl/decisaoData=20260924;"O Tribunal, por unanimidade, negou provimento ao recurso especial, julgou predicado o pedido de efeito suspensivo e declarou encerrados os efeitos do art. 16-A, da Lei o 9.054/1997. Vedou também, desde já, (a) a prática de atos de campanha, a englobar qualquer espécie de propaganda eleitoral; (b) a apresentação ao eleitorado como se candidato fosse; (c) o acesso aos recursos públicos aplicáveis à campanha eleitoral (Fundo Especial de Financiamento de Campanha e Fundo Partidário), nos termos do voto do Relator. Acompanharam o Relator os Ministros Ricardo Villas Bôas Cueva, Floriano de Azevedo Marques, Estela Aranha, André Mendonça, Dias Toffoli e Nunes Marques (Presidente). Acórdão publicado em sessão. Composição: Ministros Nunes Marques (Presidente), André Mendonça, Dias Toffoli, Antonio Carlos Ferreira, Ricardo Villas Bôas Cueva, Floriano de Azevedo Marques e Estela Aranha.";Relator(a) Min. Antonio Carlos Ferreira;;;unânime;;https://consultaunificadapje.tse.jus.br/#/public/resultado/0600666-83.2026.6.09.0000
0600821-42.2026.6.25.0000|68878;0600821-42.2026.6.25.0000;68878;2026-09-30;RO-El;0;2026-09-24;2026-09-24;SJUR — exportação oficial em CSV;https://sjur-servicos.tse.jus.br/sjur-servicos/rest/download/pdf/tribunal=TSE/processoNumero=060082142/processoClasse=RO-El/decisaoData=20260924;O Tribunal, por maioria, deu provimento ao recurso ordinário para deferir o registro de candidatura de Tarcísio da Silva Santos ao cargo de deputado estadual por Sergipe nas eleições de 2026, nos termos do voto do Relator, vencido o Ministro Floriano de Azevedo Marques. Acompanharam o Relator os Ministros Ricardo Villas Bôas Cueva, Estela Aranha, André Mendonça, Dias Toffoli e Nunes Marques (Presidente). Acórdão publicado em sessão. Composição: Ministros Nunes Marques (Presidente), André Mendonça, Dias Toffoli, Antonio Carlos Ferreira, Ricardo Villas Bôas Cueva, Floriano de Azevedo Marques e Estela Aranha.;Relator(a) Min. Antonio Carlos Ferreira;;;com divergência;Floriano de Azevedo Marques;https://consultaunificadapje.tse.jus.br/#/public/resultado/0600821-42.2026.6.25.0000
0600857-90.2026.6.14.0000|68879;0600857-90.2026.6.14.0000;68879;2026-09-30;REspEl;0;2026-09-24;2026-09-24;SJUR — exportação oficial em CSV;https://sjur-servicos.tse.jus.br/sjur-servicos/rest/download/pdf/tribunal=TSE/processoNumero=060085790/processoClasse=REspEl/decisaoData=20260924;O Tribunal, por unanimidade, não conheceu do recurso especial e julgou prejudicada a análise do pedido de efeito suspensivo, nos termos do voto do Relator. Acompanharam o Relator os Ministros Ricardo Villas Bôas Cueva, Floriano de Azevedo Marques, Estela Aranha, André Mendonça, Dias Toffoli e Nunes Marques (Presidente). Acórdão publicado em sessão. Composição: Ministros Nunes Marques (Presidente), André Mendonça, Dias Toffoli, Antonio Carlos Ferreira, Ricardo Villas Bôas Cueva, Floriano de Azevedo Marques e Estela Aranha.;Relator(a) Min. Antonio Carlos Ferreira;;;unânime;;https://consultaunificadapje.tse.jus.br/#/public/resultado/0600857-90.2026.6.14.0000
0600962-62.2026.6.07.0000|68671;0600962-62.2026.6.07.0000;68671;2026-09-30;RO-El;0;;;;;;;;;não apurada;;https://consultaunificadapje.tse.jus.br/#/public/resultado/0600962-62.2026.6.07.0000
0601064-56.2026.6.26.0000|67756;0601064-56.2026.6.26.0000;67756;2026-09-30;REspEl;0;2026-09-24;2026-09-24;SJUR — exportação oficial em CSV;https://sjur-servicos.tse.jus.br/sjur-servicos/rest/download/pdf/tribunal=TSE/processoNumero=060106456/processoClasse=REspEl/decisaoData=20260924;O Tribunal, por unanimidade, conheceu do recurso especial e deu-lhe provimento para confirmar a tutela provisória de urgência e determinar o imediato restabelecimento da opção de nome de urna 'SAMANTA BOLSONARO' em favor da recorrente no Sistema de Candidaturas (CAND) e nos sistemas de votação referentes às eleições gerais de 2026, com a consequente autorização para o uso regular da referida denominação em todos os atos pertinentes à sua propaganda eleitoral, nos termos do voto do Relator. Acompanharam o Relator os Ministros Ricardo Villas Bôas Cueva, Floriano de Azevedo Marques, Estela Aranha, André Mendonça, Dias Toffoli e Nunes Marques (Presidente). Acórdão publicado em sessão. Composição: Ministros Nunes Marques (Presidente), André Mendonça, Dias Toffoli, Antonio Carlos Ferreira, Ricardo Villas Bôas Cueva, Floriano de Azevedo Marques e Estela Aranha.;Relator(a) Min. Antonio Carlos Ferreira;;;unânime;;https://consultaunificadapje.tse.jus.br/#/public/resultado/0601064-56.2026.6.26.0000
0601652-32.2026.6.02.0000|67647;0601652-32.2026.6.02.0000;67647;2026-09-30;PA;0;;;;;;;;;não apurada;;https://consultaunificadapje.tse.jus.br/#/public/resultado/0601652-32.2026.6.02.0000
0601742-94.2026.6.00.0000|68124;0601742-94.2026.6.00.0000;68124;2026-09-30;Rcl;0;;;;;;;;;não apurada;;https://consultaunificadapje.tse.jus.br/#/public/resultado/0601742-94.2026.6.00.0000
0602810-56.2026.6.26.0000|68019;0602810-56.2026.6.26.0000;68019;2026-09-30;REspEl;0;;;;;;;;;não apurada;;https://consultaunificadapje.tse.jus.br/#/public/resultado/0602810-56.2026.6.26.0000
