cnj;campanha_autora;situacao;votacao;vencidos;extrato;url_peca;arquivo_pje;sha256_pje;relator;tipo_peca;url_andamento
0600468-95.2026.6.00.0000;Lula;liminar mantida;com divergência;André Mendonça;Prosseguindo com o julgamento, o Tribunal, por maioria, referendou a decisão de deferimento da liminar, nos termos do voto da relatora, vencido o Ministro André Mendonça. Acórdão publicado em;https://consultaunificadapje.tse.jus.br/consulta-publica-unificada/documento?extensaoArquivo=text/html&path=tse/2026/9/14/18/35/52/ef38ba9b753579025484a79dac886d3235cc53650c4829b3e53b2a56f67563be;f3385aa2f34fa7bece21.html;ef38ba9b753579025484a79dac886d3235cc53650c4829b3e53b2a56f67563be;Estela Aranha;Acórdão;https://consultaunificadapje.tse.jus.br/#/public/resultado/0600468-95.2026.6.00.0000
0600689-78.2026.6.00.0000;Flávio;liminar mantida;unânime;;O Tribunal, por unanimidade, referendou a liminar parcialmente deferida anteriormente, nos termos do voto da relatora.;https://consultaunificadapje.tse.jus.br/consulta-publica-unificada/documento?extensaoArquivo=text/html&path=tse/2026/7/1/15/7/37/869f028aa30d9e9e9e3dcaaaf83736212e922e5908bd52c9edaef1f309e8347e;ec0fec0ce455deeee0c7.html;869f028aa30d9e9e9e3dcaaaf83736212e922e5908bd52c9edaef1f309e8347e;Estela Aranha;Acórdão;https://consultaunificadapje.tse.jus.br/#/public/resultado/0600689-78.2026.6.00.0000
0600690-63.2026.6.00.0000;Flávio;liminar mantida;com divergência;Floriano de Azevedo Marques;O Tribunal, por maioria, referendou a liminar parcialmente deferida anteriormente, nos termos do voto da relatora, vencido, em parte, o Ministro Floriano de Azevedo Marques, que referendava a decisão apenas na parte em que proíbe o emprego impulsionamento, permanecendo possível a veiculação da mensagem em modalidade não impulsionada.;https://consultaunificadapje.tse.jus.br/consulta-publica-unificada/documento?extensaoArquivo=text/html&path=tse/2026/7/1/15/7/37/f985a29dbfbb483e899994bbcb0bdb4a5aff4225bcd0f033e8b8f1e8807b5156;bfbf1c446c9d7b0a1f5d.html;f985a29dbfbb483e899994bbcb0bdb4a5aff4225bcd0f033e8b8f1e8807b5156;Estela Aranha;Acórdão;https://consultaunificadapje.tse.jus.br/#/public/resultado/0600690-63.2026.6.00.0000
0600695-85.2026.6.00.0000;Lula;liminar sem revisão colegiada comprovada;não se aplica;;Ante o exposto, defiro o pedido liminar para que, no prazo de 24 horas, sob pena de multa diária, nos termos do § 4o do art. 38 da Res.-TSE no 23.610/2019, seja removida a publicação indicada no seguinte endereço eletrônico: https://www.instagram.com/p/DXKHmKdBJnf/ Determino que o representado se abstenha de republicar ou difundir novamente o vídeo específico ora indicado ou conteúdos substancialmente idênticos. Oficie-se o provedor de aplicação responsável pelo Instagram para cumprimento da determinação judicial de remoção da publicação, no prazo de 24 horas, devendo informar a este Juízo sobre as providências tomadas, conforme o § 1o-B do art. 17 da Res.-TSE no 23.608/2019, sob pena de fixação de multa e outras medidas para o efetivo cumprimento desta decisão (Facebook Serviços Online Do Brasil Ltda., CNPJ no 13.347.016/0001-17, e-mail eleitoral_meta@tozzinifreire.com.br, com sede em São Paulo/SP, na Avenida Brigadeiro Faria Lima, n.o 3732, 5o andar, Itaim Bibi, CEP 04538-132). Cite-se nos termos do art. 18 da Res.-TSE no 23.608/2019. Após, à PGE , conforme art. 19 da Res.-TSE no 23.608/2019. Submeta-se a presente decisão ao Plenário, inclusive por intermédio de sessão virtual, nos exatos termos do art. 2o da Portaria TSE no 235/2026. Por fim, torne o feito concluso. Publique-se. Intimem-se. Brasília/DF, data conforme consta na assinatura digital. Ministra ESTELA ARANHA Relatora;https://consultaunificadapje.tse.jus.br/consulta-publica-unificada/documento?extensaoArquivo=text/html&path=tse/2026/6/22/11/38/25/888c89a1624cfef98215b700f21c59fe10862106c2139710622e00bddad0201d;acbeebbd895dbd20ecd0.html;888c89a1624cfef98215b700f21c59fe10862106c2139710622e00bddad0201d;;Decisão;https://consultaunificadapje.tse.jus.br/#/public/resultado/0600695-85.2026.6.00.0000
0600697-55.2026.6.00.0000;Flávio;liminar mantida;unânime;;O Tribunal, por unanimidade, referendou a liminar parcialmente deferida anteriormente, nos termos do voto da relatora.;https://consultaunificadapje.tse.jus.br/consulta-publica-unificada/documento?extensaoArquivo=text/html&path=tse/2026/7/1/15/7/40/d6de927fd878c0193cf232c6928b7f49f9b96e3a704869d17a5a140112a8d415;52580e679ad63bb02fd2.html;d6de927fd878c0193cf232c6928b7f49f9b96e3a704869d17a5a140112a8d415;Estela Aranha;Acórdão;https://consultaunificadapje.tse.jus.br/#/public/resultado/0600697-55.2026.6.00.0000
0600698-40.2026.6.00.0000;Flávio;liminar mantida;unânime;;O Tribunal, por unanimidade, referendou a liminar parcialmente deferida anteriormente, nos termos do voto da relatora.;https://consultaunificadapje.tse.jus.br/consulta-publica-unificada/documento?extensaoArquivo=text/html&path=tse/2026/7/1/15/7/39/371c41968268d9b92946d7dacc22bdf41f5d24f1ab12e7e7352fbec54bf6f413;08df496e74828cb47be7.html;371c41968268d9b92946d7dacc22bdf41f5d24f1ab12e7e7352fbec54bf6f413;Estela Aranha;Acórdão;https://consultaunificadapje.tse.jus.br/#/public/resultado/0600698-40.2026.6.00.0000
0600781-56.2026.6.00.0000;Lula;liminar mantida;unânime;;O Tribunal, por unanimidade, referendou a liminar parcialmente deferida anteriormente, nos termos do voto da relatora.;https://consultaunificadapje.tse.jus.br/consulta-publica-unificada/documento?extensaoArquivo=text/html&path=tse/2026/7/1/15/7/41/8c5ac9df0f79f74c8e77945791d8c47f62354612553c27734daad0dd46c34a7f;1a60fc9a8d954cc91271.html;8c5ac9df0f79f74c8e77945791d8c47f62354612553c27734daad0dd46c34a7f;Estela Aranha;Acórdão;https://consultaunificadapje.tse.jus.br/#/public/resultado/0600781-56.2026.6.00.0000
0600782-41.2026.6.00.0000;Lula;liminar mantida;unânime;;O Tribunal, por unanimidade, referendou a liminar parcialmente deferida anteriormente, nos termos do voto da relatora.;https://consultaunificadapje.tse.jus.br/consulta-publica-unificada/documento?extensaoArquivo=text/html&path=tse/2026/7/1/15/8/0/a62ab232bba89f7594583cb93caf6e056ce1b262168c7526fe9f2e03c1eb453c;77a7c21dad18b3bbc7d9.html;a62ab232bba89f7594583cb93caf6e056ce1b262168c7526fe9f2e03c1eb453c;Estela Aranha;Acórdão;https://consultaunificadapje.tse.jus.br/#/public/resultado/0600782-41.2026.6.00.0000
0600783-26.2026.6.00.0000;Lula;liminar mantida;unânime;;O Tribunal, por unanimidade, referendou a liminar parcialmente deferida anteriormente, nos termos do voto da relatora.;https://consultaunificadapje.tse.jus.br/consulta-publica-unificada/documento?extensaoArquivo=text/html&path=tse/2026/7/1/15/7/59/0e8ac62f7ef66fc9ae26e9fca32fd3b649e8c4a99446deb5b9c792a47ea7cd39;d0a23a20668ef3bd46c3.html;0e8ac62f7ef66fc9ae26e9fca32fd3b649e8c4a99446deb5b9c792a47ea7cd39;Estela Aranha;Acórdão;https://consultaunificadapje.tse.jus.br/#/public/resultado/0600783-26.2026.6.00.0000
0600785-93.2026.6.00.0000;Lula;liminar mantida;unânime;;O Tribunal, por unanimidade, referendou a liminar parcialmente deferida anteriormente, nos termos do voto da relatora.;https://consultaunificadapje.tse.jus.br/consulta-publica-unificada/documento?extensaoArquivo=text/html&path=tse/2026/7/1/15/7/42/5143060af2db62801b0f2bf1864a1a115d21e576bbce032ebbe886f8e6d95fc2;bb2e975078d583e52f71.html;5143060af2db62801b0f2bf1864a1a115d21e576bbce032ebbe886f8e6d95fc2;Estela Aranha;Acórdão;https://consultaunificadapje.tse.jus.br/#/public/resultado/0600785-93.2026.6.00.0000
0600950-43.2026.6.00.0000;Lula;liminar modificada;com divergência;André Mendonça | Dias Toffoli;"Prosseguindo com o julgamento, o Tribunal, por maioria, não referendou a decisão liminar e, com isso, deferiu o pedido liminar para que, no prazo de 24 horas, sob pena de multa diária, nos termos do § 4o do art. 38 da Res.-TSE no 23.610/2019, sejam removidas as publicações indicadas na petição inicial; Determinou, ainda, que os representados se abstenham de republicar ou difundir novamente o vídeo específico ora indicado ou conteúdos substancialmente idênticos; e que se oficie aos provedores de aplicação responsáveis pelo Facebook, TikTok, YouTube e Instagram para cumprimento da determinação judicial de remoção da publicação, no prazo de 24 horas, devendo informar a este Juízo sobre as providências tomadas, conforme o § 1o-B do art. 17 da Res.-TSE no 23.608/2019, sob pena de fixação de multa e outras medidas para o efetivo cumprimento desta decisão, nos termos do voto divergente da Ministra Estela Aranha, vencidos o Relator e o Ministro Dias Toffoli. Acompanharam integralmente a divergência os Ministros Antonio Carlos Ferreira, Ricardo Villas Bôas Cueva, Floriano de Azevedo Marques e Nunes Marques (Presidente). Redigirá o acórdão a Ministra Estela Aranha. Acórdão publicado em sessão.";https://consultaunificadapje.tse.jus.br/consulta-publica-unificada/documento?extensaoArquivo=text/html&path=tse/2026/9/9/1/25/13/288f0f99aa8b3d4ef8d3bd8fcff41adf3a380012e6a4cf822a2ba056e04d9e4a;5d2e3c4a91db66619cce.html;288f0f99aa8b3d4ef8d3bd8fcff41adf3a380012e6a4cf822a2ba056e04d9e4a;ANDRÉ MENDONÇA;Certidão de julgamento;https://consultaunificadapje.tse.jus.br/#/public/resultado/0600950-43.2026.6.00.0000
0600955-65.2026.6.00.0000;Lula;liminar sem revisão colegiada comprovada;não se aplica;;Ante o exposto, indefiro o pedido de tutela de urgência. 37. Submeta-se a presente decisão ao Plenário, inclusive por intermédio de sessão virtual, nos exatos termos do art. 2o da Portaria TSE no 235/2026. 38. Cite-se o representado para, querendo, apresentar defesa, no prazo legal. 39. Após, dê-se vista à Procuradoria-Geral Eleitoral. 40. Publique-se. Intimem-se. Brasília, 18 de junho de 2026. Ministro ANDRÉ MENDONÇA Relator;https://consultaunificadapje.tse.jus.br/consulta-publica-unificada/documento?extensaoArquivo=text/html&path=tse/2026/8/4/15/44/23/a84196aeeae49ba63853588ec7ae22ca2947e10620361632dec3320eea5fe8fc;7fe825645554887ab1a0.html;a84196aeeae49ba63853588ec7ae22ca2947e10620361632dec3320eea5fe8fc;;Decisão;https://consultaunificadapje.tse.jus.br/#/public/resultado/0600955-65.2026.6.00.0000
0600963-42.2026.6.00.0000;Flávio;liminar mantida;unânime;;O Tribunal, por unanimidade, referendou a decisão de indeferimento da liminar, nos termos do voto do relator. Juntou mídia de sustentação oral a Dra. Maria Claudia Bucchianeri Pinheiro, advogada do representante, Partido Liberal (PL) – Nacional.;https://consultaunificadapje.tse.jus.br/consulta-publica-unificada/documento?extensaoArquivo=text/html&path=tse/2026/8/13/16/32/14/885b323a8ff60a37635f4894078ba1999c124701a6de9c8e593762e526547de7;363d93dd1d9078ee97ae.html;885b323a8ff60a37635f4894078ba1999c124701a6de9c8e593762e526547de7;Nunes Marques;Acórdão;https://consultaunificadapje.tse.jus.br/#/public/resultado/0600963-42.2026.6.00.0000
0600966-94.2026.6.00.0000;Flávio;liminar sem revisão colegiada comprovada;não se aplica;;"Ante o exposto, defiro o pedido liminar para: (i) determinar a remoção, no prazo de 24 horas, sob pena de fixação de multa ou adoção de outras medidas para o efetivo cumprimento desta decisão, dos conteúdos veiculados nas URLs a seguir elencadas: - https://www.instagram.com/p/DZGLrW5PxF7/ - https://www.facebook.com/reel/1568473441358985 - https://www.instagram.com/reels/DZF74SgJDfp/ - https://www.facebook.com/reel/1661898884877773 - https://x.com/ptbrasil/status/2061906184278286431?s=20 - https://x.com/ptbrasil/status/2061906184278286431?s=20 - https://www.youtube.com/shorts/N2rL9bYni4Q - https://youtube.com/shorts/G90ISbzYZPk?si=RSEH15SKyu8iaSpm - https://www.tiktok.com/@ptbrasil/video/7646895579250953492 ; (ii) determinar que os representados se abstenham de republicar, difundir ou adulterar artificialmente o conteúdo objeto desta representação, sob pena de fixação de multa; e (iii) oficiar, com cópia integral desta decisão, aos provedores de aplicação responsáveis pelo “X”, TikTok, YouTube, Instagram e Facebook para que cumpram a determinação judicial de remoção das publicações, no prazo de 24 horas, devendo informar nestes autos as providências adotadas, nos termos dos arts. 17, § 1o-B, e 21, § 2o, da Resolução n. 23.608/2019/TSE e do art. 38, §§ 4o e 6o, da Resolução n. 23.610/2019/TSE, sob pena de fixação de multa ou outras medidas para o efetivo cumprimento desta decisão. 4. A ordem de remoção abrange as reproduções idênticas ou com modificações dos conteúdos pelos perfis dos representados e por qualquer outro perfil existente nas redes sociais, por meio de reestruturação, alterações de palavras ou outros artifícios, métodos ou técnicas para burlar sistemas automáticos de detecção de conteúdo duplicado ou para dificultar a verificação humana, conforme dispõe o art. 9o-E, VI, da Resolução n. 23.610/2019/TSE. 5. Submeta-se esta decisão, imediatamente, a referendo desta Corte Superior na sessão jurisdicional subsequente à sua assinatura, de acordo com o art. 2o da Portaria n. 235/2026/TSE. 6. Citem-se os representados para apresentarem defesa, nos termos do art. 18 da Resolução n. 23.608/2019/TSE. 7. Após, intime-se a Procuradoria-Geral Eleitoral para manifestação, à luz do art. 19 da Resolução n. 23.608/2019/TSE. 8. Intimem-se. 9. Publique-se. Brasília, 10 de setembro de 2026. Ministro NUNES MARQUES Presidente";https://consultaunificadapje.tse.jus.br/consulta-publica-unificada/documento?extensaoArquivo=text/html&path=tse/2026/9/26/16/28/32/4edab64f82e68090b802b6bd7411de327e564b92dd2a483f948b12b31b4a3c3e;860ed61135f694993bfb.html;4edab64f82e68090b802b6bd7411de327e564b92dd2a483f948b12b31b4a3c3e;;Decisão;https://consultaunificadapje.tse.jus.br/#/public/resultado/0600966-94.2026.6.00.0000
0600973-86.2026.6.00.0000;Lula;liminar modificada;com divergência;André Mendonça | Estela Aranha | Nunes Marques;Prosseguindo com o julgamento, o Tribunal, por maioria, não referendou a decisão que indeferiu o pedido de liminar e deferiu o pedido de tutela de urgência, determinando, no prazo de 24 horas, a remoção do conteúdo publicado na URLs: https://www.instagram.com/reels/DZHtuqpJvNG/, bem como a abstenção de republicação ou difusão do vídeo específico ou de conteúdos substancialmente idênticos, nos termos do voto divergente do Ministro Dias Toffoli, vencidos o relator, o Ministros André Mendonça e a Ministra Estela Aranha. Redigirá o acórdão o Ministro Dias Toffoli. Acórdão publicado em;https://consultaunificadapje.tse.jus.br/consulta-publica-unificada/documento?extensaoArquivo=text/html&path=tse/2026/9/17/18/30/7/48cf5eb1efd7140745dc8d6b525d4de40b0ac7f621dcbf1688f1b9715fbea644;bc5dc5b6895e8796f3ab.html;48cf5eb1efd7140745dc8d6b525d4de40b0ac7f621dcbf1688f1b9715fbea644;Relator(a) Min. Nunes Marques;Acórdão;https://consultaunificadapje.tse.jus.br/#/public/resultado/0600973-86.2026.6.00.0000
0600976-41.2026.6.00.0000;Lula;liminar mantida;unânime;;O Tribunal, por unanimidade, referendou a liminar parcialmente deferida anteriormente, nos termos do voto do relator.;https://consultaunificadapje.tse.jus.br/consulta-publica-unificada/documento?extensaoArquivo=text/html&path=tse/2026/6/30/14/49/5/c2e84d5d94a2f5f75af036c0efd5a750de0c5e76f2c90a6c86327b52905bbcf2;85c907321beed429a142.html;c2e84d5d94a2f5f75af036c0efd5a750de0c5e76f2c90a6c86327b52905bbcf2;André Mendonça;Acórdão;https://consultaunificadapje.tse.jus.br/#/public/resultado/0600976-41.2026.6.00.0000
0601014-53.2026.6.00.0000;Lula;decisão individual de mérito;não se aplica;;Ante o exposto, julgo improcedente a representação. 4. Intimem-se. 5. Publique-se. Brasília, 15 de setembro de 2026. Ministro NUNES MARQUES Presidente;https://consultaunificadapje.tse.jus.br/consulta-publica-unificada/documento?extensaoArquivo=text/html&path=tse/2026/9/26/16/28/33/b50bd64ae7437d397543d130af978c0828008aa17a8c11b03e8ab7ac556ff0bd;5f57b2acc87435c46ad7.html;b50bd64ae7437d397543d130af978c0828008aa17a8c11b03e8ab7ac556ff0bd;;Decisão;https://consultaunificadapje.tse.jus.br/#/public/resultado/0601014-53.2026.6.00.0000
0601015-38.2026.6.00.0000;Lula;liminar modificada;com divergência;André Mendonça;"O Tribunal, por maioria, não referendou integralmente a decisão liminar e, em consequência, deferiu parcialmente o pedido de tutela de urgência, exclusivamente quanto à propaganda eleitoral antecipada negativa decorrente da atribuição a Luiz Inácio Lula da Silva de atuação em favor ou para proteção do PCC e do Comando Vermelho, para: a) determinar que o representado, no prazo de 24 horas, torne indisponíveis ou remova as publicações veiculadas nos endereços eletrônicos contidos nos autos; b) determinar que o representado se abstenha de republicar ou difundir novamente as mídias ora analisadas, bem como conteúdos substancialmente idênticos que reproduzam a afirmação de que Luiz Inácio Lula da Silva realiza ou realizou ""lobby"" em favor ou para proteção do PCC e do Comando Vermelho, ou imputação de conteúdo equivalente que lhe atribua atuação pessoal em benefício dessas organizações criminosas, sem substrato fático mínimo, sob pena de multa a ser fixada em caso de descumprimento; e c) determinar seja oficiado o provedor de aplicação responsável pela plataforma X para que torne indisponíveis as publicações indicadas, no prazo de 24 horas, sob pena de multa, acompanhando o relator quando às demais manifestações impugnadas, nos termos do voto divergente do Ministro Ricardo Villas Bôas Cueva, vencido o Ministro André Mendonça (relator). Redigirá o acórdão o Ministro Ricardo Villas Bôas Cueva.";https://consultaunificadapje.tse.jus.br/consulta-publica-unificada/documento?extensaoArquivo=text/html&path=tse/2026/8/26/18/15/12/11d1357487a1cdead5b3772912df571170b8703f9a860c65783ff07a9f5056f6;f5a63d4127fe22284b54.html;11d1357487a1cdead5b3772912df571170b8703f9a860c65783ff07a9f5056f6;;Acórdão;https://consultaunificadapje.tse.jus.br/#/public/resultado/0601015-38.2026.6.00.0000
0601016-23.2026.6.00.0000;Lula;liminar modificada;com divergência;André Mendonça | Nunes Marques;"O Tribunal, por maioria, não referendou integralmente a decisão liminar e deferiu parcialmente a tutela de urgência para: a) determinar ao representado que, no prazo de 24 horas, torne indisponível ou remova a publicação veiculada no endereço eletrônico indicado na inicial; b) determinar que se abstenha de republicar ou difundir a mídia ora analisada, bem como conteúdo substancialmente idêntico que reproduza a afirmação de que Luiz Inácio Lula da Silva é ""defensor do PCC e do Comando Vermelho"", ou imputação equivalente que estabeleça associação pessoal entre o pré-candidato e essas organizações criminosas, sem substrato fático mínimo, sob pena de multa a ser fixada em caso de descumprimento; e c) determinar que se oficie ao provedor de aplicação responsável pela plataforma X para que proceda à remoção da publicação no prazo de 24 horas e informe a este Juízo as providências adotadas, nos termos do § 1o-B do art. 17 da Res.-TSE no 23.608/2019, acompanhando o relator quanto às demais manifestações impugnadas, nos termos do voto divergente do Ministro Ricardo Villas Bôas Cueva, vencidos os Ministros Nunes Marques e o Ministro André Mendonça. Acompanharam a divergência os Ministros Antonio Carlos Ferreira, Floriano de Azevedo Marques, Estela Aranha e Dias Toffoli. Redigirá o acórdão o Ministro Ricardo Villas Bôas Cueva.";https://consultaunificadapje.tse.jus.br/consulta-publica-unificada/documento?extensaoArquivo=text/html&path=tse/2026/8/24/17/59/20/71c70ea9c630e73023fc2fbdbddbd289e697dd5ca6dc70a1cab269ff86f1ef7f;a2a6d3db3c44deb80b77.html;71c70ea9c630e73023fc2fbdbddbd289e697dd5ca6dc70a1cab269ff86f1ef7f;;Acórdão;https://consultaunificadapje.tse.jus.br/#/public/resultado/0601016-23.2026.6.00.0000
0601048-28.2026.6.00.0000;Lula;liminar sem revisão colegiada comprovada;não se aplica;;"Ante o exposto, defiro parcialmente o pedido de tutela de urgência para: a) determinar ao Diretório Nacional do Partido Liberal – PL que cesse, no prazo de 24 horas, o impulsionamento pago do conteúdo indicado na inicial, veiculado nos perfis oficiais do partido no Instagram e/ou no Facebook, relativo ao vídeo intitulado “Os Rastros da Trilha do Master”, em que se associa Luiz Inácio Lula da Silva, o Partido dos Trabalhadores e agentes públicos ligados ao Governo Federal a controvérsias envolvendo o Banco Master, o INSS e supostos esquemas investigados ou noticiados publicamente, sob pena de multa diária a ser fixada; b) determinar ao representado que se abstenha de contratar novo impulsionamento pago do mesmo conteúdo ou de conteúdo substancialmente equivalente, em qualquer provedor de aplicação de internet, sob pena de multa diária a ser fixada, por anúncio impulsionado em descumprimento desta decisão; c) oficiar à plataforma Meta, com urgência, para que inative o impulsionamento indicado na inicial, caso ainda esteja ativo, especialmente o anúncio identificado na Biblioteca de Anúncios da Meta pelo ID 1025857499770560, bem como outros anúncios eventualmente vinculados ao mesmo conteúdo, preservados os dados relativos à contratação, ao valor despendido, ao período de veiculação, à segmentação e ao alcance do anúncio, para posterior instrução do feito. 40. A presente decisão não impede o representado de realizar críticas políticas ao Presidente da República, ao Governo Federal, à Federação representante, ao Partido dos Trabalhadores, a agentes públicos, ao Banco Master, ao INSS ou a quaisquer temas de interesse público, desde que não promova impulsionamento pago de conteúdo negativo contra adversário político, nos termos do art. 28, § 7o-A, da Resolução TSE no 23.610/2019. 41. Diante da conexão com a Representação no 0600950-43.2026.6.00.0000, certifique-se a existência daquele feito e promova-se a tramitação por dependência, sem prejuízo da autonomia da presente decisão quanto ao fundamento específico do impulsionamento pago. 42. Cite-se o representado para, querendo, apresentar defesa, no prazo legal. 43. Após, dê-se vista à Procuradoria-Geral Eleitoral. 44. Submeta-se a referendo pelo colegiado. 45. Publique-se. Intime-se com urgência. Brasília, 17 de agosto de 2026. Ministro ANDRÉ MENDONÇA Relator";https://consultaunificadapje.tse.jus.br/consulta-publica-unificada/documento?extensaoArquivo=text/html&path=tse/2026/8/17/17/45/24/bb6628ea185510c0eb76d0a358f7fefbd271ea4cb571c222e75d54f5c2ab10d6;a5d3d2fc1cc11313412f.html;bb6628ea185510c0eb76d0a358f7fefbd271ea4cb571c222e75d54f5c2ab10d6;;Decisão;https://consultaunificadapje.tse.jus.br/#/public/resultado/0601048-28.2026.6.00.0000
0601049-13.2026.6.00.0000;Lula;liminar mantida;unânime;;O Tribunal, por unanimidade, referendou a liminar anteriormente deferida, em parte, nos termos do voto do relator.;https://consultaunificadapje.tse.jus.br/consulta-publica-unificada/documento?extensaoArquivo=text/html&path=tse/2026/8/19/14/27/18/c28fb2748255b411bf7a6ed90cb8f1fca646a0cce2d25e9fcd71f0251bcdd96f;8519be5391365f0b3a51.html;c28fb2748255b411bf7a6ed90cb8f1fca646a0cce2d25e9fcd71f0251bcdd96f;André Mendonça;Acórdão;https://consultaunificadapje.tse.jus.br/#/public/resultado/0601049-13.2026.6.00.0000
0601053-50.2026.6.00.0000;Lula;liminar sem revisão colegiada comprovada;não se aplica;;Ante o exposto, indefiro o pedido de tutela de urgência. 31. Submeta-se a presente decisão ao Plenário, inclusive por intermédio de sessão virtual, nos exatos termos do art. 2o da Portaria TSE no 235/2026. 32. Cite-se o representado para, querendo, apresentar defesa, no prazo legal. 33. Após, dê-se vista à Procuradoria-Geral Eleitoral. 34. Publique-se. Intimem-se. Brasília, 23 de junho de 2026. Ministro ANDRÉ MENDONÇA Relator;https://consultaunificadapje.tse.jus.br/consulta-publica-unificada/documento?extensaoArquivo=text/html&path=tse/2026/8/4/15/44/17/eec2dcac42ec2bbae9836ba1901c149738b12697df01415c56862ed0ce0704f6;8ef2d5c85dac84147434.html;eec2dcac42ec2bbae9836ba1901c149738b12697df01415c56862ed0ce0704f6;;Decisão;https://consultaunificadapje.tse.jus.br/#/public/resultado/0601053-50.2026.6.00.0000
0601181-70.2026.6.00.0000;Flávio;liminar mantida;unânime;;O Tribunal, por unanimidade, referendou a liminar anteriormente indeferida, nos termos do voto do relator. Acórdão publicado em;https://consultaunificadapje.tse.jus.br/consulta-publica-unificada/documento?extensaoArquivo=text/html&path=tse/2026/9/11/14/22/13/e467e3501c49dfe375288acca854404886dd001ad1967c1b202164fa1cc74e6c;97d3a81d02ddac36fdad.html;e467e3501c49dfe375288acca854404886dd001ad1967c1b202164fa1cc74e6c;André Mendonça;Acórdão;https://consultaunificadapje.tse.jus.br/#/public/resultado/0601181-70.2026.6.00.0000
0601239-73.2026.6.00.0000;Lula;liminar sem revisão colegiada comprovada;não se aplica;;"Ante o exposto, defiro o pedido liminar para determinar, sob pena de fixação de multa e outras medidas para o efetivo cumprimento desta decisão: (i) a remoção, no prazo de 24 horas, do seguinte conteúdo publicado na internet, naplataforma Instagram, por meio daURL https://www.instagram.com/reels/DagZkfHpUA8/ , bem como das eventuais reproduções associadas; (ii) a abstenção de republicação do conteúdo objeto desta representação pelo representado; e (iii) que se oficie, com cópia integral desta decisão, ao provedor de aplicação responsável paraque cumpra adeterminação judicial de remoção da publicação, no prazo de 24 horas, devendo comprovar nestes autos as providências adotadas, nos termos dosarts. 17, § 1o-B, e 21, § 2o, da Resolução n. 23.608/2019/TSE e do art. 38, §§ 4o e 6o, da Resolução n. 23.610/2019/TSE. 4. Submeta-se esta decisão, imediatamente, a referendo desta Corte Superior na sessão jurisdicional subsequente à sua assinatura, de acordo com o art. 2o da Portaria n. 235/2026/TSE. 5. Cite-se o representado para apresentar defesa, nos termos do art. 18 da Resolução n. 23.608/2019/TSE. 6. Após, intime-se a Procuradoria-Geral Eleitoral para manifestação,nos termos do art. 19 da Resolução n. 23.608/2019/TSE. 7. Intimem-se. 8. Publique-se. Brasília, 6 de setembro de 2026. Ministro NUNES MARQUES Presidente";https://consultaunificadapje.tse.jus.br/consulta-publica-unificada/documento?extensaoArquivo=text/html&path=tse/2026/9/17/18/32/10/11ed9b69a761e7393d9058251b4979f3b0eb16bd2ad1198c76d2c3e536cd154c;5d3f79df1e04d2aa49a6.html;11ed9b69a761e7393d9058251b4979f3b0eb16bd2ad1198c76d2c3e536cd154c;;Decisão;https://consultaunificadapje.tse.jus.br/#/public/resultado/0601239-73.2026.6.00.0000
0601250-05.2026.6.00.0000;Lula;liminar mantida;unânime;;O Tribunal, por unanimidade, referendou a decisão que indeferiu o pedido liminar, nos termos do voto do relator. Acórdão publicado em;https://consultaunificadapje.tse.jus.br/consulta-publica-unificada/documento?extensaoArquivo=text/html&path=tse/2026/9/17/18/32/52/3c11968fada6b2e6b42817de329353bc59c4aedd57d87caf55b7c95bfb78acd8;8e2ff0c57ce298b416c5.html;3c11968fada6b2e6b42817de329353bc59c4aedd57d87caf55b7c95bfb78acd8;Nunes Marques;Acórdão;https://consultaunificadapje.tse.jus.br/#/public/resultado/0601250-05.2026.6.00.0000
0601274-33.2026.6.00.0000;Flávio;liminar mantida;unânime;;O Tribunal, por unanimidade, referendou a liminar anteriormente indeferida, nos termos do voto do relator.;https://consultaunificadapje.tse.jus.br/consulta-publica-unificada/documento?extensaoArquivo=text/html&path=tse/2026/9/11/14/23/9/9c98cd43873103c924c5c3cafdf3f9ebbc3678316483994289c22e8b13b20816;a1cbc27029bc5081b695.html;9c98cd43873103c924c5c3cafdf3f9ebbc3678316483994289c22e8b13b20816;André Mendonça;Acórdão;https://consultaunificadapje.tse.jus.br/#/public/resultado/0601274-33.2026.6.00.0000
0601303-83.2026.6.00.0000;Lula;liminar mantida;com divergência;Estela Aranha | Floriano de Azevedo Marques;O Tribunal, por maioria, referendou a liminar deferida parcialmente, nos termos do voto do Relator, vencidos os Ministros Floriano de Azevedo Marques e Estela Aranha. Acompanharam integralmente o Relator os Ministros André Mendonça, Dias Toffoli, Antonio Carlos Ferreira e Ricardo Villas Bôas Cueva. Acórdão publicado em sessão.;https://consultaunificadapje.tse.jus.br/consulta-publica-unificada/documento?extensaoArquivo=text/html&path=tse/2026/9/9/1/25/48/26241ed77fbe34599c955b261083ae1ccfe66407a12dc784944e050071b532dc;1c6cfdc48b89a572a068.html;26241ed77fbe34599c955b261083ae1ccfe66407a12dc784944e050071b532dc;NUNES MARQUES;Certidão de julgamento;https://consultaunificadapje.tse.jus.br/#/public/resultado/0601303-83.2026.6.00.0000
0601315-97.2026.6.00.0000;Lula;tutela decidida diretamente pelo colegiado;com divergência;Estela Aranha | Floriano de Azevedo Marques | Ricardo Villas Bôas Cueva;"O Tribunal, por maioria , indeferiu o pedido de tutela de urgência, vencidos os Ministros Ricardo Villas Bôas Cueva, Floriano de Azevedo Marques e Estela Aranha. Quanto à fixação da tese, o Tribunal, por maioria , fixou o seguinte: 1. Para os fins do art. 9o-C, § 1o, da Resolução n. 23.610/2019/TSE, a caracterização do deepfake pressupõe conteúdo sintético produzido ou manipulado mediante inteligência artificial ou tecnologia equivalente, dotado de grau de realismo ou verossimilhança e destinado a criar, reproduzir ou alterar imagem, voz ou manifestação de pessoa viva, falecida ou fictícia. A incidência da vedação ao emprego de deepfake prevista no art. 9o-C, § 1o, da Resolução n. 23.610/2019/TSE pressupõe a caracterização do conteúdo como propaganda eleitoral, vencidos os Ministros Ricardo Villas Bôas Cueva e Floriano de Azevedo Marques. 2. A transmissão de convenção partidária em plataforma digital não converte, por si só, manifestação de apoio político dirigida aos convencionais em propaganda eleitoral antecipada, devendo a natureza do ato comunicativo ser aferida a partir de seu conteúdo, linguagem, destinatários e contexto, nos termos do voto do Relator, com ajustes propostos pelo Ministro André Mendonça, vencidos os Ministros Ricardo Villas Bôas Cueva, Floriano de Azevedo Marques e Estela Aranha. Acompanham integralmente o Relator os Ministros André Mendonça, Dias Toffoli e Antonio Carlos Ferreira. Falaram: a) o Dr. Angelo Longo Ferraro pela representante Federação Brasil da Esperança (FÉ BRASIL) - Nacional e; b) a Dra. Maria Claudia Bucchianeri Pinheiro pelo representado Flávio Nantes Bolsonaro. Acórdão publicado em sessão.";https://consultaunificadapje.tse.jus.br/consulta-publica-unificada/documento?extensaoArquivo=text/html&path=tse/2026/9/1/22/26/17/976befd03bfb522f74b25d240f808158818419a60d96ba7363c590c3a2f926df;1631306fadd0e71fdf41.html;976befd03bfb522f74b25d240f808158818419a60d96ba7363c590c3a2f926df;NUNES MARQUES;Certidão de julgamento;https://consultaunificadapje.tse.jus.br/#/public/resultado/0601315-97.2026.6.00.0000
0601374-85.2026.6.00.0000;Flávio;liminar sem revisão colegiada comprovada;não se aplica;;"Ante o exposto, defiro o pedido liminar para: (i) determinar ao representado que remova, no prazo de 24 horas, sob pena de fixação de multa ou adoção de outras medidas destinadas ao efetivo cumprimento desta decisão, o conteúdo publicado na rede social Instagram, disponível na URL https://www.instagram.com/p/Da1skw6Dioy; https://www.instagram.com/p/Da1skw6Dioy (ii) determinar que o representado se abstenha de promover nova divulgação, novo compartilhamento ou republicação do mesmo conteúdo ou de conteúdo substancialmente idêntico, sob pena de multa diária a ser fixada em caso de descumprimento; (iii) intimar, com cópia integral desta decisão, o provedor de aplicação FACEBOOK SERVIÇOS ONLINE DO BRASIL LTDA., no endereço eletrônico indicado na inicial, para que a) preserve integralmente os dados relativos à publicação impugnada, b) informe, no prazo de 48 (quarenta e oito) horas, se houve impulsionamento, promoção ou ampliação remunerada de alcance e, c) caso a remoção não seja realizada pelo representado no prazo assinalado, proceda à indisponibilização da URL, nos termos dos arts. 17, § 1o-B, 21, § 2o, e 46-A da Resolução n. 23.608/2019/TSE; e (iv) oficiar a SECOM para que, no prazo de 3 (três) dias, informe a data de elaboração da nota; os servidores, setores, terceirizados ou agências envolvidos em sua redação, diagramação e produção; os respectivos custos; a autoridade ou unidade responsável por sua aprovação; os canais oficiais em que a nota ou as peças gráficas foram divulgadas, com as respectivas URLs, datas e horários; e a forma pela qual os arquivos foram encaminhados aos administradores do perfil @lulaoficial, apresentando, ainda, os arquivos originais e os metadados disponíveis. 4. Cite-se o representado para apresentar defesa, com base no art. 22, I, a , da Lei Complementar n. 64/1990. 5. Após, retornem-me os autos conclusos, nos termos do art. 47-B da Resolução n. 23.608/2019/TSE. 6. Intimem-se. 7. Publique-se. Brasília, 6 de setembro de 2026. Ministro NUNES MARQUES Presidente";https://consultaunificadapje.tse.jus.br/consulta-publica-unificada/documento?extensaoArquivo=text/html&path=tse/2026/9/17/18/32/10/aa9cdbdc93c7e70b606bf6d640e82bd6ddbb5b79987e38ae19ec686862fb66ac;394ee19100790fef0a13.html;aa9cdbdc93c7e70b606bf6d640e82bd6ddbb5b79987e38ae19ec686862fb66ac;;Decisão;https://consultaunificadapje.tse.jus.br/#/public/resultado/0601374-85.2026.6.00.0000
0601627-73.2026.6.00.0000;Flávio;liminar sem revisão colegiada comprovada;não se aplica;;"Ante o exposto, defiro parcialmente o pedido de tutela de urgência para: a) determinar ao PARTIDO DOS TRABALHADORES – DIRETÓRIO NACIONAL, à FEDERAÇÃO BRASIL DA ESPERANÇA – FE BRASIL e à COLIGAÇÃO “BRASIL PRONTO PRA MAIS” que promovam, no prazo de 24 (vinte e quatro) horas, caso esteja sob seu controle, a remoção do conteúdo veiculado na seguinte URL: https://x.com/ptbrasil/status/2085499437573390585 sob pena de multa diária a ser fixada em caso de descumprimento; b) determinar à X BRASIL INTERNET LTDA., pelo meio mais expedito, que promova, no prazo de 24 (vinte e quatro) horas contado de sua intimação, a indisponibilização da publicação hospedada na URL acima indicada, sob pena de multa diária a ser fixada em caso de descumprimento; c) indeferir, por ora, o pedido de remoção genérica de reproduções, republicações ou conteúdos “substancialmente equivalentes” veiculados em URLs não individualizadas, sem prejuízo de nova apreciação caso sejam indicadas publicações específicas que reproduzam o conteúdo reputado irregular; d) indeferir, por ora, a cientificação preventiva dos demais provedores de aplicação por intermédio do Centro Integrado de Enfrentamento à Desinformação e Defesa da Democracia – CIEDDE. 60. Citem-se os representados para, querendo, apresentarem defesa no prazo legal. 61. Intime-se, com urgência e pelo meio mais expedito, a X Brasil Internet Ltda. para cumprimento da ordem estabelecida. 62. Submeta-se a presente decisão ao Plenário, inclusive por intermédio de sessão virtual, nos exatos termos do art. 2o da Portaria TSE no 235/2026. 63. Após, dê-se vista à Procuradoria-Geral Eleitoral. 64. Publique-se. Intimem-se com urgência. Brasília, data registrada no sistema. Ministro ANDRÉ MENDONÇA Relator";https://consultaunificadapje.tse.jus.br/consulta-publica-unificada/documento?extensaoArquivo=text/html&path=tse/2026/8/28/19/7/28/ed5e957c6ac0004f25a099b32966b95f354e93c00bc4b0b8c234f17c9c813756;430020d56949094994b4.html;ed5e957c6ac0004f25a099b32966b95f354e93c00bc4b0b8c234f17c9c813756;;Decisão;https://consultaunificadapje.tse.jus.br/#/public/resultado/0601627-73.2026.6.00.0000
0601686-61.2026.6.00.0000;Flávio;liminar sem revisão colegiada comprovada;não se aplica;;"Ante o exposto, defiro parcialmente o pedido de tutela de urgência para: (i) determinar ao Partido dos Trabalhadores (PT) - Nacional a remoção, no prazo de 24 horas, das publicações veiculadas nas URLs https://www.instagram.com/reel/DcUWE06Nomg/ e https://x.com/ptbrasil/status/2090923053601403271, sob pena de fixação de multa ou adoção de outras medidas necessárias ao efetivo cumprimento desta decisão; (ii) determinar aos representados que se abstenham de republicar, reproduzir ou impulsionar o mesmo vídeo ou conteúdo substancialmente equivalente, em qualquer perfil sob seu controle, quando mantidas as imputações especificamente examinadas nesta decisão, sob pena de fixação de multa por publicação realizada em descumprimento desta ordem; (iii) oficiar, com cópia integral desta decisão, aos provedores de aplicação responsáveis pelas plataformas Instagram e X para que cumpram a determinação judicial de remoção das publicações, no prazo de 24 horas, caso ainda estejam disponíveis, e informem nestes autos as providências adotadas, nos termos dos arts. 17, § 1o-B, e 21, § 2o, da Resolução n. 23.608/2019/TSE e do art. 38, §§ 4o e 6o, da Resolução n. 23.610/2019/TSE; e (iv) indeferir, por ora, os pedidos de preservação genérica de registros eletrônicos e de cientificação preventiva ampla de outros provedores de aplicação por intermédio do Centro Integrado de Enfrentamento à Desinformação e Defesa da Democracia, sem prejuízo de nova apreciação caso sejam demonstradas replicações específicas, tentativa de burla, disseminação coordenada ou necessidade probatória concreta. 4. Submeta-se esta decisão, imediatamente, a referendo desta Corte Superior na sessão jurisdicional subsequente à sua assinatura, de acordo com o art. 2o da Portaria n. 235/2026/TSE. 5. Citem-se os representados para apresentarem defesa no prazo legal, nos termos do art. 18 da Resolução n. 23.608/2019/TSE. 6. Após, intime-se a Procuradoria-Geral Eleitoral para manifestação, à luz do art. 19 da Resolução n. 23.608/2019/TSE. 7. Intimem-se. 8. Publique-se. Brasília, 14 de setembro de 2026. Ministro NUNES MARQUES Presidente";https://consultaunificadapje.tse.jus.br/consulta-publica-unificada/documento?extensaoArquivo=text/html&path=tse/2026/9/17/18/32/43/b14156aa39ac5fc815c5ac45e54489dabb602cd8d59a90804902bf518900becc;18db3ebf0a775e92c14d.html;b14156aa39ac5fc815c5ac45e54489dabb602cd8d59a90804902bf518900becc;;Decisão;https://consultaunificadapje.tse.jus.br/#/public/resultado/0601686-61.2026.6.00.0000
0601690-98.2026.6.00.0000;Flávio;liminar mantida;unânime;;O Tribunal, por unanimidade, referendou a liminar parcialmente deferida, nos termos do voto do relator. Acórdão publicado em;https://consultaunificadapje.tse.jus.br/consulta-publica-unificada/documento?extensaoArquivo=text/html&path=tse/2026/9/11/14/22/49/bdb5bef2a4ed9440885b018f8c4ab943469293927a03e31335584aa2d3a1b8c0;b454673110353dde62a3.html;bdb5bef2a4ed9440885b018f8c4ab943469293927a03e31335584aa2d3a1b8c0;André Mendonça;Acórdão;https://consultaunificadapje.tse.jus.br/#/public/resultado/0601690-98.2026.6.00.0000
0601740-27.2026.6.00.0000;Flávio;liminar sem revisão colegiada comprovada;não se aplica;;"Ante o exposto: (i) indefiro o pedido de tutela de urgência, inclusive quanto às medidas inibitórias e à vedação de utilização ou reprodução da entrevista impugnada; (ii) defiro as diligências requeridas para fins de instrução probatória, determinando à Presidência da República e à Secretaria de Comunicação Social da Presidência da República (SECOM) que, no prazo de 5 (cinco) dias, prestem informações e apresentem, se existentes, os documentos correspondentes especificamente à entrevista concedida à Rede Record em 23 de agosto de 2026, esclarecendo: a) se houve participação de servidores públicos, empregados públicos, terceirizados ou empresas contratadas pela Administração na organização, preparação, produção ou acompanhamento da entrevista, com a respectiva individualização; b) se foram utilizados equipamentos, materiais, serviços ou quaisquer outros recursos públicos para captação, gravação, iluminação, sonorização, produção ou realização da entrevista; c) se houve preparação específica do ambiente ou disponibilização, pela Administração, de equipamentos ou pessoal para sua realização; d) se houve atuação da SECOM na preparação, produção ou organização da entrevista; e) se houve qualquer despesa direta ou indireta suportada pelo Erário especificamente em razão da produção da entrevista, para além dos serviços ordinariamente inerentes ao funcionamento e à segurança da residência oficial. Quanto à preservação da mídia integral e dos respectivos metadados, não identifico, neste momento, elemento concreto indicativo de risco de desaparecimento ou adulteração da prova que justifique medida cautelar específica, sem prejuízo de sua posterior requisição, caso necessária à instrução. 4. Intimem-se, com urgência, observando-se o art. 46-A da Resolução n. 23.608/2019/TSE. 5. Após, cite-se o representado para apresentar defesa no prazo de 5 (cinco) dias, com base no art. 22, I, a , da Lei Complementar n. 64/1990. 6. Após, retornem-me os autos conclusos. 7. Publique-se. Brasília, 18 de setembro de 2026. Ministro NUNES MARQUES Relator";https://consultaunificadapje.tse.jus.br/consulta-publica-unificada/documento?extensaoArquivo=text/html&path=tse/2026/9/26/16/28/20/60c81d6ab680a4913eea7823ea480d41d7e7690ecc7a1296d03c1c6b54952fec;31233d38f0f2cd5baf52.html;60c81d6ab680a4913eea7823ea480d41d7e7690ecc7a1296d03c1c6b54952fec;;Decisão;https://consultaunificadapje.tse.jus.br/#/public/resultado/0601740-27.2026.6.00.0000
0601749-86.2026.6.00.0000;Flávio;liminar mantida;unânime;;O Tribunal, por unanimidade, referendou a liminar parcialmente deferida, nos termos do voto do relator. Acórdão publicado em;https://consultaunificadapje.tse.jus.br/consulta-publica-unificada/documento?extensaoArquivo=text/html&path=tse/2026/9/16/17/55/20/aa543a228e7772850c79dd980631f43aa69642ef47589ec6eddbe30af46ffdaf;bab55c0e98d1ddcc2bd7.html;aa543a228e7772850c79dd980631f43aa69642ef47589ec6eddbe30af46ffdaf;André Mendonça;Acórdão;https://consultaunificadapje.tse.jus.br/#/public/resultado/0601749-86.2026.6.00.0000
0601755-93.2026.6.00.0000;Flávio;liminar mantida;unânime;;O Tribunal, por unanimidade, referendou a liminar anteriormente deferida, nos termos do voto da relatora. Juntou mídia de sustentação oral (ID 178614484), o Dr. Miguel Filipi Pimentel Novaes, advogado dos representados Luiz Inácio Lula da Silva e Coligação Brasil Pronto Pra Mais. Acórdão publicado em;https://consultaunificadapje.tse.jus.br/consulta-publica-unificada/documento?extensaoArquivo=text/html&path=tse/2026/9/11/18/7/58/310e0c24078156baa32335b9e2cf16ded13645b0adaa9df3f1996afd9c8372a3;7c470cef2afc5eb1791c.html;310e0c24078156baa32335b9e2cf16ded13645b0adaa9df3f1996afd9c8372a3;Estela Aranha;Acórdão;https://consultaunificadapje.tse.jus.br/#/public/resultado/0601755-93.2026.6.00.0000
0601763-70.2026.6.00.0000;Flávio;liminar mantida;unânime;;O Tribunal, por unanimidade, referendou a liminar parcialmente deferida, nos termos do voto da relatora. Acórdão publicado em;https://consultaunificadapje.tse.jus.br/consulta-publica-unificada/documento?extensaoArquivo=text/html&path=tse/2026/9/14/18/35/52/ac51cbe2a15913ced9ff7a6250a3f52a8d4a87c3c8754f9faca601c1b96733cb;5a5edc66ddd183cfb2d3.html;ac51cbe2a15913ced9ff7a6250a3f52a8d4a87c3c8754f9faca601c1b96733cb;Estela Aranha;Acórdão;https://consultaunificadapje.tse.jus.br/#/public/resultado/0601763-70.2026.6.00.0000
0601765-40.2026.6.00.0000;Flávio;liminar sem revisão colegiada comprovada;não se aplica;;Ante o exposto, indefiro o pedido liminar. Citem-se nos termos do art. 18 da Res.-TSE no 23.608/2019. Após, à PGE , conforme art. 19 da Res.-TSE no 23.608/2019. Submeta-se a presente decisão ao Plenário, inclusive por intermédio de sessão virtual, nos exatos termos do art. 2o da Portaria TSE no 235/2026. Por fim, torne o feito concluso. Publique-se. Intimem-se. Brasília/DF, data conforme consta na assinatura digital. Ministra ESTELA ARANHA Relatora;https://consultaunificadapje.tse.jus.br/consulta-publica-unificada/documento?extensaoArquivo=text/html&path=tse/2026/9/11/18/7/13/f627ecd441ca1f663a25967f5fb1fdad5cd92d217e9d0ce60853a5a806629bd6;403ac9f71f51d1644785.html;f627ecd441ca1f663a25967f5fb1fdad5cd92d217e9d0ce60853a5a806629bd6;;Decisão;https://consultaunificadapje.tse.jus.br/#/public/resultado/0601765-40.2026.6.00.0000
0601767-10.2026.6.00.0000;Flávio;liminar mantida;unânime;;O Tribunal, por unanimidade, referendou a liminar anteriormente indeferida, nos termos do voto do Relator. Acompanharam o Relator os Ministros André Mendonça, Dias Toffoli, Antonio Carlos Ferreira, Ricardo Villas Bôas Cueva, Floriano de Azevedo Marques e Estela Aranha. Acórdão publicado em sessão.;https://consultaunificadapje.tse.jus.br/consulta-publica-unificada/documento?extensaoArquivo=text/html&path=tse/2026/9/9/1/29/12/50b94a3773ca927d392c0e5ca4d9a5631e0d23a9aca0e5df45024c65d2a80b13;7218d95fa2fa68ea65ee.html;50b94a3773ca927d392c0e5ca4d9a5631e0d23a9aca0e5df45024c65d2a80b13;NUNES MARQUES;Certidão de julgamento;https://consultaunificadapje.tse.jus.br/#/public/resultado/0601767-10.2026.6.00.0000
0601768-92.2026.6.00.0000;Flávio;liminar mantida;unânime;;O Tribunal, por unanimidade, referendou a decisão que indeferiu liminar, nos termos do voto do Relator. Acompanharam o Relator os Ministros André Mendonça, Dias Toffoli, Antonio Carlos Ferreira, Ricardo Villas Bôas Cueva, Floriano de Azevedo Marques e Estela Aranha. Acórdão publicado em sessão.;https://consultaunificadapje.tse.jus.br/consulta-publica-unificada/documento?extensaoArquivo=text/html&path=tse/2026/9/9/1/26/18/7b9e6abd03c8b6dc5f530b3776aca8fc33182e76bc96c681a8fb8fb461d5b49d;9e4944d3314105ec7eec.html;7b9e6abd03c8b6dc5f530b3776aca8fc33182e76bc96c681a8fb8fb461d5b49d;NUNES MARQUES;Certidão de julgamento;https://consultaunificadapje.tse.jus.br/#/public/resultado/0601768-92.2026.6.00.0000
0601773-17.2026.6.00.0000;Lula;decisão individual de mérito;não se aplica;;"Ante o exposto, julgo extinto o processo, sem resolução do mérito, no tocante aos itens (i), (ii), (iv), (v) e (viii), com fundamento no art. 485, VI, do CPC; e improcedente o pedido quanto aos itens (iii), (vi) e (vii). É como voto. Brasília, 14 de setembro de 2026. Ministro NUNES MARQUES Presidente";https://consultaunificadapje.tse.jus.br/consulta-publica-unificada/documento?extensaoArquivo=text/html&path=tse/2026/9/26/16/28/19/37d1ec491f1915d73feb2fecbfe2ec99216add4df6cee887fe88072054e8d674;bbc8806131d2ec5fa4f0.html;37d1ec491f1915d73feb2fecbfe2ec99216add4df6cee887fe88072054e8d674;;Decisão;https://consultaunificadapje.tse.jus.br/#/public/resultado/0601773-17.2026.6.00.0000
0601786-16.2026.6.00.0000;Flávio;liminar sem revisão colegiada comprovada;não se aplica;;Ante o exposto, defiro o pedido liminar para suspender a veiculação da inserção e do programa de rádio impugnados (“Foi o Flávio Bolsonaro”), até o julgamento do pedido principal desta representação, nos termos dos arts. 4o, parágrafo único, e 21 da Resolução n. 23.608/2019/TSE. 4. Os representados ficam proibidos de efetuar nova divulgação da propaganda apontada como irregular. 5. Comunique-se imediatamente ao pool de emissoras para o cumprimento desta decisão e a adoção das demais medidas necessárias, conforme o art. 21, § 2o, da Resolução n. 23.608/2019/TSE. 6. Citem-se os representados para apresentarem defesa, nos termos do art. 18 da Resolução n. 23.608/2019/TSE. 7. Após, intime-se o Ministério Público Eleitoral para manifestação, à luz do art. 19 da Resolução n. 23.608/2019/TSE. 8. Submeta-se a presente decisão a referendo do Plenário deste Tribunal Superior, inclusive por meio de sessão virtual, nos termos do art. 2o da Portaria n. 235/2026/TSE. 9. Publique-se. Brasília, 22 de setembro de 2026. Ministro NUNES MARQUES Presidente;https://consultaunificadapje.tse.jus.br/consulta-publica-unificada/documento?extensaoArquivo=text/html&path=tse/2026/9/26/16/29/34/579875cab6b5bc96fbc613fbab465339d0bb1fc8412c39c3e17964bb6ad0c415;4d35da37a7b51bd674a3.html;579875cab6b5bc96fbc613fbab465339d0bb1fc8412c39c3e17964bb6ad0c415;;Decisão;https://consultaunificadapje.tse.jus.br/#/public/resultado/0601786-16.2026.6.00.0000
0601806-07.2026.6.00.0000;Flávio;liminar sem revisão colegiada comprovada;não se aplica;;"Ante o exposto, defiro parcialmente o pedido de tutela de urgência para: (i) determinar aos representados que, no prazo de 24 horas, retirem da publicação de ID 177501491, disponível na URL https://opiordosbolsonaros.com.br/rachadinha-milicia-corrupcao.html#conteudo, o título “Flávio Bolsonaro: uma trajetória de rachadinha, milícia e corrupção”, bem como as chamadas de acesso que reproduzam essa formulação; (ii) proibir os representados de promover nova divulgação da formulação indicada no item (i) ou de chamada que reproduza a mesma associação pessoal do representante à milícia e à corrupção, em outro endereço eletrônico ou por meio de outra página sob seu controle; (iii) esclarecer que a ordem não impede a divulgação, nos limites de seu suporte factual, de referências à investigação conhecida como “rachadinha” e ao respectivo arquivamento, a homenagens, a relações políticas, a investigações, a pessoas mencionadas na matéria ou a temas relacionados à milícia e à corrupção, desde que não seja reproduzida a associação pessoal especificamente delimitada nesta decisão; e (iv) indeferir o pedido de tutela de urgência quanto às publicações intituladas “Flávio: Protagonista do maior escândalo de corrupção da história” e “Flávio é traidor da pátria e quer vender o Brasil para os EUA”, bem como, por ora, o pedido de remoção integral das três publicações, de todo o conteúdo a elas relacionado e de suspensão da resolução do domínio “opiordosbolsonaros.com.br”. 4. Submeta-se esta decisão, imediatamente, a referendo desta Corte Superior na sessão jurisdicional subsequente à sua assinatura, de acordo com o art. 2o da Portaria n. 235/2026/TSE. 5. Citem-se os representados para apresentarem defesa, nos termos do art. 18 da Resolução n. 23.608/2019/TSE. 6. Após, intime-se a Procuradoria-Geral Eleitoral para manifestação, à luz do art. 19 da Resolução n. 23.608/2019/TSE. 7. Intimem-se. 8. Publique-se. Brasília, 24 de setembro de 2026. Ministro NUNES MARQUES Presidente";https://consultaunificadapje.tse.jus.br/consulta-publica-unificada/documento?extensaoArquivo=text/html&path=tse/2026/9/26/16/28/26/3e2ae78fd6d82cf040350c7c420071a0ce70035b3a8041353105b5bcd62f7630;f9ba18639bf8b8f80f6d.html;3e2ae78fd6d82cf040350c7c420071a0ce70035b3a8041353105b5bcd62f7630;;Decisão;https://consultaunificadapje.tse.jus.br/#/public/resultado/0601806-07.2026.6.00.0000
0601817-36.2026.6.00.0000;Flávio;decisão individual de mérito;não se aplica;;"Ante o exposto, julgo parcialmente procedente o pedido para: (i) indeferir o direito de resposta quanto às publicações intituladas “Flávio: Protagonista do maior escândalo de corrupção da história” e “Flávio é traidor da pátria e quer vender o Brasil para os EUA”; (ii) deferir o direito de resposta quanto à publicação intitulada “Flávio Bolsonaro: uma trajetória de rachadinha, milícia e corrupção”, restrito à associação pessoal da trajetória do requerente à milícia e à corrupção, nos limites estabelecidos na fundamentação; e (iii) determinar ao requerente que, no prazo de 24 horas, apresente o texto da resposta que pretende ver divulgado, observados os limites fixados nesta decisão. 4. Apresentado o texto, intimem-se os requeridos para manifestação específica sobre seu conteúdo, no prazo de 1 (um) dia. 5. Após, venham os autos conclusos para exame e aprovação do texto da resposta e prolação de decisão integrativa destinada à definição das condições de sua veiculação, inclusive do período de permanência da resposta, observados os critérios previstos no art. 32, IV, “e” e “f”, da Resolução n. 23.608/2019/TSE. 6. Intimem-se. 7. Publique-se. Brasília, 26 de setembro de 2026. Ministro NUNES MARQUES Presidente";https://consultaunificadapje.tse.jus.br/consulta-publica-unificada/documento?extensaoArquivo=text/html&path=tse/2026/9/28/18/11/45/2dcef3544e4ff72280c79e9699a401990a35889be5e94313636d638e253ccec5;cd9f4a1448cd11ebec69.html;2dcef3544e4ff72280c79e9699a401990a35889be5e94313636d638e253ccec5;;Decisão;https://consultaunificadapje.tse.jus.br/#/public/resultado/0601817-36.2026.6.00.0000
0601845-04.2026.6.00.0000;Flávio;liminar sem revisão colegiada comprovada;não se aplica;;"Ante o exposto, indefiro o pedido liminar. Com a inicial do pedido do direito de resposta envolvendo propaganda em inserções, não há a necessidade de a parte trazer aos autos a mídia final da resposta, mas deve juntar, sob pena de extinção da ação, ao menos o texto da resposta que pretende veicular (AgR-Pet n° 468-04/DF, Rel. Min. Luciana Lóssio, DJe de 22.10.2014; RP n° 686, Rel. Min Gilmar Mendes, DJ de 2.12.2005). Intime-se a parte autora para cumprimento, em 24 horas. Com a juntada do texto da resposta, citem-se os requeridos para, querendo, apresentar defesa, nos termos do art. 33 da Res.-TSE no 23.608/2019. Após o transcurso do prazo, com ou sem resposta, intime-se a Procuradoria-Geral Eleitoral para emissão de parecer, nos termos do § 1o do art. 33 da Res.-TSE no 23.608/2019. Submeta-se a presente decisão ao Plenário, inclusive por intermédio de sessão virtual, nos exatos termos do art. 2o da Portaria TSE no 235/2026. Publique-se em mural. Intime-se. Brasília/DF, data conforme consta na assinatura digital. Ministra ESTELA ARANHA Relatora";https://consultaunificadapje.tse.jus.br/consulta-publica-unificada/documento?extensaoArquivo=text/html&path=tse/2026/9/11/19/14/51/af0c1ad5a381ab2a74690d9034f18560a3a692d45b4501df1ac260f0743997cb;43538ab7639b2c109b4f.html;af0c1ad5a381ab2a74690d9034f18560a3a692d45b4501df1ac260f0743997cb;;Decisão;https://consultaunificadapje.tse.jus.br/#/public/resultado/0601845-04.2026.6.00.0000
0601849-41.2026.6.00.0000;Lula;liminar sem revisão colegiada comprovada;não se aplica;;Ante o exposto, indefiro o pedido de tutela provisória de urgência . 4. Submeta-se esta decisão imediatamente ao referendo do Plenário, nos termos do art. 2o da Portaria n. 235/2026/TSE. 5. Intime-se a representante para que, no prazo de 1 (um) dia, regularize a instrução do feito, mediante a juntada da mídia correspondente à propaganda eleitoral gratuita veiculada na televisão em 1o de setembro de 2026, objeto do presente pedido, acompanhada da respectiva transcrição, nos termos do art. 32, III, “b”, da Resolução n. 23.608/2019/TSE. 6. Cumprida a diligência, providencie-se a imediata citação dos representados, preferencialmente por meio eletrônico, para apresentarem defesa no prazo de 1 (um) dia, nos termos do art. 33 da Resolução n. 23.608/2019/TSE. 7. Findo o prazo de defesa, intime-se a Procuradoria-Geral Eleitoral para a emissão de parecer no prazo de 1 (um) dia, conforme o § 1o do referido dispositivo. 8. Transcorrido o prazo, com ou sem parecer, voltem os autos imediatamente conclusos, observado o art. 33, § 2o, da Resolução n. 23.608/2019/TSE. 9. Intimem-se. 10. Publique-se. Brasília, 14 de setembro de 2026. Ministro NUNES MARQUES Presidente;https://consultaunificadapje.tse.jus.br/consulta-publica-unificada/documento?extensaoArquivo=text/html&path=tse/2026/9/17/18/32/38/237045e56b306b0c58feb51adcaafc576b0c34df383cea3ec72c6bee353859f5;a2d936234700d31f6889.html;237045e56b306b0c58feb51adcaafc576b0c34df383cea3ec72c6bee353859f5;;Decisão;https://consultaunificadapje.tse.jus.br/#/public/resultado/0601849-41.2026.6.00.0000
0601850-26.2026.6.00.0000;Lula;liminar sem revisão colegiada comprovada;não se aplica;;Ante o exposto, indefiro o pedido de tutela provisória de urgência . 4. Submeta-se esta decisão imediatamente ao referendo do Plenário, nos termos do art. 2o da Portaria n. 235/2026/TSE. 5. Providencie-se a imediata citação dos requeridos ou, se for o caso, de seus advogados com poderes específicos para recebê-la, preferencialmente por meio eletrônico, para apresentarem defesa no prazo de 1 (um) dia, nos termos do art. 33 da Resolução n. 23.608/2019/TSE. 6. Findo o prazo de defesa, intime-se a Procuradoria-Geral Eleitoral para emissão de parecer no prazo de 1 (um) dia, nos termos do art. 33, § 1o, da Resolução n. 23.608/2019/TSE. 7. Transcorrido o prazo, com ou sem parecer, voltem os autos imediatamente conclusos, observado o art. 33, § 2o, da Resolução n. 23.608/2019/TSE. 8. Intimem-se. 9. Publique-se. Brasília, 14 de setembro de 2026. Ministro NUNES MARQUES Presidente;https://consultaunificadapje.tse.jus.br/consulta-publica-unificada/documento?extensaoArquivo=text/html&path=tse/2026/9/17/18/32/39/5fc95b5e6e65ebb0672b961b12238b8852ea17e4756bfad9feafdc25d32ded67;a8125aee7826a75e7d9e.html;5fc95b5e6e65ebb0672b961b12238b8852ea17e4756bfad9feafdc25d32ded67;;Decisão;https://consultaunificadapje.tse.jus.br/#/public/resultado/0601850-26.2026.6.00.0000
0601862-40.2026.6.00.0000;Lula;liminar sem revisão colegiada comprovada;não se aplica;;Ante o exposto, indefiro o pedido de tutela provisória de urgência . 4. Submeta-se esta decisão imediatamente ao referendo do Plenário, nos termos do art. 2o da Portaria n. 235/2026/TSE. 5. Intime-se a representante para que, no prazo de 1 (um) dia, regularize a instrução do feito, mediante a juntada de mídia que permita aferir que a propaganda objeto do pedido corresponde àquela efetivamente veiculada no horário eleitoral gratuito na televisão, na data e no horário indicados na petição inicial, nos termos do art. 32, III, b , da Resolução n. 23.608/2019/TSE. 6. Cumprida a diligência, providencie-se a imediata citação dos representados, preferencialmente por meio eletrônico, para apresentarem defesa no prazo de 1 (um) dia, nos termos do art. 33 da Resolução n. 23.608/2019/TSE. 7. Findo o prazo de defesa, intime-se a Procuradoria-Geral Eleitoral para a emissão de parecer no prazo de 1 (um) dia, conforme o § 1o do referido dispositivo. 8. Transcorrido o prazo, com ou sem parecer, voltem os autos imediatamente conclusos, observado o art. 33, § 2o, da Resolução n. 23.608/2019/TSE. 9. Intimem-se. 10. Publique-se. Brasília, 14 de setembro de 2026. Ministro NUNES MARQUES Presidente;https://consultaunificadapje.tse.jus.br/consulta-publica-unificada/documento?extensaoArquivo=text/html&path=tse/2026/9/17/18/32/39/443913c44db933050f010ad31d0ff1c6554eca4abc1383baa28bf6f42f6c4bdf;f3545fc889782ece1cce.html;443913c44db933050f010ad31d0ff1c6554eca4abc1383baa28bf6f42f6c4bdf;;Decisão;https://consultaunificadapje.tse.jus.br/#/public/resultado/0601862-40.2026.6.00.0000
0601866-77.2026.6.00.0000;Flávio;liminar sem revisão colegiada comprovada;não se aplica;;Ante o exposto, indefiro o pedido liminar. Citem-se nos termos do art. 18 da Res.-TSE no 23.608/2019. Após, à PGE , conforme art. 19 da Res.-TSE no 23.608/2019. Submeta-se a presente decisão ao Plenário, inclusive por intermédio de sessão virtual, nos exatos termos do art. 2o da Portaria TSE no 235/2026. Por fim, torne o feito concluso. Publique-se. Intimem-se. Brasília/DF, data conforme consta na assinatura digital. Ministra ESTELA ARANHA Relatora;https://consultaunificadapje.tse.jus.br/consulta-publica-unificada/documento?extensaoArquivo=text/html&path=tse/2026/9/11/19/14/38/1af5d17ef1aa24df6b021f629f8ed7e233dd739217ad3b382639180c9b42d335;5c68d33f4195648b2ee5.html;1af5d17ef1aa24df6b021f629f8ed7e233dd739217ad3b382639180c9b42d335;;Decisão;https://consultaunificadapje.tse.jus.br/#/public/resultado/0601866-77.2026.6.00.0000
0601868-47.2026.6.00.0000;Flávio;liminar sem revisão colegiada comprovada;não se aplica;;"Ante o exposto, indefiro o pedido liminar. Com a inicial do pedido do direito de resposta envolvendo propaganda em TV, não há a necessidade de a parte trazer aos autos a mídia final da resposta, mas deve juntar, sob pena de extinção da ação, ao menos o texto da resposta que pretende veicular (AgR-Pet n° 468-04/DF, Rel. Min. Luciana Lóssio, DJe de 22.10.2014; RP n° 686, Rel. Min Gilmar Mendes, DJ de 2.12.2005). Intime-se a parte autora para cumprimento, em 24 horas. Com a juntada do texto da resposta, citem-se os requeridos para, querendo, apresentar defesa, nos termos do art. 33 da Res.-TSE no 23.608/2019. Após o transcurso do prazo, com ou sem resposta, intime-se a Procuradoria-Geral Eleitoral para emissão de parecer, nos termos do § 1o do art. 33 da Res.-TSE no 23.608/2019. Submeta-se a presente decisão ao Plenário, inclusive por intermédio de sessão virtual, nos exatos termos do art. 2o da Portaria TSE no 235/2026. Publique-se em mural. Intime-se. Brasília/DF, data conforme consta na assinatura digital. Ministra ESTELA ARANHA Relatora";https://consultaunificadapje.tse.jus.br/consulta-publica-unificada/documento?extensaoArquivo=text/html&path=tse/2026/9/11/19/14/51/9918829b5a5bd1ea5db2326b6abddad045d7e09c583860d9dd0ead6de829fb35;3256429d5485e97f7dd5.html;9918829b5a5bd1ea5db2326b6abddad045d7e09c583860d9dd0ead6de829fb35;;Decisão;https://consultaunificadapje.tse.jus.br/#/public/resultado/0601868-47.2026.6.00.0000
0601871-02.2026.6.00.0000;Flávio;liminar sem revisão colegiada comprovada;não se aplica;;Ante o exposto, indefiro o pedido liminar. Citem-se nos termos do art. 18 da Res.-TSE no 23.608/2019. Após, à PGE , conforme art. 19 da Res.-TSE no 23.608/2019. Submeta-se a presente decisão ao Plenário, inclusive por intermédio de sessão virtual, nos exatos termos do art. 2o da Portaria TSE no 235/2026. Por fim, torne o feito concluso. Publique-se. Intimem-se. Brasília/DF, data conforme consta na assinatura digital. Ministra ESTELA ARANHA Relatora;https://consultaunificadapje.tse.jus.br/consulta-publica-unificada/documento?extensaoArquivo=text/html&path=tse/2026/9/11/19/14/57/bcc3f8c19cb9e0100cc5d20cf93e7146d930bfdbc5620ba58a5a3f803b3d6635;1e2e7a51fc6a8e9a7cbf.html;bcc3f8c19cb9e0100cc5d20cf93e7146d930bfdbc5620ba58a5a3f803b3d6635;;Decisão;https://consultaunificadapje.tse.jus.br/#/public/resultado/0601871-02.2026.6.00.0000
0601872-84.2026.6.00.0000;Flávio;liminar sem revisão colegiada comprovada;não se aplica;;Ante o exposto, indefiro o pedido liminar. Citem-se nos termos do art. 18 da Res.-TSE no 23.608/2019. Após, à PGE , conforme art. 19 da Res.-TSE no 23.608/2019. Submeta-se a presente decisão ao Plenário, inclusive por intermédio de sessão virtual, nos exatos termos do art. 2o da Portaria TSE no 235/2026. Por fim, torne o feito concluso. Publique-se. Intimem-se. Brasília/DF, data conforme consta na assinatura digital. Ministra ESTELA ARANHA Relatora;https://consultaunificadapje.tse.jus.br/consulta-publica-unificada/documento?extensaoArquivo=text/html&path=tse/2026/9/11/19/14/52/079a1805400956f0fd4911c76d887a8bdc25833c81102b408adc2c924c134629;0152c283c5bd40d3ff56.html;079a1805400956f0fd4911c76d887a8bdc25833c81102b408adc2c924c134629;;Decisão;https://consultaunificadapje.tse.jus.br/#/public/resultado/0601872-84.2026.6.00.0000
0601876-24.2026.6.00.0000;Flávio;liminar sem revisão colegiada comprovada;não se aplica;;"Ante o exposto, indefiro o pedido liminar. Com a inicial do pedido do direito de resposta envolvendo propaganda em inserções, não há a necessidade de a parte trazer aos autos a mídia final da resposta, mas deve juntar, sob pena de extinção da ação, ao menos o texto da resposta que pretende veicular (AgR-Pet n° 468-04/DF, Rel. Min. Luciana Lóssio, DJe de 22.10.2014; RP n° 686, Rel. Min Gilmar Mendes, DJ de 2.12.2005). Intime-se a parte autora para cumprimento, em 24 horas. Com a juntada do texto da resposta, citem-se os requeridos para, querendo, apresentar defesa, nos termos do art. 33 da Res.-TSE no 23.608/2019. Após o transcurso do prazo, com ou sem resposta, intime-se a Procuradoria-Geral Eleitoral para emissão de parecer, nos termos do § 1o do art. 33 da Res.-TSE no 23.608/2019. Submeta-se a presente decisão ao Plenário, inclusive por intermédio de sessão virtual, nos exatos termos do art. 2o da Portaria TSE no 235/2026. Publique-se em mural. Intime-se. Brasília/DF, data conforme consta na assinatura digital. Ministra ESTELA ARANHA Relatora";https://consultaunificadapje.tse.jus.br/consulta-publica-unificada/documento?extensaoArquivo=text/html&path=tse/2026/9/11/19/14/56/4096e27ffffb91e96b30ec51bf8f7b012e8791de2bf9b6b8408fa0f0f3660477;a5740936fe05d00ae517.html;4096e27ffffb91e96b30ec51bf8f7b012e8791de2bf9b6b8408fa0f0f3660477;;Decisão;https://consultaunificadapje.tse.jus.br/#/public/resultado/0601876-24.2026.6.00.0000
0601877-09.2026.6.00.0000;Flávio;liminar sem revisão colegiada comprovada;não se aplica;;"Ante o exposto, indefiro o pedido liminar. Com a inicial do pedido do direito de resposta envolvendo propaganda em inserções, não há a necessidade de a parte trazer aos autos a mídia final da resposta, mas deve juntar, sob pena de extinção da ação, ao menos o texto da resposta que pretende veicular (AgR-Pet n° 468-04/DF, Rel. Min. Luciana Lóssio, DJe de 22.10.2014; RP n° 686, Rel. Min Gilmar Mendes, DJ de 2.12.2005). Intime-se a parte autora para cumprimento, em 24 horas. Com a juntada do texto da resposta, citem-se os requeridos para, querendo, apresentar defesa, nos termos do art. 33 da Res.-TSE no 23.608/2019. Após o transcurso do prazo, com ou sem resposta, intime-se a Procuradoria-Geral Eleitoral para emissão de parecer, nos termos do § 1o do art. 33 da Res.-TSE no 23.608/2019. Submeta-se a presente decisão ao Plenário, inclusive por intermédio de sessão virtual, nos exatos termos do art. 2o da Portaria TSE no 235/2026. Publique-se em mural. Intime-se. Brasília/DF, data conforme consta na assinatura digital. Ministra ESTELA ARANHA Relatora";https://consultaunificadapje.tse.jus.br/consulta-publica-unificada/documento?extensaoArquivo=text/html&path=tse/2026/9/11/19/14/57/3622136d63c17b8cc76780968e40ccf7f84856011d9825ba1658952736271e43;e43b00a1b1b281ea900a.html;3622136d63c17b8cc76780968e40ccf7f84856011d9825ba1658952736271e43;;Decisão;https://consultaunificadapje.tse.jus.br/#/public/resultado/0601877-09.2026.6.00.0000
0601878-91.2026.6.00.0000;Flávio;liminar sem revisão colegiada comprovada;não se aplica;;"Ante o exposto, indefiro o pedido liminar. Com a inicial do pedido do direito de resposta envolvendo propaganda em inserções, não há a necessidade de a parte trazer aos autos a mídia final da resposta, mas deve juntar, sob pena de extinção da ação, ao menos o texto da resposta que pretende veicular (AgR-Pet n° 468-04/DF, Rel. Min. Luciana Lóssio, DJe de 22.10.2014; RP n° 686, Rel. Min Gilmar Mendes, DJ de 2.12.2005). Intime-se a parte autora para cumprimento, em 24 horas. Com a juntada do texto da resposta, citem-se os requeridos para, querendo, apresentar defesa, nos termos do art. 33 da Res.-TSE no 23.608/2019. Após o transcurso do prazo, com ou sem resposta, intime-se a Procuradoria-Geral Eleitoral para emissão de parecer, nos termos do § 1o do art. 33 da Res.-TSE no 23.608/2019. Submeta-se a presente decisão ao Plenário, inclusive por intermédio de sessão virtual, nos exatos termos do art. 2o da Portaria TSE no 235/2026. Publique-se em mural. Intime-se. Brasília/DF, data conforme consta na assinatura digital. Ministra ESTELA ARANHA Relatora";https://consultaunificadapje.tse.jus.br/consulta-publica-unificada/documento?extensaoArquivo=text/html&path=tse/2026/9/11/19/14/56/ee1ef0c8ad641e083adf2f5e6f4f40bea03a006f8e4c697d74e017f9f0547ac9;dab5470b5779c8daad06.html;ee1ef0c8ad641e083adf2f5e6f4f40bea03a006f8e4c697d74e017f9f0547ac9;;Decisão;https://consultaunificadapje.tse.jus.br/#/public/resultado/0601878-91.2026.6.00.0000
0601879-76.2026.6.00.0000;Flávio;liminar sem revisão colegiada comprovada;não se aplica;;"Ante o exposto, indefiro o pedido liminar. Com a inicial do pedido do direito de resposta envolvendo propaganda em inserções, não há a necessidade de a parte trazer aos autos a mídia final da resposta, mas deve juntar, sob pena de extinção da ação, ao menos o texto da resposta que pretende veicular (AgR-Pet n° 468-04/DF, Rel. Min. Luciana Lóssio, DJe de 22.10.2014; RP n° 686, Rel. Min Gilmar Mendes, DJ de 2.12.2005). Intime-se a parte autora para cumprimento, em 24 horas. Com a juntada do texto da resposta, citem-se os requeridos para, querendo, apresentar defesa, nos termos do art. 33 da Res.-TSE no 23.608/2019. Após o transcurso do prazo, com ou sem resposta, intime-se a Procuradoria-Geral Eleitoral para emissão de parecer, nos termos do § 1o do art. 33 da Res.-TSE no 23.608/2019. Submeta-se a presente decisão ao Plenário, inclusive por intermédio de sessão virtual, nos exatos termos do art. 2o da Portaria TSE no 235/2026. Publique-se em mural. Intime-se. Brasília/DF, data conforme consta na assinatura digital. Ministra ESTELA ARANHA Relatora";https://consultaunificadapje.tse.jus.br/consulta-publica-unificada/documento?extensaoArquivo=text/html&path=tse/2026/9/11/19/14/57/cf3522f7a97abf3215af3ceefeb7a24260b4c56d66d724937fb82a9d678071f9;ed91bc578cd0bb04bc59.html;cf3522f7a97abf3215af3ceefeb7a24260b4c56d66d724937fb82a9d678071f9;;Decisão;https://consultaunificadapje.tse.jus.br/#/public/resultado/0601879-76.2026.6.00.0000
0601880-61.2026.6.00.0000;Flávio;liminar sem revisão colegiada comprovada;não se aplica;;"Ante o exposto: (i) defiro o pedido de tutela de urgência para determinar aos representados que, no prazo de 24 horas, removam o material audiovisual impugnado e se abstenham de utilizá-lo ou reproduzi-lo, no todo ou em parte, inclusive na propaganda eleitoral gratuita no rádio e na televisão, relativamente às seguintes publicações: YouTube: https://www.youtube.com/watch?v=XMcUMoFpKDY; Instagram: https://www.instagram.com/lulaoficial/reel/Dc2Apn_uwEt; Facebook: https://www.facebook.com/reel/1395866578812262; e X: https://x.com/LulaOficial/status/2095657573277917537; (ii) determino, ainda, ao Google Brasil Internet Ltda. (YouTube), ao Facebook Serviços Online do Brasil Ltda. (Instagram e Facebook) e ao X Brasil Internet (X) que removam os conteúdos disponíveis nas URLs acima indicadas; e (iii) determino a expedição de ofícios à Presidência da República, à Secretaria de Comunicação Social da Presidência da República (Secom) e ao Gabinete de Segurança Institucional (GSI) para que, no prazo de 5 dias, apresentem, no que couber a cada um: a) cópia dos registros de acesso, autorização de entrada e identificação funcional e civil da equipe técnica que participou da gravação no Palácio da Alvorada; b) identificação dos servidores, equipamentos e serviços eventualmente empregados na produção, edição e legendagem do material; e c) comprovação documental do pagamento e da origem do custeio das despesas de produção, edição, gravação e difusão do material, informando se foram suportadas pelo comitê de campanha ou por rubrica do Governo Federal. 4. Intimem-se, com urgência, observando-se o art. 46-A da Resolução n. 23.608/2019/TSE. 5. Após, citem-se os representados para apresentarem defesa no prazo de 5 dias, com base no art. 22, I, a , da Lei Complementar n. 64/1990. 6. Após, retornem-me os autos conclusos. 7. Intimem-se. 8. Publique-se. Brasília, 10 de setembro de 2026. Ministro NUNES MARQUES Presidente";https://consultaunificadapje.tse.jus.br/consulta-publica-unificada/documento?extensaoArquivo=text/html&path=tse/2026/9/22/16/16/13/ff6e65222b26b1040690462e3e8372988918a5933a3ab24571a84ad158188ed6;b66877b3a8e395b98e8b.html;ff6e65222b26b1040690462e3e8372988918a5933a3ab24571a84ad158188ed6;;Decisão;https://consultaunificadapje.tse.jus.br/#/public/resultado/0601880-61.2026.6.00.0000
0601882-31.2026.6.00.0000;Flávio;liminar sem revisão colegiada comprovada;não se aplica;;Ante o exposto, indefiro o pedido de tutela de urgência. 4. Submeta-se esta decisão imediatamente ao referendo do Plenário, de acordo com o art. 2o da Portaria n. 235/2026/TSE. 5. Providencie-se a imediata citação dos requeridos, preferencialmente por meio eletrônico, para apresentarem defesa no prazo de 1 (um) dia, nos termos do art. 33 da Resolução n. 23.608/2019/TSE. 6. Findo o prazo de defesa, intime-se a Procuradoria-Geral Eleitoral para emissão de parecer no prazo de 1 (um) dia, conforme o § 1o do referido dispositivo. 7. Transcorrido o prazo, com ou sem parecer, voltem os autos imediatamente conclusos, observado o art. 33, § 2o, da Resolução n. 23.608/2019/TSE. 8. Intimem-se. 9. Publique-se. Brasília, 23 de setembro de 2026. Ministro NUNES MARQUES Presidente;https://consultaunificadapje.tse.jus.br/consulta-publica-unificada/documento?extensaoArquivo=text/html&path=tse/2026/9/26/16/28/26/7e0d1015b30f2f69a5b49b9ea2c79d2a47c070db6e61193ba4222082c0fd7a42;2a64ef93bd6a275c551a.html;7e0d1015b30f2f69a5b49b9ea2c79d2a47c070db6e61193ba4222082c0fd7a42;;Decisão;https://consultaunificadapje.tse.jus.br/#/public/resultado/0601882-31.2026.6.00.0000
0601883-16.2026.6.00.0000;Flávio;liminar sem revisão colegiada comprovada;não se aplica;;"Ante o exposto, indefiro o pedido liminar. Com a inicial do pedido do direito de resposta envolvendo propaganda em inserções, não há a necessidade de a parte trazer aos autos a mídia final da resposta, mas deve juntar, sob pena de extinção da ação, ao menos o texto da resposta que pretende veicular (AgR-Pet n° 468-04/DF, Rel. Min. Luciana Lóssio, DJe de 22.10.2014; RP n° 686, Rel. Min Gilmar Mendes, DJ de 2.12.2005). Intime-se a parte autora para cumprimento, em 24 horas. Com a juntada do texto da resposta, citem-se os requeridos para, querendo, apresentar defesa, nos termos do art. 33 da Res.-TSE no 23.608/2019. Após o transcurso do prazo, com ou sem resposta, intime-se a Procuradoria-Geral Eleitoral para emissão de parecer, nos termos do § 1o do art. 33 da Res.-TSE no 23.608/2019. Submeta-se a presente decisão ao Plenário, inclusive por intermédio de sessão virtual, nos exatos termos do art. 2o da Portaria TSE no 235/2026. Publique-se em mural. Intime-se. Brasília/DF, data conforme consta na assinatura digital. Ministra ESTELA ARANHA Relatora";https://consultaunificadapje.tse.jus.br/consulta-publica-unificada/documento?extensaoArquivo=text/html&path=tse/2026/9/11/19/16/9/3fe808a9aaf89a2858d39943ccf74b32f59f424dcd93394b2434be71421845b2;d4093b4c826d92929e1c.html;3fe808a9aaf89a2858d39943ccf74b32f59f424dcd93394b2434be71421845b2;;Decisão;https://consultaunificadapje.tse.jus.br/#/public/resultado/0601883-16.2026.6.00.0000
0601889-23.2026.6.00.0000;Flávio;liminar sem revisão colegiada comprovada;não se aplica;;"Ante o exposto, indefiro o pedido liminar. Com a inicial do pedido do direito de resposta envolvendo propaganda em inserções, não há a necessidade de a parte trazer aos autos a mídia final da resposta, mas deve juntar, sob pena de extinção da ação, ao menos o texto da resposta que pretende veicular (AgR-Pet n° 468-04/DF, Rel. Min. Luciana Lóssio, DJe de 22.10.2014; RP n° 686, Rel. Min Gilmar Mendes, DJ de 2.12.2005). Intime-se a parte autora para cumprimento, em 24 horas. Com a juntada do texto da resposta, citem-se os requeridos para, querendo, apresentar defesa, nos termos do art. 33 da Res.-TSE no 23.608/2019. Após o transcurso do prazo, com ou sem resposta, intime-se a Procuradoria-Geral Eleitoral para emissão de parecer, nos termos do § 1o do art. 33 da Res.-TSE no 23.608/2019. Submeta-se a presente decisão ao Plenário, inclusive por intermédio de sessão virtual, nos exatos termos do art. 2o da Portaria TSE no 235/2026. Publique-se em mural. Intime-se. Brasília/DF, data conforme consta na assinatura digital. Ministra ESTELA ARANHA Relatora";https://consultaunificadapje.tse.jus.br/consulta-publica-unificada/documento?extensaoArquivo=text/html&path=tse/2026/9/11/19/14/51/6a621e2a95845a9ae027fdc126e8e477d1a0c1b87eef514d6c34b416b35659d6;a7584e52972a4992040b.html;6a621e2a95845a9ae027fdc126e8e477d1a0c1b87eef514d6c34b416b35659d6;;Decisão;https://consultaunificadapje.tse.jus.br/#/public/resultado/0601889-23.2026.6.00.0000
0601890-08.2026.6.00.0000;Flávio;liminar sem revisão colegiada comprovada;não se aplica;;"Ante o exposto, indefiro o pedido liminar. Com a inicial do pedido do direito de resposta envolvendo propaganda em inserções, não há a necessidade de a parte trazer aos autos a mídia final da resposta, mas deve juntar, sob pena de extinção da ação, ao menos o texto da resposta que pretende veicular (AgR-Pet n° 468-04/DF, Rel. Min. Luciana Lóssio, DJe de 22.10.2014; RP n° 686, Rel. Min Gilmar Mendes, DJ de 2.12.2005). Intime-se a parte autora para cumprimento, em 24 horas. Com a juntada do texto da resposta, citem-se os requeridos para, querendo, apresentar defesa, nos termos do art. 33 da Res.-TSE no 23.608/2019. Após o transcurso do prazo, com ou sem resposta, intime-se a Procuradoria-Geral Eleitoral para emissão de parecer, nos termos do § 1o do art. 33 da Res.-TSE no 23.608/2019. Submeta-se a presente decisão ao Plenário, inclusive por intermédio de sessão virtual, nos exatos termos do art. 2o da Portaria TSE no 235/2026. Publique-se em mural. Intime-se. Brasília/DF, data conforme consta na assinatura digital. Ministra ESTELA ARANHA Relatora";https://consultaunificadapje.tse.jus.br/consulta-publica-unificada/documento?extensaoArquivo=text/html&path=tse/2026/9/11/19/14/58/2224cb86d045fc9db2f90f8dd739ad4240a9c22a40300465ff2c084c81db3aac;9361ac6a01adbdf79453.html;2224cb86d045fc9db2f90f8dd739ad4240a9c22a40300465ff2c084c81db3aac;;Decisão;https://consultaunificadapje.tse.jus.br/#/public/resultado/0601890-08.2026.6.00.0000
0601892-75.2026.6.00.0000;Flávio;liminar sem revisão colegiada comprovada;não se aplica;;"Ante o exposto, indefiro o pedido liminar. Com a inicial do pedido do direito de resposta envolvendo propaganda em inserções, não há a necessidade de a parte trazer aos autos a mídia final da resposta, mas deve juntar, sob pena de extinção da ação, ao menos o texto da resposta que pretende veicular (AgR-Pet n° 468-04/DF, Rel. Min. Luciana Lóssio, DJe de 22.10.2014; RP n° 686, Rel. Min Gilmar Mendes, DJ de 2.12.2005). Intime-se a parte autora para cumprimento, em 24 horas. Com a juntada do texto da resposta, citem-se os requeridos para, querendo, apresentar defesa, nos termos do art. 33 da Res.-TSE no 23.608/2019. Após o transcurso do prazo, com ou sem resposta, intime-se a Procuradoria-Geral Eleitoral para emissão de parecer, nos termos do § 1o do art. 33 da Res.-TSE no 23.608/2019. Submeta-se a presente decisão ao Plenário, inclusive por intermédio de sessão virtual, nos exatos termos do art. 2o da Portaria TSE no 235/2026. Publique-se em mural. Intime-se. Brasília/DF, data conforme consta na assinatura digital. Ministra ESTELA ARANHA Relatora";https://consultaunificadapje.tse.jus.br/consulta-publica-unificada/documento?extensaoArquivo=text/html&path=tse/2026/9/11/19/14/50/8220c05062582cd0467c5b984cab2aae48fc2057a6691089eed5b23778aa813e;feaed2701276885dde45.html;8220c05062582cd0467c5b984cab2aae48fc2057a6691089eed5b23778aa813e;;Decisão;https://consultaunificadapje.tse.jus.br/#/public/resultado/0601892-75.2026.6.00.0000
0601894-45.2026.6.00.0000;Lula;liminar sem revisão colegiada comprovada;não se aplica;;"Ante o exposto, indefiro o pedido liminar. Com a inicial do pedido do direito de resposta envolvendo propaganda gratuita, não há a necessidade de a parte trazer aos autos a mídia final da resposta, mas deve juntar, sob pena de extinção da ação, ao menos o texto da resposta que pretende veicular (AgR-Pet n° 468-04/DF, Rel. Min. Luciana Lóssio, DJe de 22.10.2014; RP n° 686, Rel. Min Gilmar Mendes, DJ de 2.12.2005). Intime-se a parte autora para cumprimento, em 24 horas. Com a juntada do texto da resposta, citem-se os requeridos para, querendo, apresentar defesa, nos termos do art. 33 da Res.-TSE no 23.608/2019. Após o transcurso do prazo, com ou sem resposta, intime-se a Procuradoria-Geral Eleitoral para emissão de parecer, nos termos do § 1o do art. 33 da Res.-TSE no 23.608/2019. Submeta-se a presente decisão ao Plenário, inclusive por intermédio de sessão virtual, nos exatos termos do art. 2o da Portaria TSE no 235/2026. Publique-se em mural. Intime-se. Brasília/DF, data conforme consta na assinatura digital. Ministra ESTELA ARANHA Relatora";https://consultaunificadapje.tse.jus.br/consulta-publica-unificada/documento?extensaoArquivo=text/html&path=tse/2026/9/11/19/15/8/a24a62f53ccd1d5910c8f0bd4feef128d8c10a5a0aebb487a6c8054d0c0c6338;f410df2f6a53c0af0a32.html;a24a62f53ccd1d5910c8f0bd4feef128d8c10a5a0aebb487a6c8054d0c0c6338;;Decisão;https://consultaunificadapje.tse.jus.br/#/public/resultado/0601894-45.2026.6.00.0000
0601895-30.2026.6.00.0000;Lula;liminar sem revisão colegiada comprovada;não se aplica;;"Ante o exposto, indefiro o pedido liminar. Com a inicial do pedido do direito de resposta envolvendo propaganda gratuita, não há a necessidade de a parte trazer aos autos a mídia final da resposta, mas deve juntar, sob pena de extinção da ação, ao menos o texto da resposta que pretende veicular (AgR-Pet n° 468-04/DF, Rel. Min. Luciana Lóssio, DJe de 22.10.2014; RP n° 686, Rel. Min Gilmar Mendes, DJ de 2.12.2005). Intime-se a parte autora para cumprimento, em 24 horas. Com a juntada do texto da resposta, citem-se os requeridos para, querendo, apresentar defesa, nos termos do art. 33 da Res.-TSE no 23.608/2019. Após o transcurso do prazo, com ou sem resposta, intime-se a Procuradoria-Geral Eleitoral para emissão de parecer, nos termos do § 1o do art. 33 da Res.-TSE no 23.608/2019. Submeta-se a presente decisão ao Plenário, inclusive por intermédio de sessão virtual, nos exatos termos do art. 2o da Portaria TSE no 235/2026. Publique-se em mural. Intime-se. Brasília/DF, data conforme consta na assinatura digital. Ministra ESTELA ARANHA Relatora";https://consultaunificadapje.tse.jus.br/consulta-publica-unificada/documento?extensaoArquivo=text/html&path=tse/2026/9/11/19/15/3/cc70254faf032345ff1d6897fb343c99320b1353e36764ed884c142afc331b12;b66d2a6dd385a68a8301.html;cc70254faf032345ff1d6897fb343c99320b1353e36764ed884c142afc331b12;;Decisão;https://consultaunificadapje.tse.jus.br/#/public/resultado/0601895-30.2026.6.00.0000
0601902-22.2026.6.00.0000;Lula;liminar sem revisão colegiada comprovada;não se aplica;;"Ante o exposto, indefiro o pedido liminar. Com a inicial do pedido do direito de resposta envolvendo propaganda gratuita, não há a necessidade de a parte trazer aos autos a mídia final da resposta, mas deve juntar, sob pena de extinção da ação, ao menos o texto da resposta que pretende veicular (AgR-Pet n° 468-04/DF, Rel. Min. Luciana Lóssio, DJe de 22.10.2014; RP n° 686, Rel. Min Gilmar Mendes, DJ de 2.12.2005). Intime-se a parte autora para cumprimento, em 24 horas. Com a juntada do texto da resposta, citem-se os requeridos para, querendo, apresentar defesa, nos termos do art. 33 da Res.-TSE no 23.608/2019. Após o transcurso do prazo, com ou sem resposta, intime-se a Procuradoria-Geral Eleitoral para emissão de parecer, nos termos do § 1o do art. 33 da Res.-TSE no 23.608/2019. Submeta-se a presente decisão ao Plenário, inclusive por intermédio de sessão virtual, nos exatos termos do art. 2o da Portaria TSE no 235/2026. Publique-se em mural. Intime-se. Brasília/DF, data conforme consta na assinatura digital. Ministra ESTELA ARANHA Relatora";https://consultaunificadapje.tse.jus.br/consulta-publica-unificada/documento?extensaoArquivo=text/html&path=tse/2026/9/11/19/15/4/bac3dd3d0e1013f47e2b0aa84d03fc0482d055bca36d283fdbd270b1793a6a8a;54e6d2165b0d89e7dc8e.html;bac3dd3d0e1013f47e2b0aa84d03fc0482d055bca36d283fdbd270b1793a6a8a;;Decisão;https://consultaunificadapje.tse.jus.br/#/public/resultado/0601902-22.2026.6.00.0000
0601908-29.2026.6.00.0000;Flávio;liminar sem revisão colegiada comprovada;não se aplica;;"Ante o exposto, indefiro o pedido liminar. Com a inicial do pedido do direito de resposta envolvendo propaganda em inserções, não há a necessidade de a parte trazer aos autos a mídia final da resposta, mas deve juntar, sob pena de extinção da ação, ao menos o texto da resposta que pretende veicular (AgR-Pet n° 468-04/DF, Rel. Min. Luciana Lóssio, DJe de 22.10.2014; RP n° 686, Rel. Min Gilmar Mendes, DJ de 2.12.2005). Intime-se a parte autora para cumprimento, em 24 horas. Com a juntada do texto da resposta, citem-se os requeridos para, querendo, apresentar defesa, nos termos do art. 33 da Res.-TSE no 23.608/2019. Após o transcurso do prazo, com ou sem resposta, intime-se a Procuradoria-Geral Eleitoral para emissão de parecer, nos termos do § 1o do art. 33 da Res.-TSE no 23.608/2019. Submeta-se a presente decisão ao Plenário, inclusive por intermédio de sessão virtual, nos exatos termos do art. 2o da Portaria TSE no 235/2026. Publique-se em mural. Intime-se. Brasília/DF, data conforme consta na assinatura digital. Ministra ESTELA ARANHA Relatora";https://consultaunificadapje.tse.jus.br/consulta-publica-unificada/documento?extensaoArquivo=text/html&path=tse/2026/9/11/19/14/44/8e69411be692fd8cd6a337a2a302c98655515b6bce68b4d3111ed1a6cbe5dc13;9f6f2b5b6131b52bd856.html;8e69411be692fd8cd6a337a2a302c98655515b6bce68b4d3111ed1a6cbe5dc13;;Decisão;https://consultaunificadapje.tse.jus.br/#/public/resultado/0601908-29.2026.6.00.0000
0601911-81.2026.6.00.0000;Flávio;liminar sem revisão colegiada comprovada;não se aplica;;"Ante o exposto, indefiro o pedido liminar. Com a inicial do pedido do direito de resposta envolvendo propaganda em inserções, não há a necessidade de a parte trazer aos autos a mídia final da resposta, mas deve juntar, sob pena de extinção da ação, ao menos o texto da resposta que pretende veicular (AgR-Pet n° 468-04/DF, Rel. Min. Luciana Lóssio, DJe de 22.10.2014; RP n° 686, Rel. Min Gilmar Mendes, DJ de 2.12.2005). Intime-se a parte autora para cumprimento, em 24 horas. Com a juntada do texto da resposta, citem-se os requeridos para, querendo, apresentar defesa, nos termos do art. 33 da Res.-TSE no 23.608/2019. Após o transcurso do prazo, com ou sem resposta, intime-se a Procuradoria-Geral Eleitoral para emissão de parecer, nos termos do § 1o do art. 33 da Res.-TSE no 23.608/2019. Submeta-se a presente decisão ao Plenário, inclusive por intermédio de sessão virtual, nos exatos termos do art. 2o da Portaria TSE no 235/2026. Publique-se em mural. Intime-se. Brasília/DF, data conforme consta na assinatura digital. Ministra ESTELA ARANHA Relatora";https://consultaunificadapje.tse.jus.br/consulta-publica-unificada/documento?extensaoArquivo=text/html&path=tse/2026/9/11/19/14/45/2eff1c2ac4d027a44c3e104d6abbd7f60c125d6b9fbb5112e6048a7ad577ccdd;d040a3d6be175ef8a527.html;2eff1c2ac4d027a44c3e104d6abbd7f60c125d6b9fbb5112e6048a7ad577ccdd;;Decisão;https://consultaunificadapje.tse.jus.br/#/public/resultado/0601911-81.2026.6.00.0000
0601912-66.2026.6.00.0000;Flávio;liminar sem revisão colegiada comprovada;não se aplica;;"Ante o exposto, indefiro o pedido liminar. Com a inicial do pedido do direito de resposta envolvendo propaganda em inserções, não há a necessidade de a parte trazer aos autos a mídia final da resposta, mas deve juntar, sob pena de extinção da ação, ao menos o texto da resposta que pretende veicular (AgR-Pet n° 468-04/DF, Rel. Min. Luciana Lóssio, DJe de 22.10.2014; RP n° 686, Rel. Min Gilmar Mendes, DJ de 2.12.2005). Intime-se a parte autora para cumprimento, em 24 horas. Com a juntada do texto da resposta, citem-se os requeridos para, querendo, apresentar defesa, nos termos do art. 33 da Res.-TSE no 23.608/2019. Após o transcurso do prazo, com ou sem resposta, intime-se a Procuradoria-Geral Eleitoral para emissão de parecer, nos termos do § 1o do art. 33 da Res.-TSE no 23.608/2019. Submeta-se a presente decisão ao Plenário, inclusive por intermédio de sessão virtual, nos exatos termos do art. 2o da Portaria TSE no 235/2026. Publique-se em mural. Intime-se. Brasília/DF, data conforme consta na assinatura digital. Ministra ESTELA ARANHA Relatora";https://consultaunificadapje.tse.jus.br/consulta-publica-unificada/documento?extensaoArquivo=text/html&path=tse/2026/9/11/19/14/44/6ea554814a422087da2a999f39145669e87f68dcc9d04505e481307e3fdcb4c1;0b5935f69c9e557544e1.html;6ea554814a422087da2a999f39145669e87f68dcc9d04505e481307e3fdcb4c1;;Decisão;https://consultaunificadapje.tse.jus.br/#/public/resultado/0601912-66.2026.6.00.0000
0601913-51.2026.6.00.0000;Flávio;liminar sem revisão colegiada comprovada;não se aplica;;"Ante o exposto, indefiro o pedido liminar. Com a inicial do pedido do direito de resposta envolvendo propaganda em inserções, não há a necessidade de a parte trazer aos autos a mídia final da resposta, mas deve juntar, sob pena de extinção da ação, ao menos o texto da resposta que pretende veicular (AgR-Pet n° 468-04/DF, Rel. Min. Luciana Lóssio, DJe de 22.10.2014; RP n° 686, Rel. Min Gilmar Mendes, DJ de 2.12.2005). Intime-se a parte autora para cumprimento, em 24 horas. Com a juntada do texto da resposta, citem-se os requeridos para, querendo, apresentar defesa, nos termos do art. 33 da Res.-TSE no 23.608/2019. Após o transcurso do prazo, com ou sem resposta, intime-se a Procuradoria-Geral Eleitoral para emissão de parecer, nos termos do § 1o do art. 33 da Res.-TSE no 23.608/2019. Submeta-se a presente decisão ao Plenário, inclusive por intermédio de sessão virtual, nos exatos termos do art. 2o da Portaria TSE no 235/2026. Publique-se em mural. Intime-se. Brasília/DF, data conforme consta na assinatura digital. Ministra ESTELA ARANHA Relatora";https://consultaunificadapje.tse.jus.br/consulta-publica-unificada/documento?extensaoArquivo=text/html&path=tse/2026/9/11/19/14/45/1b0c9dbf575fb95e28868ca58101521a8170b58b2a0368d5daa8b0f0d110710e;bfcbeb01747dc0dd4dbb.html;1b0c9dbf575fb95e28868ca58101521a8170b58b2a0368d5daa8b0f0d110710e;;Decisão;https://consultaunificadapje.tse.jus.br/#/public/resultado/0601913-51.2026.6.00.0000
0601926-50.2026.6.00.0000;Flávio;liminar sem revisão colegiada comprovada;não se aplica;;"Ante o exposto, indefiro o pedido liminar. Com a inicial do pedido do direito de resposta envolvendo propaganda em inserções, não há a necessidade de a parte trazer aos autos a mídia final da resposta, mas deve juntar, sob pena de extinção da ação, ao menos o texto da resposta que pretende veicular (AgR-Pet n° 468-04/DF, Rel. Min. Luciana Lóssio, DJe de 22.10.2014; RP n° 686, Rel. Min Gilmar Mendes, DJ de 2.12.2005). Intime-se a parte autora para cumprimento, em 24 horas. Com a juntada do texto da resposta, citem-se os requeridos para, querendo, apresentar defesa, nos termos do art. 33 da Res.-TSE no 23.608/2019. Após o transcurso do prazo, com ou sem resposta, intime-se a Procuradoria-Geral Eleitoral para emissão de parecer, nos termos do § 1o do art. 33 da Res.-TSE no 23.608/2019. Submeta-se a presente decisão ao Plenário, inclusive por intermédio de sessão virtual, nos exatos termos do art. 2o da Portaria TSE no 235/2026. Publique-se em mural. Intime-se. Brasília/DF, data conforme consta na assinatura digital. Ministra ESTELA ARANHA Relatora";https://consultaunificadapje.tse.jus.br/consulta-publica-unificada/documento?extensaoArquivo=text/html&path=tse/2026/9/11/19/14/45/ed01fe28a79e2008fdb49d962db458530ea978680ffab0d75bc124aa557a304f;054707a9391c12e3f999.html;ed01fe28a79e2008fdb49d962db458530ea978680ffab0d75bc124aa557a304f;;Decisão;https://consultaunificadapje.tse.jus.br/#/public/resultado/0601926-50.2026.6.00.0000
0601927-35.2026.6.00.0000;Flávio;liminar sem revisão colegiada comprovada;não se aplica;;"Ante o exposto, indefiro o pedido liminar. Com a inicial do pedido do direito de resposta envolvendo propaganda em inserções, não há a necessidade de a parte trazer aos autos a mídia final da resposta, mas deve juntar, sob pena de extinção da ação, ao menos o texto da resposta que pretende veicular (AgR-Pet n° 468-04/DF, Rel. Min. Luciana Lóssio, DJe de 22.10.2014; RP n° 686, Rel. Min Gilmar Mendes, DJ de 2.12.2005). Intime-se a parte autora para cumprimento, em 24 horas. Com a juntada do texto da resposta, citem-se os requeridos para, querendo, apresentar defesa, nos termos do art. 33 da Res.-TSE no 23.608/2019. Após o transcurso do prazo, com ou sem resposta, intime-se a Procuradoria-Geral Eleitoral para emissão de parecer, nos termos do § 1o do art. 33 da Res.-TSE no 23.608/2019. Submeta-se a presente decisão ao Plenário, inclusive por intermédio de sessão virtual, nos exatos termos do art. 2o da Portaria TSE no 235/2026. Publique-se em mural. Intime-se. Brasília/DF, data conforme consta na assinatura digital. Ministra ESTELA ARANHA Relatora";https://consultaunificadapje.tse.jus.br/consulta-publica-unificada/documento?extensaoArquivo=text/html&path=tse/2026/9/11/19/14/44/1c2518ee577ba032ad63fffa80b704cea5753bad8e59d17b7f013a6ce51a1a54;def6f9413b1d61bd4458.html;1c2518ee577ba032ad63fffa80b704cea5753bad8e59d17b7f013a6ce51a1a54;;Decisão;https://consultaunificadapje.tse.jus.br/#/public/resultado/0601927-35.2026.6.00.0000
0601928-20.2026.6.00.0000;Flávio;liminar sem revisão colegiada comprovada;não se aplica;;Ante o exposto, indefiro o pedido liminar. Citem-se nos termos do art. 18 da Res.-TSE no 23.608/2019. Após, à PGE , conforme art. 19 da Res.-TSE no 23.608/2019. Submeta-se a presente decisão ao Plenário, inclusive por intermédio de sessão virtual, nos exatos termos do art. 2o da Portaria TSE no 235/2026. Por fim, torne o feito concluso. Publique-se. Intimem-se. Brasília/DF, data conforme consta na assinatura digital. Ministra ESTELA ARANHA Relatora;https://consultaunificadapje.tse.jus.br/consulta-publica-unificada/documento?extensaoArquivo=text/html&path=tse/2026/9/11/19/14/38/c3a39663907337454e58b7ee99634851124b89b71123c030831c4bbdc8870a4e;44c3deae74cc973a1723.html;c3a39663907337454e58b7ee99634851124b89b71123c030831c4bbdc8870a4e;;Decisão;https://consultaunificadapje.tse.jus.br/#/public/resultado/0601928-20.2026.6.00.0000
0601929-05.2026.6.00.0000;Flávio;liminar sem revisão colegiada comprovada;não se aplica;;"Ante o exposto, indefiro o pedido liminar. Com a inicial do pedido do direito de resposta envolvendo propaganda em inserções, não há a necessidade de a parte trazer aos autos a mídia final da resposta, mas deve juntar, sob pena de extinção da ação, ao menos o texto da resposta que pretende veicular (AgR-Pet n° 468-04/DF, Rel. Min. Luciana Lóssio, DJe de 22.10.2014; RP n° 686, Rel. Min Gilmar Mendes, DJ de 2.12.2005). Intime-se a parte autora para cumprimento, em 24 horas. Com a juntada do texto da resposta, citem-se os requeridos para, querendo, apresentar defesa, nos termos do art. 33 da Res.-TSE no 23.608/2019. Após o transcurso do prazo, com ou sem resposta, intime-se a Procuradoria-Geral Eleitoral para emissão de parecer, nos termos do § 1o do art. 33 da Res.-TSE no 23.608/2019. Submeta-se a presente decisão ao Plenário, inclusive por intermédio de sessão virtual, nos exatos termos do art. 2o da Portaria TSE no 235/2026. Publique-se em mural. Intime-se. Brasília/DF, data conforme consta na assinatura digital. Ministra ESTELA ARANHA Relatora";https://consultaunificadapje.tse.jus.br/consulta-publica-unificada/documento?extensaoArquivo=text/html&path=tse/2026/9/11/19/14/38/318290d5124a7c68a1c694c8da93483075574c086f49855d98427770146dcbd0;2edb53004f43b6049875.html;318290d5124a7c68a1c694c8da93483075574c086f49855d98427770146dcbd0;;Decisão;https://consultaunificadapje.tse.jus.br/#/public/resultado/0601929-05.2026.6.00.0000
0601930-87.2026.6.00.0000;Flávio;liminar sem revisão colegiada comprovada;não se aplica;;"Ante o exposto, indefiro o pedido liminar. Com a inicial do pedido do direito de resposta envolvendo propaganda em inserções, não há a necessidade de a parte trazer aos autos a mídia final da resposta, mas deve juntar, sob pena de extinção da ação, ao menos o texto da resposta que pretende veicular (AgR-Pet n° 468-04/DF, Rel. Min. Luciana Lóssio, DJe de 22.10.2014; RP n° 686, Rel. Min Gilmar Mendes, DJ de 2.12.2005). Intime-se a parte autora para cumprimento, em 24 horas. Com a juntada do texto da resposta, citem-se os requeridos para, querendo, apresentar defesa, nos termos do art. 33 da Res.-TSE no 23.608/2019. Após o transcurso do prazo, com ou sem resposta, intime-se a Procuradoria-Geral Eleitoral para emissão de parecer, nos termos do § 1o do art. 33 da Res.-TSE no 23.608/2019. Submeta-se a presente decisão ao Plenário, inclusive por intermédio de sessão virtual, nos exatos termos do art. 2o da Portaria TSE no 235/2026. Publique-se em mural. Intime-se. Brasília/DF, data conforme consta na assinatura digital. Ministra ESTELA ARANHA Relatora";https://consultaunificadapje.tse.jus.br/consulta-publica-unificada/documento?extensaoArquivo=text/html&path=tse/2026/9/11/19/14/50/664937efd98260504da410c2e545cb9ede2e6fdfbc8db713b8a0ef98c20aac02;9a526e3fee6f4c2d748d.html;664937efd98260504da410c2e545cb9ede2e6fdfbc8db713b8a0ef98c20aac02;;Decisão;https://consultaunificadapje.tse.jus.br/#/public/resultado/0601930-87.2026.6.00.0000
0601937-79.2026.6.00.0000;Lula;liminar sem revisão colegiada comprovada;não se aplica;;"Ante o exposto, indefiro o pedido liminar. Com a inicial do pedido do direito de resposta envolvendo propaganda gratuita, não há a necessidade de a parte trazer aos autos a mídia final da resposta, mas deve juntar, sob pena de extinção da ação, ao menos o texto da resposta que pretende veicular (AgR-Pet n° 468-04/DF, Rel. Min. Luciana Lóssio, DJe de 22.10.2014; RP n° 686, Rel. Min Gilmar Mendes, DJ de 2.12.2005). Intime-se a parte autora para cumprimento, em 24 horas. Com a juntada do texto da resposta, citem-se os requeridos para, querendo, apresentar defesa, nos termos do art. 33 da Res.-TSE no 23.608/2019. Após o transcurso do prazo, com ou sem resposta, intime-se a Procuradoria-Geral Eleitoral para emissão de parecer, nos termos do § 1o do art. 33 da Res.-TSE no 23.608/2019. Submeta-se a presente decisão ao Plenário, inclusive por intermédio de sessão virtual, nos exatos termos do art. 2o da Portaria TSE no 235/2026. Publique-se em mural. Intime-se. Brasília/DF, data conforme consta na assinatura digital. Ministra ESTELA ARANHA Relatora";https://consultaunificadapje.tse.jus.br/consulta-publica-unificada/documento?extensaoArquivo=text/html&path=tse/2026/9/11/19/15/4/7c648aca4e5c5d3de7a066b288fb6374f7de8da263be7e65aa1d87a377e9165b;0347ae88028385590274.html;7c648aca4e5c5d3de7a066b288fb6374f7de8da263be7e65aa1d87a377e9165b;;Decisão;https://consultaunificadapje.tse.jus.br/#/public/resultado/0601937-79.2026.6.00.0000
0601943-86.2026.6.00.0000;Flávio;liminar sem revisão colegiada comprovada;não se aplica;;Ante o exposto, indefiro o pedido liminar. Citem-se nos termos do art. 18 da Res.-TSE no 23.608/2019. Após, à PGE , conforme art. 19 da Res.-TSE no 23.608/2019. Submeta-se a presente decisão ao Plenário, inclusive por intermédio de sessão virtual, nos exatos termos do art. 2o da Portaria TSE no 235/2026. Por fim, torne o feito concluso. Publique-se. Intimem-se. Brasília/DF, data conforme consta na assinatura digital. Ministra ESTELA ARANHA Relatora;https://consultaunificadapje.tse.jus.br/consulta-publica-unificada/documento?extensaoArquivo=text/html&path=tse/2026/9/11/19/14/38/91930267f094197c4f05bfa4e1cdd95ac5d110a4cb099908726b6844befe0dd7;2f8387232d54c248a081.html;91930267f094197c4f05bfa4e1cdd95ac5d110a4cb099908726b6844befe0dd7;;Decisão;https://consultaunificadapje.tse.jus.br/#/public/resultado/0601943-86.2026.6.00.0000
0601944-71.2026.6.00.0000;Flávio;liminar sem revisão colegiada comprovada;não se aplica;;"Ante o exposto, indefiro o pedido liminar. Com a inicial do pedido do direito de resposta envolvendo propaganda em inserções, não há a necessidade de a parte trazer aos autos a mídia final da resposta, mas deve juntar, sob pena de extinção da ação, ao menos o texto da resposta que pretende veicular (AgR-Pet n° 468-04/DF, Rel. Min. Luciana Lóssio, DJe de 22.10.2014; RP n° 686, Rel. Min Gilmar Mendes, DJ de 2.12.2005). Intime-se a parte autora para cumprimento, em 24 horas. Com a juntada do texto da resposta, citem-se os requeridos para, querendo, apresentar defesa, nos termos do art. 33 da Res.-TSE no 23.608/2019. Após o transcurso do prazo, com ou sem resposta, intime-se a Procuradoria-Geral Eleitoral para emissão de parecer, nos termos do § 1o do art. 33 da Res.-TSE no 23.608/2019. Submeta-se a presente decisão ao Plenário, inclusive por intermédio de sessão virtual, nos exatos termos do art. 2o da Portaria TSE no 235/2026. Publique-se em mural. Intime-se. Brasília/DF, data conforme consta na assinatura digital. Ministra ESTELA ARANHA Relatora";https://consultaunificadapje.tse.jus.br/consulta-publica-unificada/documento?extensaoArquivo=text/html&path=tse/2026/9/11/19/14/38/48ddb11511494a87cf0b9ff952520078ef4c4c83cacc14ef3776cb9de477c0e0;9061df8b9cce209f4300.html;48ddb11511494a87cf0b9ff952520078ef4c4c83cacc14ef3776cb9de477c0e0;;Decisão;https://consultaunificadapje.tse.jus.br/#/public/resultado/0601944-71.2026.6.00.0000
0601947-26.2026.6.00.0000;Flávio;liminar sem revisão colegiada comprovada;não se aplica;;"Ante o exposto, indefiro o pedido liminar. Com a inicial do pedido do direito de resposta envolvendo propaganda em TV, não há a necessidade de a parte trazer aos autos a mídia final da resposta, mas deve juntar, sob pena de extinção da ação, ao menos o texto da resposta que pretende veicular (AgR-Pet n° 468-04/DF, Rel. Min. Luciana Lóssio, DJe de 22.10.2014; RP n° 686, Rel. Min Gilmar Mendes, DJ de 2.12.2005). Intime-se a parte autora para cumprimento, em 24 horas. Com a juntada do texto da resposta, citem-se os requeridos para, querendo, apresentar defesa, nos termos do art. 33 da Res.-TSE no 23.608/2019. Após o transcurso do prazo, com ou sem resposta, intime-se a Procuradoria-Geral Eleitoral para emissão de parecer, nos termos do § 1o do art. 33 da Res.-TSE no 23.608/2019. Submeta-se a presente decisão ao Plenário, inclusive por intermédio de sessão virtual, nos exatos termos do art. 2o da Portaria TSE no 235/2026. Publique-se em mural. Intime-se. Brasília/DF, data conforme consta na assinatura digital. Ministra ESTELA ARANHA Relatora";https://consultaunificadapje.tse.jus.br/consulta-publica-unificada/documento?extensaoArquivo=text/html&path=tse/2026/9/11/19/14/38/a112709462687871e49570b588aea2f266777b151d232face3a8aa2e4717fdaa;b0fa90650e8a337b35c8.html;a112709462687871e49570b588aea2f266777b151d232face3a8aa2e4717fdaa;;Decisão;https://consultaunificadapje.tse.jus.br/#/public/resultado/0601947-26.2026.6.00.0000
0601962-92.2026.6.00.0000;Flávio;liminar sem revisão colegiada comprovada;não se aplica;;"Ante o exposto, defiro parcialmente o pedido de tutela de urgência para determinar: (i) a remoção, no prazo de 24 horas, do conteúdo divulgado no endereço eletrônico https://www.youtube.com/live/gqsShWw8qA8 ; (ii) aos representados que se abstenham de republicar o mesmo conteúdo, em qualquer rede social ou meio eletrônico, bem como de utilizar painéis eletrônicos ou qualquer tipo de engenho que produza, por si só ou em conjunto, efeito visual de outdoor, sob pena de fixação de multa diária ou outras medidas para o efetivo cumprimento desta decisão. 4. Oficie-se, com cópia integral desta decisão, a Google Brasil Internet Ltda. para que, no prazo de 24 horas, cumpra a determinação judicial de remoção da publicação, devendo comprovar nestes autos as providências adotadas, nos termos dosarts. 17, § 1o-B, e 21, § 2o, da Resolução n. 23.608/2019/TSE e do art. 38, §§ 4o e 6o, da Resolução n. 23.610/2019/TSE. 5. A ordem de remoção abrange as reproduções idênticas ou com modificações dos conteúdos pelos perfis dos representados e por qualquer outro perfil existente nas redes sociais, por meio de reestruturação, alterações de palavras ou outros artifícios, métodos ou técnicas para burlar sistemas automáticos de detecção de conteúdo duplicado ou para dificultar a verificação humana, conforme dispõe o art. 9o-E, VI, da Resolução n. 23.610/2019/TSE. 6. Submeta-se esta decisão, imediatamente, a referendo desta Corte Superior na sessão jurisdicional subsequente à sua assinatura, de acordo com o art. 2o da Portaria n. 235/2026/TSE. 7. Citem-se os representados para apresentarem defesa, nos termos do art. 18 da Resolução n. 23.608/2019/TSE. 8. Após, intime-se a Procuradoria-Geral Eleitoral para manifestação, à luz do art. 19 da Resolução n. 23.608/2019/TSE. 9. Intimem-se. 10. Publique-se. Brasília, 27 de setembro de 2026. Ministro NUNES MARQUES Relator";https://consultaunificadapje.tse.jus.br/consulta-publica-unificada/documento?extensaoArquivo=text/html&path=tse/2026/9/28/18/19/1/6054c87e0e5136f3a4aced9b97bb6a4f5f9094ef62b7f75331990d9d87b7ff0d;0c156df06984f1cce3a8.html;6054c87e0e5136f3a4aced9b97bb6a4f5f9094ef62b7f75331990d9d87b7ff0d;;Decisão;https://consultaunificadapje.tse.jus.br/#/public/resultado/0601962-92.2026.6.00.0000
0602025-20.2026.6.00.0000;Flávio;decisão individual de mérito;não se aplica;;"Ante o exposto, julgo procedente a representação , para: a) reconhecer a irregularidade do impulsionamento pago dos anúncios identificados pelos IDs 1078497681454738, 1298158409000772 e 2138673030049606, por violação ao art. 57-C, § 3o, da Lei no 9.504/1997 e aos arts. 28, § 7o-A, e 29, § 3o, da Res.-TSE no 23.610/2019; b) aplicar aos responsáveis pelo impulsionamento a multa de R$ 15.000,00 (quinze mil reais), nos termos do art. 57-C, § 2o, da Lei no 9.504/1997 e do art. 29, § 2o, da Res.-TSE no 23.610/2019; c) determinar que os representados se abstenham de reativar ou contratar novo impulsionamento pago das mesmas peças especificamente examinadas nestes autos, inclusive mediante criação de novos identificadores ou contratação em outro provedor de aplicação de internet; d) julgar prejudicado, quanto aos anúncios comprovadamente inativos, o pedido destinado à cessação imediata do impulsionamento; e e) indeferir o pedido de imposição de ordem genérica destinada a impedir o impulsionamento de futuras e indeterminadas peças de conteúdo negativo, sem prejuízo da apreciação de eventual nova conduta concretamente identificada. Esclareço que a presente decisão não impede a circulação orgânica do conteúdo nem a formulação de críticas políticas ao representante, ao ex-Presidente Jair Bolsonaro ou ao denominado bolsonarismo, limitando-se a reconhecer a ilicitude da utilização de impulsionamento remunerado para ampliar a difusão da peça especificamente examinada nestes autos. Publique-se. Intimem-se. Brasília, data de validação no sistema. Ministro ANDRÉ MENDONÇA Relator";https://consultaunificadapje.tse.jus.br/consulta-publica-unificada/documento?extensaoArquivo=text/html&path=tse/2026/9/25/18/42/47/dc178756b3bdfe7ea644e2698acc466f6e9cec8551aedab142a21a1a756b7f99;1bec41a4ae4c12daf326.html;dc178756b3bdfe7ea644e2698acc466f6e9cec8551aedab142a21a1a756b7f99;;Decisão;https://consultaunificadapje.tse.jus.br/#/public/resultado/0602025-20.2026.6.00.0000
0602062-47.2026.6.00.0000;Lula;liminar sem revisão colegiada comprovada;não se aplica;;Ante o exposto, indefiro o pedido de tutela de urgência. 4. Submeta-se esta decisão imediatamente ao referendo do Plenário, de acordo com o art. 2o da Portaria n. 235/2026/TSE. 5. Providencie-se a imediata citação dos requeridos, preferencialmente por meio eletrônico, para apresentarem defesa no prazo de 1 (um) dia, nos termos do art. 33 da Resolução n. 23.608/2019/TSE. 6. Findo o prazo de defesa, intime-se a Procuradoria-Geral Eleitoral para emissão de parecer no prazo de 1 (um) dia, conforme o § 1o do referido dispositivo. 7. Transcorrido o prazo, com ou sem parecer, voltem os autos imediatamente conclusos, observado o art. 33, § 2o, da Resolução n. 23.608/2019/TSE. 8. Intimem-se. 9. Publique-se. Brasília, 26 de setembro de 2026. Ministro NUNES MARQUES Presidente;https://consultaunificadapje.tse.jus.br/consulta-publica-unificada/documento?extensaoArquivo=text/html&path=tse/2026/9/28/18/11/54/25fde80f6b2739873c257998d5747a1502ea2254fc9c36b48ea52646fe4505ff;02112c73ef7cf7c1c6a7.html;25fde80f6b2739873c257998d5747a1502ea2254fc9c36b48ea52646fe4505ff;;Decisão;https://consultaunificadapje.tse.jus.br/#/public/resultado/0602062-47.2026.6.00.0000
0602080-68.2026.6.00.0000;Flávio;liminar sem revisão colegiada comprovada;não se aplica;;Ante o exposto, defiro parcialmente o pedido de tutela de urgência para determinar aos representados que se abstenham de promover nova veiculação da inserção impugnada enquanto não for adequada às exigências do art. 36, § 4o, da Lei n. 9.504/1997 e do art. 12 da Resolução n. 23.610/2019/TSE. 4. Comunique-se imediatamente a decisão às emissoras de televisão e aos respectivos pools responsáveis pela veiculação da propaganda eleitoral gratuita. 5. Submeta-se esta decisão, imediatamente, a referendo desta Corte Superior na sessão jurisdicional subsequente à sua assinatura, de acordo com o art. 2o da Portaria n. 235/2026/TSE. 6. Citem-se os representados para apresentarem defesa, nos termos do art. 18 da Resolução n. 23.608/2019/TSE. 7. Após, intime-se a Procuradoria-Geral Eleitoral para manifestação, conforme o art. 19 da Resolução n. 23.608/2019/TSE. 8. Intimem-se. 9. Publique-se. Brasília, 26 de setembro de 2026. Ministro NUNES MARQUES Presidente;https://consultaunificadapje.tse.jus.br/consulta-publica-unificada/documento?extensaoArquivo=text/html&path=tse/2026/9/28/18/11/54/04fe03b296aa1c63e5363d7039527a424e0737f80cb78cdcde165bf56cf7c3be;ca0d08f498ca85f88d1a.html;04fe03b296aa1c63e5363d7039527a424e0737f80cb78cdcde165bf56cf7c3be;;Decisão;https://consultaunificadapje.tse.jus.br/#/public/resultado/0602080-68.2026.6.00.0000
0602109-21.2026.6.00.0000;Lula;liminar sem revisão colegiada comprovada;não se aplica;;Ante o exposto, indefiro o pedido de tutela provisória de urgência. 4. Submeta-se esta decisão imediatamente ao referendo do Plenário, nos termos do art. 2o da Portaria n. 235/2026/TSE. 5. Providencie-se a imediata citação dos requeridos ou, se for o caso, de seus advogados com poderes específicos para recebê-la, preferencialmente por meio eletrônico, para apresentarem defesa no prazo de 1 (um) dia, nos termos do art. 33 da Resolução n. 23.608/2019/TSE. 6. Findo o prazo de defesa, intime-se a Procuradoria-Geral Eleitoral para emissão de parecer no prazo de 1 (um) dia, nos termos do art. 33, § 1o, da Resolução n. 23.608/2019/TSE. 7. Transcorrido o prazo, com ou sem parecer, voltem os autos imediatamente conclusos, observado o art. 33, § 2o, da Resolução n. 23.608/2019/TSE. 8. Intimem-se. 9. Publique-se. Brasília, 26 de setembro de 2026. Ministro NUNES MARQUES Presidente;https://consultaunificadapje.tse.jus.br/consulta-publica-unificada/documento?extensaoArquivo=text/html&path=tse/2026/9/28/18/11/54/37cca9396804bbf6bdd2d1c449b71178d66a668c49f010e143ec4c6498ddfa4a;91e678670ed9847f818e.html;37cca9396804bbf6bdd2d1c449b71178d66a668c49f010e143ec4c6498ddfa4a;;Decisão;https://consultaunificadapje.tse.jus.br/#/public/resultado/0602109-21.2026.6.00.0000
0602111-88.2026.6.00.0000;Lula;liminar sem revisão colegiada comprovada;não se aplica;;Ante o exposto, indefiro o pedido liminar. Cite-se o requerido para, querendo, apresentar defesa, nos termos do art. 33 da Res.-TSE no 23.608/2019. Após o transcurso do prazo, com ou sem resposta, intime-se a Procuradoria-Geral Eleitoral para emissão de parecer, nos termos do § 1o do art. 33 da Res.-TSE no 23.608/2019. Submeta-se a presente decisão ao Plenário, inclusive por intermédio de sessão virtual, nos exatos termos do art. 2o da Portaria TSE no 235/2026. Publique-se em mural. Intime-se. Brasília/DF, data conforme consta na assinatura digital. Ministra ESTELA ARANHA Relatora;https://consultaunificadapje.tse.jus.br/consulta-publica-unificada/documento?extensaoArquivo=text/html&path=tse/2026/9/25/16/49/10/006ca5f9697db2b64d21303aea0384876c29433578c1889c5d0084d9bba013b8;9b2e1b2bd56afff5e069.html;006ca5f9697db2b64d21303aea0384876c29433578c1889c5d0084d9bba013b8;;Decisão;https://consultaunificadapje.tse.jus.br/#/public/resultado/0602111-88.2026.6.00.0000
0602114-43.2026.6.00.0000;Lula;liminar sem revisão colegiada comprovada;não se aplica;;Ante o exposto, indefiro o pedido liminar. Cite-se o requerido para, querendo, apresentar defesa, nos termos do art. 33 da Res.-TSE no 23.608/2019. Após o transcurso do prazo, com ou sem resposta, intime-se a Procuradoria-Geral Eleitoral para emissão de parecer, nos termos do § 1o do art. 33 da Res.-TSE no 23.608/2019. Submeta-se a presente decisão ao Plenário, inclusive por intermédio de sessão virtual, nos exatos termos do art. 2o da Portaria TSE no 235/2026. Publique-se em mural. Intime-se. Brasília/DF, data conforme consta na assinatura digital. Ministra ESTELA ARANHA Relatora;https://consultaunificadapje.tse.jus.br/consulta-publica-unificada/documento?extensaoArquivo=text/html&path=tse/2026/9/25/16/50/19/402dd7abeecba27505d18ef14430a67f5fcf74b8dec2fac45c51ccc6c2c57e4e;947ec9a93fc1a4628e81.html;402dd7abeecba27505d18ef14430a67f5fcf74b8dec2fac45c51ccc6c2c57e4e;;Decisão;https://consultaunificadapje.tse.jus.br/#/public/resultado/0602114-43.2026.6.00.0000
0602117-95.2026.6.00.0000;Lula;liminar sem revisão colegiada comprovada;não se aplica;;Ante o exposto, indefiro o pedido liminar. Citem-se os requeridos para, querendo, apresentar defesa, nos termos do art. 33 da Res.-TSE no 23.608/2019. Após o transcurso do prazo, com ou sem resposta, intime-se a Procuradoria-Geral Eleitoral para emissão de parecer, nos termos do § 1o do art. 33 da Res.-TSE no 23.608/2019. Submeta-se a presente decisão ao Plenário, inclusive por intermédio de sessão virtual, nos exatos termos do art. 2o da Portaria TSE no 235/2026. Publique-se em mural. Intime-se. Brasília/DF, data conforme consta na assinatura digital. Ministra ESTELA ARANHA Relatora;https://consultaunificadapje.tse.jus.br/consulta-publica-unificada/documento?extensaoArquivo=text/html&path=tse/2026/9/25/16/49/28/5388f6d1ba0091c79270b465bd0ca60e8d9a22fc4f3ed3568dd90fd70835e563;20c6a9698607e88f74f6.html;5388f6d1ba0091c79270b465bd0ca60e8d9a22fc4f3ed3568dd90fd70835e563;;Decisão;https://consultaunificadapje.tse.jus.br/#/public/resultado/0602117-95.2026.6.00.0000
0602139-56.2026.6.00.0000;Flávio;liminar sem revisão colegiada comprovada;não se aplica;;"Ante o exposto, indefiro o pedido liminar. Com a inicial do pedido do direito de resposta envolvendo propaganda em TV, não há a necessidade de a parte trazer aos autos a mídia final da resposta, mas deve juntar, sob pena de extinção da ação, ao menos o texto da resposta que pretende veicular (AgR-Pet n° 468-04/DF, Rel. Min. Luciana Lóssio, DJe de 22.10.2014; RP n° 686, Rel. Min Gilmar Mendes, DJ de 2.12.2005). Intime-se a parte autora para cumprimento, em 24 horas. Com a juntada do texto da resposta, citem-se os requeridos para, querendo, apresentar defesa, nos termos do art. 33 da Res.-TSE no 23.608/2019. Após o transcurso do prazo, com ou sem resposta, intime-se a Procuradoria-Geral Eleitoral para emissão de parecer, nos termos do § 1o do art. 33 da Res.-TSE no 23.608/2019. Submeta-se a presente decisão ao Plenário, inclusive por intermédio de sessão virtual, nos exatos termos do art. 2o da Portaria TSE no 235/2026. Publique-se em mural. Intime-se. Brasília/DF, data conforme consta na assinatura digital. Ministra ESTELA ARANHA Relatora";https://consultaunificadapje.tse.jus.br/consulta-publica-unificada/documento?extensaoArquivo=text/html&path=tse/2026/9/25/16/52/42/b47c5164098964e09ac9ce135793c8df49233a5a2b85ada6f12652c04992ab0d;c0540ab3f8596f3309ad.html;b47c5164098964e09ac9ce135793c8df49233a5a2b85ada6f12652c04992ab0d;;Decisão;https://consultaunificadapje.tse.jus.br/#/public/resultado/0602139-56.2026.6.00.0000
0602140-41.2026.6.00.0000;Lula;liminar sem revisão colegiada comprovada;não se aplica;;"icando o emprego das informações restrito à instrução desta ação , devendo a resposta ser juntada em autos apartados, que tramitarão sob sigilo (art. 23 da Lei no 12.965/2014). iii. suspenda a divulgação dos endereços eletrônicos de venda mantidos nas biografias e nas publicações dos perfis relacionados no Anexo I, A . b) SHOPEE BRASIL LTDA. (CNPJ 35.635.824/0001-12), no prazo de 48 (quarenta e oito) horas, informe: (i) os dados de qualificação da loja denominada BELLA CHIC STORE, com inscrição no CNPJ ou no CPF, endereço e identificação dos responsáveis; e (ii) a qual conta foram atribuídos os links encurtados s.shopee.com.br/4qDU4w3dua, s.shopee.com.br/2VpZ2YO5dU e collshp.com/achadinhosvipsbr813, com a identificação do respectivo titular e a informação sobre estarem, ou não, vinculados a contas do programa de afiliados da plataforma; c) indefiro as demais medidas requeridas em caráter liminar, nos termos acima expressos; 3) f ixo multa diária de R$ 50.000,00 (cinquenta mil reais) para o descumprimento de cada uma das determinações constantes desta decisão; 4) determino a notificação dos representados para que apresentem defesa no prazo de 5 (cinco) dias, na forma do art. 22, I, ""a"", da Lei Complementar no 64/1990. 5) Após, sejam os autos remetidos à Procuradoria-Geral Eleitoral. Cumpra-se com urgência. Publique-se. Intimem-se. Brasília, data registrada no sistema. Assinado eletronicamente Ministro RICARDO VILLAS BÔAS CUEVA Corregedor-Geral da Justiça Eleitoral em exercício";https://consultaunificadapje.tse.jus.br/consulta-publica-unificada/documento?extensaoArquivo=text/html&path=tse/2026/9/22/8/32/22/75c01095268e6b3f5293893f18defb3fd5dc2239e233db7e67d216b234a3e98a;7a6641f576eb7649f7ad.html;75c01095268e6b3f5293893f18defb3fd5dc2239e233db7e67d216b234a3e98a;;Decisão;https://consultaunificadapje.tse.jus.br/#/public/resultado/0602140-41.2026.6.00.0000
0602144-78.2026.6.00.0000;Lula;liminar sem revisão colegiada comprovada;não se aplica;;Ante o exposto, defiro parcialmente o pedido de tutela de urgência para determinar aos representados que se abstenham de promover nova veiculação da inserção impugnada enquanto não adequada às exigências do art. 36, § 4o, da Lei no 9.504/1997 e do art. 12 da Res.-TSE no 23.610/2019. Indefiro o pedido de notificação do pool de emissoras para o fornecimento do mapa de transmissões requerido no item 15 da petição inicial porque as mídias das propagandas em inserções são encaminhadas pelos partidos para cada emissora, sem intermediação do pool, conforme dispõe o art. 7o da Res.-TSE no 23.776/2026. Apenas nos casos das propagandas em rede (bloco) é que a mídia passa pelo grupo único de emissoras, nos termos do art. 10 da mesma Resolução. Prejudicados os demais pedidos feitos no referido item 15 da petição inicial (fl. 7). Citem-se nos termos do art. 18 da Res.-TSE no 23.608/2019. Após, à PGE , conforme art. 19 da Res.-TSE no 23.608/2019. Submeta-se a presente decisão ao Plenário, inclusive por intermédio de sessão virtual, nos exatos termos do art. 2o da Portaria TSE no 235/2026. Por fim, torne o feito concluso. Publique-se. Intimem-se. Brasília/DF, data conforme consta na assinatura digital. Ministra ESTELA ARANHA Relatora;https://consultaunificadapje.tse.jus.br/consulta-publica-unificada/documento?extensaoArquivo=text/html&path=tse/2026/9/25/16/51/46/0c92886d67d8d9202f971ad723a0c31394a63b6944b529f8257eb8b9f9e67665;676a92de7ab1f8b12db2.html;0c92886d67d8d9202f971ad723a0c31394a63b6944b529f8257eb8b9f9e67665;;Decisão;https://consultaunificadapje.tse.jus.br/#/public/resultado/0602144-78.2026.6.00.0000
0602148-18.2026.6.00.0000;Lula;liminar sem revisão colegiada comprovada;não se aplica;;Ante o exposto, indefiro o pedido de tutela provisória de urgência. 4. Submeta-se esta decisão imediatamente ao referendo do Plenário, de acordo com o art. 2o da Portaria n. 235/2026/TSE. 5. Intime-se a requerente para que, no prazo de um dia, regularize a instrução do feito, mediante a juntada da mídia correspondente à propaganda eleitoral gratuita veiculada na televisão em 19 de setembro de 2026, objeto do presente pedido, acompanhada da respectiva transcrição, nos termos do art. 32, III, b , da Resolução n. 23.608/2019/TSE. 6. Cumprida a diligência, providencie-se a imediata citação dos requeridos, preferencialmente por meio eletrônico, para apresentarem defesa no prazo de um dia, nos termos do art. 33 da Resolução n. 23.608/2019/TSE. 7. Findo o prazo de defesa, intime-se a Procuradoria-Geral Eleitoral para a emissão de parecer no prazo de 1 (um) dia, conforme o § 1o do referido dispositivo. 8. Transcorrido o prazo, com ou sem parecer, voltem os autos imediatamente conclusos, observado o art. 33, § 2o, da Resolução n. 23.608/2019/TSE. 9. Intimem-se. 10. Publique-se. Brasília, 26 de setembro de 2026. Ministro NUNES MARQUES Presidente;https://consultaunificadapje.tse.jus.br/consulta-publica-unificada/documento?extensaoArquivo=text/html&path=tse/2026/9/28/18/11/45/c3b83ef4b9beee33baf2f9a8ee6478fbdebb8f284aeee5a7467f0d33ed4c68c8;b4625be8c518d9292177.html;c3b83ef4b9beee33baf2f9a8ee6478fbdebb8f284aeee5a7467f0d33ed4c68c8;;Decisão;https://consultaunificadapje.tse.jus.br/#/public/resultado/0602148-18.2026.6.00.0000
0602161-17.2026.6.00.0000;Lula;liminar sem revisão colegiada comprovada;não se aplica;;Ante o exposto, defiro parcialmente o pedido de tutela de urgência para determinar aos representados que se abstenham de promover nova veiculação da inserção impugnada enquanto não adequada às exigências do art. 36, § 4o, da Lei no 9.504/1997 e do art. 12 da Res.-TSE no 23.610/2019. Indefiro o pedido de notificação do pool de emissoras para o fornecimento do mapa de transmissões requerido no item 15 da petição inicial porque as mídias das propagandas em inserções são encaminhadas pelos partidos para cada emissora, sem intermediação do pool, conforme dispõe o art. 7o da Res.-TSE no 23.776/2026. Apenas nos casos das propagandas em rede (bloco) é que a mídia passa pelo grupo único de emissoras, nos termos do art. 10 da mesma Resolução. Prejudicados os demais pedidos feitos no referido item 15 da petição inicial (fl. 8). Citem-se nos termos do art. 18 da Res.-TSE no 23.608/2019. Após, à PGE , conforme art. 19 da Res.-TSE no 23.608/2019. Submeta-se a presente decisão ao Plenário, inclusive por intermédio de sessão virtual, nos exatos termos do art. 2o da Portaria TSE no 235/2026. Por fim, torne o feito concluso. Publique-se. Intimem-se. Brasília/DF, data conforme consta na assinatura digital. Ministra ESTELA ARANHA Relatora;https://consultaunificadapje.tse.jus.br/consulta-publica-unificada/documento?extensaoArquivo=text/html&path=tse/2026/9/25/16/52/5/d66ba54bdb429df146ae3b84c55f2e1d1ce227db075740f588a9af4fa84959e7;edcd1344623c4c08a984.html;d66ba54bdb429df146ae3b84c55f2e1d1ce227db075740f588a9af4fa84959e7;;Decisão;https://consultaunificadapje.tse.jus.br/#/public/resultado/0602161-17.2026.6.00.0000
0602197-59.2026.6.00.0000;Lula;liminar sem revisão colegiada comprovada;não se aplica;;Ante o exposto, defiro o pedido liminar para que, no prazo de 24 horas, sob pena de multa diária, nos termos do § 4o do art. 38 da Res.-TSE no 23.610/2019, o Representado suspenda o impulsionamento e remova o anúncio identificado sob o ID 1092311693271273. Determino que o representado se abstenha de republicar ou difundir novamente a postagem ora indicada ou conteúdos substancialmente idênticos com o emprego de impulsionamento. Oficie-se ao provedor de aplicação responsável pelo Facebook e pelo Instagram para suspender o impulsionamento e remover o referido anúncio, no prazo de 24 horas, devendo informar a este Juízo sobre as providências tomadas, conforme o § 1o-B do art. 17 da Res.-TSE no 23.608/2019, sob pena de fixação de multa e outras medidas para o efetivo cumprimento desta decisão. Cite-se nos termos do art. 18 da Res.-TSE no 23.608/2019. Após, à PGE , conforme art. 19 da Res.-TSE no 23.608/2019. Submeta-se a presente decisão ao Plenário, inclusive por intermédio de sessão virtual, nos exatos termos do art. 2o da Portaria TSE no 235/2026. Por fim, torne o feito concluso. Publique-se. Intimem-se. Brasília/DF, data conforme consta na assinatura digital. Ministra ESTELA ARANHA Relatora;https://consultaunificadapje.tse.jus.br/consulta-publica-unificada/documento?extensaoArquivo=text/html&path=tse/2026/9/25/16/53/16/5960985b65345e9ea3a6d9a77c3017194bc6305018018c1c16525938613a431f;8ec5971b6c9355564754.html;5960985b65345e9ea3a6d9a77c3017194bc6305018018c1c16525938613a431f;;Decisão;https://consultaunificadapje.tse.jus.br/#/public/resultado/0602197-59.2026.6.00.0000
0602198-44.2026.6.00.0000;Lula;liminar sem revisão colegiada comprovada;não se aplica;;Ante o exposto, defiro o pedido liminar para que, no prazo de 24 horas, sob pena de multa diária, nos termos do § 4o do art. 38 da Res.-TSE no 23.610/2019, o Representado suspenda o impulsionamento e remova o anúncio identificado sob o ID 1777677663249082. Determino que o representado se abstenha de republicar ou difundir novamente a postagem ora indicada ou conteúdos substancialmente idênticos com o emprego de impulsionamento. Oficie-se ao provedor de aplicação responsável pelo Facebook e pelo Instagram para suspender o impulsionamento e remover o referido anúncio, no prazo de 24 horas, devendo informar a este Juízo sobre as providências tomadas, conforme o § 1o-B do art. 17 da Res.-TSE no 23.608/2019, sob pena de fixação de multa e outras medidas para o efetivo cumprimento desta decisão. Cite-se nos termos do art. 18 da Res.-TSE no 23.608/2019. Após, à PGE , conforme art. 19 da Res.-TSE no 23.608/2019. Submeta-se a presente decisão ao Plenário, inclusive por intermédio de sessão virtual, nos exatos termos do art. 2o da Portaria TSE no 235/2026. Por fim, torne o feito concluso. Publique-se. Intimem-se. Brasília/DF, data conforme consta na assinatura digital. Ministra ESTELA ARANHA Relatora;https://consultaunificadapje.tse.jus.br/consulta-publica-unificada/documento?extensaoArquivo=text/html&path=tse/2026/9/25/16/49/46/c9b04dd2be91da8141b67301c06d545c3c9b165124e8261388c05ecc8502670b;576714668b5d0e40ca9d.html;c9b04dd2be91da8141b67301c06d545c3c9b165124e8261388c05ecc8502670b;;Decisão;https://consultaunificadapje.tse.jus.br/#/public/resultado/0602198-44.2026.6.00.0000
0602199-29.2026.6.00.0000;Lula;liminar sem revisão colegiada comprovada;não se aplica;;Ante o exposto, defiro o pedido liminar para que, no prazo de 24 horas, sob pena de multa diária, nos termos do § 4o do art. 38 da Res.-TSE no 23.610/2019, o Representado suspenda o impulsionamento e remova o anúncio identificado sob o ID 1077009174975940. Determino que o representado se abstenha de republicar ou difundir novamente a postagem ora indicada ou conteúdos substancialmente idênticos com o emprego de impulsionamento. Oficie-se ao provedor de aplicação responsável pelo Facebook e pelo Instagram para suspender o impulsionamento e remover o referido anúncio, no prazo de 24 horas, devendo informar a este Juízo sobre as providências tomadas, conforme o § 1o-B do art. 17 da Res.-TSE no 23.608/2019, sob pena de fixação de multa e outras medidas para o efetivo cumprimento desta decisão. Cite-se nos termos do art. 18 da Res.-TSE no 23.608/2019. Após, à PGE , conforme art. 19 da Res.-TSE no 23.608/2019. Submeta-se a presente decisão ao Plenário, inclusive por intermédio de sessão virtual, nos exatos termos do art. 2o da Portaria TSE no 235/2026. Por fim, torne o feito concluso. Publique-se. Intimem-se. Brasília/DF, data conforme consta na assinatura digital. Ministra ESTELA ARANHA Relatora;https://consultaunificadapje.tse.jus.br/consulta-publica-unificada/documento?extensaoArquivo=text/html&path=tse/2026/9/25/16/48/15/30f5cadb16a6ff99339c82fdae378c027a4a43196085baa966e0b944b9007161;f28e766545ba696c3f98.html;30f5cadb16a6ff99339c82fdae378c027a4a43196085baa966e0b944b9007161;;Decisão;https://consultaunificadapje.tse.jus.br/#/public/resultado/0602199-29.2026.6.00.0000
0602200-14.2026.6.00.0000;Lula;liminar sem revisão colegiada comprovada;não se aplica;;Ante o exposto, defiro o pedido liminar para que, no prazo de 24 horas, sob pena de multa diária, nos termos do § 4o do art. 38 da Res.-TSE no 23.610/2019, o Representado suspenda o impulsionamento e remova o anúncio identificado sob o ID 1550489050157020. Determino que o representado se abstenha de republicar ou difundir novamente a postagem ora indicada ou conteúdos substancialmente idênticos com o emprego de impulsionamento. Oficie-se ao provedor de aplicação responsável pelo Facebook e pelo Instagram para suspender o impulsionamento e remover o referido anúncio, no prazo de 24 horas, devendo informar a este Juízo sobre as providências tomadas, conforme o § 1o-B do art. 17 da Res.-TSE no 23.608/2019, sob pena de fixação de multa e outras medidas para o efetivo cumprimento desta decisão. Cite-se nos termos do art. 18 da Res.-TSE no 23.608/2019. Após, à PGE , conforme art. 19 da Res.-TSE no 23.608/2019. Submeta-se a presente decisão ao Plenário, inclusive por intermédio de sessão virtual, nos exatos termos do art. 2o da Portaria TSE no 235/2026. Por fim, torne o feito concluso. Publique-se. Intimem-se. Brasília/DF, data conforme consta na assinatura digital. Ministra ESTELA ARANHA Relatora;https://consultaunificadapje.tse.jus.br/consulta-publica-unificada/documento?extensaoArquivo=text/html&path=tse/2026/9/25/16/48/54/7acbfa3a229eec5fb2ad503d06437aace4aff443c40f57a2acebf396470ca108;65edcef6c22903063931.html;7acbfa3a229eec5fb2ad503d06437aace4aff443c40f57a2acebf396470ca108;;Decisão;https://consultaunificadapje.tse.jus.br/#/public/resultado/0602200-14.2026.6.00.0000
0602238-26.2026.6.00.0000;Flávio;liminar sem revisão colegiada comprovada;não se aplica;;Ante o exposto, indefiro o pedido liminar. Citem-se nos termos do art. 18 da Res.-TSE no 23.608/2019. Após, à PGE , conforme art. 19 da Res.-TSE no 23.608/2019. Submeta-se a presente decisão ao Plenário, inclusive por intermédio de sessão virtual, nos exatos termos do art. 2o da Portaria TSE no 235/2026. Por fim, torne o feito concluso. Publique-se. Intimem-se. Brasília/DF, data conforme consta na assinatura digital. Ministra ESTELA ARANHA Relatora;https://consultaunificadapje.tse.jus.br/consulta-publica-unificada/documento?extensaoArquivo=text/html&path=tse/2026/9/25/16/53/41/f190ec924fad65d88144ddc6e16fc9869be6f5460056531047285e4469620141;7605df21f32acf36f0a1.html;f190ec924fad65d88144ddc6e16fc9869be6f5460056531047285e4469620141;;Decisão;https://consultaunificadapje.tse.jus.br/#/public/resultado/0602238-26.2026.6.00.0000
0602243-48.2026.6.00.0000;Flávio;liminar sem revisão colegiada comprovada;não se aplica;;Ante o exposto, indefiro o pedido liminar. Cite-se nos termos do art. 18 da Res.-TSE no 23.608/2019. Após, à PGE , conforme art. 19 da Res.-TSE no 23.608/2019. Submeta-se a presente decisão ao Plenário, inclusive por intermédio de sessão virtual, nos exatos termos do art. 2o da Portaria TSE no 235/2026. Por fim, torne o feito concluso. Publique-se. Intimem-se. Brasília/DF, data conforme consta na assinatura digital. Ministra ESTELA ARANHA Relatora;https://consultaunificadapje.tse.jus.br/consulta-publica-unificada/documento?extensaoArquivo=text/html&path=tse/2026/9/25/16/53/53/15c46576ff173f356617e89df6ed4f44dc51a15f974a47f108db490cd3688dbd;b6071a13b029c80d5cde.html;15c46576ff173f356617e89df6ed4f44dc51a15f974a47f108db490cd3688dbd;;Decisão;https://consultaunificadapje.tse.jus.br/#/public/resultado/0602243-48.2026.6.00.0000
0602245-18.2026.6.00.0000;Flávio;liminar sem revisão colegiada comprovada;não se aplica;;Ante o exposto, indefiro o pedido liminar. Citem-se nos termos do art. 18 da Res.-TSE no 23.608/2019. Após, à PGE , conforme art. 19 da Res.-TSE no 23.608/2019. Submeta-se a presente decisão ao Plenário, inclusive por intermédio de sessão virtual, nos exatos termos do art. 2o da Portaria TSE no 235/2026. Por fim, torne o feito concluso. Publique-se. Intimem-se. Brasília/DF, data conforme consta na assinatura digital. Ministra ESTELA ARANHA Relatora;https://consultaunificadapje.tse.jus.br/consulta-publica-unificada/documento?extensaoArquivo=text/html&path=tse/2026/9/25/16/51/8/0e9b309899c72a14961c5c0d97917887cf5e71cb32e815030db8c19575aa1e12;96c651b15de36c0373e3.html;0e9b309899c72a14961c5c0d97917887cf5e71cb32e815030db8c19575aa1e12;;Decisão;https://consultaunificadapje.tse.jus.br/#/public/resultado/0602245-18.2026.6.00.0000
0602261-69.2026.6.00.0000;Lula;liminar sem revisão colegiada comprovada;não se aplica;;Ante o exposto, defiro o pedido liminar para que, no prazo de 24 horas, sob pena de multa diária, nos termos do § 4o do art. 38 da Res.-TSE no 23.610/2019, o Representado suspenda o impulsionamento e remova o anúncio identificado sob o ID 1182592754208870. Determino que o representado se abstenha de republicar ou difundir novamente a postagem ora indicada ou conteúdos substancialmente idênticos com o emprego de impulsionamento. Oficie-se ao provedor de aplicação responsável pelo Facebook e pelo Instagram para suspender o impulsionamento e remover o referido anúncio, no prazo de 24 horas, devendo informar a este Juízo sobre as providências tomadas, conforme o § 1o-B do art. 17 da Res.-TSE no 23.608/2019, sob pena de fixação de multa e outras medidas para o efetivo cumprimento desta decisão. Cite-se nos termos do art. 18 da Res.-TSE no 23.608/2019. Após, à PGE , conforme art. 19 da Res.-TSE no 23.608/2019. Submeta-se a presente decisão ao Plenário, inclusive por intermédio de sessão virtual, nos exatos termos do art. 2o da Portaria TSE no 235/2026. Por fim, torne o feito concluso. Publique-se. Intimem-se. Brasília/DF, data conforme consta na assinatura digital. Ministra ESTELA ARANHA Relatora;https://consultaunificadapje.tse.jus.br/consulta-publica-unificada/documento?extensaoArquivo=text/html&path=tse/2026/9/25/16/48/36/a81a030d3d281ac68e169a3d44c7610bf0dc3ba85830258b12fa765a46bf5dcf;7b128fc0a71910e22ffc.html;a81a030d3d281ac68e169a3d44c7610bf0dc3ba85830258b12fa765a46bf5dcf;;Decisão;https://consultaunificadapje.tse.jus.br/#/public/resultado/0602261-69.2026.6.00.0000
0602266-91.2026.6.00.0000;Lula;liminar sem revisão colegiada comprovada;não se aplica;;Ante o exposto, defiro o pedido liminar para que, no prazo de 24 horas, sob pena de multa diária, nos termos do § 4o do art. 38 da Res.-TSE no 23.610/2019, o Representado suspenda o impulsionamento e remova o anúncio identificado sob o ID 1602795500889120. Determino que o representado se abstenha de republicar ou difundir novamente a postagem ora indicada ou conteúdos substancialmente idênticos com o emprego de impulsionamento. Oficie-se ao provedor de aplicação responsável pelo Facebook e pelo Instagram para suspender o impulsionamento e remover o referido anúncio, no prazo de 24 horas, devendo informar a este Juízo sobre as providências tomadas, conforme o § 1o-B do art. 17 da Res.-TSE no 23.608/2019, sob pena de fixação de multa e outras medidas para o efetivo cumprimento desta decisão. Cite-se nos termos do art. 18 da Res.-TSE no 23.608/2019. Após, à PGE , conforme art. 19 da Res.-TSE no 23.608/2019. Submeta-se a presente decisão ao Plenário, inclusive por intermédio de sessão virtual, nos exatos termos do art. 2o da Portaria TSE no 235/2026. Por fim, torne o feito concluso. Publique-se. Intimem-se. Brasília/DF, data conforme consta na assinatura digital. Ministra ESTELA ARANHA Relatora;https://consultaunificadapje.tse.jus.br/consulta-publica-unificada/documento?extensaoArquivo=text/html&path=tse/2026/9/30/14/7/58/83a92c463214866219fec386f83db097e676606df4bc82ebe7436dd6adead3ed;cee9962a7b39465e4876.html;83a92c463214866219fec386f83db097e676606df4bc82ebe7436dd6adead3ed;;Decisão;https://consultaunificadapje.tse.jus.br/#/public/resultado/0602266-91.2026.6.00.0000
0602267-76.2026.6.00.0000;Lula;liminar sem revisão colegiada comprovada;não se aplica;;Ante o exposto, defiro o pedido liminar para que, no prazo de 24 horas, sob pena de multa diária, nos termos do § 4o do art. 38 da Res.-TSE no 23.610/2019, o Representado suspenda o impulsionamento e remova o anúncio identificado sob o ID 2583356005464653. Determino que o representado se abstenha de republicar ou difundir novamente a postagem ora indicada ou conteúdos substancialmente idênticos com o emprego de impulsionamento. Oficie-se ao provedor de aplicação responsável pelo Facebook e pelo Instagram para suspender o impulsionamento e remover o referido anúncio, no prazo de 24 horas, devendo informar a este Juízo sobre as providências tomadas, conforme o § 1o-B do art. 17 da Res.-TSE no 23.608/2019, sob pena de fixação de multa e outras medidas para o efetivo cumprimento desta decisão. Cite-se nos termos do art. 18 da Res.-TSE no 23.608/2019. Após, à PGE , conforme art. 19 da Res.-TSE no 23.608/2019. Submeta-se a presente decisão ao Plenário, inclusive por intermédio de sessão virtual, nos exatos termos do art. 2o da Portaria TSE no 235/2026. Por fim, torne o feito concluso. Publique-se. Intimem-se. Brasília/DF, data conforme consta na assinatura digital. Ministra ESTELA ARANHA Relatora;https://consultaunificadapje.tse.jus.br/consulta-publica-unificada/documento?extensaoArquivo=text/html&path=tse/2026/9/30/14/4/59/5c34b44f0fb1dc8a2938f786585fe9d51ddd90f18fb948b2e63d6621141d07a2;c0f3094534db2db2c17b.html;5c34b44f0fb1dc8a2938f786585fe9d51ddd90f18fb948b2e63d6621141d07a2;;Decisão;https://consultaunificadapje.tse.jus.br/#/public/resultado/0602267-76.2026.6.00.0000
0602268-61.2026.6.00.0000;Lula;liminar sem revisão colegiada comprovada;não se aplica;;Ante o exposto, defiro o pedido liminar para que, no prazo de 24 horas, sob pena de multa diária, nos termos do § 4o do art. 38 da Res.-TSE no 23.610/2019, o Representado suspenda o impulsionamento e remova o anúncio identificado sob o ID 4591714467783820. Determino que o representado se abstenha de republicar ou difundir novamente a postagem ora indicada ou conteúdos substancialmente idênticos com o emprego de impulsionamento. Oficie-se ao provedor de aplicação responsável pelo Facebook e pelo Instagram para suspender o impulsionamento e remover o referido anúncio, no prazo de 24 horas, devendo informar a este Juízo sobre as providências tomadas, conforme o § 1o-B do art. 17 da Res.-TSE no 23.608/2019, sob pena de fixação de multa e outras medidas para o efetivo cumprimento desta decisão. Cite-se nos termos do art. 18 da Res.-TSE no 23.608/2019. Após, à PGE , conforme art. 19 da Res.-TSE no 23.608/2019. Submeta-se a presente decisão ao Plenário, inclusive por intermédio de sessão virtual, nos exatos termos do art. 2o da Portaria TSE no 235/2026. Por fim, torne o feito concluso. Publique-se. Intimem-se. Brasília/DF, data conforme consta na assinatura digital. Ministra ESTELA ARANHA Relatora;https://consultaunificadapje.tse.jus.br/consulta-publica-unificada/documento?extensaoArquivo=text/html&path=tse/2026/9/30/14/8/32/99c66c94f94f8e21aec6a307d18eb2ba33768d7e2ce1e6c46e7c4c8d30932d14;062ae781f369e8a01c38.html;99c66c94f94f8e21aec6a307d18eb2ba33768d7e2ce1e6c46e7c4c8d30932d14;;Decisão;https://consultaunificadapje.tse.jus.br/#/public/resultado/0602268-61.2026.6.00.0000
0602269-46.2026.6.00.0000;Lula;liminar sem revisão colegiada comprovada;não se aplica;;Ante o exposto, defiro o pedido liminar para que, no prazo de 24 horas, sob pena de multa diária, nos termos do § 4o do art. 38 da Res.-TSE no 23.610/2019, o Representado suspenda o impulsionamento e remova o anúncio identificado sob o ID 1583770822580329. Determino que o representado se abstenha de republicar ou difundir novamente a postagem ora indicada ou conteúdos substancialmente idênticos com o emprego de impulsionamento. Oficie-se ao provedor de aplicação responsável pelo Facebook e pelo Instagram para suspender o impulsionamento e remover o referido anúncio, no prazo de 24 horas, devendo informar a este Juízo sobre as providências tomadas, conforme o § 1o-B do art. 17 da Res.-TSE no 23.608/2019, sob pena de fixação de multa e outras medidas para o efetivo cumprimento desta decisão. Cite-se nos termos do art. 18 da Res.-TSE no 23.608/2019. Após, à PGE , conforme art. 19 da Res.-TSE no 23.608/2019. Submeta-se a presente decisão ao Plenário, inclusive por intermédio de sessão virtual, nos exatos termos do art. 2o da Portaria TSE no 235/2026. Por fim, torne o feito concluso. Publique-se. Intimem-se. Brasília/DF, data conforme consta na assinatura digital. Ministra ESTELA ARANHA Relatora;https://consultaunificadapje.tse.jus.br/consulta-publica-unificada/documento?extensaoArquivo=text/html&path=tse/2026/9/30/14/6/33/74ff0dc62026722e27d88258d5924fb7a019858510692c58224e578ddd0b94a2;02a61c096efa42d77101.html;74ff0dc62026722e27d88258d5924fb7a019858510692c58224e578ddd0b94a2;;Decisão;https://consultaunificadapje.tse.jus.br/#/public/resultado/0602269-46.2026.6.00.0000
0602273-83.2026.6.00.0000;Flávio;liminar sem revisão colegiada comprovada;não se aplica;;Ante o exposto, indefiro o pedido liminar. Citem-se nos termos do art. 18 da Res.-TSE no 23.608/2019. Após, à PGE , conforme art. 19 da Res.-TSE no 23.608/2019. Submeta-se a presente decisão ao Plenário, inclusive por intermédio de sessão virtual, nos exatos termos do art. 2o da Portaria TSE no 235/2026. Por fim, torne o feito concluso. Publique-se. Intimem-se. Brasília/DF, data conforme consta na assinatura digital. Ministra ESTELA ARANHA Relatora;https://consultaunificadapje.tse.jus.br/consulta-publica-unificada/documento?extensaoArquivo=text/html&path=tse/2026/9/25/16/50/44/c7156a6b5906570dffc03fd56a2004c8a16f7df7c3147c0580bc99f31bc85fdc;82aa882eee79f9c28532.html;c7156a6b5906570dffc03fd56a2004c8a16f7df7c3147c0580bc99f31bc85fdc;;Decisão;https://consultaunificadapje.tse.jus.br/#/public/resultado/0602273-83.2026.6.00.0000
0602367-31.2026.6.00.0000;Flávio;liminar sem revisão colegiada comprovada;não se aplica;;Ante o exposto, defiro o pedido liminar para que, no prazo de 24 horas, sob pena de multa diária, nos termos do § 4o do art. 38 da Res.-TSE no 23.610/2019, o Representado suspenda o impulsionamento e remova o anúncio identificado sob o ID 1371178328334122. Determino que o representado se abstenha de republicar ou difundir novamente a postagem ora indicada ou conteúdos substancialmente idênticos com o emprego de impulsionamento. Oficie-se ao provedor de aplicação responsável pelo Instagram para suspender o impulsionamento e remover o referido anúncio, no prazo de 24 horas, devendo informar a este Juízo sobre as providências tomadas, conforme o § 1o-B do art. 17 da Res.-TSE no 23.608/2019, sob pena de fixação de multa e outras medidas para o efetivo cumprimento desta decisão. Citem-se nos termos do art. 18 da Res.-TSE no 23.608/2019. Após, à PGE , conforme art. 19 da Res.-TSE no 23.608/2019. Submeta-se a presente decisão ao Plenário, inclusive por intermédio de sessão virtual, nos exatos termos do art. 2o da Portaria TSE no 235/2026. Por fim, torne o feito concluso. Publique-se. Intimem-se. Brasília/DF, data conforme consta na assinatura digital. Ministra ESTELA ARANHA Relatora;https://consultaunificadapje.tse.jus.br/consulta-publica-unificada/documento?extensaoArquivo=text/html&path=tse/2026/9/30/14/9/46/5c8ec4002995d4915fd9927b1374bd006f592bdd6c23806418e8529e22ffb8a3;c0fe3f90a287f89500b7.html;5c8ec4002995d4915fd9927b1374bd006f592bdd6c23806418e8529e22ffb8a3;;Decisão;https://consultaunificadapje.tse.jus.br/#/public/resultado/0602367-31.2026.6.00.0000
0602370-83.2026.6.00.0000;Flávio;liminar sem revisão colegiada comprovada;não se aplica;;Ante o exposto, indefiro o pedido liminar. Citem-se nos termos do art. 18 da Res.-TSE no 23.608/2019. Após, à PGE , conforme art. 19 da Res.-TSE no 23.608/2019. Submeta-se a presente decisão ao Plenário, inclusive por intermédio de sessão virtual, nos exatos termos do art. 2o da Portaria TSE no 235/2026. Por fim, torne o feito concluso. Publique-se. Intimem-se. Brasília/DF, data conforme consta na assinatura digital. Ministra ESTELA ARANHA Relatora;https://consultaunificadapje.tse.jus.br/consulta-publica-unificada/documento?extensaoArquivo=text/html&path=tse/2026/9/30/14/9/11/7cafe5c320213ae0a0ed14b7ad8e12133c2e789a7e6dd762f31008e4f58b0f18;64645c9aebc54080a171.html;7cafe5c320213ae0a0ed14b7ad8e12133c2e789a7e6dd762f31008e4f58b0f18;;Decisão;https://consultaunificadapje.tse.jus.br/#/public/resultado/0602370-83.2026.6.00.0000
0602371-68.2026.6.00.0000;Lula;liminar sem revisão colegiada comprovada;não se aplica;;Ante o exposto, defiro parcialmente o pedido de tutela de urgência para determinar aos representados que se abstenham de promover nova veiculação da propaganda impugnada enquanto não adequada às exigências do art. 36, § 4o, da Lei no 9.504/1997 e do art. 12 da Res.-TSE no 23.610/2019. Notifique-se o pool de emissoras, consoante o disposto no art. 10 da Res.-TSE no 23.776/2026. Citem-se nos termos do art. 18 da Res.-TSE no 23.608/2019. Após, à PGE , conforme art. 19 da Res.-TSE no 23.608/2019. Submeta-se a presente decisão ao Plenário, inclusive por intermédio de sessão virtual, nos exatos termos do art. 2o da Portaria TSE no 235/2026. Por fim, torne o feito concluso. Publique-se. Intimem-se. Brasília/DF, data conforme consta na assinatura digital. Ministra ESTELA ARANHA Relatora;https://consultaunificadapje.tse.jus.br/consulta-publica-unificada/documento?extensaoArquivo=text/html&path=tse/2026/9/30/14/9/30/0e93d9061254a7a1d36a32064c6c879128affb8684ec3d45acf6b1f12d246145;ff0e13c07003deb668a5.html;0e93d9061254a7a1d36a32064c6c879128affb8684ec3d45acf6b1f12d246145;;Decisão;https://consultaunificadapje.tse.jus.br/#/public/resultado/0602371-68.2026.6.00.0000
0602436-63.2026.6.00.0000;Lula;liminar sem revisão colegiada comprovada;não se aplica;;Ante o exposto, defiro parcialmente o pedido de tutela de urgência para determinar aos representados que se abstenham de promover nova veiculação da inserção impugnada enquanto não adequada às exigências do art. 36, § 4o, da Lei no 9.504/1997 e do art. 12 da Res.-TSE no 23.610/2019. Indefiro o pedido de notificação do pool de emissoras para o fornecimento do mapa de transmissões requerido no item 15 da petição inicial porque as mídias das propagandas em inserções são encaminhadas pelos partidos para cada emissora, sem intermediação do pool, conforme dispõe o art. 7o da Res.-TSE no 23.776/2026. Apenas nos casos das propagandas em rede (bloco) é que a mídia passa pelo grupo único de emissoras, nos termos do art. 10 da mesma Resolução. Prejudicados os demais pedidos feitos no referido item 15 da petição inicial (fl. 8). Citem-se nos termos do art. 18 da Res.-TSE no 23.608/2019. Após, à PGE , conforme art. 19 da Res.-TSE no 23.608/2019. Submeta-se a presente decisão ao Plenário, inclusive por intermédio de sessão virtual, nos exatos termos do art. 2o da Portaria TSE no 235/2026. Por fim, torne o feito concluso. Publique-se. Intimem-se. Brasília/DF, data conforme consta na assinatura digital. Ministra ESTELA ARANHA Relatora;https://consultaunificadapje.tse.jus.br/consulta-publica-unificada/documento?extensaoArquivo=text/html&path=tse/2026/9/30/14/8/51/92743bd6e3012c3cd0fa963dd4c4099b162d01e54ae80c7d1e22fd9dc64fa730;ceaadc4eba4a0ffb8323.html;92743bd6e3012c3cd0fa963dd4c4099b162d01e54ae80c7d1e22fd9dc64fa730;;Decisão;https://consultaunificadapje.tse.jus.br/#/public/resultado/0602436-63.2026.6.00.0000
