CHAVE_ATO;DT_GERACAO;HH_GERACAO;ANO_ELEICAO;NR_PROCESSO;SG_UF_TRIBUNAL;SG_UF_TRIBUNAL_ORIGEM;NR_INSTANCIA_ORIGEM;NR_INSTANCIA;SQ_DECISAO;DT_DECISAO;NM_AUTOR_DECISAO;DS_TIPO_DECISAO;PROCESSO_DT_GERACAO;PROCESSO_HH_GERACAO;PROCESSO_ANO_ELEICAO;PROCESSO_NR_PROCESSO;PROCESSO_DT_AUTUACAO;PROCESSO_DT_BAIXA;PROCESSO_SG_UF_TRIBUNAL_ORIGEM;PROCESSO_NR_INSTANCIA_ORIGEM;PROCESSO_SG_UF_TRIBUNAL;PROCESSO_NR_INSTANCIA;PROCESSO_DT_DISTRIBUICAO;PROCESSO_CD_TIPO_DISTRIBUICAO;PROCESSO_DS_TIPO_DISTRIBUICAO;PROCESSO_CD_RELATOR;PROCESSO_NM_RELATOR;PROCESSO_CD_TIPO_CARGO_RELATOR;PROCESSO_DS_TIPO_CARGO_RELATOR;PROCESSO_CD_CLASSE;PROCESSO_SG_CLASSE;PROCESSO_DS_CLASSE;PROCESSO_CD_ASSUNTO_PRINCIPAL;PROCESSO_DS_ASSUNTO_PRINCIPAL;PROCESSO_ST_RECURSAL;PROCESSO_QT_DECISOES;PROCESSO_DT_ULTIMA_DECISAO;PROCESSO_TP_ULTIMA_DECISAO;PROCESSO_DS_URL_PROCESSO;DT_DECISAO_ISO;FL_PROPAGANDA_OFICIAL;FL_DIREITO_RESPOSTA;FL_RECORTE_COMUNICACAO
0600181-74.2025.6.07.0000|68881;01/10/2026;06:00:34;2026;0600181-74.2025.6.07.0000;DF;DF;2;3;68881;03/10/2025;NUNES MARQUES;Decisão;01/10/2026;06:01:26;2026;0600181-74.2025.6.07.0000;06/08/2025;13/10/2025;DF;2;DF;3;06/08/2025;S;Por sorteio;202679;NUNES MARQUES;3;Ministro;241;PetCiv;PETIÇÃO CÍVEL;11634;Cargo - Presidente da República;1;1;03/10/2025;Decisão;https://consultaunificadapje.tse.jus.br/#/public/resultado/0600181-74.2025.6.07.0000;2025-10-03;1;0;1
0600869-31.2025.6.00.0000|68194;01/10/2026;06:00:34;2026;0600869-31.2025.6.00.0000;DF;DF;3;3;68194;16/10/2025;NUNES MARQUES;Decisão;01/10/2026;06:01:26;2026;0600869-31.2025.6.00.0000;08/09/2025;24/10/2025;DF;3;DF;3;08/09/2025;S;Por sorteio;202679;NUNES MARQUES;3;Ministro;120;MSCiv;MANDADO DE SEGURANÇA CÍVEL;11667;Propaganda Política - Propaganda Eleitoral - Extemporânea/Antecipada;0;1;16/10/2025;Decisão;https://consultaunificadapje.tse.jus.br/#/public/resultado/0600869-31.2025.6.00.0000;2025-10-16;1;0;1
0600081-16.2025.6.18.0000|68792;01/10/2026;06:00:34;2026;0600081-16.2025.6.18.0000;DF;PI;2;3;68792;05/11/2025;ANDRÉ MENDONÇA;Decisão;01/10/2026;06:01:26;2026;0600081-16.2025.6.18.0000;23/09/2025;26/02/2026;PI;2;DF;3;23/09/2025;S;Por sorteio;223256;ANDRÉ MENDONÇA;14;Ministro;12626;AREspE;AGRAVO EM RECURSO ESPECIAL ELEITORAL;11667;Propaganda Política - Propaganda Eleitoral - Extemporânea/Antecipada;1;2;12/02/2026;Acórdão;https://consultaunificadapje.tse.jus.br/#/public/resultado/0600081-16.2025.6.18.0000;2025-11-05;1;0;1
0600030-69.2026.6.00.0000|68097;01/10/2026;06:00:34;2026;0600030-69.2026.6.00.0000;DF;DF;3;3;68097;30/01/2026;CÁRMEN LÚCIA;Decisão;01/10/2026;06:01:26;2026;0600030-69.2026.6.00.0000;30/01/2026;#NULO#;DF;3;DF;3;13/02/2026;S;Por sorteio;350140;ESTELA ARANHA;59;Juíz Auxiliar;11541;Rp;REPRESENTAÇÃO;11650;Pesquisa Eleitoral - Divulgação de Pesquisa Eleitoral Sem Prévio Registro;0;1;30/01/2026;Decisão;https://consultaunificadapje.tse.jus.br/#/public/resultado/0600030-69.2026.6.00.0000;2026-01-30;0;0;0
0600081-16.2025.6.18.0000|68791;01/10/2026;06:00:34;2026;0600081-16.2025.6.18.0000;DF;PI;2;3;68791;12/02/2026;ANDRÉ MENDONÇA;Acórdão;01/10/2026;06:01:26;2026;0600081-16.2025.6.18.0000;23/09/2025;26/02/2026;PI;2;DF;3;23/09/2025;S;Por sorteio;223256;ANDRÉ MENDONÇA;14;Ministro;12626;AREspE;AGRAVO EM RECURSO ESPECIAL ELEITORAL;11667;Propaganda Política - Propaganda Eleitoral - Extemporânea/Antecipada;1;2;12/02/2026;Acórdão;https://consultaunificadapje.tse.jus.br/#/public/resultado/0600081-16.2025.6.18.0000;2026-02-12;1;0;1
0600288-79.2026.6.00.0000|67618;01/10/2026;06:00:34;2026;0600288-79.2026.6.00.0000;DF;DF;3;3;67618;19/03/2026;ANTONIO CARLOS FERREIRA;Decisão;01/10/2026;06:01:26;2026;0600288-79.2026.6.00.0000;19/02/2026;#NULO#;DF;3;DF;3;19/02/2026;S;Por sorteio;285510;ANTONIO CARLOS FERREIRA;42;Ministro;193;PAP;PRODUÇÃO ANTECIPADA DA PROVA;11736;Cautelar Inominada - De Produção Antecipada de Provas;0;3;19/06/2026;Despacho;https://consultaunificadapje.tse.jus.br/#/public/resultado/0600288-79.2026.6.00.0000;2026-03-19;0;0;0
0600158-84.2025.6.23.0000|68505;01/10/2026;06:00:34;2026;0600158-84.2025.6.23.0000;DF;RR;2;3;68505;04/05/2026;NUNES MARQUES;Decisão;01/10/2026;06:01:26;2026;0600158-84.2025.6.23.0000;06/03/2026;13/05/2026;RR;2;DF;3;06/03/2026;S;Por sorteio;202679;NUNES MARQUES;3;Ministro;11549;REspEl;RECURSO ESPECIAL ELEITORAL;11667;Propaganda Política - Propaganda Eleitoral - Extemporânea/Antecipada;1;1;04/05/2026;Decisão;https://consultaunificadapje.tse.jus.br/#/public/resultado/0600158-84.2025.6.23.0000;2026-05-04;1;0;1
0600265-48.2025.6.08.0000|68032;01/10/2026;06:00:34;2026;0600265-48.2025.6.08.0000;DF;ES;2;3;68032;18/05/2026;ANDRÉ MENDONÇA;Decisão;01/10/2026;06:01:26;2026;0600265-48.2025.6.08.0000;15/04/2026;22/05/2026;ES;2;DF;3;15/04/2026;S;Por sorteio;223256;ANDRÉ MENDONÇA;14;Ministro;12626;AREspE;AGRAVO EM RECURSO ESPECIAL ELEITORAL;11667;Propaganda Política - Propaganda Eleitoral - Extemporânea/Antecipada;1;1;18/05/2026;Decisão;https://consultaunificadapje.tse.jus.br/#/public/resultado/0600265-48.2025.6.08.0000;2026-05-18;1;0;1
0600017-04.2026.6.24.0000|68805;01/10/2026;06:00:34;2026;0600017-04.2026.6.24.0000;DF;SC;2;3;68805;02/06/2026;ANDRÉ MENDONÇA;Decisão;01/10/2026;06:01:26;2026;0600017-04.2026.6.24.0000;01/06/2026;23/06/2026;SC;2;DF;3;01/06/2026;S;Por sorteio;223256;ANDRÉ MENDONÇA;72;Juiz Auxiliar;11541;Rp;REPRESENTAÇÃO;11667;Propaganda Política - Propaganda Eleitoral - Extemporânea/Antecipada;1;1;02/06/2026;Decisão;https://consultaunificadapje.tse.jus.br/#/public/resultado/0600017-04.2026.6.24.0000;2026-06-02;1;0;1
0600867-27.2026.6.00.0000|68560;01/10/2026;06:00:34;2026;0600867-27.2026.6.00.0000;DF;DF;3;3;68560;08/06/2026;NUNES MARQUES;Decisão;01/10/2026;06:01:26;2026;0600867-27.2026.6.00.0000;18/05/2026;#NULO#;DF;3;DF;3;25/05/2026;S;Por sorteio;202679;NUNES MARQUES;60;Juíz Auxiliar;11541;Rp;REPRESENTAÇÃO;11649;Pesquisa Eleitoral - Divulgação de Pesquisa Eleitoral Fraudulenta;0;4;10/09/2026;Decisão;https://consultaunificadapje.tse.jus.br/#/public/resultado/0600867-27.2026.6.00.0000;2026-06-08;0;0;0
0600233-64.2025.6.18.0000|68883;01/10/2026;06:00:34;2026;0600233-64.2025.6.18.0000;DF;PI;2;3;68883;12/06/2026;FLORIANO DE AZEVEDO MARQUES;Decisão;01/10/2026;06:01:26;2026;0600233-64.2025.6.18.0000;15/04/2026;19/06/2026;PI;2;DF;3;15/04/2026;S;Por sorteio;233218;FLORIANO DE AZEVEDO MARQUES;13;Ministro;12626;AREspE;AGRAVO EM RECURSO ESPECIAL ELEITORAL;11649;Pesquisa Eleitoral - Divulgação de Pesquisa Eleitoral Fraudulenta;1;1;12/06/2026;Decisão;https://consultaunificadapje.tse.jus.br/#/public/resultado/0600233-64.2025.6.18.0000;2026-06-12;0;0;0
0600903-69.2026.6.00.0000|68533;01/10/2026;06:00:34;2026;0600903-69.2026.6.00.0000;DF;DF;3;3;68533;12/06/2026;NUNES MARQUES;Decisão;01/10/2026;06:01:26;2026;0600903-69.2026.6.00.0000;25/05/2026;18/06/2026;DF;3;DF;3;25/05/2026;S;Por sorteio;202679;NUNES MARQUES;60;Juíz Auxiliar;11541;Rp;REPRESENTAÇÃO;11667;Propaganda Política - Propaganda Eleitoral - Extemporânea/Antecipada;0;1;12/06/2026;Decisão;https://consultaunificadapje.tse.jus.br/#/public/resultado/0600903-69.2026.6.00.0000;2026-06-12;1;0;1
0600967-79.2026.6.00.0000|68445;01/10/2026;06:00:34;2026;0600967-79.2026.6.00.0000;DF;DF;3;3;68445;12/06/2026;FLORIANO DE AZEVEDO MARQUES;Decisão;01/10/2026;06:01:26;2026;0600967-79.2026.6.00.0000;07/06/2026;24/06/2026;DF;3;DF;3;07/06/2026;S;Por sorteio;233218;FLORIANO DE AZEVEDO MARQUES;13;Ministro;120;MSCiv;MANDADO DE SEGURANÇA CÍVEL;11667;Propaganda Política - Propaganda Eleitoral - Extemporânea/Antecipada;0;1;12/06/2026;Decisão;https://consultaunificadapje.tse.jus.br/#/public/resultado/0600967-79.2026.6.00.0000;2026-06-12;1;0;1
0600994-62.2026.6.00.0000|68344;01/10/2026;06:00:34;2026;0600994-62.2026.6.00.0000;DF;DF;3;3;68344;12/06/2026;RICARDO VILLAS BÔAS CUEVA;Decisão;01/10/2026;06:01:26;2026;0600994-62.2026.6.00.0000;10/06/2026;02/09/2026;DF;3;DF;3;10/06/2026;S;Por sorteio;301846;RICARDO VILLAS BÔAS CUEVA;4;Ministro;120;MSCiv;MANDADO DE SEGURANÇA CÍVEL;11648;Pesquisa Eleitoral;0;2;01/09/2026;Acórdão;https://consultaunificadapje.tse.jus.br/#/public/resultado/0600994-62.2026.6.00.0000;2026-06-12;0;0;0
0600004-08.2026.6.19.0238|67961;01/10/2026;06:00:34;2026;0600004-08.2026.6.19.0238;DF;RJ;1;3;67961;14/06/2026;ESTELA ARANHA;Decisão;01/10/2026;06:01:26;2026;0600004-08.2026.6.19.0238;11/03/2026;19/06/2026;RJ;1;DF;3;11/03/2026;S;Por sorteio;350140;ESTELA ARANHA;59;Juíz Auxiliar;11541;Rp;REPRESENTAÇÃO;11667;Propaganda Política - Propaganda Eleitoral - Extemporânea/Antecipada;1;1;14/06/2026;Decisão;https://consultaunificadapje.tse.jus.br/#/public/resultado/0600004-08.2026.6.19.0238;2026-06-14;1;0;1
0600024-93.2026.6.24.0000|68321;01/10/2026;06:00:34;2026;0600024-93.2026.6.24.0000;DF;SC;2;3;68321;14/06/2026;ESTELA ARANHA;Decisão;01/10/2026;06:01:26;2026;0600024-93.2026.6.24.0000;30/03/2026;18/06/2026;SC;2;DF;3;31/03/2026;S;Por sorteio;350140;ESTELA ARANHA;59;Juíz Auxiliar;11541;Rp;REPRESENTAÇÃO;11651;Pesquisa Eleitoral - Registro de Pesquisa Eleitoral;1;1;14/06/2026;Decisão;https://consultaunificadapje.tse.jus.br/#/public/resultado/0600024-93.2026.6.24.0000;2026-06-14;0;0;0
0600036-10.2026.6.24.0000|67635;01/10/2026;06:00:34;2026;0600036-10.2026.6.24.0000;DF;SC;2;3;67635;14/06/2026;ESTELA ARANHA;Decisão;01/10/2026;06:01:26;2026;0600036-10.2026.6.24.0000;06/05/2026;23/06/2026;SC;2;DF;3;06/05/2026;S;Por sorteio;350140;ESTELA ARANHA;59;Juíz Auxiliar;11541;Rp;REPRESENTAÇÃO;11667;Propaganda Política - Propaganda Eleitoral - Extemporânea/Antecipada;1;1;14/06/2026;Decisão;https://consultaunificadapje.tse.jus.br/#/public/resultado/0600036-10.2026.6.24.0000;2026-06-14;1;0;1
0600094-79.2026.6.00.0000|67970;01/10/2026;06:00:34;2026;0600094-79.2026.6.00.0000;DF;DF;3;3;67970;14/06/2026;ESTELA ARANHA;Acórdão;01/10/2026;06:01:26;2026;0600094-79.2026.6.00.0000;04/02/2026;#NULO#;DF;3;DF;3;10/02/2026;S;Por sorteio;350140;ESTELA ARANHA;59;Juíz Auxiliar;11541;Rp;REPRESENTAÇÃO;11667;Propaganda Política - Propaganda Eleitoral - Extemporânea/Antecipada;0;6;11/09/2026;Despacho;https://consultaunificadapje.tse.jus.br/#/public/resultado/0600094-79.2026.6.00.0000;2026-06-14;1;0;1
0600157-60.2026.6.16.0000|67634;01/10/2026;06:00:34;2026;0600157-60.2026.6.16.0000;DF;PR;2;3;67634;14/06/2026;ESTELA ARANHA;Decisão;01/10/2026;06:01:26;2026;0600157-60.2026.6.16.0000;28/04/2026;18/06/2026;PR;2;DF;3;28/04/2026;S;Por sorteio;350140;ESTELA ARANHA;59;Juíz Auxiliar;11541;Rp;REPRESENTAÇÃO;11648;Pesquisa Eleitoral;1;1;14/06/2026;Decisão;https://consultaunificadapje.tse.jus.br/#/public/resultado/0600157-60.2026.6.16.0000;2026-06-14;0;0;0
0600183-05.2026.6.00.0000|68644;01/10/2026;06:00:34;2026;0600183-05.2026.6.00.0000;DF;DF;3;3;68644;14/06/2026;ESTELA ARANHA;Acórdão;01/10/2026;06:01:26;2026;0600183-05.2026.6.00.0000;10/02/2026;#NULO#;DF;3;DF;3;10/02/2026;S;Por sorteio;350140;ESTELA ARANHA;59;Juíz Auxiliar;11541;Rp;REPRESENTAÇÃO;11667;Propaganda Política - Propaganda Eleitoral - Extemporânea/Antecipada;0;5;02/09/2026;Despacho;https://consultaunificadapje.tse.jus.br/#/public/resultado/0600183-05.2026.6.00.0000;2026-06-14;1;0;1
0600289-64.2026.6.00.0000|68320;01/10/2026;06:00:34;2026;0600289-64.2026.6.00.0000;DF;DF;3;3;68320;14/06/2026;ESTELA ARANHA;Decisão;01/10/2026;06:01:26;2026;0600289-64.2026.6.00.0000;19/02/2026;18/06/2026;DF;3;DF;3;19/02/2026;S;Por sorteio;350140;ESTELA ARANHA;59;Juíz Auxiliar;11541;Rp;REPRESENTAÇÃO;11667;Propaganda Política - Propaganda Eleitoral - Extemporânea/Antecipada;0;1;14/06/2026;Decisão;https://consultaunificadapje.tse.jus.br/#/public/resultado/0600289-64.2026.6.00.0000;2026-06-14;1;0;1
0600318-17.2026.6.00.0000|67969;01/10/2026;06:00:34;2026;0600318-17.2026.6.00.0000;DF;DF;3;3;67969;14/06/2026;ESTELA ARANHA;Decisão;01/10/2026;06:01:26;2026;0600318-17.2026.6.00.0000;24/02/2026;#NULO#;DF;3;DF;3;24/02/2026;S;Por sorteio;350140;ESTELA ARANHA;59;Juíz Auxiliar;11541;Rp;REPRESENTAÇÃO;11667;Propaganda Política - Propaganda Eleitoral - Extemporânea/Antecipada;0;1;14/06/2026;Decisão;https://consultaunificadapje.tse.jus.br/#/public/resultado/0600318-17.2026.6.00.0000;2026-06-14;1;0;1
0600320-84.2026.6.00.0000|68643;01/10/2026;06:00:34;2026;0600320-84.2026.6.00.0000;DF;DF;3;3;68643;14/06/2026;ESTELA ARANHA;Decisão;01/10/2026;06:01:26;2026;0600320-84.2026.6.00.0000;24/02/2026;#NULO#;DF;3;DF;3;24/02/2026;S;Por sorteio;350140;ESTELA ARANHA;59;Juíz Auxiliar;11541;Rp;REPRESENTAÇÃO;11667;Propaganda Política - Propaganda Eleitoral - Extemporânea/Antecipada;0;1;14/06/2026;Decisão;https://consultaunificadapje.tse.jus.br/#/public/resultado/0600320-84.2026.6.00.0000;2026-06-14;1;0;1
0600551-14.2026.6.00.0000|68319;01/10/2026;06:00:34;2026;0600551-14.2026.6.00.0000;DF;DF;3;3;68319;14/06/2026;ESTELA ARANHA;Decisão;01/10/2026;06:01:26;2026;0600551-14.2026.6.00.0000;27/03/2026;18/06/2026;DF;3;DF;3;27/03/2026;S;Por sorteio;350140;ESTELA ARANHA;59;Juíz Auxiliar;11541;Rp;REPRESENTAÇÃO;11667;Propaganda Política - Propaganda Eleitoral - Extemporânea/Antecipada;0;1;14/06/2026;Decisão;https://consultaunificadapje.tse.jus.br/#/public/resultado/0600551-14.2026.6.00.0000;2026-06-14;1;0;1
0600562-43.2026.6.00.0000|67637;01/10/2026;06:00:34;2026;0600562-43.2026.6.00.0000;DF;DF;3;3;67637;14/06/2026;ESTELA ARANHA;Decisão;01/10/2026;06:01:26;2026;0600562-43.2026.6.00.0000;31/03/2026;23/06/2026;DF;3;DF;3;31/03/2026;S;Por sorteio;350140;ESTELA ARANHA;59;Juíz Auxiliar;120;MSCiv;MANDADO DE SEGURANÇA CÍVEL;11651;Pesquisa Eleitoral - Registro de Pesquisa Eleitoral;0;1;14/06/2026;Decisão;https://consultaunificadapje.tse.jus.br/#/public/resultado/0600562-43.2026.6.00.0000;2026-06-14;0;0;0
0600563-28.2026.6.00.0000|68645;01/10/2026;06:00:34;2026;0600563-28.2026.6.00.0000;DF;DF;3;3;68645;14/06/2026;ESTELA ARANHA;Decisão;01/10/2026;06:01:26;2026;0600563-28.2026.6.00.0000;31/03/2026;23/06/2026;DF;3;DF;3;31/03/2026;S;Por sorteio;350140;ESTELA ARANHA;59;Juíz Auxiliar;120;MSCiv;MANDADO DE SEGURANÇA CÍVEL;11651;Pesquisa Eleitoral - Registro de Pesquisa Eleitoral;0;1;14/06/2026;Decisão;https://consultaunificadapje.tse.jus.br/#/public/resultado/0600563-28.2026.6.00.0000;2026-06-14;0;0;0
0600646-44.2026.6.00.0000|67636;01/10/2026;06:00:34;2026;0600646-44.2026.6.00.0000;DF;DF;3;3;67636;14/06/2026;ESTELA ARANHA;Decisão;01/10/2026;06:01:26;2026;0600646-44.2026.6.00.0000;10/04/2026;18/06/2026;DF;3;DF;3;10/04/2026;S;Por sorteio;350140;ESTELA ARANHA;59;Juíz Auxiliar;11541;Rp;REPRESENTAÇÃO;11667;Propaganda Política - Propaganda Eleitoral - Extemporânea/Antecipada;0;1;14/06/2026;Decisão;https://consultaunificadapje.tse.jus.br/#/public/resultado/0600646-44.2026.6.00.0000;2026-06-14;1;0;1
0600935-74.2026.6.00.0000|68046;01/10/2026;06:00:34;2026;0600935-74.2026.6.00.0000;DF;DF;3;3;68046;19/06/2026;ANDRÉ MENDONÇA;Decisão;01/10/2026;06:01:26;2026;0600935-74.2026.6.00.0000;02/06/2026;#NULO#;DF;3;DF;3;02/06/2026;S;Por sorteio;223256;ANDRÉ MENDONÇA;72;Juiz Auxiliar;11541;Rp;REPRESENTAÇÃO;11667;Propaganda Política - Propaganda Eleitoral - Extemporânea/Antecipada;0;2;05/08/2026;Despacho;https://consultaunificadapje.tse.jus.br/#/public/resultado/0600935-74.2026.6.00.0000;2026-06-19;1;0;1
0600949-58.2026.6.00.0000|68364;01/10/2026;06:00:34;2026;0600949-58.2026.6.00.0000;DF;DF;3;3;68364;19/06/2026;ANDRÉ MENDONÇA;Decisão;01/10/2026;06:01:26;2026;0600949-58.2026.6.00.0000;03/06/2026;#NULO#;DF;3;DF;3;03/06/2026;S;Por sorteio;223256;ANDRÉ MENDONÇA;72;Juiz Auxiliar;11541;Rp;REPRESENTAÇÃO;11667;Propaganda Política - Propaganda Eleitoral - Extemporânea/Antecipada;0;2;30/06/2026;Acórdão;https://consultaunificadapje.tse.jus.br/#/public/resultado/0600949-58.2026.6.00.0000;2026-06-19;1;0;1
0600954-80.2026.6.00.0000|68366;01/10/2026;06:00:34;2026;0600954-80.2026.6.00.0000;DF;DF;3;3;68366;19/06/2026;ANDRÉ MENDONÇA;Decisão;01/10/2026;06:01:26;2026;0600954-80.2026.6.00.0000;03/06/2026;#NULO#;DF;3;DF;3;03/06/2026;S;Por sorteio;223256;ANDRÉ MENDONÇA;72;Juiz Auxiliar;11541;Rp;REPRESENTAÇÃO;11667;Propaganda Política - Propaganda Eleitoral - Extemporânea/Antecipada;0;3;05/08/2026;Despacho;https://consultaunificadapje.tse.jus.br/#/public/resultado/0600954-80.2026.6.00.0000;2026-06-19;1;0;1
0600960-87.2026.6.00.0000|67693;01/10/2026;06:00:34;2026;0600960-87.2026.6.00.0000;DF;DF;3;3;67693;19/06/2026;ANDRÉ MENDONÇA;Decisão;01/10/2026;06:01:26;2026;0600960-87.2026.6.00.0000;04/06/2026;#NULO#;DF;3;DF;3;04/06/2026;S;Por sorteio;223256;ANDRÉ MENDONÇA;72;Juiz Auxiliar;11541;Rp;REPRESENTAÇÃO;15429;Propaganda Política - Propaganda Eleitoral - Uso de Inteligência Artificial;0;2;30/06/2026;Acórdão;https://consultaunificadapje.tse.jus.br/#/public/resultado/0600960-87.2026.6.00.0000;2026-06-19;1;0;1
0600965-12.2026.6.00.0000|68045;01/10/2026;06:00:34;2026;0600965-12.2026.6.00.0000;DF;DF;3;3;68045;19/06/2026;ANDRÉ MENDONÇA;Decisão;01/10/2026;06:01:26;2026;0600965-12.2026.6.00.0000;07/06/2026;#NULO#;DF;3;DF;3;07/06/2026;S;Por sorteio;223256;ANDRÉ MENDONÇA;72;Juiz Auxiliar;11541;Rp;REPRESENTAÇÃO;11667;Propaganda Política - Propaganda Eleitoral - Extemporânea/Antecipada;0;1;19/06/2026;Decisão;https://consultaunificadapje.tse.jus.br/#/public/resultado/0600965-12.2026.6.00.0000;2026-06-19;1;0;1
0600968-64.2026.6.00.0000|67695;01/10/2026;06:00:34;2026;0600968-64.2026.6.00.0000;DF;DF;3;3;67695;19/06/2026;ANDRÉ MENDONÇA;Decisão;01/10/2026;06:01:26;2026;0600968-64.2026.6.00.0000;08/06/2026;#NULO#;DF;3;DF;3;08/06/2026;S;Por sorteio;223256;ANDRÉ MENDONÇA;72;Juiz Auxiliar;11541;Rp;REPRESENTAÇÃO;11667;Propaganda Política - Propaganda Eleitoral - Extemporânea/Antecipada;0;2;30/06/2026;Acórdão;https://consultaunificadapje.tse.jus.br/#/public/resultado/0600968-64.2026.6.00.0000;2026-06-19;1;0;1
0600969-49.2026.6.00.0000|68365;01/10/2026;06:00:34;2026;0600969-49.2026.6.00.0000;DF;DF;3;3;68365;19/06/2026;ANDRÉ MENDONÇA;Decisão;01/10/2026;06:01:26;2026;0600969-49.2026.6.00.0000;08/06/2026;#NULO#;DF;3;DF;3;08/06/2026;S;Por sorteio;223256;ANDRÉ MENDONÇA;72;Juiz Auxiliar;11541;Rp;REPRESENTAÇÃO;11667;Propaganda Política - Propaganda Eleitoral - Extemporânea/Antecipada;0;2;30/06/2026;Acórdão;https://consultaunificadapje.tse.jus.br/#/public/resultado/0600969-49.2026.6.00.0000;2026-06-19;1;0;1
0600976-41.2026.6.00.0000|67716;01/10/2026;06:00:34;2026;0600976-41.2026.6.00.0000;DF;DF;3;3;67716;19/06/2026;ANDRÉ MENDONÇA;Decisão;01/10/2026;06:01:26;2026;0600976-41.2026.6.00.0000;09/06/2026;#NULO#;DF;3;DF;3;09/06/2026;S;Por sorteio;223256;ANDRÉ MENDONÇA;72;Juiz Auxiliar;11541;Rp;REPRESENTAÇÃO;12638;Propaganda Política - Propaganda Eleitoral - Impulsionamento;0;2;30/06/2026;Acórdão;https://consultaunificadapje.tse.jus.br/#/public/resultado/0600976-41.2026.6.00.0000;2026-06-19;1;0;1
0600987-70.2026.6.00.0000|68822;01/10/2026;06:00:34;2026;0600987-70.2026.6.00.0000;DF;DF;3;3;68822;19/06/2026;ANDRÉ MENDONÇA;Decisão;01/10/2026;06:01:26;2026;0600987-70.2026.6.00.0000;10/06/2026;#NULO#;DF;3;DF;3;10/06/2026;S;Por sorteio;223256;ANDRÉ MENDONÇA;72;Juiz Auxiliar;11541;Rp;REPRESENTAÇÃO;11667;Propaganda Política - Propaganda Eleitoral - Extemporânea/Antecipada;0;6;08/09/2026;Despacho;https://consultaunificadapje.tse.jus.br/#/public/resultado/0600987-70.2026.6.00.0000;2026-06-19;1;0;1
0601002-39.2026.6.00.0000|68070;01/10/2026;06:00:34;2026;0601002-39.2026.6.00.0000;DF;DF;3;3;68070;19/06/2026;ANDRÉ MENDONÇA;Decisão;01/10/2026;06:01:26;2026;0601002-39.2026.6.00.0000;12/06/2026;#NULO#;DF;3;DF;3;12/06/2026;S;Por sorteio;223256;ANDRÉ MENDONÇA;72;Juiz Auxiliar;11541;Rp;REPRESENTAÇÃO;11667;Propaganda Política - Propaganda Eleitoral - Extemporânea/Antecipada;0;2;30/06/2026;Acórdão;https://consultaunificadapje.tse.jus.br/#/public/resultado/0601002-39.2026.6.00.0000;2026-06-19;1;0;1
0601019-75.2026.6.00.0000|68044;01/10/2026;06:00:34;2026;0601019-75.2026.6.00.0000;DF;DF;3;3;68044;19/06/2026;ANDRÉ MENDONÇA;Decisão;01/10/2026;06:01:26;2026;0601019-75.2026.6.00.0000;15/06/2026;#NULO#;DF;3;DF;3;15/06/2026;S;Por sorteio;223256;ANDRÉ MENDONÇA;72;Juiz Auxiliar;11541;Rp;REPRESENTAÇÃO;11667;Propaganda Política - Propaganda Eleitoral - Extemporânea/Antecipada;0;2;16/09/2026;Acórdão;https://consultaunificadapje.tse.jus.br/#/public/resultado/0601019-75.2026.6.00.0000;2026-06-19;1;0;1
0601020-60.2026.6.00.0000|67694;01/10/2026;06:00:34;2026;0601020-60.2026.6.00.0000;DF;DF;3;3;67694;19/06/2026;ANDRÉ MENDONÇA;Decisão;01/10/2026;06:01:26;2026;0601020-60.2026.6.00.0000;15/06/2026;#NULO#;DF;3;DF;3;15/06/2026;S;Por sorteio;223256;ANDRÉ MENDONÇA;72;Juiz Auxiliar;11541;Rp;REPRESENTAÇÃO;11667;Propaganda Política - Propaganda Eleitoral - Extemporânea/Antecipada;0;2;10/09/2026;Acórdão;https://consultaunificadapje.tse.jus.br/#/public/resultado/0601020-60.2026.6.00.0000;2026-06-19;1;0;1
0600118-74.2026.6.12.0000|68233;01/10/2026;06:00:34;2026;0600118-74.2026.6.12.0000;DF;MS;2;3;68233;22/06/2026;NUNES MARQUES;Decisão;01/10/2026;06:01:26;2026;0600118-74.2026.6.12.0000;03/06/2026;25/06/2026;MS;2;DF;3;03/06/2026;S;Por sorteio;202679;NUNES MARQUES;60;Juíz Auxiliar;11541;Rp;REPRESENTAÇÃO;11667;Propaganda Política - Propaganda Eleitoral - Extemporânea/Antecipada;1;1;22/06/2026;Decisão;https://consultaunificadapje.tse.jus.br/#/public/resultado/0600118-74.2026.6.12.0000;2026-06-22;1;0;1
0600468-95.2026.6.00.0000|67959;01/10/2026;06:00:34;2026;0600468-95.2026.6.00.0000;DF;DF;3;3;67959;22/06/2026;ESTELA ARANHA;Decisão;01/10/2026;06:01:26;2026;0600468-95.2026.6.00.0000;16/03/2026;#NULO#;DF;3;DF;3;16/03/2026;S;Por sorteio;350140;ESTELA ARANHA;59;Juíz Auxiliar;11541;Rp;REPRESENTAÇÃO;11667;Propaganda Política - Propaganda Eleitoral - Extemporânea/Antecipada;0;2;14/09/2026;Acórdão;https://consultaunificadapje.tse.jus.br/#/public/resultado/0600468-95.2026.6.00.0000;2026-06-22;1;0;1
0600539-97.2026.6.00.0000|68646;01/10/2026;06:00:34;2026;0600539-97.2026.6.00.0000;DF;DF;3;3;68646;22/06/2026;ESTELA ARANHA;Decisão;01/10/2026;06:01:26;2026;0600539-97.2026.6.00.0000;20/03/2026;#NULO#;DF;3;DF;3;20/03/2026;S;Por sorteio;350140;ESTELA ARANHA;59;Juíz Auxiliar;11541;Rp;REPRESENTAÇÃO;11667;Propaganda Política - Propaganda Eleitoral - Extemporânea/Antecipada;0;1;22/06/2026;Decisão;https://consultaunificadapje.tse.jus.br/#/public/resultado/0600539-97.2026.6.00.0000;2026-06-22;1;0;1
0600689-78.2026.6.00.0000|67958;01/10/2026;06:00:34;2026;0600689-78.2026.6.00.0000;DF;DF;3;3;67958;22/06/2026;ESTELA ARANHA;Decisão;01/10/2026;06:01:26;2026;0600689-78.2026.6.00.0000;16/04/2026;#NULO#;DF;3;DF;3;16/04/2026;S;Por sorteio;350140;ESTELA ARANHA;59;Juíz Auxiliar;11541;Rp;REPRESENTAÇÃO;11667;Propaganda Política - Propaganda Eleitoral - Extemporânea/Antecipada;0;2;01/07/2026;Acórdão;https://consultaunificadapje.tse.jus.br/#/public/resultado/0600689-78.2026.6.00.0000;2026-06-22;1;0;1
0600690-63.2026.6.00.0000|68641;01/10/2026;06:00:34;2026;0600690-63.2026.6.00.0000;DF;DF;3;3;68641;22/06/2026;ESTELA ARANHA;Decisão;01/10/2026;06:01:26;2026;0600690-63.2026.6.00.0000;16/04/2026;#NULO#;DF;3;DF;3;16/04/2026;S;Por sorteio;350140;ESTELA ARANHA;59;Juíz Auxiliar;11541;Rp;REPRESENTAÇÃO;11667;Propaganda Política - Propaganda Eleitoral - Extemporânea/Antecipada;0;2;01/07/2026;Acórdão;https://consultaunificadapje.tse.jus.br/#/public/resultado/0600690-63.2026.6.00.0000;2026-06-22;1;0;1
0600695-85.2026.6.00.0000|67960;01/10/2026;06:00:34;2026;0600695-85.2026.6.00.0000;DF;DF;3;3;67960;22/06/2026;ESTELA ARANHA;Decisão;01/10/2026;06:01:26;2026;0600695-85.2026.6.00.0000;17/04/2026;#NULO#;DF;3;DF;3;17/04/2026;S;Por sorteio;350140;ESTELA ARANHA;59;Juíz Auxiliar;11541;Rp;REPRESENTAÇÃO;11667;Propaganda Política - Propaganda Eleitoral - Extemporânea/Antecipada;0;1;22/06/2026;Decisão;https://consultaunificadapje.tse.jus.br/#/public/resultado/0600695-85.2026.6.00.0000;2026-06-22;1;0;1
0600697-55.2026.6.00.0000|68318;01/10/2026;06:00:34;2026;0600697-55.2026.6.00.0000;DF;DF;3;3;68318;22/06/2026;ESTELA ARANHA;Decisão;01/10/2026;06:01:26;2026;0600697-55.2026.6.00.0000;17/04/2026;#NULO#;DF;3;DF;3;17/04/2026;S;Por sorteio;350140;ESTELA ARANHA;59;Juíz Auxiliar;11541;Rp;REPRESENTAÇÃO;11667;Propaganda Política - Propaganda Eleitoral - Extemporânea/Antecipada;0;2;01/07/2026;Acórdão;https://consultaunificadapje.tse.jus.br/#/public/resultado/0600697-55.2026.6.00.0000;2026-06-22;1;0;1
0600698-40.2026.6.00.0000|67632;01/10/2026;06:00:34;2026;0600698-40.2026.6.00.0000;DF;DF;3;3;67632;22/06/2026;ESTELA ARANHA;Decisão;01/10/2026;06:01:26;2026;0600698-40.2026.6.00.0000;17/04/2026;#NULO#;DF;3;DF;3;17/04/2026;S;Por sorteio;350140;ESTELA ARANHA;59;Juíz Auxiliar;11541;Rp;REPRESENTAÇÃO;11667;Propaganda Política - Propaganda Eleitoral - Extemporânea/Antecipada;0;2;01/07/2026;Acórdão;https://consultaunificadapje.tse.jus.br/#/public/resultado/0600698-40.2026.6.00.0000;2026-06-22;1;0;1
0600751-21.2026.6.00.0000|68651;01/10/2026;06:00:34;2026;0600751-21.2026.6.00.0000;DF;DF;3;3;68651;22/06/2026;ESTELA ARANHA;Decisão;01/10/2026;06:01:26;2026;0600751-21.2026.6.00.0000;28/04/2026;#NULO#;DF;3;DF;3;28/04/2026;S;Por sorteio;350140;ESTELA ARANHA;59;Juíz Auxiliar;11541;Rp;REPRESENTAÇÃO;11667;Propaganda Política - Propaganda Eleitoral - Extemporânea/Antecipada;0;1;22/06/2026;Decisão;https://consultaunificadapje.tse.jus.br/#/public/resultado/0600751-21.2026.6.00.0000;2026-06-22;1;0;1
0600781-56.2026.6.00.0000|67633;01/10/2026;06:00:34;2026;0600781-56.2026.6.00.0000;DF;DF;3;3;67633;22/06/2026;ESTELA ARANHA;Decisão;01/10/2026;06:01:26;2026;0600781-56.2026.6.00.0000;03/05/2026;#NULO#;DF;3;DF;3;03/05/2026;S;Por sorteio;350140;ESTELA ARANHA;59;Juíz Auxiliar;11541;Rp;REPRESENTAÇÃO;11667;Propaganda Política - Propaganda Eleitoral - Extemporânea/Antecipada;0;2;01/07/2026;Acórdão;https://consultaunificadapje.tse.jus.br/#/public/resultado/0600781-56.2026.6.00.0000;2026-06-22;1;0;1
0600782-41.2026.6.00.0000|68317;01/10/2026;06:00:34;2026;0600782-41.2026.6.00.0000;DF;DF;3;3;68317;22/06/2026;ESTELA ARANHA;Decisão;01/10/2026;06:01:26;2026;0600782-41.2026.6.00.0000;03/05/2026;#NULO#;DF;3;DF;3;03/05/2026;S;Por sorteio;350140;ESTELA ARANHA;59;Juíz Auxiliar;11541;Rp;REPRESENTAÇÃO;11667;Propaganda Política - Propaganda Eleitoral - Extemporânea/Antecipada;0;2;01/07/2026;Acórdão;https://consultaunificadapje.tse.jus.br/#/public/resultado/0600782-41.2026.6.00.0000;2026-06-22;1;0;1
0600783-26.2026.6.00.0000|68642;01/10/2026;06:00:34;2026;0600783-26.2026.6.00.0000;DF;DF;3;3;68642;22/06/2026;ESTELA ARANHA;Decisão;01/10/2026;06:01:26;2026;0600783-26.2026.6.00.0000;03/05/2026;#NULO#;DF;3;DF;3;03/05/2026;S;Por sorteio;350140;ESTELA ARANHA;59;Juíz Auxiliar;11541;Rp;REPRESENTAÇÃO;11667;Propaganda Política - Propaganda Eleitoral - Extemporânea/Antecipada;0;2;01/07/2026;Acórdão;https://consultaunificadapje.tse.jus.br/#/public/resultado/0600783-26.2026.6.00.0000;2026-06-22;1;0;1
0600785-93.2026.6.00.0000|67957;01/10/2026;06:00:34;2026;0600785-93.2026.6.00.0000;DF;DF;3;3;67957;22/06/2026;ESTELA ARANHA;Decisão;01/10/2026;06:01:26;2026;0600785-93.2026.6.00.0000;03/05/2026;#NULO#;DF;3;DF;3;03/05/2026;S;Por sorteio;350140;ESTELA ARANHA;59;Juíz Auxiliar;11541;Rp;REPRESENTAÇÃO;11667;Propaganda Política - Propaganda Eleitoral - Extemporânea/Antecipada;0;2;01/07/2026;Acórdão;https://consultaunificadapje.tse.jus.br/#/public/resultado/0600785-93.2026.6.00.0000;2026-06-22;1;0;1
0600963-42.2026.6.00.0000|67375;01/10/2026;06:00:34;2026;0600963-42.2026.6.00.0000;DF;DF;3;3;67375;22/06/2026;NUNES MARQUES;Decisão;01/10/2026;06:01:26;2026;0600963-42.2026.6.00.0000;05/06/2026;#NULO#;DF;3;DF;3;05/06/2026;S;Por sorteio;202679;NUNES MARQUES;60;Juíz Auxiliar;11541;Rp;REPRESENTAÇÃO;11667;Propaganda Política - Propaganda Eleitoral - Extemporânea/Antecipada;0;2;13/08/2026;Acórdão;https://consultaunificadapje.tse.jus.br/#/public/resultado/0600963-42.2026.6.00.0000;2026-06-22;1;0;1
0600973-86.2026.6.00.0000|67879;01/10/2026;06:00:34;2026;0600973-86.2026.6.00.0000;DF;DF;3;3;67879;22/06/2026;NUNES MARQUES;Decisão;01/10/2026;06:01:26;2026;0600973-86.2026.6.00.0000;08/06/2026;#NULO#;DF;3;DF;3;08/06/2026;S;Por sorteio;202679;NUNES MARQUES;60;Juíz Auxiliar;11541;Rp;REPRESENTAÇÃO;11667;Propaganda Política - Propaganda Eleitoral - Extemporânea/Antecipada;0;2;17/09/2026;Acórdão;https://consultaunificadapje.tse.jus.br/#/public/resultado/0600973-86.2026.6.00.0000;2026-06-22;1;0;1
0600979-93.2026.6.00.0000|68232;01/10/2026;06:00:34;2026;0600979-93.2026.6.00.0000;DF;DF;3;3;68232;22/06/2026;NUNES MARQUES;Decisão;01/10/2026;06:01:26;2026;0600979-93.2026.6.00.0000;09/06/2026;#NULO#;DF;3;DF;3;09/06/2026;S;Por sorteio;202679;NUNES MARQUES;60;Juíz Auxiliar;11541;Rp;REPRESENTAÇÃO;11667;Propaganda Política - Propaganda Eleitoral - Extemporânea/Antecipada;0;2;13/08/2026;Acórdão;https://consultaunificadapje.tse.jus.br/#/public/resultado/0600979-93.2026.6.00.0000;2026-06-22;1;0;1
0600988-55.2026.6.00.0000|67376;01/10/2026;06:00:34;2026;0600988-55.2026.6.00.0000;DF;DF;3;3;67376;22/06/2026;NUNES MARQUES;Decisão;01/10/2026;06:01:26;2026;0600988-55.2026.6.00.0000;10/06/2026;#NULO#;DF;3;DF;3;10/06/2026;S;Por sorteio;202679;NUNES MARQUES;60;Juíz Auxiliar;11541;Rp;REPRESENTAÇÃO;11667;Propaganda Política - Propaganda Eleitoral - Extemporânea/Antecipada;0;2;13/08/2026;Acórdão;https://consultaunificadapje.tse.jus.br/#/public/resultado/0600988-55.2026.6.00.0000;2026-06-22;1;0;1
0601011-98.2026.6.00.0000|67764;01/10/2026;06:00:34;2026;0601011-98.2026.6.00.0000;DF;DF;3;3;67764;25/06/2026;FLORIANO DE AZEVEDO MARQUES;Decisão;01/10/2026;06:01:26;2026;0601011-98.2026.6.00.0000;15/06/2026;01/07/2026;DF;3;DF;3;15/06/2026;S;Por sorteio;233218;FLORIANO DE AZEVEDO MARQUES;13;Ministro;241;PetCiv;PETIÇÃO CÍVEL;11778;Requerimento;0;1;25/06/2026;Decisão;https://consultaunificadapje.tse.jus.br/#/public/resultado/0601011-98.2026.6.00.0000;2026-06-25;0;0;0
0600949-58.2026.6.00.0000|68387;01/10/2026;06:00:34;2026;0600949-58.2026.6.00.0000;DF;DF;3;3;68387;30/06/2026;ANDRÉ MENDONÇA;Acórdão;01/10/2026;06:01:26;2026;0600949-58.2026.6.00.0000;03/06/2026;#NULO#;DF;3;DF;3;03/06/2026;S;Por sorteio;223256;ANDRÉ MENDONÇA;72;Juiz Auxiliar;11541;Rp;REPRESENTAÇÃO;11667;Propaganda Política - Propaganda Eleitoral - Extemporânea/Antecipada;0;2;30/06/2026;Acórdão;https://consultaunificadapje.tse.jus.br/#/public/resultado/0600949-58.2026.6.00.0000;2026-06-30;1;0;1
0600954-80.2026.6.00.0000|68385;01/10/2026;06:00:34;2026;0600954-80.2026.6.00.0000;DF;DF;3;3;68385;30/06/2026;ANDRÉ MENDONÇA;Acórdão;01/10/2026;06:01:26;2026;0600954-80.2026.6.00.0000;03/06/2026;#NULO#;DF;3;DF;3;03/06/2026;S;Por sorteio;223256;ANDRÉ MENDONÇA;72;Juiz Auxiliar;11541;Rp;REPRESENTAÇÃO;11667;Propaganda Política - Propaganda Eleitoral - Extemporânea/Antecipada;0;3;05/08/2026;Despacho;https://consultaunificadapje.tse.jus.br/#/public/resultado/0600954-80.2026.6.00.0000;2026-06-30;1;0;1
0600960-87.2026.6.00.0000|67714;01/10/2026;06:00:34;2026;0600960-87.2026.6.00.0000;DF;DF;3;3;67714;30/06/2026;ANDRÉ MENDONÇA;Acórdão;01/10/2026;06:01:26;2026;0600960-87.2026.6.00.0000;04/06/2026;#NULO#;DF;3;DF;3;04/06/2026;S;Por sorteio;223256;ANDRÉ MENDONÇA;72;Juiz Auxiliar;11541;Rp;REPRESENTAÇÃO;15429;Propaganda Política - Propaganda Eleitoral - Uso de Inteligência Artificial;0;2;30/06/2026;Acórdão;https://consultaunificadapje.tse.jus.br/#/public/resultado/0600960-87.2026.6.00.0000;2026-06-30;1;0;1
0600968-64.2026.6.00.0000|67713;01/10/2026;06:00:34;2026;0600968-64.2026.6.00.0000;DF;DF;3;3;67713;30/06/2026;ANDRÉ MENDONÇA;Acórdão;01/10/2026;06:01:26;2026;0600968-64.2026.6.00.0000;08/06/2026;#NULO#;DF;3;DF;3;08/06/2026;S;Por sorteio;223256;ANDRÉ MENDONÇA;72;Juiz Auxiliar;11541;Rp;REPRESENTAÇÃO;11667;Propaganda Política - Propaganda Eleitoral - Extemporânea/Antecipada;0;2;30/06/2026;Acórdão;https://consultaunificadapje.tse.jus.br/#/public/resultado/0600968-64.2026.6.00.0000;2026-06-30;1;0;1
0600969-49.2026.6.00.0000|68386;01/10/2026;06:00:34;2026;0600969-49.2026.6.00.0000;DF;DF;3;3;68386;30/06/2026;ANDRÉ MENDONÇA;Acórdão;01/10/2026;06:01:26;2026;0600969-49.2026.6.00.0000;08/06/2026;#NULO#;DF;3;DF;3;08/06/2026;S;Por sorteio;223256;ANDRÉ MENDONÇA;72;Juiz Auxiliar;11541;Rp;REPRESENTAÇÃO;11667;Propaganda Política - Propaganda Eleitoral - Extemporânea/Antecipada;0;2;30/06/2026;Acórdão;https://consultaunificadapje.tse.jus.br/#/public/resultado/0600969-49.2026.6.00.0000;2026-06-30;1;0;1
0600976-41.2026.6.00.0000|67715;01/10/2026;06:00:34;2026;0600976-41.2026.6.00.0000;DF;DF;3;3;67715;30/06/2026;ANDRÉ MENDONÇA;Acórdão;01/10/2026;06:01:26;2026;0600976-41.2026.6.00.0000;09/06/2026;#NULO#;DF;3;DF;3;09/06/2026;S;Por sorteio;223256;ANDRÉ MENDONÇA;72;Juiz Auxiliar;11541;Rp;REPRESENTAÇÃO;12638;Propaganda Política - Propaganda Eleitoral - Impulsionamento;0;2;30/06/2026;Acórdão;https://consultaunificadapje.tse.jus.br/#/public/resultado/0600976-41.2026.6.00.0000;2026-06-30;1;0;1
0600987-70.2026.6.00.0000|68821;01/10/2026;06:00:34;2026;0600987-70.2026.6.00.0000;DF;DF;3;3;68821;30/06/2026;ANDRÉ MENDONÇA;Acórdão;01/10/2026;06:01:26;2026;0600987-70.2026.6.00.0000;10/06/2026;#NULO#;DF;3;DF;3;10/06/2026;S;Por sorteio;223256;ANDRÉ MENDONÇA;72;Juiz Auxiliar;11541;Rp;REPRESENTAÇÃO;11667;Propaganda Política - Propaganda Eleitoral - Extemporânea/Antecipada;0;6;08/09/2026;Despacho;https://consultaunificadapje.tse.jus.br/#/public/resultado/0600987-70.2026.6.00.0000;2026-06-30;1;0;1
0601002-39.2026.6.00.0000|68069;01/10/2026;06:00:34;2026;0601002-39.2026.6.00.0000;DF;DF;3;3;68069;30/06/2026;ANDRÉ MENDONÇA;Acórdão;01/10/2026;06:01:26;2026;0601002-39.2026.6.00.0000;12/06/2026;#NULO#;DF;3;DF;3;12/06/2026;S;Por sorteio;223256;ANDRÉ MENDONÇA;72;Juiz Auxiliar;11541;Rp;REPRESENTAÇÃO;11667;Propaganda Política - Propaganda Eleitoral - Extemporânea/Antecipada;0;2;30/06/2026;Acórdão;https://consultaunificadapje.tse.jus.br/#/public/resultado/0601002-39.2026.6.00.0000;2026-06-30;1;0;1
0600689-78.2026.6.00.0000|67987;01/10/2026;06:00:34;2026;0600689-78.2026.6.00.0000;DF;DF;3;3;67987;01/07/2026;ESTELA ARANHA;Acórdão;01/10/2026;06:01:26;2026;0600689-78.2026.6.00.0000;16/04/2026;#NULO#;DF;3;DF;3;16/04/2026;S;Por sorteio;350140;ESTELA ARANHA;59;Juíz Auxiliar;11541;Rp;REPRESENTAÇÃO;11667;Propaganda Política - Propaganda Eleitoral - Extemporânea/Antecipada;0;2;01/07/2026;Acórdão;https://consultaunificadapje.tse.jus.br/#/public/resultado/0600689-78.2026.6.00.0000;2026-07-01;1;0;1
0600690-63.2026.6.00.0000|68634;01/10/2026;06:00:34;2026;0600690-63.2026.6.00.0000;DF;DF;3;3;68634;01/07/2026;ESTELA ARANHA;Acórdão;01/10/2026;06:01:26;2026;0600690-63.2026.6.00.0000;16/04/2026;#NULO#;DF;3;DF;3;16/04/2026;S;Por sorteio;350140;ESTELA ARANHA;59;Juíz Auxiliar;11541;Rp;REPRESENTAÇÃO;11667;Propaganda Política - Propaganda Eleitoral - Extemporânea/Antecipada;0;2;01/07/2026;Acórdão;https://consultaunificadapje.tse.jus.br/#/public/resultado/0600690-63.2026.6.00.0000;2026-07-01;1;0;1
0600697-55.2026.6.00.0000|68305;01/10/2026;06:00:34;2026;0600697-55.2026.6.00.0000;DF;DF;3;3;68305;01/07/2026;ESTELA ARANHA;Acórdão;01/10/2026;06:01:26;2026;0600697-55.2026.6.00.0000;17/04/2026;#NULO#;DF;3;DF;3;17/04/2026;S;Por sorteio;350140;ESTELA ARANHA;59;Juíz Auxiliar;11541;Rp;REPRESENTAÇÃO;11667;Propaganda Política - Propaganda Eleitoral - Extemporânea/Antecipada;0;2;01/07/2026;Acórdão;https://consultaunificadapje.tse.jus.br/#/public/resultado/0600697-55.2026.6.00.0000;2026-07-01;1;0;1
0600698-40.2026.6.00.0000|67626;01/10/2026;06:00:34;2026;0600698-40.2026.6.00.0000;DF;DF;3;3;67626;01/07/2026;ESTELA ARANHA;Acórdão;01/10/2026;06:01:26;2026;0600698-40.2026.6.00.0000;17/04/2026;#NULO#;DF;3;DF;3;17/04/2026;S;Por sorteio;350140;ESTELA ARANHA;59;Juíz Auxiliar;11541;Rp;REPRESENTAÇÃO;11667;Propaganda Política - Propaganda Eleitoral - Extemporânea/Antecipada;0;2;01/07/2026;Acórdão;https://consultaunificadapje.tse.jus.br/#/public/resultado/0600698-40.2026.6.00.0000;2026-07-01;1;0;1
0600781-56.2026.6.00.0000|67625;01/10/2026;06:00:34;2026;0600781-56.2026.6.00.0000;DF;DF;3;3;67625;01/07/2026;ESTELA ARANHA;Acórdão;01/10/2026;06:01:26;2026;0600781-56.2026.6.00.0000;03/05/2026;#NULO#;DF;3;DF;3;03/05/2026;S;Por sorteio;350140;ESTELA ARANHA;59;Juíz Auxiliar;11541;Rp;REPRESENTAÇÃO;11667;Propaganda Política - Propaganda Eleitoral - Extemporânea/Antecipada;0;2;01/07/2026;Acórdão;https://consultaunificadapje.tse.jus.br/#/public/resultado/0600781-56.2026.6.00.0000;2026-07-01;1;0;1
0600782-41.2026.6.00.0000|68306;01/10/2026;06:00:34;2026;0600782-41.2026.6.00.0000;DF;DF;3;3;68306;01/07/2026;ESTELA ARANHA;Acórdão;01/10/2026;06:01:26;2026;0600782-41.2026.6.00.0000;03/05/2026;#NULO#;DF;3;DF;3;03/05/2026;S;Por sorteio;350140;ESTELA ARANHA;59;Juíz Auxiliar;11541;Rp;REPRESENTAÇÃO;11667;Propaganda Política - Propaganda Eleitoral - Extemporânea/Antecipada;0;2;01/07/2026;Acórdão;https://consultaunificadapje.tse.jus.br/#/public/resultado/0600782-41.2026.6.00.0000;2026-07-01;1;0;1
0600783-26.2026.6.00.0000|68635;01/10/2026;06:00:34;2026;0600783-26.2026.6.00.0000;DF;DF;3;3;68635;01/07/2026;ESTELA ARANHA;Acórdão;01/10/2026;06:01:26;2026;0600783-26.2026.6.00.0000;03/05/2026;#NULO#;DF;3;DF;3;03/05/2026;S;Por sorteio;350140;ESTELA ARANHA;59;Juíz Auxiliar;11541;Rp;REPRESENTAÇÃO;11667;Propaganda Política - Propaganda Eleitoral - Extemporânea/Antecipada;0;2;01/07/2026;Acórdão;https://consultaunificadapje.tse.jus.br/#/public/resultado/0600783-26.2026.6.00.0000;2026-07-01;1;0;1
0600785-93.2026.6.00.0000|67986;01/10/2026;06:00:34;2026;0600785-93.2026.6.00.0000;DF;DF;3;3;67986;01/07/2026;ESTELA ARANHA;Acórdão;01/10/2026;06:01:26;2026;0600785-93.2026.6.00.0000;03/05/2026;#NULO#;DF;3;DF;3;03/05/2026;S;Por sorteio;350140;ESTELA ARANHA;59;Juíz Auxiliar;11541;Rp;REPRESENTAÇÃO;11667;Propaganda Política - Propaganda Eleitoral - Extemporânea/Antecipada;0;2;01/07/2026;Acórdão;https://consultaunificadapje.tse.jus.br/#/public/resultado/0600785-93.2026.6.00.0000;2026-07-01;1;0;1
0600625-53.2025.6.09.0000|67770;01/10/2026;06:00:34;2026;0600625-53.2025.6.09.0000;DF;GO;2;3;67770;10/07/2026;DIAS TOFFOLI;Decisão;01/10/2026;06:01:26;2026;0600625-53.2025.6.09.0000;20/02/2026;#NULO#;GO;2;DF;3;10/06/2026;S;Por sorteio;6276;DIAS TOFFOLI;3;Ministro;12626;AREspE;AGRAVO EM RECURSO ESPECIAL ELEITORAL;11667;Propaganda Política - Propaganda Eleitoral - Extemporânea/Antecipada;1;1;10/07/2026;Decisão;https://consultaunificadapje.tse.jus.br/#/public/resultado/0600625-53.2025.6.09.0000;2026-07-10;1;0;1
0600140-78.2026.6.14.0000|68532;01/10/2026;06:00:34;2026;0600140-78.2026.6.14.0000;DF;PA;2;3;68532;12/07/2026;NUNES MARQUES;Decisão;01/10/2026;06:01:26;2026;0600140-78.2026.6.14.0000;11/06/2026;25/08/2026;PA;2;DF;3;11/06/2026;S;Por sorteio;202679;NUNES MARQUES;78;Ministro;1298;PA;PROCESSO ADMINISTRATIVO;11563;Afastamento de Magistrado;1;2;05/08/2026;Acórdão;https://consultaunificadapje.tse.jus.br/#/public/resultado/0600140-78.2026.6.14.0000;2026-07-12;0;0;0
0600975-56.2026.6.00.0000|67347;01/10/2026;06:00:34;2026;0600975-56.2026.6.00.0000;DF;DF;3;3;67347;12/07/2026;NUNES MARQUES;Decisão;01/10/2026;06:01:26;2026;0600975-56.2026.6.00.0000;09/06/2026;19/08/2026;DF;3;DF;3;09/06/2026;S;Por sorteio;202679;NUNES MARQUES;78;Ministro;1298;PA;PROCESSO ADMINISTRATIVO;11563;Afastamento de Magistrado;0;2;14/08/2026;Acórdão;https://consultaunificadapje.tse.jus.br/#/public/resultado/0600975-56.2026.6.00.0000;2026-07-12;0;0;0
0601040-51.2026.6.00.0000|68209;01/10/2026;06:00:34;2026;0601040-51.2026.6.00.0000;DF;DF;3;3;68209;12/07/2026;NUNES MARQUES;Decisão;01/10/2026;06:01:26;2026;0601040-51.2026.6.00.0000;18/06/2026;25/08/2026;DF;3;DF;3;18/06/2026;S;Por sorteio;202679;NUNES MARQUES;78;Ministro;1298;PA;PROCESSO ADMINISTRATIVO;11563;Afastamento de Magistrado;0;2;12/08/2026;Acórdão;https://consultaunificadapje.tse.jus.br/#/public/resultado/0601040-51.2026.6.00.0000;2026-07-12;0;0;0
0601222-37.2026.6.00.0000|67849;01/10/2026;06:00:34;2026;0601222-37.2026.6.00.0000;DF;DF;3;3;67849;12/07/2026;NUNES MARQUES;Decisão;01/10/2026;06:01:26;2026;0601222-37.2026.6.00.0000;06/07/2026;23/07/2026;DF;3;DF;3;06/07/2026;S;Por sorteio;202679;NUNES MARQUES;78;Ministro;241;PetCiv;PETIÇÃO CÍVEL;12362;Autorização de Divulgação de Publicidade Institucional;0;1;12/07/2026;Decisão;https://consultaunificadapje.tse.jus.br/#/public/resultado/0601222-37.2026.6.00.0000;2026-07-12;0;0;0
0600022-93.2025.6.14.0079|68452;01/10/2026;06:00:34;2026;0600022-93.2025.6.14.0079;DF;PA;1;3;68452;14/07/2026;DIAS TOFFOLI;Decisão;01/10/2026;06:01:26;2026;0600022-93.2025.6.14.0079;12/02/2026;16/08/2026;PA;1;DF;3;10/06/2026;S;Por sorteio;6276;DIAS TOFFOLI;3;Ministro;12626;AREspE;AGRAVO EM RECURSO ESPECIAL ELEITORAL;11667;Propaganda Política - Propaganda Eleitoral - Extemporânea/Antecipada;1;1;14/07/2026;Decisão;https://consultaunificadapje.tse.jus.br/#/public/resultado/0600022-93.2025.6.14.0079;2026-07-14;1;0;1
0600696-70.2026.6.00.0000|67832;01/10/2026;06:00:34;2026;0600696-70.2026.6.00.0000;DF;DF;3;3;67832;14/07/2026;NUNES MARQUES;Decisão;01/10/2026;06:01:26;2026;0600696-70.2026.6.00.0000;17/04/2026;10/09/2026;DF;3;DF;3;13/05/2026;S;Por sorteio;202679;NUNES MARQUES;78;Ministro;1298;PA;PROCESSO ADMINISTRATIVO;11563;Afastamento de Magistrado;0;4;31/08/2026;Acórdão;https://consultaunificadapje.tse.jus.br/#/public/resultado/0600696-70.2026.6.00.0000;2026-07-14;0;0;0
0600774-64.2026.6.00.0000|68518;01/10/2026;06:00:34;2026;0600774-64.2026.6.00.0000;DF;DF;3;3;68518;14/07/2026;NUNES MARQUES;Decisão;01/10/2026;06:01:26;2026;0600774-64.2026.6.00.0000;29/04/2026;12/08/2026;DF;3;DF;3;13/05/2026;S;Por sorteio;202679;NUNES MARQUES;78;Ministro;241;PetCiv;PETIÇÃO CÍVEL;11778;Requerimento;0;1;14/07/2026;Decisão;https://consultaunificadapje.tse.jus.br/#/public/resultado/0600774-64.2026.6.00.0000;2026-07-14;0;0;0
0600863-87.2026.6.00.0000|68519;01/10/2026;06:00:34;2026;0600863-87.2026.6.00.0000;DF;DF;3;3;68519;14/07/2026;NUNES MARQUES;Decisão;01/10/2026;06:01:26;2026;0600863-87.2026.6.00.0000;18/05/2026;19/08/2026;DF;3;DF;3;18/05/2026;S;Por sorteio;202679;NUNES MARQUES;78;Ministro;1298;PA;PROCESSO ADMINISTRATIVO;11563;Afastamento de Magistrado;0;2;05/08/2026;Acórdão;https://consultaunificadapje.tse.jus.br/#/public/resultado/0600863-87.2026.6.00.0000;2026-07-14;0;0;0
0600928-82.2026.6.00.0000|68515;01/10/2026;06:00:34;2026;0600928-82.2026.6.00.0000;DF;DF;3;3;68515;14/07/2026;NUNES MARQUES;Decisão;01/10/2026;06:01:26;2026;0600928-82.2026.6.00.0000;29/05/2026;19/08/2026;DF;3;DF;3;29/05/2026;S;Por sorteio;202679;NUNES MARQUES;78;Ministro;1298;PA;PROCESSO ADMINISTRATIVO;11563;Afastamento de Magistrado;0;2;05/08/2026;Acórdão;https://consultaunificadapje.tse.jus.br/#/public/resultado/0600928-82.2026.6.00.0000;2026-07-14;0;0;0
0601098-54.2026.6.00.0000|68200;01/10/2026;06:00:34;2026;0601098-54.2026.6.00.0000;DF;DF;3;3;68200;14/07/2026;NUNES MARQUES;Decisão;01/10/2026;06:01:26;2026;0601098-54.2026.6.00.0000;26/06/2026;#NULO#;DF;3;DF;3;26/06/2026;S;Por sorteio;202679;NUNES MARQUES;78;Ministro;241;PetCiv;PETIÇÃO CÍVEL;11648;Pesquisa Eleitoral;0;1;14/07/2026;Decisão;https://consultaunificadapje.tse.jus.br/#/public/resultado/0601098-54.2026.6.00.0000;2026-07-14;0;0;0
0601104-61.2026.6.00.0000|68199;01/10/2026;06:00:34;2026;0601104-61.2026.6.00.0000;DF;DF;3;3;68199;14/07/2026;NUNES MARQUES;Acórdão;01/10/2026;06:01:26;2026;0601104-61.2026.6.00.0000;29/06/2026;#NULO#;DF;3;DF;3;29/06/2026;S;Por sorteio;202679;NUNES MARQUES;78;Ministro;1298;PA;PROCESSO ADMINISTRATIVO;12426;Proposta de Nova Resolução;0;2;20/07/2026;Resolução;https://consultaunificadapje.tse.jus.br/#/public/resultado/0601104-61.2026.6.00.0000;2026-07-14;0;0;0
0601194-69.2026.6.00.0000|68516;01/10/2026;06:00:34;2026;0601194-69.2026.6.00.0000;DF;DF;3;3;68516;14/07/2026;NUNES MARQUES;Decisão;01/10/2026;06:01:26;2026;0601194-69.2026.6.00.0000;01/07/2026;19/08/2026;DF;3;DF;3;01/07/2026;S;Por sorteio;202679;NUNES MARQUES;78;Ministro;1298;PA;PROCESSO ADMINISTRATIVO;11563;Afastamento de Magistrado;0;2;05/08/2026;Acórdão;https://consultaunificadapje.tse.jus.br/#/public/resultado/0601194-69.2026.6.00.0000;2026-07-14;0;0;0
0601195-54.2026.6.00.0000|68201;01/10/2026;06:00:34;2026;0601195-54.2026.6.00.0000;DF;DF;3;3;68201;14/07/2026;NUNES MARQUES;Decisão;01/10/2026;06:01:26;2026;0601195-54.2026.6.00.0000;01/07/2026;30/08/2026;DF;3;DF;3;01/07/2026;S;Por sorteio;202679;NUNES MARQUES;78;Ministro;1298;PA;PROCESSO ADMINISTRATIVO;11563;Afastamento de Magistrado;0;2;13/08/2026;Acórdão;https://consultaunificadapje.tse.jus.br/#/public/resultado/0601195-54.2026.6.00.0000;2026-07-14;0;0;0
0601217-15.2026.6.00.0000|68570;01/10/2026;06:00:34;2026;0601217-15.2026.6.00.0000;DF;DF;3;3;68570;14/07/2026;NUNES MARQUES;Decisão;01/10/2026;06:01:26;2026;0601217-15.2026.6.00.0000;04/07/2026;#NULO#;DF;3;DF;3;04/07/2026;S;Por sorteio;223256;ANDRÉ MENDONÇA;72;Juiz Auxiliar;11541;Rp;REPRESENTAÇÃO;11667;Propaganda Política - Propaganda Eleitoral - Extemporânea/Antecipada;0;2;10/09/2026;Acórdão;https://consultaunificadapje.tse.jus.br/#/public/resultado/0601217-15.2026.6.00.0000;2026-07-14;1;0;1
0601221-52.2026.6.00.0000|67831;01/10/2026;06:00:34;2026;0601221-52.2026.6.00.0000;DF;DF;3;3;67831;14/07/2026;NUNES MARQUES;Decisão;01/10/2026;06:01:26;2026;0601221-52.2026.6.00.0000;06/07/2026;23/07/2026;DF;3;DF;3;06/07/2026;S;Por sorteio;202679;NUNES MARQUES;78;Ministro;241;PetCiv;PETIÇÃO CÍVEL;12362;Autorização de Divulgação de Publicidade Institucional;0;1;14/07/2026;Decisão;https://consultaunificadapje.tse.jus.br/#/public/resultado/0601221-52.2026.6.00.0000;2026-07-14;0;0;0
0601231-96.2026.6.00.0000|68517;01/10/2026;06:00:34;2026;0601231-96.2026.6.00.0000;DF;DF;3;3;68517;14/07/2026;NUNES MARQUES;Decisão;01/10/2026;06:01:26;2026;0601231-96.2026.6.00.0000;08/07/2026;25/07/2026;DF;3;DF;3;09/07/2026;S;Por sorteio;202679;NUNES MARQUES;78;Ministro;241;PetCiv;PETIÇÃO CÍVEL;12362;Autorização de Divulgação de Publicidade Institucional;0;1;14/07/2026;Decisão;https://consultaunificadapje.tse.jus.br/#/public/resultado/0601231-96.2026.6.00.0000;2026-07-14;0;0;0
0600696-70.2026.6.00.0000|67940;01/10/2026;06:00:34;2026;0600696-70.2026.6.00.0000;DF;DF;3;3;67940;17/07/2026;NUNES MARQUES;Decisão;01/10/2026;06:01:26;2026;0600696-70.2026.6.00.0000;17/04/2026;10/09/2026;DF;3;DF;3;13/05/2026;S;Por sorteio;202679;NUNES MARQUES;78;Ministro;1298;PA;PROCESSO ADMINISTRATIVO;11563;Afastamento de Magistrado;0;4;31/08/2026;Acórdão;https://consultaunificadapje.tse.jus.br/#/public/resultado/0600696-70.2026.6.00.0000;2026-07-17;0;0;0
0601241-43.2026.6.00.0000|67841;01/10/2026;06:00:34;2026;0601241-43.2026.6.00.0000;DF;DF;3;3;67841;23/07/2026;NUNES MARQUES;Decisão;01/10/2026;06:01:26;2026;0601241-43.2026.6.00.0000;10/07/2026;31/08/2026;DF;3;DF;3;13/07/2026;S;Por sorteio;202679;NUNES MARQUES;78;Ministro;241;PetCiv;PETIÇÃO CÍVEL;11778;Requerimento;0;3;20/08/2026;Decisão;https://consultaunificadapje.tse.jus.br/#/public/resultado/0601241-43.2026.6.00.0000;2026-07-23;0;0;0
0601267-41.2026.6.00.0000|67825;01/10/2026;06:00:34;2026;0601267-41.2026.6.00.0000;DF;DF;3;3;67825;23/07/2026;NUNES MARQUES;Decisão;01/10/2026;06:01:26;2026;0601267-41.2026.6.00.0000;16/07/2026;02/09/2026;DF;3;DF;3;16/07/2026;S;Por sorteio;301846;RICARDO VILLAS BÔAS CUEVA;4;Ministro;12134;TutCautAnt;TUTELA CAUTELAR ANTECEDENTE;11565;Lista Tríplice;0;2;14/08/2026;Acórdão;https://consultaunificadapje.tse.jus.br/#/public/resultado/0601267-41.2026.6.00.0000;2026-07-23;0;0;0
0600076-03.2026.6.20.0000|68451;01/10/2026;06:00:34;2026;0600076-03.2026.6.20.0000;DF;RN;2;3;68451;27/07/2026;DIAS TOFFOLI;Decisão;01/10/2026;06:01:26;2026;0600076-03.2026.6.20.0000;02/06/2026;11/08/2026;RN;2;DF;3;02/06/2026;S;Por sorteio;6276;DIAS TOFFOLI;3;Ministro;12626;AREspE;AGRAVO EM RECURSO ESPECIAL ELEITORAL;11667;Propaganda Política - Propaganda Eleitoral - Extemporânea/Antecipada;1;1;27/07/2026;Decisão;https://consultaunificadapje.tse.jus.br/#/public/resultado/0600076-03.2026.6.20.0000;2026-07-27;1;0;1
0600162-12.2026.6.15.0000|67408;01/10/2026;06:00:34;2026;0600162-12.2026.6.15.0000;DF;PB;2;3;67408;28/07/2026;NUNES MARQUES;Decisão;01/10/2026;06:01:26;2026;0600162-12.2026.6.15.0000;15/07/2026;10/09/2026;PB;2;DF;3;15/07/2026;S;Por sorteio;202679;NUNES MARQUES;78;Ministro;1298;PA;PROCESSO ADMINISTRATIVO;11563;Afastamento de Magistrado;1;2;31/08/2026;Acórdão;https://consultaunificadapje.tse.jus.br/#/public/resultado/0600162-12.2026.6.15.0000;2026-07-28;0;0;0
0600164-63.2026.6.12.0000|68243;01/10/2026;06:00:34;2026;0600164-63.2026.6.12.0000;DF;MS;2;3;68243;28/07/2026;NUNES MARQUES;Decisão;01/10/2026;06:01:26;2026;0600164-63.2026.6.12.0000;18/06/2026;06/08/2026;MS;2;DF;3;18/06/2026;S;Por sorteio;202679;NUNES MARQUES;60;Juíz Auxiliar;11541;Rp;REPRESENTAÇÃO;11667;Propaganda Política - Propaganda Eleitoral - Extemporânea/Antecipada;1;1;28/07/2026;Decisão;https://consultaunificadapje.tse.jus.br/#/public/resultado/0600164-63.2026.6.12.0000;2026-07-28;1;0;1
0600410-48.2026.6.16.0000|67939;01/10/2026;06:00:34;2026;0600410-48.2026.6.16.0000;DF;PR;2;3;67939;28/07/2026;NUNES MARQUES;Decisão;01/10/2026;06:01:26;2026;0600410-48.2026.6.16.0000;16/07/2026;10/09/2026;PR;2;DF;3;16/07/2026;S;Por sorteio;202679;NUNES MARQUES;78;Ministro;1298;PA;PROCESSO ADMINISTRATIVO;11563;Afastamento de Magistrado;1;2;31/08/2026;Acórdão;https://consultaunificadapje.tse.jus.br/#/public/resultado/0600410-48.2026.6.16.0000;2026-07-28;0;0;0
0600958-20.2026.6.00.0000|67889;01/10/2026;06:00:34;2026;0600958-20.2026.6.00.0000;DF;DF;3;3;67889;28/07/2026;NUNES MARQUES;Decisão;01/10/2026;06:01:26;2026;0600958-20.2026.6.00.0000;03/06/2026;#NULO#;DF;3;DF;3;03/06/2026;S;Por sorteio;202679;NUNES MARQUES;60;Juíz Auxiliar;12630;RepEsp;REPRESENTAÇÃO ESPECIAL;12063;Conduta Vedada ao Agente Público;0;2;17/09/2026;Despacho;https://consultaunificadapje.tse.jus.br/#/public/resultado/0600958-20.2026.6.00.0000;2026-07-28;0;0;0
0601001-54.2026.6.00.0000|67387;01/10/2026;06:00:34;2026;0601001-54.2026.6.00.0000;DF;DF;3;3;67387;28/07/2026;NUNES MARQUES;Decisão;01/10/2026;06:01:26;2026;0601001-54.2026.6.00.0000;12/06/2026;#NULO#;DF;3;DF;3;12/06/2026;S;Por sorteio;202679;NUNES MARQUES;60;Juíz Auxiliar;11541;Rp;REPRESENTAÇÃO;11667;Propaganda Política - Propaganda Eleitoral - Extemporânea/Antecipada;0;2;17/09/2026;Acórdão;https://consultaunificadapje.tse.jus.br/#/public/resultado/0601001-54.2026.6.00.0000;2026-07-28;1;0;1
0601004-09.2026.6.00.0000|68239;01/10/2026;06:00:34;2026;0601004-09.2026.6.00.0000;DF;DF;3;3;68239;28/07/2026;NUNES MARQUES;Decisão;01/10/2026;06:01:26;2026;0601004-09.2026.6.00.0000;12/06/2026;#NULO#;DF;3;DF;3;12/06/2026;S;Por sorteio;202679;NUNES MARQUES;60;Juíz Auxiliar;11541;Rp;REPRESENTAÇÃO;15429;Propaganda Política - Propaganda Eleitoral - Uso de Inteligência Artificial;0;1;28/07/2026;Decisão;https://consultaunificadapje.tse.jus.br/#/public/resultado/0601004-09.2026.6.00.0000;2026-07-28;1;0;1
0601010-16.2026.6.00.0000|68240;01/10/2026;06:00:34;2026;0601010-16.2026.6.00.0000;DF;DF;3;3;68240;28/07/2026;NUNES MARQUES;Decisão;01/10/2026;06:01:26;2026;0601010-16.2026.6.00.0000;14/06/2026;#NULO#;DF;3;DF;3;14/06/2026;S;Por sorteio;202679;NUNES MARQUES;60;Juíz Auxiliar;11541;Rp;REPRESENTAÇÃO;11667;Propaganda Política - Propaganda Eleitoral - Extemporânea/Antecipada;0;2;17/09/2026;Acórdão;https://consultaunificadapje.tse.jus.br/#/public/resultado/0601010-16.2026.6.00.0000;2026-07-28;1;0;1
0601016-23.2026.6.00.0000|67886;01/10/2026;06:00:34;2026;0601016-23.2026.6.00.0000;DF;DF;3;3;67886;28/07/2026;NUNES MARQUES;Decisão;01/10/2026;06:01:26;2026;0601016-23.2026.6.00.0000;15/06/2026;#NULO#;DF;3;DF;3;15/06/2026;S;Por sorteio;202679;NUNES MARQUES;60;Juíz Auxiliar;11541;Rp;REPRESENTAÇÃO;11667;Propaganda Política - Propaganda Eleitoral - Extemporânea/Antecipada;0;2;24/08/2026;Acórdão;https://consultaunificadapje.tse.jus.br/#/public/resultado/0601016-23.2026.6.00.0000;2026-07-28;1;0;1
0601046-58.2026.6.00.0000|67386;01/10/2026;06:00:34;2026;0601046-58.2026.6.00.0000;DF;DF;3;3;67386;28/07/2026;NUNES MARQUES;Decisão;01/10/2026;06:01:26;2026;0601046-58.2026.6.00.0000;18/06/2026;#NULO#;DF;3;DF;3;18/06/2026;S;Por sorteio;202679;NUNES MARQUES;60;Juíz Auxiliar;11541;Rp;REPRESENTAÇÃO;11667;Propaganda Política - Propaganda Eleitoral - Extemporânea/Antecipada;0;2;22/08/2026;Acórdão;https://consultaunificadapje.tse.jus.br/#/public/resultado/0601046-58.2026.6.00.0000;2026-07-28;1;0;1
0601052-65.2026.6.00.0000|68567;01/10/2026;06:00:34;2026;0601052-65.2026.6.00.0000;DF;DF;3;3;68567;28/07/2026;NUNES MARQUES;Decisão;01/10/2026;06:01:26;2026;0601052-65.2026.6.00.0000;18/06/2026;#NULO#;DF;3;DF;3;18/06/2026;S;Por sorteio;202679;NUNES MARQUES;60;Juíz Auxiliar;11541;Rp;REPRESENTAÇÃO;11667;Propaganda Política - Propaganda Eleitoral - Extemporânea/Antecipada;0;1;28/07/2026;Decisão;https://consultaunificadapje.tse.jus.br/#/public/resultado/0601052-65.2026.6.00.0000;2026-07-28;1;0;1
0601089-92.2026.6.00.0000|68241;01/10/2026;06:00:34;2026;0601089-92.2026.6.00.0000;DF;DF;3;3;68241;28/07/2026;NUNES MARQUES;Decisão;01/10/2026;06:01:26;2026;0601089-92.2026.6.00.0000;24/06/2026;#NULO#;DF;3;DF;3;24/06/2026;S;Por sorteio;202679;NUNES MARQUES;60;Juíz Auxiliar;11541;Rp;REPRESENTAÇÃO;11667;Propaganda Política - Propaganda Eleitoral - Extemporânea/Antecipada;0;3;28/09/2026;Despacho;https://consultaunificadapje.tse.jus.br/#/public/resultado/0601089-92.2026.6.00.0000;2026-07-28;1;0;1
0601101-09.2026.6.00.0000|67887;01/10/2026;06:00:34;2026;0601101-09.2026.6.00.0000;DF;DF;3;3;67887;28/07/2026;NUNES MARQUES;Decisão;01/10/2026;06:01:26;2026;0601101-09.2026.6.00.0000;26/06/2026;#NULO#;DF;3;DF;3;26/06/2026;S;Por sorteio;202679;NUNES MARQUES;60;Juíz Auxiliar;11541;Rp;REPRESENTAÇÃO;11667;Propaganda Política - Propaganda Eleitoral - Extemporânea/Antecipada;0;3;26/09/2026;Despacho;https://consultaunificadapje.tse.jus.br/#/public/resultado/0601101-09.2026.6.00.0000;2026-07-28;1;0;1
0601182-55.2026.6.00.0000|68242;01/10/2026;06:00:34;2026;0601182-55.2026.6.00.0000;DF;DF;3;3;68242;28/07/2026;NUNES MARQUES;Decisão;01/10/2026;06:01:26;2026;0601182-55.2026.6.00.0000;01/07/2026;#NULO#;DF;3;DF;3;01/07/2026;S;Por sorteio;202679;NUNES MARQUES;60;Juíz Auxiliar;11541;Rp;REPRESENTAÇÃO;11667;Propaganda Política - Propaganda Eleitoral - Extemporânea/Antecipada;0;3;22/09/2026;Despacho;https://consultaunificadapje.tse.jus.br/#/public/resultado/0601182-55.2026.6.00.0000;2026-07-28;1;0;1
0601215-45.2026.6.00.0000|67888;01/10/2026;06:00:34;2026;0601215-45.2026.6.00.0000;DF;DF;3;3;67888;28/07/2026;NUNES MARQUES;Decisão;01/10/2026;06:01:26;2026;0601215-45.2026.6.00.0000;04/07/2026;#NULO#;DF;3;DF;3;04/07/2026;S;Por sorteio;202679;NUNES MARQUES;60;Juíz Auxiliar;11541;Rp;REPRESENTAÇÃO;11667;Propaganda Política - Propaganda Eleitoral - Extemporânea/Antecipada;0;2;22/08/2026;Acórdão;https://consultaunificadapje.tse.jus.br/#/public/resultado/0601215-45.2026.6.00.0000;2026-07-28;1;0;1
0601232-81.2026.6.00.0000|67890;01/10/2026;06:00:34;2026;0601232-81.2026.6.00.0000;DF;DF;3;3;67890;28/07/2026;NUNES MARQUES;Decisão;01/10/2026;06:01:26;2026;0601232-81.2026.6.00.0000;08/07/2026;#NULO#;DF;3;DF;3;08/07/2026;S;Por sorteio;202679;NUNES MARQUES;60;Juíz Auxiliar;11541;Rp;REPRESENTAÇÃO;11667;Propaganda Política - Propaganda Eleitoral - Extemporânea/Antecipada;0;2;22/08/2026;Acórdão;https://consultaunificadapje.tse.jus.br/#/public/resultado/0601232-81.2026.6.00.0000;2026-07-28;1;0;1
0601248-35.2026.6.00.0000|67937;01/10/2026;06:00:34;2026;0601248-35.2026.6.00.0000;DF;DF;3;3;67937;28/07/2026;NUNES MARQUES;Decisão;01/10/2026;06:01:26;2026;0601248-35.2026.6.00.0000;13/07/2026;10/09/2026;DF;3;DF;3;13/07/2026;S;Por sorteio;202679;NUNES MARQUES;78;Ministro;1298;PA;PROCESSO ADMINISTRATIVO;11563;Afastamento de Magistrado;0;2;28/08/2026;Acórdão;https://consultaunificadapje.tse.jus.br/#/public/resultado/0601248-35.2026.6.00.0000;2026-07-28;0;0;0
0601249-20.2026.6.00.0000|68586;01/10/2026;06:00:34;2026;0601249-20.2026.6.00.0000;DF;DF;3;3;68586;28/07/2026;NUNES MARQUES;Decisão;01/10/2026;06:01:26;2026;0601249-20.2026.6.00.0000;13/07/2026;#NULO#;DF;3;DF;3;13/07/2026;S;Por sorteio;202679;NUNES MARQUES;78;Ministro;241;PetCiv;PETIÇÃO CÍVEL;12362;Autorização de Divulgação de Publicidade Institucional;0;1;28/07/2026;Decisão;https://consultaunificadapje.tse.jus.br/#/public/resultado/0601249-20.2026.6.00.0000;2026-07-28;0;0;0
0601251-87.2026.6.00.0000|68588;01/10/2026;06:00:34;2026;0601251-87.2026.6.00.0000;DF;DF;3;3;68588;28/07/2026;NUNES MARQUES;Decisão;01/10/2026;06:01:26;2026;0601251-87.2026.6.00.0000;13/07/2026;31/08/2026;DF;3;DF;3;14/07/2026;S;Por sorteio;202679;NUNES MARQUES;78;Ministro;241;PetCiv;PETIÇÃO CÍVEL;11778;Requerimento;0;2;20/08/2026;Decisão;https://consultaunificadapje.tse.jus.br/#/public/resultado/0601251-87.2026.6.00.0000;2026-07-28;0;0;0
0601255-27.2026.6.00.0000|67331;01/10/2026;06:00:34;2026;0601255-27.2026.6.00.0000;DF;DF;3;3;67331;28/07/2026;NUNES MARQUES;Decisão;01/10/2026;06:01:26;2026;0601255-27.2026.6.00.0000;14/07/2026;#NULO#;DF;3;DF;3;14/07/2026;S;Por sorteio;285510;ANTONIO CARLOS FERREIRA;11;Ministro;120;MSCiv;MANDADO DE SEGURANÇA CÍVEL;11778;Requerimento;0;3;01/09/2026;Despacho;https://consultaunificadapje.tse.jus.br/#/public/resultado/0601255-27.2026.6.00.0000;2026-07-28;0;0;0
0601263-04.2026.6.00.0000|68248;01/10/2026;06:00:34;2026;0601263-04.2026.6.00.0000;DF;DF;3;3;68248;28/07/2026;NUNES MARQUES;Decisão;01/10/2026;06:01:26;2026;0601263-04.2026.6.00.0000;15/07/2026;#NULO#;DF;3;DF;3;15/07/2026;S;Por sorteio;223256;ANDRÉ MENDONÇA;72;Juiz Auxiliar;11541;Rp;REPRESENTAÇÃO;11667;Propaganda Política - Propaganda Eleitoral - Extemporânea/Antecipada;0;2;11/09/2026;Acórdão;https://consultaunificadapje.tse.jus.br/#/public/resultado/0601263-04.2026.6.00.0000;2026-07-28;1;0;1
0601269-11.2026.6.00.0000|67938;01/10/2026;06:00:34;2026;0601269-11.2026.6.00.0000;DF;DF;3;3;67938;28/07/2026;NUNES MARQUES;Decisão;01/10/2026;06:01:26;2026;0601269-11.2026.6.00.0000;16/07/2026;10/09/2026;DF;3;DF;3;16/07/2026;S;Por sorteio;202679;NUNES MARQUES;78;Ministro;1298;PA;PROCESSO ADMINISTRATIVO;11563;Afastamento de Magistrado;0;2;31/08/2026;Acórdão;https://consultaunificadapje.tse.jus.br/#/public/resultado/0601269-11.2026.6.00.0000;2026-07-28;0;0;0
0601271-78.2026.6.00.0000|67763;01/10/2026;06:00:34;2026;0601271-78.2026.6.00.0000;DF;DF;3;3;67763;28/07/2026;NUNES MARQUES;Decisão;01/10/2026;06:01:26;2026;0601271-78.2026.6.00.0000;16/07/2026;#NULO#;DF;3;DF;3;16/07/2026;S;Por sorteio;233218;FLORIANO DE AZEVEDO MARQUES;13;Ministro;241;PetCiv;PETIÇÃO CÍVEL;11765;Dissolução de Órgão de Direção Partidária;0;3;02/09/2026;Decisão;https://consultaunificadapje.tse.jus.br/#/public/resultado/0601271-78.2026.6.00.0000;2026-07-28;0;0;0
0601272-63.2026.6.00.0000|67409;01/10/2026;06:00:34;2026;0601272-63.2026.6.00.0000;DF;DF;3;3;67409;28/07/2026;NUNES MARQUES;Decisão;01/10/2026;06:01:26;2026;0601272-63.2026.6.00.0000;16/07/2026;15/09/2026;DF;3;DF;3;16/07/2026;S;Por sorteio;202679;NUNES MARQUES;78;Ministro;1298;PA;PROCESSO ADMINISTRATIVO;11563;Afastamento de Magistrado;0;2;10/09/2026;Acórdão;https://consultaunificadapje.tse.jus.br/#/public/resultado/0601272-63.2026.6.00.0000;2026-07-28;0;0;0
0601242-28.2026.6.00.0000|67930;01/10/2026;06:00:34;2026;0601242-28.2026.6.00.0000;DF;DF;3;3;67930;29/07/2026;NUNES MARQUES;Decisão;01/10/2026;06:01:26;2026;0601242-28.2026.6.00.0000;10/07/2026;31/08/2026;DF;3;DF;3;10/07/2026;S;Por sorteio;202679;NUNES MARQUES;78;Ministro;241;PetCiv;PETIÇÃO CÍVEL;11778;Requerimento;0;2;20/08/2026;Decisão;https://consultaunificadapje.tse.jus.br/#/public/resultado/0601242-28.2026.6.00.0000;2026-07-29;0;0;0
0601255-27.2026.6.00.0000|67329;01/10/2026;06:00:34;2026;0601255-27.2026.6.00.0000;DF;DF;3;3;67329;01/08/2026;NUNES MARQUES;Decisão;01/10/2026;06:01:26;2026;0601255-27.2026.6.00.0000;14/07/2026;#NULO#;DF;3;DF;3;14/07/2026;S;Por sorteio;285510;ANTONIO CARLOS FERREIRA;11;Ministro;120;MSCiv;MANDADO DE SEGURANÇA CÍVEL;11778;Requerimento;0;3;01/09/2026;Despacho;https://consultaunificadapje.tse.jus.br/#/public/resultado/0601255-27.2026.6.00.0000;2026-08-01;0;0;0
0601292-54.2026.6.00.0000|67994;01/10/2026;06:00:34;2026;0601292-54.2026.6.00.0000;DF;DF;3;3;67994;01/08/2026;NUNES MARQUES;Decisão;01/10/2026;06:01:26;2026;0601292-54.2026.6.00.0000;20/07/2026;15/08/2026;DF;3;DF;3;20/07/2026;PP;Por prevenção;6276;DIAS TOFFOLI;3;Ministro;120;MSCiv;MANDADO DE SEGURANÇA CÍVEL;12586;Filiação Partidária - Lista Especial;0;2;03/08/2026;Decisão;https://consultaunificadapje.tse.jus.br/#/public/resultado/0601292-54.2026.6.00.0000;2026-08-01;0;0;0
0601311-60.2026.6.00.0000|67330;01/10/2026;06:00:34;2026;0601311-60.2026.6.00.0000;DF;DF;3;3;67330;01/08/2026;NUNES MARQUES;Decisão;01/10/2026;06:01:26;2026;0601311-60.2026.6.00.0000;24/07/2026;29/09/2026;DF;3;DF;3;24/07/2026;S;Por sorteio;285510;ANTONIO CARLOS FERREIRA;11;Ministro;120;MSCiv;MANDADO DE SEGURANÇA CÍVEL;11778;Requerimento;0;3;19/09/2026;Acórdão;https://consultaunificadapje.tse.jus.br/#/public/resultado/0601311-60.2026.6.00.0000;2026-08-01;0;0;0
0601312-45.2026.6.00.0000|68247;01/10/2026;06:00:34;2026;0601312-45.2026.6.00.0000;DF;DF;3;3;68247;01/08/2026;NUNES MARQUES;Decisão;01/10/2026;06:01:26;2026;0601312-45.2026.6.00.0000;24/07/2026;#NULO#;DF;3;DF;3;24/07/2026;S;Por sorteio;223256;ANDRÉ MENDONÇA;72;Juiz Auxiliar;11541;Rp;REPRESENTAÇÃO;11667;Propaganda Política - Propaganda Eleitoral - Extemporânea/Antecipada;0;2;11/09/2026;Acórdão;https://consultaunificadapje.tse.jus.br/#/public/resultado/0601312-45.2026.6.00.0000;2026-08-01;1;0;1
0601337-58.2026.6.00.0000|67390;01/10/2026;06:00:34;2026;0601337-58.2026.6.00.0000;DF;DF;3;3;67390;01/08/2026;NUNES MARQUES;Decisão;01/10/2026;06:01:26;2026;0601337-58.2026.6.00.0000;28/07/2026;#NULO#;DF;3;DF;3;28/07/2026;S;Por sorteio;223256;ANDRÉ MENDONÇA;72;Juiz Auxiliar;11541;Rp;REPRESENTAÇÃO;11667;Propaganda Política - Propaganda Eleitoral - Extemporânea/Antecipada;0;2;11/09/2026;Acórdão;https://consultaunificadapje.tse.jus.br/#/public/resultado/0601337-58.2026.6.00.0000;2026-08-01;1;0;1
0601274-33.2026.6.00.0000|68569;01/10/2026;06:00:34;2026;0601274-33.2026.6.00.0000;DF;DF;3;3;68569;02/08/2026;NUNES MARQUES;Decisão;01/10/2026;06:01:26;2026;0601274-33.2026.6.00.0000;16/07/2026;#NULO#;DF;3;DF;3;16/07/2026;S;Por sorteio;223256;ANDRÉ MENDONÇA;72;Juiz Auxiliar;12630;RepEsp;REPRESENTAÇÃO ESPECIAL;12063;Conduta Vedada ao Agente Público;0;4;11/09/2026;Acórdão;https://consultaunificadapje.tse.jus.br/#/public/resultado/0601274-33.2026.6.00.0000;2026-08-02;0;0;0
0601339-28.2026.6.00.0000|68571;01/10/2026;06:00:34;2026;0601339-28.2026.6.00.0000;DF;DF;3;3;68571;02/08/2026;NUNES MARQUES;Decisão;01/10/2026;06:01:26;2026;0601339-28.2026.6.00.0000;29/07/2026;#NULO#;DF;3;DF;3;29/07/2026;S;Por sorteio;285510;ANTONIO CARLOS FERREIRA;42;Ministro;11527;AIJE;AÇÃO DE INVESTIGAÇÃO JUDICIAL ELEITORAL;11719;Abuso - De Poder Político/Autoridade;0;4;08/09/2026;Despacho;https://consultaunificadapje.tse.jus.br/#/public/resultado/0601339-28.2026.6.00.0000;2026-08-02;0;0;0
0601350-57.2026.6.00.0000|68249;01/10/2026;06:00:34;2026;0601350-57.2026.6.00.0000;DF;DF;3;3;68249;02/08/2026;NUNES MARQUES;Decisão;01/10/2026;06:01:26;2026;0601350-57.2026.6.00.0000;31/07/2026;#NULO#;DF;3;DF;3;31/07/2026;S;Por sorteio;350140;ESTELA ARANHA;59;Juíz Auxiliar;11541;Rp;REPRESENTAÇÃO;11667;Propaganda Política - Propaganda Eleitoral - Extemporânea/Antecipada;0;1;02/08/2026;Decisão;https://consultaunificadapje.tse.jus.br/#/public/resultado/0601350-57.2026.6.00.0000;2026-08-02;1;0;1
0601352-27.2026.6.00.0000|68441;01/10/2026;06:00:34;2026;0601352-27.2026.6.00.0000;DF;DF;3;3;68441;02/08/2026;ANTONIO CARLOS FERREIRA;Decisão;01/10/2026;06:01:26;2026;0601352-27.2026.6.00.0000;01/08/2026;22/08/2026;DF;3;DF;3;01/08/2026;S;Por sorteio;285510;ANTONIO CARLOS FERREIRA;11;Ministro;120;MSCiv;MANDADO DE SEGURANÇA CÍVEL;11765;Dissolução de Órgão de Direção Partidária;0;3;13/08/2026;Decisão;https://consultaunificadapje.tse.jus.br/#/public/resultado/0601352-27.2026.6.00.0000;2026-08-02;0;0;0
0600005-74.2026.6.13.0071|68789;01/10/2026;06:00:34;2026;0600005-74.2026.6.13.0071;DF;MG;1;3;68789;03/08/2026;RICARDO VILLAS BÔAS CUEVA;Decisão;01/10/2026;06:01:26;2026;0600005-74.2026.6.13.0071;21/07/2026;#NULO#;MG;1;DF;3;21/07/2026;S;Por sorteio;301846;RICARDO VILLAS BÔAS CUEVA;4;Ministro;11549;REspEl;RECURSO ESPECIAL ELEITORAL;11618;Registro de Candidatura - RRC - Candidato;1;4;25/09/2026;Acórdão;https://consultaunificadapje.tse.jus.br/#/public/resultado/0600005-74.2026.6.13.0071;2026-08-03;0;0;0
0601290-84.2026.6.00.0000|68514;01/10/2026;06:00:34;2026;0601290-84.2026.6.00.0000;DF;DF;3;3;68514;03/08/2026;DIAS TOFFOLI;Decisão;01/10/2026;06:01:26;2026;0601290-84.2026.6.00.0000;20/07/2026;15/08/2026;DF;3;DF;3;20/07/2026;S;Por sorteio;6276;DIAS TOFFOLI;3;Ministro;12375;Rcl;RECLAMAÇÃO;12586;Filiação Partidária - Lista Especial;0;2;03/08/2026;Decisão;https://consultaunificadapje.tse.jus.br/#/public/resultado/0601290-84.2026.6.00.0000;2026-08-03;0;0;0
0601292-54.2026.6.00.0000|67827;01/10/2026;06:00:34;2026;0601292-54.2026.6.00.0000;DF;DF;3;3;67827;03/08/2026;DIAS TOFFOLI;Decisão;01/10/2026;06:01:26;2026;0601292-54.2026.6.00.0000;20/07/2026;15/08/2026;DF;3;DF;3;20/07/2026;PP;Por prevenção;6276;DIAS TOFFOLI;3;Ministro;120;MSCiv;MANDADO DE SEGURANÇA CÍVEL;12586;Filiação Partidária - Lista Especial;0;2;03/08/2026;Decisão;https://consultaunificadapje.tse.jus.br/#/public/resultado/0601292-54.2026.6.00.0000;2026-08-03;0;0;0
0601354-94.2026.6.00.0000|68802;01/10/2026;06:00:34;2026;0601354-94.2026.6.00.0000;DF;DF;3;3;68802;03/08/2026;ANDRÉ MENDONÇA;Decisão;01/10/2026;06:01:26;2026;0601354-94.2026.6.00.0000;01/08/2026;22/08/2026;DF;3;DF;3;01/08/2026;S;Por sorteio;223256;ANDRÉ MENDONÇA;14;Ministro;120;MSCiv;MANDADO DE SEGURANÇA CÍVEL;11778;Requerimento;0;2;14/08/2026;Decisão;https://consultaunificadapje.tse.jus.br/#/public/resultado/0601354-94.2026.6.00.0000;2026-08-03;0;0;0
0600950-43.2026.6.00.0000|68863;01/10/2026;06:00:34;2026;0600950-43.2026.6.00.0000;DF;DF;3;3;68863;04/08/2026;ANDRÉ MENDONÇA;Decisão;01/10/2026;06:01:26;2026;0600950-43.2026.6.00.0000;03/06/2026;#NULO#;DF;3;DF;3;03/06/2026;S;Por sorteio;223256;ANDRÉ MENDONÇA;72;Juiz Auxiliar;11541;Rp;REPRESENTAÇÃO;11667;Propaganda Política - Propaganda Eleitoral - Extemporânea/Antecipada;0;1;04/08/2026;Decisão;https://consultaunificadapje.tse.jus.br/#/public/resultado/0600950-43.2026.6.00.0000;2026-08-04;1;0;1
0600955-65.2026.6.00.0000|67752;01/10/2026;06:00:34;2026;0600955-65.2026.6.00.0000;DF;DF;3;3;67752;04/08/2026;ANDRÉ MENDONÇA;Decisão;01/10/2026;06:01:26;2026;0600955-65.2026.6.00.0000;03/06/2026;#NULO#;DF;3;DF;3;03/06/2026;S;Por sorteio;223256;ANDRÉ MENDONÇA;72;Juiz Auxiliar;11541;Rp;REPRESENTAÇÃO;11667;Propaganda Política - Propaganda Eleitoral - Extemporânea/Antecipada;0;1;04/08/2026;Decisão;https://consultaunificadapje.tse.jus.br/#/public/resultado/0600955-65.2026.6.00.0000;2026-08-04;1;0;1
0600961-72.2026.6.00.0000|68113;01/10/2026;06:00:34;2026;0600961-72.2026.6.00.0000;DF;DF;3;3;68113;04/08/2026;ANDRÉ MENDONÇA;Decisão;01/10/2026;06:01:26;2026;0600961-72.2026.6.00.0000;04/06/2026;#NULO#;DF;3;DF;3;04/06/2026;S;Por sorteio;223256;ANDRÉ MENDONÇA;72;Juiz Auxiliar;11541;Rp;REPRESENTAÇÃO;11667;Propaganda Política - Propaganda Eleitoral - Extemporânea/Antecipada;0;2;11/09/2026;Acórdão;https://consultaunificadapje.tse.jus.br/#/public/resultado/0600961-72.2026.6.00.0000;2026-08-04;1;0;1
0601006-76.2026.6.00.0000|68107;01/10/2026;06:00:34;2026;0601006-76.2026.6.00.0000;DF;DF;3;3;68107;04/08/2026;ANDRÉ MENDONÇA;Decisão;01/10/2026;06:01:26;2026;0601006-76.2026.6.00.0000;14/06/2026;#NULO#;DF;3;DF;3;14/06/2026;S;Por sorteio;223256;ANDRÉ MENDONÇA;72;Juiz Auxiliar;11541;Rp;REPRESENTAÇÃO;11667;Propaganda Política - Propaganda Eleitoral - Extemporânea/Antecipada;0;2;19/08/2026;Acórdão;https://consultaunificadapje.tse.jus.br/#/public/resultado/0601006-76.2026.6.00.0000;2026-08-04;1;0;1
0601009-31.2026.6.00.0000|68865;01/10/2026;06:00:34;2026;0601009-31.2026.6.00.0000;DF;DF;3;3;68865;04/08/2026;ANDRÉ MENDONÇA;Decisão;01/10/2026;06:01:26;2026;0601009-31.2026.6.00.0000;14/06/2026;#NULO#;DF;3;DF;3;14/06/2026;S;Por sorteio;223256;ANDRÉ MENDONÇA;72;Juiz Auxiliar;11541;Rp;REPRESENTAÇÃO;11667;Propaganda Política - Propaganda Eleitoral - Extemporânea/Antecipada;0;2;19/08/2026;Acórdão;https://consultaunificadapje.tse.jus.br/#/public/resultado/0601009-31.2026.6.00.0000;2026-08-04;1;0;1
0601015-38.2026.6.00.0000|67751;01/10/2026;06:00:34;2026;0601015-38.2026.6.00.0000;DF;DF;3;3;67751;04/08/2026;ANDRÉ MENDONÇA;Decisão;01/10/2026;06:01:26;2026;0601015-38.2026.6.00.0000;15/06/2026;#NULO#;DF;3;DF;3;15/06/2026;S;Por sorteio;223256;ANDRÉ MENDONÇA;72;Juiz Auxiliar;11541;Rp;REPRESENTAÇÃO;11667;Propaganda Política - Propaganda Eleitoral - Extemporânea/Antecipada;0;2;26/08/2026;Acórdão;https://consultaunificadapje.tse.jus.br/#/public/resultado/0601015-38.2026.6.00.0000;2026-08-04;1;0;1
0601047-43.2026.6.00.0000|67744;01/10/2026;06:00:34;2026;0601047-43.2026.6.00.0000;DF;DF;3;3;67744;04/08/2026;ANDRÉ MENDONÇA;Decisão;01/10/2026;06:01:26;2026;0601047-43.2026.6.00.0000;18/06/2026;#NULO#;DF;3;DF;3;18/06/2026;S;Por sorteio;223256;ANDRÉ MENDONÇA;72;Juiz Auxiliar;11541;Rp;REPRESENTAÇÃO;11667;Propaganda Política - Propaganda Eleitoral - Extemporânea/Antecipada;0;2;19/08/2026;Acórdão;https://consultaunificadapje.tse.jus.br/#/public/resultado/0601047-43.2026.6.00.0000;2026-08-04;1;0;1
0601049-13.2026.6.00.0000|68864;01/10/2026;06:00:34;2026;0601049-13.2026.6.00.0000;DF;DF;3;3;68864;04/08/2026;ANDRÉ MENDONÇA;Decisão;01/10/2026;06:01:26;2026;0601049-13.2026.6.00.0000;18/06/2026;#NULO#;DF;3;DF;3;18/06/2026;S;Por sorteio;223256;ANDRÉ MENDONÇA;72;Juiz Auxiliar;11541;Rp;REPRESENTAÇÃO;11667;Propaganda Política - Propaganda Eleitoral - Extemporânea/Antecipada;0;2;19/08/2026;Acórdão;https://consultaunificadapje.tse.jus.br/#/public/resultado/0601049-13.2026.6.00.0000;2026-08-04;1;0;1
0601053-50.2026.6.00.0000|68429;01/10/2026;06:00:34;2026;0601053-50.2026.6.00.0000;DF;DF;3;3;68429;04/08/2026;ANDRÉ MENDONÇA;Decisão;01/10/2026;06:01:26;2026;0601053-50.2026.6.00.0000;18/06/2026;#NULO#;DF;3;DF;3;18/06/2026;S;Por sorteio;223256;ANDRÉ MENDONÇA;72;Juiz Auxiliar;11541;Rp;REPRESENTAÇÃO;11667;Propaganda Política - Propaganda Eleitoral - Extemporânea/Antecipada;0;1;04/08/2026;Decisão;https://consultaunificadapje.tse.jus.br/#/public/resultado/0601053-50.2026.6.00.0000;2026-08-04;1;0;1
0601070-86.2026.6.00.0000|68106;01/10/2026;06:00:34;2026;0601070-86.2026.6.00.0000;DF;DF;3;3;68106;04/08/2026;ANDRÉ MENDONÇA;Decisão;01/10/2026;06:01:26;2026;0601070-86.2026.6.00.0000;22/06/2026;#NULO#;DF;3;DF;3;22/06/2026;S;Por sorteio;223256;ANDRÉ MENDONÇA;72;Juiz Auxiliar;11541;Rp;REPRESENTAÇÃO;11667;Propaganda Política - Propaganda Eleitoral - Extemporânea/Antecipada;0;5;16/09/2026;Despacho;https://consultaunificadapje.tse.jus.br/#/public/resultado/0601070-86.2026.6.00.0000;2026-08-04;1;0;1
0601091-62.2026.6.00.0000|68867;01/10/2026;06:00:34;2026;0601091-62.2026.6.00.0000;DF;DF;3;3;68867;04/08/2026;ANDRÉ MENDONÇA;Decisão;01/10/2026;06:01:26;2026;0601091-62.2026.6.00.0000;24/06/2026;#NULO#;DF;3;DF;3;17/08/2026;S;Por sorteio;285510;ANTONIO CARLOS FERREIRA;11;Ministro;12134;TutCautAnt;TUTELA CAUTELAR ANTECEDENTE;11667;Propaganda Política - Propaganda Eleitoral - Extemporânea/Antecipada;0;4;19/09/2026;Decisão;https://consultaunificadapje.tse.jus.br/#/public/resultado/0601091-62.2026.6.00.0000;2026-08-04;1;0;1
0601093-32.2026.6.00.0000|68408;01/10/2026;06:00:34;2026;0601093-32.2026.6.00.0000;DF;DF;3;3;68408;04/08/2026;ANDRÉ MENDONÇA;Decisão;01/10/2026;06:01:26;2026;0601093-32.2026.6.00.0000;24/06/2026;#NULO#;DF;3;DF;3;24/06/2026;S;Por sorteio;223256;ANDRÉ MENDONÇA;72;Juiz Auxiliar;11541;Rp;REPRESENTAÇÃO;11667;Propaganda Política - Propaganda Eleitoral - Extemporânea/Antecipada;0;2;19/08/2026;Acórdão;https://consultaunificadapje.tse.jus.br/#/public/resultado/0601093-32.2026.6.00.0000;2026-08-04;1;0;1
0601095-02.2026.6.00.0000|67755;01/10/2026;06:00:34;2026;0601095-02.2026.6.00.0000;DF;DF;3;3;67755;04/08/2026;ANDRÉ MENDONÇA;Decisão;01/10/2026;06:01:26;2026;0601095-02.2026.6.00.0000;24/06/2026;#NULO#;DF;3;DF;3;24/06/2026;S;Por sorteio;223256;ANDRÉ MENDONÇA;72;Juiz Auxiliar;12630;RepEsp;REPRESENTAÇÃO ESPECIAL;12063;Conduta Vedada ao Agente Público;0;4;23/09/2026;Despacho;https://consultaunificadapje.tse.jus.br/#/public/resultado/0601095-02.2026.6.00.0000;2026-08-04;0;0;0
0601103-76.2026.6.00.0000|68430;01/10/2026;06:00:34;2026;0601103-76.2026.6.00.0000;DF;DF;3;3;68430;04/08/2026;ANDRÉ MENDONÇA;Decisão;01/10/2026;06:01:26;2026;0601103-76.2026.6.00.0000;26/06/2026;#NULO#;DF;3;DF;3;26/06/2026;S;Por sorteio;223256;ANDRÉ MENDONÇA;72;Juiz Auxiliar;11541;Rp;REPRESENTAÇÃO;15429;Propaganda Política - Propaganda Eleitoral - Uso de Inteligência Artificial;0;7;23/09/2026;Despacho;https://consultaunificadapje.tse.jus.br/#/public/resultado/0601103-76.2026.6.00.0000;2026-08-04;1;0;1
0601107-16.2026.6.00.0000|67753;01/10/2026;06:00:34;2026;0601107-16.2026.6.00.0000;DF;DF;3;3;67753;04/08/2026;ANDRÉ MENDONÇA;Decisão;01/10/2026;06:01:26;2026;0601107-16.2026.6.00.0000;29/06/2026;#NULO#;DF;3;DF;3;29/06/2026;S;Por sorteio;223256;ANDRÉ MENDONÇA;72;Juiz Auxiliar;11541;Rp;REPRESENTAÇÃO;11667;Propaganda Política - Propaganda Eleitoral - Extemporânea/Antecipada;0;4;01/09/2026;Despacho;https://consultaunificadapje.tse.jus.br/#/public/resultado/0601107-16.2026.6.00.0000;2026-08-04;1;0;1
0601325-44.2026.6.00.0000|67334;01/10/2026;06:00:34;2026;0601325-44.2026.6.00.0000;DF;DF;3;3;67334;04/08/2026;DIAS TOFFOLI;Decisão;01/10/2026;06:01:26;2026;0601325-44.2026.6.00.0000;27/07/2026;#NULO#;DF;3;DF;3;27/07/2026;S;Por sorteio;6276;DIAS TOFFOLI;3;Ministro;120;MSCiv;MANDADO DE SEGURANÇA CÍVEL;11765;Dissolução de Órgão de Direção Partidária;0;4;29/09/2026;Acórdão;https://consultaunificadapje.tse.jus.br/#/public/resultado/0601325-44.2026.6.00.0000;2026-08-04;0;0;0
0601352-27.2026.6.00.0000|68486;01/10/2026;06:00:34;2026;0601352-27.2026.6.00.0000;DF;DF;3;3;68486;04/08/2026;ANTONIO CARLOS FERREIRA;Decisão;01/10/2026;06:01:26;2026;0601352-27.2026.6.00.0000;01/08/2026;22/08/2026;DF;3;DF;3;01/08/2026;S;Por sorteio;285510;ANTONIO CARLOS FERREIRA;11;Ministro;120;MSCiv;MANDADO DE SEGURANÇA CÍVEL;11765;Dissolução de Órgão de Direção Partidária;0;3;13/08/2026;Decisão;https://consultaunificadapje.tse.jus.br/#/public/resultado/0601352-27.2026.6.00.0000;2026-08-04;0;0;0
0600140-78.2026.6.14.0000|68583;01/10/2026;06:00:34;2026;0600140-78.2026.6.14.0000;DF;PA;2;3;68583;05/08/2026;NUNES MARQUES;Acórdão;01/10/2026;06:01:26;2026;0600140-78.2026.6.14.0000;11/06/2026;25/08/2026;PA;2;DF;3;11/06/2026;S;Por sorteio;202679;NUNES MARQUES;78;Ministro;1298;PA;PROCESSO ADMINISTRATIVO;11563;Afastamento de Magistrado;1;2;05/08/2026;Acórdão;https://consultaunificadapje.tse.jus.br/#/public/resultado/0600140-78.2026.6.14.0000;2026-08-05;0;0;0
0600863-87.2026.6.00.0000|68584;01/10/2026;06:00:34;2026;0600863-87.2026.6.00.0000;DF;DF;3;3;68584;05/08/2026;NUNES MARQUES;Acórdão;01/10/2026;06:01:26;2026;0600863-87.2026.6.00.0000;18/05/2026;19/08/2026;DF;3;DF;3;18/05/2026;S;Por sorteio;202679;NUNES MARQUES;78;Ministro;1298;PA;PROCESSO ADMINISTRATIVO;11563;Afastamento de Magistrado;0;2;05/08/2026;Acórdão;https://consultaunificadapje.tse.jus.br/#/public/resultado/0600863-87.2026.6.00.0000;2026-08-05;0;0;0
0600928-82.2026.6.00.0000|68585;01/10/2026;06:00:34;2026;0600928-82.2026.6.00.0000;DF;DF;3;3;68585;05/08/2026;NUNES MARQUES;Acórdão;01/10/2026;06:01:26;2026;0600928-82.2026.6.00.0000;29/05/2026;19/08/2026;DF;3;DF;3;29/05/2026;S;Por sorteio;202679;NUNES MARQUES;78;Ministro;1298;PA;PROCESSO ADMINISTRATIVO;11563;Afastamento de Magistrado;0;2;05/08/2026;Acórdão;https://consultaunificadapje.tse.jus.br/#/public/resultado/0600928-82.2026.6.00.0000;2026-08-05;0;0;0
0601194-69.2026.6.00.0000|68582;01/10/2026;06:00:34;2026;0601194-69.2026.6.00.0000;DF;DF;3;3;68582;05/08/2026;NUNES MARQUES;Acórdão;01/10/2026;06:01:26;2026;0601194-69.2026.6.00.0000;01/07/2026;19/08/2026;DF;3;DF;3;01/07/2026;S;Por sorteio;202679;NUNES MARQUES;78;Ministro;1298;PA;PROCESSO ADMINISTRATIVO;11563;Afastamento de Magistrado;0;2;05/08/2026;Acórdão;https://consultaunificadapje.tse.jus.br/#/public/resultado/0601194-69.2026.6.00.0000;2026-08-05;0;0;0
0601257-94.2026.6.00.0000|68298;01/10/2026;06:00:34;2026;0601257-94.2026.6.00.0000;DF;DF;3;3;68298;05/08/2026;NUNES MARQUES;Decisão;01/10/2026;06:01:26;2026;0601257-94.2026.6.00.0000;14/07/2026;17/08/2026;DF;3;DF;3;14/07/2026;S;Por sorteio;202679;NUNES MARQUES;78;Ministro;241;PetCiv;PETIÇÃO CÍVEL;11778;Requerimento;0;1;05/08/2026;Decisão;https://consultaunificadapje.tse.jus.br/#/public/resultado/0601257-94.2026.6.00.0000;2026-08-05;0;0;0
0601365-26.2026.6.00.0000|67406;01/10/2026;06:00:34;2026;0601365-26.2026.6.00.0000;DF;DF;3;3;67406;05/08/2026;NUNES MARQUES;Decisão;01/10/2026;06:01:26;2026;0601365-26.2026.6.00.0000;03/08/2026;15/09/2026;DF;3;DF;3;03/08/2026;S;Por sorteio;202679;NUNES MARQUES;78;Ministro;12059;SS-El;SUSPENSÃO DE SEGURANÇA - ELEITORAL;60018;Mandado de Segurança;0;2;05/08/2026;Decisão;https://consultaunificadapje.tse.jus.br/#/public/resultado/0601365-26.2026.6.00.0000;2026-08-05;0;0;0
0601365-26.2026.6.00.0000|67407;01/10/2026;06:00:34;2026;0601365-26.2026.6.00.0000;DF;DF;3;3;67407;05/08/2026;NUNES MARQUES;Decisão;01/10/2026;06:01:26;2026;0601365-26.2026.6.00.0000;03/08/2026;15/09/2026;DF;3;DF;3;03/08/2026;S;Por sorteio;202679;NUNES MARQUES;78;Ministro;12059;SS-El;SUSPENSÃO DE SEGURANÇA - ELEITORAL;60018;Mandado de Segurança;0;2;05/08/2026;Decisão;https://consultaunificadapje.tse.jus.br/#/public/resultado/0601365-26.2026.6.00.0000;2026-08-05;0;0;0
0601395-61.2026.6.00.0000|68803;01/10/2026;06:00:34;2026;0601395-61.2026.6.00.0000;DF;DF;3;3;68803;07/08/2026;ANDRÉ MENDONÇA;Decisão;01/10/2026;06:01:26;2026;0601395-61.2026.6.00.0000;06/08/2026;02/09/2026;DF;3;DF;3;06/08/2026;S;Por sorteio;223256;ANDRÉ MENDONÇA;14;Ministro;241;PetCiv;PETIÇÃO CÍVEL;11778;Requerimento;0;2;24/08/2026;Decisão;https://consultaunificadapje.tse.jus.br/#/public/resultado/0601395-61.2026.6.00.0000;2026-08-07;0;0;0
0601296-91.2026.6.00.0000|68024;01/10/2026;06:00:34;2026;0601296-91.2026.6.00.0000;DF;DF;3;3;68024;10/08/2026;RICARDO VILLAS BÔAS CUEVA;Decisão;01/10/2026;06:01:26;2026;0601296-91.2026.6.00.0000;21/07/2026;#NULO#;DF;3;DF;3;21/07/2026;S;Por sorteio;301846;RICARDO VILLAS BÔAS CUEVA;4;Ministro;120;MSCiv;MANDADO DE SEGURANÇA CÍVEL;11765;Dissolução de Órgão de Direção Partidária;0;3;26/08/2026;Despacho;https://consultaunificadapje.tse.jus.br/#/public/resultado/0601296-91.2026.6.00.0000;2026-08-10;0;0;0
0601040-51.2026.6.00.0000|68295;01/10/2026;06:00:34;2026;0601040-51.2026.6.00.0000;DF;DF;3;3;68295;12/08/2026;NUNES MARQUES;Acórdão;01/10/2026;06:01:26;2026;0601040-51.2026.6.00.0000;18/06/2026;25/08/2026;DF;3;DF;3;18/06/2026;S;Por sorteio;202679;NUNES MARQUES;78;Ministro;1298;PA;PROCESSO ADMINISTRATIVO;11563;Afastamento de Magistrado;0;2;12/08/2026;Acórdão;https://consultaunificadapje.tse.jus.br/#/public/resultado/0601040-51.2026.6.00.0000;2026-08-12;0;0;0
0601367-93.2026.6.00.0000|67928;01/10/2026;06:00:34;2026;0601367-93.2026.6.00.0000;DF;DF;3;3;67928;12/08/2026;NUNES MARQUES;Decisão;01/10/2026;06:01:26;2026;0601367-93.2026.6.00.0000;04/08/2026;08/09/2026;DF;3;DF;3;04/08/2026;S;Por sorteio;202679;NUNES MARQUES;78;Ministro;241;PetCiv;PETIÇÃO CÍVEL;12362;Autorização de Divulgação de Publicidade Institucional;0;2;04/09/2026;Decisão;https://consultaunificadapje.tse.jus.br/#/public/resultado/0601367-93.2026.6.00.0000;2026-08-12;0;0;0
0600963-42.2026.6.00.0000|67389;01/10/2026;06:00:34;2026;0600963-42.2026.6.00.0000;DF;DF;3;3;67389;13/08/2026;NUNES MARQUES;Acórdão;01/10/2026;06:01:26;2026;0600963-42.2026.6.00.0000;05/06/2026;#NULO#;DF;3;DF;3;05/06/2026;S;Por sorteio;202679;NUNES MARQUES;60;Juíz Auxiliar;11541;Rp;REPRESENTAÇÃO;11667;Propaganda Política - Propaganda Eleitoral - Extemporânea/Antecipada;0;2;13/08/2026;Acórdão;https://consultaunificadapje.tse.jus.br/#/public/resultado/0600963-42.2026.6.00.0000;2026-08-13;1;0;1
0600979-93.2026.6.00.0000|68246;01/10/2026;06:00:34;2026;0600979-93.2026.6.00.0000;DF;DF;3;3;68246;13/08/2026;NUNES MARQUES;Acórdão;01/10/2026;06:01:26;2026;0600979-93.2026.6.00.0000;09/06/2026;#NULO#;DF;3;DF;3;09/06/2026;S;Por sorteio;202679;NUNES MARQUES;60;Juíz Auxiliar;11541;Rp;REPRESENTAÇÃO;11667;Propaganda Política - Propaganda Eleitoral - Extemporânea/Antecipada;0;2;13/08/2026;Acórdão;https://consultaunificadapje.tse.jus.br/#/public/resultado/0600979-93.2026.6.00.0000;2026-08-13;1;0;1
0600988-55.2026.6.00.0000|67388;01/10/2026;06:00:34;2026;0600988-55.2026.6.00.0000;DF;DF;3;3;67388;13/08/2026;NUNES MARQUES;Acórdão;01/10/2026;06:01:26;2026;0600988-55.2026.6.00.0000;10/06/2026;#NULO#;DF;3;DF;3;10/06/2026;S;Por sorteio;202679;NUNES MARQUES;60;Juíz Auxiliar;11541;Rp;REPRESENTAÇÃO;11667;Propaganda Política - Propaganda Eleitoral - Extemporânea/Antecipada;0;2;13/08/2026;Acórdão;https://consultaunificadapje.tse.jus.br/#/public/resultado/0600988-55.2026.6.00.0000;2026-08-13;1;0;1
0601195-54.2026.6.00.0000|68299;01/10/2026;06:00:34;2026;0601195-54.2026.6.00.0000;DF;DF;3;3;68299;13/08/2026;NUNES MARQUES;Acórdão;01/10/2026;06:01:26;2026;0601195-54.2026.6.00.0000;01/07/2026;30/08/2026;DF;3;DF;3;01/07/2026;S;Por sorteio;202679;NUNES MARQUES;78;Ministro;1298;PA;PROCESSO ADMINISTRATIVO;11563;Afastamento de Magistrado;0;2;13/08/2026;Acórdão;https://consultaunificadapje.tse.jus.br/#/public/resultado/0601195-54.2026.6.00.0000;2026-08-13;0;0;0
0601291-69.2026.6.00.0000|67332;01/10/2026;06:00:34;2026;0601291-69.2026.6.00.0000;DF;DF;3;3;67332;13/08/2026;DIAS TOFFOLI;Decisão;01/10/2026;06:01:26;2026;0601291-69.2026.6.00.0000;20/07/2026;22/08/2026;DF;3;DF;3;20/07/2026;PP;Por prevenção;6276;DIAS TOFFOLI;3;Ministro;120;MSCiv;MANDADO DE SEGURANÇA CÍVEL;12586;Filiação Partidária - Lista Especial;0;2;13/08/2026;Decisão;https://consultaunificadapje.tse.jus.br/#/public/resultado/0601291-69.2026.6.00.0000;2026-08-13;0;0;0
0601308-08.2026.6.00.0000|67333;01/10/2026;06:00:34;2026;0601308-08.2026.6.00.0000;DF;DF;3;3;67333;13/08/2026;DIAS TOFFOLI;Decisão;01/10/2026;06:01:26;2026;0601308-08.2026.6.00.0000;23/07/2026;#NULO#;DF;3;DF;3;23/07/2026;S;Por sorteio;6276;DIAS TOFFOLI;3;Ministro;120;MSCiv;MANDADO DE SEGURANÇA CÍVEL;11765;Dissolução de Órgão de Direção Partidária;0;2;13/08/2026;Decisão;https://consultaunificadapje.tse.jus.br/#/public/resultado/0601308-08.2026.6.00.0000;2026-08-13;0;0;0
0601352-27.2026.6.00.0000|68487;01/10/2026;06:00:34;2026;0601352-27.2026.6.00.0000;DF;DF;3;3;68487;13/08/2026;ANTONIO CARLOS FERREIRA;Decisão;01/10/2026;06:01:26;2026;0601352-27.2026.6.00.0000;01/08/2026;22/08/2026;DF;3;DF;3;01/08/2026;S;Por sorteio;285510;ANTONIO CARLOS FERREIRA;11;Ministro;120;MSCiv;MANDADO DE SEGURANÇA CÍVEL;11765;Dissolução de Órgão de Direção Partidária;0;3;13/08/2026;Decisão;https://consultaunificadapje.tse.jus.br/#/public/resultado/0601352-27.2026.6.00.0000;2026-08-13;0;0;0
0601412-97.2026.6.00.0000|68114;01/10/2026;06:00:34;2026;0601412-97.2026.6.00.0000;DF;DF;3;3;68114;13/08/2026;ANDRÉ MENDONÇA;Decisão;01/10/2026;06:01:26;2026;0601412-97.2026.6.00.0000;07/08/2026;#NULO#;DF;3;DF;3;07/08/2026;S;Por sorteio;223256;ANDRÉ MENDONÇA;72;Juiz Auxiliar;11541;Rp;REPRESENTAÇÃO;11667;Propaganda Política - Propaganda Eleitoral - Extemporânea/Antecipada;0;4;23/09/2026;Despacho;https://consultaunificadapje.tse.jus.br/#/public/resultado/0601412-97.2026.6.00.0000;2026-08-13;1;0;1
0601528-06.2026.6.00.0000|67410;01/10/2026;06:00:34;2026;0601528-06.2026.6.00.0000;DF;DF;3;3;67410;13/08/2026;NUNES MARQUES;Decisão;01/10/2026;06:01:26;2026;0601528-06.2026.6.00.0000;13/08/2026;#NULO#;DF;3;DF;3;13/08/2026;S;Por sorteio;202679;NUNES MARQUES;78;Ministro;241;PetCiv;PETIÇÃO CÍVEL;11758;Filiação Partidária - Exclusão;0;2;13/08/2026;Decisão;https://consultaunificadapje.tse.jus.br/#/public/resultado/0601528-06.2026.6.00.0000;2026-08-13;0;0;0
0601528-06.2026.6.00.0000|67412;01/10/2026;06:00:34;2026;0601528-06.2026.6.00.0000;DF;DF;3;3;67412;13/08/2026;NUNES MARQUES;Decisão;01/10/2026;06:01:26;2026;0601528-06.2026.6.00.0000;13/08/2026;#NULO#;DF;3;DF;3;13/08/2026;S;Por sorteio;202679;NUNES MARQUES;78;Ministro;241;PetCiv;PETIÇÃO CÍVEL;11758;Filiação Partidária - Exclusão;0;2;13/08/2026;Decisão;https://consultaunificadapje.tse.jus.br/#/public/resultado/0601528-06.2026.6.00.0000;2026-08-13;0;0;0
0600002-46.2026.6.20.0000|67682;01/10/2026;06:00:34;2026;0600002-46.2026.6.20.0000;DF;RN;2;3;67682;14/08/2026;ANDRÉ MENDONÇA;Decisão;01/10/2026;06:01:26;2026;0600002-46.2026.6.20.0000;29/05/2026;20/08/2026;RN;2;DF;3;29/05/2026;S;Por sorteio;223256;ANDRÉ MENDONÇA;14;Ministro;11549;REspEl;RECURSO ESPECIAL ELEITORAL;11651;Pesquisa Eleitoral - Registro de Pesquisa Eleitoral;1;1;14/08/2026;Decisão;https://consultaunificadapje.tse.jus.br/#/public/resultado/0600002-46.2026.6.20.0000;2026-08-14;0;0;0
0600975-56.2026.6.00.0000|67411;01/10/2026;06:00:34;2026;0600975-56.2026.6.00.0000;DF;DF;3;3;67411;14/08/2026;NUNES MARQUES;Acórdão;01/10/2026;06:01:26;2026;0600975-56.2026.6.00.0000;09/06/2026;19/08/2026;DF;3;DF;3;09/06/2026;S;Por sorteio;202679;NUNES MARQUES;78;Ministro;1298;PA;PROCESSO ADMINISTRATIVO;11563;Afastamento de Magistrado;0;2;14/08/2026;Acórdão;https://consultaunificadapje.tse.jus.br/#/public/resultado/0600975-56.2026.6.00.0000;2026-08-14;0;0;0
0601267-41.2026.6.00.0000|68029;01/10/2026;06:00:34;2026;0601267-41.2026.6.00.0000;DF;DF;3;3;68029;14/08/2026;RICARDO VILLAS BÔAS CUEVA;Acórdão;01/10/2026;06:01:26;2026;0601267-41.2026.6.00.0000;16/07/2026;02/09/2026;DF;3;DF;3;16/07/2026;S;Por sorteio;301846;RICARDO VILLAS BÔAS CUEVA;4;Ministro;12134;TutCautAnt;TUTELA CAUTELAR ANTECEDENTE;11565;Lista Tríplice;0;2;14/08/2026;Acórdão;https://consultaunificadapje.tse.jus.br/#/public/resultado/0601267-41.2026.6.00.0000;2026-08-14;0;0;0
0601339-28.2026.6.00.0000|68613;01/10/2026;06:00:34;2026;0601339-28.2026.6.00.0000;DF;DF;3;3;68613;14/08/2026;ANTONIO CARLOS FERREIRA;Decisão;01/10/2026;06:01:26;2026;0601339-28.2026.6.00.0000;29/07/2026;#NULO#;DF;3;DF;3;29/07/2026;S;Por sorteio;285510;ANTONIO CARLOS FERREIRA;42;Ministro;11527;AIJE;AÇÃO DE INVESTIGAÇÃO JUDICIAL ELEITORAL;11719;Abuso - De Poder Político/Autoridade;0;4;08/09/2026;Despacho;https://consultaunificadapje.tse.jus.br/#/public/resultado/0601339-28.2026.6.00.0000;2026-08-14;0;0;0
0601354-94.2026.6.00.0000|68799;01/10/2026;06:00:34;2026;0601354-94.2026.6.00.0000;DF;DF;3;3;68799;14/08/2026;ANDRÉ MENDONÇA;Decisão;01/10/2026;06:01:26;2026;0601354-94.2026.6.00.0000;01/08/2026;22/08/2026;DF;3;DF;3;01/08/2026;S;Por sorteio;223256;ANDRÉ MENDONÇA;14;Ministro;120;MSCiv;MANDADO DE SEGURANÇA CÍVEL;11778;Requerimento;0;2;14/08/2026;Decisão;https://consultaunificadapje.tse.jus.br/#/public/resultado/0601354-94.2026.6.00.0000;2026-08-14;0;0;0
0601421-59.2026.6.00.0000|68587;01/10/2026;06:00:34;2026;0601421-59.2026.6.00.0000;DF;DF;3;3;68587;14/08/2026;NUNES MARQUES;Decisão;01/10/2026;06:01:26;2026;0601421-59.2026.6.00.0000;07/08/2026;#NULO#;DF;3;DF;3;08/08/2026;S;Por sorteio;202679;NUNES MARQUES;78;Ministro;12375;Rcl;RECLAMAÇÃO;11561;Garantia de Autoridade de Decisão do Tribunal;0;2;26/08/2026;Decisão;https://consultaunificadapje.tse.jus.br/#/public/resultado/0601421-59.2026.6.00.0000;2026-08-14;0;0;0
0601467-48.2026.6.00.0000|68417;01/10/2026;06:00:34;2026;0601467-48.2026.6.00.0000;DF;DF;3;3;68417;14/08/2026;ANDRÉ MENDONÇA;Decisão;01/10/2026;06:01:26;2026;0601467-48.2026.6.00.0000;12/08/2026;#NULO#;DF;3;DF;3;12/08/2026;S;Por sorteio;223256;ANDRÉ MENDONÇA;14;Ministro;120;MSCiv;MANDADO DE SEGURANÇA CÍVEL;11778;Requerimento;0;2;24/08/2026;Despacho;https://consultaunificadapje.tse.jus.br/#/public/resultado/0601467-48.2026.6.00.0000;2026-08-14;0;0;0
0601527-21.2026.6.00.0000|68790;01/10/2026;06:00:34;2026;0601527-21.2026.6.00.0000;DF;DF;3;3;68790;14/08/2026;RICARDO VILLAS BÔAS CUEVA;Decisão;01/10/2026;06:01:26;2026;0601527-21.2026.6.00.0000;13/08/2026;29/09/2026;DF;3;DF;3;13/08/2026;S;Por sorteio;301846;RICARDO VILLAS BÔAS CUEVA;4;Ministro;120;MSCiv;MANDADO DE SEGURANÇA CÍVEL;15586;Anulação de Convenção Partidária;0;4;18/09/2026;Acórdão;https://consultaunificadapje.tse.jus.br/#/public/resultado/0601527-21.2026.6.00.0000;2026-08-14;0;0;0
0601539-35.2026.6.00.0000|67798;01/10/2026;06:00:34;2026;0601539-35.2026.6.00.0000;DF;DF;3;3;67798;14/08/2026;ANTONIO CARLOS FERREIRA;Decisão;01/10/2026;06:01:26;2026;0601539-35.2026.6.00.0000;13/08/2026;#NULO#;DF;3;DF;3;29/09/2026;S;Por sorteio;349772;SEBASTIÃO REIS JUNIOR;11;Ministro;120;MSCiv;MANDADO DE SEGURANÇA CÍVEL;11778;Requerimento;0;2;08/09/2026;Despacho;https://consultaunificadapje.tse.jus.br/#/public/resultado/0601539-35.2026.6.00.0000;2026-08-14;0;0;0
0601582-69.2026.6.00.0000|67828;01/10/2026;06:00:34;2026;0601582-69.2026.6.00.0000;DF;DF;3;3;67828;16/08/2026;DIAS TOFFOLI;Decisão;01/10/2026;06:01:26;2026;0601582-69.2026.6.00.0000;15/08/2026;24/08/2026;DF;3;DF;3;15/08/2026;S;Por sorteio;6276;DIAS TOFFOLI;3;Ministro;120;MSCiv;MANDADO DE SEGURANÇA CÍVEL;12392;Inelegibilidade - Renúncia a cargo político na pendência de representação ou petição que possa levar a outra causa de inelegibilidade;0;1;16/08/2026;Decisão;https://consultaunificadapje.tse.jus.br/#/public/resultado/0601582-69.2026.6.00.0000;2026-08-16;0;0;0
0601048-28.2026.6.00.0000|68433;01/10/2026;06:00:34;2026;0601048-28.2026.6.00.0000;DF;DF;3;3;68433;17/08/2026;ANDRÉ MENDONÇA;Decisão;01/10/2026;06:01:26;2026;0601048-28.2026.6.00.0000;18/06/2026;#NULO#;DF;3;DF;3;19/06/2026;S;Por sorteio;223256;ANDRÉ MENDONÇA;72;Juiz Auxiliar;11541;Rp;REPRESENTAÇÃO;11667;Propaganda Política - Propaganda Eleitoral - Extemporânea/Antecipada;0;1;17/08/2026;Decisão;https://consultaunificadapje.tse.jus.br/#/public/resultado/0601048-28.2026.6.00.0000;2026-08-17;1;0;1
0601107-16.2026.6.00.0000|67745;01/10/2026;06:00:34;2026;0601107-16.2026.6.00.0000;DF;DF;3;3;67745;17/08/2026;ANDRÉ MENDONÇA;Acórdão;01/10/2026;06:01:26;2026;0601107-16.2026.6.00.0000;29/06/2026;#NULO#;DF;3;DF;3;29/06/2026;S;Por sorteio;223256;ANDRÉ MENDONÇA;72;Juiz Auxiliar;11541;Rp;REPRESENTAÇÃO;11667;Propaganda Política - Propaganda Eleitoral - Extemporânea/Antecipada;0;4;01/09/2026;Despacho;https://consultaunificadapje.tse.jus.br/#/public/resultado/0601107-16.2026.6.00.0000;2026-08-17;1;0;1
0601181-70.2026.6.00.0000|68093;01/10/2026;06:00:34;2026;0601181-70.2026.6.00.0000;DF;DF;3;3;68093;17/08/2026;ANDRÉ MENDONÇA;Decisão;01/10/2026;06:01:26;2026;0601181-70.2026.6.00.0000;01/07/2026;#NULO#;DF;3;DF;3;01/07/2026;S;Por sorteio;223256;ANDRÉ MENDONÇA;72;Juiz Auxiliar;11541;Rp;REPRESENTAÇÃO;11667;Propaganda Política - Propaganda Eleitoral - Extemporânea/Antecipada;0;2;11/09/2026;Acórdão;https://consultaunificadapje.tse.jus.br/#/public/resultado/0601181-70.2026.6.00.0000;2026-08-17;1;0;1
0601274-33.2026.6.00.0000|68856;01/10/2026;06:00:34;2026;0601274-33.2026.6.00.0000;DF;DF;3;3;68856;17/08/2026;ANDRÉ MENDONÇA;Decisão;01/10/2026;06:01:26;2026;0601274-33.2026.6.00.0000;16/07/2026;#NULO#;DF;3;DF;3;16/07/2026;S;Por sorteio;223256;ANDRÉ MENDONÇA;72;Juiz Auxiliar;12630;RepEsp;REPRESENTAÇÃO ESPECIAL;12063;Conduta Vedada ao Agente Público;0;4;11/09/2026;Acórdão;https://consultaunificadapje.tse.jus.br/#/public/resultado/0601274-33.2026.6.00.0000;2026-08-17;0;0;0
0601344-50.2026.6.00.0000|68092;01/10/2026;06:00:34;2026;0601344-50.2026.6.00.0000;DF;DF;3;3;68092;17/08/2026;ANDRÉ MENDONÇA;Decisão;01/10/2026;06:01:26;2026;0601344-50.2026.6.00.0000;30/07/2026;#NULO#;DF;3;DF;3;30/07/2026;S;Por sorteio;223256;ANDRÉ MENDONÇA;72;Juiz Auxiliar;11541;Rp;REPRESENTAÇÃO;11667;Propaganda Política - Propaganda Eleitoral - Extemporânea/Antecipada;0;3;10/09/2026;Acórdão;https://consultaunificadapje.tse.jus.br/#/public/resultado/0601344-50.2026.6.00.0000;2026-08-17;1;0;1
0601357-49.2026.6.00.0000|68111;01/10/2026;06:00:34;2026;0601357-49.2026.6.00.0000;DF;DF;3;3;68111;17/08/2026;ANDRÉ MENDONÇA;Decisão;01/10/2026;06:01:26;2026;0601357-49.2026.6.00.0000;01/08/2026;#NULO#;DF;3;DF;3;01/08/2026;S;Por sorteio;223256;ANDRÉ MENDONÇA;72;Juiz Auxiliar;11541;Rp;REPRESENTAÇÃO;11667;Propaganda Política - Propaganda Eleitoral - Extemporânea/Antecipada;0;2;16/09/2026;Acórdão;https://consultaunificadapje.tse.jus.br/#/public/resultado/0601357-49.2026.6.00.0000;2026-08-17;1;0;1
0601364-41.2026.6.00.0000|68112;01/10/2026;06:00:34;2026;0601364-41.2026.6.00.0000;DF;DF;3;3;68112;17/08/2026;ANDRÉ MENDONÇA;Decisão;01/10/2026;06:01:26;2026;0601364-41.2026.6.00.0000;03/08/2026;#NULO#;DF;3;DF;3;03/08/2026;S;Por sorteio;223256;ANDRÉ MENDONÇA;72;Juiz Auxiliar;11541;Rp;REPRESENTAÇÃO;15429;Propaganda Política - Propaganda Eleitoral - Uso de Inteligência Artificial;0;2;12/09/2026;Acórdão;https://consultaunificadapje.tse.jus.br/#/public/resultado/0601364-41.2026.6.00.0000;2026-08-17;1;0;1
0601428-51.2026.6.00.0000|68853;01/10/2026;06:00:34;2026;0601428-51.2026.6.00.0000;DF;DF;3;3;68853;17/08/2026;ANDRÉ MENDONÇA;Decisão;01/10/2026;06:01:26;2026;0601428-51.2026.6.00.0000;09/08/2026;#NULO#;DF;3;DF;3;09/08/2026;S;Por sorteio;223256;ANDRÉ MENDONÇA;72;Juiz Auxiliar;11541;Rp;REPRESENTAÇÃO;11667;Propaganda Política - Propaganda Eleitoral - Extemporânea/Antecipada;0;2;11/09/2026;Acórdão;https://consultaunificadapje.tse.jus.br/#/public/resultado/0601428-51.2026.6.00.0000;2026-08-17;1;0;1
0601447-57.2026.6.00.0000|68854;01/10/2026;06:00:34;2026;0601447-57.2026.6.00.0000;DF;DF;3;3;68854;17/08/2026;ANDRÉ MENDONÇA;Decisão;01/10/2026;06:01:26;2026;0601447-57.2026.6.00.0000;11/08/2026;#NULO#;DF;3;DF;3;11/08/2026;S;Por sorteio;223256;ANDRÉ MENDONÇA;72;Juiz Auxiliar;11541;Rp;REPRESENTAÇÃO;11667;Propaganda Política - Propaganda Eleitoral - Extemporânea/Antecipada;0;5;12/09/2026;Acórdão;https://consultaunificadapje.tse.jus.br/#/public/resultado/0601447-57.2026.6.00.0000;2026-08-17;1;0;1
0601527-21.2026.6.00.0000|68784;01/10/2026;06:00:34;2026;0601527-21.2026.6.00.0000;DF;DF;3;3;68784;18/08/2026;RICARDO VILLAS BÔAS CUEVA;Decisão;01/10/2026;06:01:26;2026;0601527-21.2026.6.00.0000;13/08/2026;29/09/2026;DF;3;DF;3;13/08/2026;S;Por sorteio;301846;RICARDO VILLAS BÔAS CUEVA;4;Ministro;120;MSCiv;MANDADO DE SEGURANÇA CÍVEL;15586;Anulação de Convenção Partidária;0;4;18/09/2026;Acórdão;https://consultaunificadapje.tse.jus.br/#/public/resultado/0601527-21.2026.6.00.0000;2026-08-18;0;0;0
0601580-02.2026.6.00.0000|68026;01/10/2026;06:00:34;2026;0601580-02.2026.6.00.0000;DF;DF;3;3;68026;18/08/2026;RICARDO VILLAS BÔAS CUEVA;Decisão;01/10/2026;06:01:26;2026;0601580-02.2026.6.00.0000;15/08/2026;27/08/2026;DF;3;DF;3;15/08/2026;S;Por sorteio;301846;RICARDO VILLAS BÔAS CUEVA;4;Ministro;120;MSCiv;MANDADO DE SEGURANÇA CÍVEL;11778;Requerimento;0;1;18/08/2026;Decisão;https://consultaunificadapje.tse.jus.br/#/public/resultado/0601580-02.2026.6.00.0000;2026-08-18;0;0;0
0600974-71.2026.6.00.0000|68282;01/10/2026;06:00:34;2026;0600974-71.2026.6.00.0000;DF;DF;3;3;68282;19/08/2026;NUNES MARQUES;Decisão;01/10/2026;06:01:26;2026;0600974-71.2026.6.00.0000;09/06/2026;31/08/2026;DF;3;DF;3;09/06/2026;S;Por sorteio;202679;NUNES MARQUES;78;Ministro;241;PetCiv;PETIÇÃO CÍVEL;15591;Fundo Especial de Financiamento de Campanha (FEFC);0;1;19/08/2026;Decisão;https://consultaunificadapje.tse.jus.br/#/public/resultado/0600974-71.2026.6.00.0000;2026-08-19;0;0;0
0601006-76.2026.6.00.0000|68081;01/10/2026;06:00:34;2026;0601006-76.2026.6.00.0000;DF;DF;3;3;68081;19/08/2026;ANDRÉ MENDONÇA;Acórdão;01/10/2026;06:01:26;2026;0601006-76.2026.6.00.0000;14/06/2026;#NULO#;DF;3;DF;3;14/06/2026;S;Por sorteio;223256;ANDRÉ MENDONÇA;72;Juiz Auxiliar;11541;Rp;REPRESENTAÇÃO;11667;Propaganda Política - Propaganda Eleitoral - Extemporânea/Antecipada;0;2;19/08/2026;Acórdão;https://consultaunificadapje.tse.jus.br/#/public/resultado/0601006-76.2026.6.00.0000;2026-08-19;1;0;1
0601009-31.2026.6.00.0000|68836;01/10/2026;06:00:34;2026;0601009-31.2026.6.00.0000;DF;DF;3;3;68836;19/08/2026;ANDRÉ MENDONÇA;Acórdão;01/10/2026;06:01:26;2026;0601009-31.2026.6.00.0000;14/06/2026;#NULO#;DF;3;DF;3;14/06/2026;S;Por sorteio;223256;ANDRÉ MENDONÇA;72;Juiz Auxiliar;11541;Rp;REPRESENTAÇÃO;11667;Propaganda Política - Propaganda Eleitoral - Extemporânea/Antecipada;0;2;19/08/2026;Acórdão;https://consultaunificadapje.tse.jus.br/#/public/resultado/0601009-31.2026.6.00.0000;2026-08-19;1;0;1
0601047-43.2026.6.00.0000|67732;01/10/2026;06:00:34;2026;0601047-43.2026.6.00.0000;DF;DF;3;3;67732;19/08/2026;ANDRÉ MENDONÇA;Acórdão;01/10/2026;06:01:26;2026;0601047-43.2026.6.00.0000;18/06/2026;#NULO#;DF;3;DF;3;18/06/2026;S;Por sorteio;223256;ANDRÉ MENDONÇA;72;Juiz Auxiliar;11541;Rp;REPRESENTAÇÃO;11667;Propaganda Política - Propaganda Eleitoral - Extemporânea/Antecipada;0;2;19/08/2026;Acórdão;https://consultaunificadapje.tse.jus.br/#/public/resultado/0601047-43.2026.6.00.0000;2026-08-19;1;0;1
0601049-13.2026.6.00.0000|68837;01/10/2026;06:00:34;2026;0601049-13.2026.6.00.0000;DF;DF;3;3;68837;19/08/2026;ANDRÉ MENDONÇA;Acórdão;01/10/2026;06:01:26;2026;0601049-13.2026.6.00.0000;18/06/2026;#NULO#;DF;3;DF;3;18/06/2026;S;Por sorteio;223256;ANDRÉ MENDONÇA;72;Juiz Auxiliar;11541;Rp;REPRESENTAÇÃO;11667;Propaganda Política - Propaganda Eleitoral - Extemporânea/Antecipada;0;2;19/08/2026;Acórdão;https://consultaunificadapje.tse.jus.br/#/public/resultado/0601049-13.2026.6.00.0000;2026-08-19;1;0;1
0601093-32.2026.6.00.0000|68398;01/10/2026;06:00:34;2026;0601093-32.2026.6.00.0000;DF;DF;3;3;68398;19/08/2026;ANDRÉ MENDONÇA;Acórdão;01/10/2026;06:01:26;2026;0601093-32.2026.6.00.0000;24/06/2026;#NULO#;DF;3;DF;3;24/06/2026;S;Por sorteio;223256;ANDRÉ MENDONÇA;72;Juiz Auxiliar;11541;Rp;REPRESENTAÇÃO;11667;Propaganda Política - Propaganda Eleitoral - Extemporânea/Antecipada;0;2;19/08/2026;Acórdão;https://consultaunificadapje.tse.jus.br/#/public/resultado/0601093-32.2026.6.00.0000;2026-08-19;1;0;1
0601183-40.2026.6.00.0000|67912;01/10/2026;06:00:34;2026;0601183-40.2026.6.00.0000;DF;DF;3;3;67912;19/08/2026;NUNES MARQUES;Decisão;01/10/2026;06:01:26;2026;0601183-40.2026.6.00.0000;01/07/2026;31/08/2026;DF;3;DF;3;01/07/2026;S;Por sorteio;202679;NUNES MARQUES;78;Ministro;241;PetCiv;PETIÇÃO CÍVEL;11768;Partido Político - Órgão de Direção Nacional;0;1;19/08/2026;Decisão;https://consultaunificadapje.tse.jus.br/#/public/resultado/0601183-40.2026.6.00.0000;2026-08-19;0;0;0
0601201-61.2026.6.00.0000|68572;01/10/2026;06:00:34;2026;0601201-61.2026.6.00.0000;DF;DF;3;3;68572;19/08/2026;NUNES MARQUES;Decisão;01/10/2026;06:01:26;2026;0601201-61.2026.6.00.0000;02/07/2026;31/08/2026;DF;3;DF;3;02/07/2026;S;Por sorteio;202679;NUNES MARQUES;78;Ministro;241;PetCiv;PETIÇÃO CÍVEL;11768;Partido Político - Órgão de Direção Nacional;0;1;19/08/2026;Decisão;https://consultaunificadapje.tse.jus.br/#/public/resultado/0601201-61.2026.6.00.0000;2026-08-19;0;0;0
0601228-44.2026.6.00.0000|68574;01/10/2026;06:00:34;2026;0601228-44.2026.6.00.0000;DF;DF;3;3;68574;19/08/2026;NUNES MARQUES;Decisão;01/10/2026;06:01:26;2026;0601228-44.2026.6.00.0000;07/07/2026;31/08/2026;DF;3;DF;3;07/07/2026;S;Por sorteio;202679;NUNES MARQUES;78;Ministro;241;PetCiv;PETIÇÃO CÍVEL;11778;Requerimento;0;1;19/08/2026;Decisão;https://consultaunificadapje.tse.jus.br/#/public/resultado/0601228-44.2026.6.00.0000;2026-08-19;0;0;0
0601256-12.2026.6.00.0000|67917;01/10/2026;06:00:34;2026;0601256-12.2026.6.00.0000;DF;DF;3;3;67917;19/08/2026;NUNES MARQUES;Decisão;01/10/2026;06:01:26;2026;0601256-12.2026.6.00.0000;14/07/2026;31/08/2026;DF;3;DF;3;14/07/2026;S;Por sorteio;202679;NUNES MARQUES;78;Ministro;241;PetCiv;PETIÇÃO CÍVEL;11768;Partido Político - Órgão de Direção Nacional;0;1;19/08/2026;Decisão;https://consultaunificadapje.tse.jus.br/#/public/resultado/0601256-12.2026.6.00.0000;2026-08-19;0;0;0
0601282-10.2026.6.00.0000|68285;01/10/2026;06:00:34;2026;0601282-10.2026.6.00.0000;DF;DF;3;3;68285;19/08/2026;NUNES MARQUES;Decisão;01/10/2026;06:01:26;2026;0601282-10.2026.6.00.0000;17/07/2026;31/08/2026;DF;3;DF;3;17/07/2026;S;Por sorteio;202679;NUNES MARQUES;78;Ministro;241;PetCiv;PETIÇÃO CÍVEL;11768;Partido Político - Órgão de Direção Nacional;0;2;19/08/2026;Decisão;https://consultaunificadapje.tse.jus.br/#/public/resultado/0601282-10.2026.6.00.0000;2026-08-19;0;0;0
0601289-02.2026.6.00.0000|67397;01/10/2026;06:00:34;2026;0601289-02.2026.6.00.0000;DF;DF;3;3;67397;19/08/2026;NUNES MARQUES;Decisão;01/10/2026;06:01:26;2026;0601289-02.2026.6.00.0000;20/07/2026;31/08/2026;DF;3;DF;3;20/07/2026;S;Por sorteio;202679;NUNES MARQUES;78;Ministro;241;PetCiv;PETIÇÃO CÍVEL;11778;Requerimento;0;1;19/08/2026;Decisão;https://consultaunificadapje.tse.jus.br/#/public/resultado/0601289-02.2026.6.00.0000;2026-08-19;0;0;0
0601294-24.2026.6.00.0000|68281;01/10/2026;06:00:34;2026;0601294-24.2026.6.00.0000;DF;DF;3;3;68281;19/08/2026;NUNES MARQUES;Decisão;01/10/2026;06:01:26;2026;0601294-24.2026.6.00.0000;21/07/2026;31/08/2026;DF;3;DF;3;21/07/2026;S;Por sorteio;202679;NUNES MARQUES;78;Ministro;241;PetCiv;PETIÇÃO CÍVEL;11778;Requerimento;0;1;19/08/2026;Decisão;https://consultaunificadapje.tse.jus.br/#/public/resultado/0601294-24.2026.6.00.0000;2026-08-19;0;0;0
0601295-09.2026.6.00.0000|67913;01/10/2026;06:00:34;2026;0601295-09.2026.6.00.0000;DF;DF;3;3;67913;19/08/2026;NUNES MARQUES;Decisão;01/10/2026;06:01:26;2026;0601295-09.2026.6.00.0000;21/07/2026;27/08/2026;DF;3;DF;3;22/07/2026;S;Por sorteio;202679;NUNES MARQUES;78;Ministro;241;PetCiv;PETIÇÃO CÍVEL;11778;Requerimento;0;1;19/08/2026;Decisão;https://consultaunificadapje.tse.jus.br/#/public/resultado/0601295-09.2026.6.00.0000;2026-08-19;0;0;0
0601298-61.2026.6.00.0000|68284;01/10/2026;06:00:34;2026;0601298-61.2026.6.00.0000;DF;DF;3;3;68284;19/08/2026;NUNES MARQUES;Decisão;01/10/2026;06:01:26;2026;0601298-61.2026.6.00.0000;22/07/2026;31/08/2026;DF;3;DF;3;22/07/2026;S;Por sorteio;202679;NUNES MARQUES;78;Ministro;241;PetCiv;PETIÇÃO CÍVEL;11778;Requerimento;0;2;19/08/2026;Decisão;https://consultaunificadapje.tse.jus.br/#/public/resultado/0601298-61.2026.6.00.0000;2026-08-19;0;0;0
0601313-30.2026.6.00.0000|67398;01/10/2026;06:00:34;2026;0601313-30.2026.6.00.0000;DF;DF;3;3;67398;19/08/2026;NUNES MARQUES;Decisão;01/10/2026;06:01:26;2026;0601313-30.2026.6.00.0000;24/07/2026;31/08/2026;DF;3;DF;3;24/07/2026;S;Por sorteio;202679;NUNES MARQUES;78;Ministro;241;PetCiv;PETIÇÃO CÍVEL;11778;Requerimento;0;1;19/08/2026;Decisão;https://consultaunificadapje.tse.jus.br/#/public/resultado/0601313-30.2026.6.00.0000;2026-08-19;0;0;0
0601317-67.2026.6.00.0000|68283;01/10/2026;06:00:34;2026;0601317-67.2026.6.00.0000;DF;DF;3;3;68283;19/08/2026;NUNES MARQUES;Decisão;01/10/2026;06:01:26;2026;0601317-67.2026.6.00.0000;27/07/2026;31/08/2026;DF;3;DF;3;27/07/2026;S;Por sorteio;202679;NUNES MARQUES;78;Ministro;241;PetCiv;PETIÇÃO CÍVEL;11768;Partido Político - Órgão de Direção Nacional;0;1;19/08/2026;Decisão;https://consultaunificadapje.tse.jus.br/#/public/resultado/0601317-67.2026.6.00.0000;2026-08-19;0;0;0
0601331-51.2026.6.00.0000|68573;01/10/2026;06:00:34;2026;0601331-51.2026.6.00.0000;DF;DF;3;3;68573;19/08/2026;NUNES MARQUES;Decisão;01/10/2026;06:01:26;2026;0601331-51.2026.6.00.0000;28/07/2026;31/08/2026;DF;3;DF;3;28/07/2026;S;Por sorteio;202679;NUNES MARQUES;78;Ministro;241;PetCiv;PETIÇÃO CÍVEL;11778;Requerimento;0;1;19/08/2026;Decisão;https://consultaunificadapje.tse.jus.br/#/public/resultado/0601331-51.2026.6.00.0000;2026-08-19;0;0;0
0601348-87.2026.6.00.0000|67915;01/10/2026;06:00:34;2026;0601348-87.2026.6.00.0000;DF;DF;3;3;67915;19/08/2026;NUNES MARQUES;Decisão;01/10/2026;06:01:26;2026;0601348-87.2026.6.00.0000;31/07/2026;31/08/2026;DF;3;DF;3;31/07/2026;S;Por sorteio;202679;NUNES MARQUES;78;Ministro;241;PetCiv;PETIÇÃO CÍVEL;11778;Requerimento;0;1;19/08/2026;Decisão;https://consultaunificadapje.tse.jus.br/#/public/resultado/0601348-87.2026.6.00.0000;2026-08-19;0;0;0
0601530-73.2026.6.00.0000|68080;01/10/2026;06:00:34;2026;0601530-73.2026.6.00.0000;DF;DF;3;3;68080;19/08/2026;ANDRÉ MENDONÇA;Decisão;01/10/2026;06:01:26;2026;0601530-73.2026.6.00.0000;13/08/2026;#NULO#;DF;3;DF;3;13/08/2026;S;Por sorteio;223256;ANDRÉ MENDONÇA;72;Juiz Auxiliar;11541;Rp;REPRESENTAÇÃO;11651;Pesquisa Eleitoral - Registro de Pesquisa Eleitoral;0;2;12/09/2026;Acórdão;https://consultaunificadapje.tse.jus.br/#/public/resultado/0601530-73.2026.6.00.0000;2026-08-19;0;0;0
0601543-72.2026.6.00.0000|68835;01/10/2026;06:00:34;2026;0601543-72.2026.6.00.0000;DF;DF;3;3;68835;19/08/2026;ANDRÉ MENDONÇA;Decisão;01/10/2026;06:01:26;2026;0601543-72.2026.6.00.0000;14/08/2026;#NULO#;DF;3;DF;3;14/08/2026;S;Por sorteio;223256;ANDRÉ MENDONÇA;72;Juiz Auxiliar;11541;Rp;REPRESENTAÇÃO;11651;Pesquisa Eleitoral - Registro de Pesquisa Eleitoral;0;2;16/09/2026;Acórdão;https://consultaunificadapje.tse.jus.br/#/public/resultado/0601543-72.2026.6.00.0000;2026-08-19;0;0;0
0601555-86.2026.6.00.0000|67914;01/10/2026;06:00:34;2026;0601555-86.2026.6.00.0000;DF;DF;3;3;67914;19/08/2026;NUNES MARQUES;Decisão;01/10/2026;06:01:26;2026;0601555-86.2026.6.00.0000;14/08/2026;27/08/2026;DF;3;DF;3;14/08/2026;S;Por sorteio;202679;NUNES MARQUES;78;Ministro;241;PetCiv;PETIÇÃO CÍVEL;12362;Autorização de Divulgação de Publicidade Institucional;0;1;19/08/2026;Decisão;https://consultaunificadapje.tse.jus.br/#/public/resultado/0601555-86.2026.6.00.0000;2026-08-19;0;0;0
0601596-53.2026.6.00.0000|68834;01/10/2026;06:00:34;2026;0601596-53.2026.6.00.0000;DF;DF;3;3;68834;19/08/2026;ANDRÉ MENDONÇA;Decisão;01/10/2026;06:01:26;2026;0601596-53.2026.6.00.0000;17/08/2026;#NULO#;DF;3;DF;3;17/08/2026;S;Por sorteio;223256;ANDRÉ MENDONÇA;72;Juiz Auxiliar;11541;Rp;REPRESENTAÇÃO;11651;Pesquisa Eleitoral - Registro de Pesquisa Eleitoral;0;2;16/09/2026;Acórdão;https://consultaunificadapje.tse.jus.br/#/public/resultado/0601596-53.2026.6.00.0000;2026-08-19;0;0;0
0601598-23.2026.6.00.0000|67733;01/10/2026;06:00:34;2026;0601598-23.2026.6.00.0000;DF;DF;3;3;67733;19/08/2026;ANDRÉ MENDONÇA;Decisão;01/10/2026;06:01:26;2026;0601598-23.2026.6.00.0000;17/08/2026;#NULO#;DF;3;DF;3;17/08/2026;S;Por sorteio;223256;ANDRÉ MENDONÇA;72;Juiz Auxiliar;11541;Rp;REPRESENTAÇÃO;11651;Pesquisa Eleitoral - Registro de Pesquisa Eleitoral;0;2;16/09/2026;Acórdão;https://consultaunificadapje.tse.jus.br/#/public/resultado/0601598-23.2026.6.00.0000;2026-08-19;0;0;0
0601599-08.2026.6.00.0000|68079;01/10/2026;06:00:34;2026;0601599-08.2026.6.00.0000;DF;DF;3;3;68079;19/08/2026;ANDRÉ MENDONÇA;Decisão;01/10/2026;06:01:26;2026;0601599-08.2026.6.00.0000;17/08/2026;#NULO#;DF;3;DF;3;17/08/2026;S;Por sorteio;223256;ANDRÉ MENDONÇA;72;Juiz Auxiliar;11541;Rp;REPRESENTAÇÃO;11651;Pesquisa Eleitoral - Registro de Pesquisa Eleitoral;0;2;16/09/2026;Acórdão;https://consultaunificadapje.tse.jus.br/#/public/resultado/0601599-08.2026.6.00.0000;2026-08-19;0;0;0
0601600-90.2026.6.00.0000|68397;01/10/2026;06:00:34;2026;0601600-90.2026.6.00.0000;DF;DF;3;3;68397;19/08/2026;ANDRÉ MENDONÇA;Decisão;01/10/2026;06:01:26;2026;0601600-90.2026.6.00.0000;17/08/2026;#NULO#;DF;3;DF;3;17/08/2026;S;Por sorteio;223256;ANDRÉ MENDONÇA;72;Juiz Auxiliar;11541;Rp;REPRESENTAÇÃO;11651;Pesquisa Eleitoral - Registro de Pesquisa Eleitoral;0;2;16/09/2026;Acórdão;https://consultaunificadapje.tse.jus.br/#/public/resultado/0601600-90.2026.6.00.0000;2026-08-19;0;0;0
0601604-30.2026.6.00.0000|68078;01/10/2026;06:00:34;2026;0601604-30.2026.6.00.0000;DF;DF;3;3;68078;19/08/2026;ANDRÉ MENDONÇA;Decisão;01/10/2026;06:01:26;2026;0601604-30.2026.6.00.0000;17/08/2026;#NULO#;DF;3;DF;3;17/08/2026;S;Por sorteio;223256;ANDRÉ MENDONÇA;72;Juiz Auxiliar;11541;Rp;REPRESENTAÇÃO;11651;Pesquisa Eleitoral - Registro de Pesquisa Eleitoral;0;2;16/09/2026;Acórdão;https://consultaunificadapje.tse.jus.br/#/public/resultado/0601604-30.2026.6.00.0000;2026-08-19;0;0;0
0601605-15.2026.6.00.0000|67730;01/10/2026;06:00:34;2026;0601605-15.2026.6.00.0000;DF;DF;3;3;67730;19/08/2026;ANDRÉ MENDONÇA;Decisão;01/10/2026;06:01:26;2026;0601605-15.2026.6.00.0000;17/08/2026;#NULO#;DF;3;DF;3;17/08/2026;S;Por sorteio;223256;ANDRÉ MENDONÇA;72;Juiz Auxiliar;11541;Rp;REPRESENTAÇÃO;11651;Pesquisa Eleitoral - Registro de Pesquisa Eleitoral;0;2;12/09/2026;Acórdão;https://consultaunificadapje.tse.jus.br/#/public/resultado/0601605-15.2026.6.00.0000;2026-08-19;0;0;0
0601607-82.2026.6.00.0000|67731;01/10/2026;06:00:34;2026;0601607-82.2026.6.00.0000;DF;DF;3;3;67731;19/08/2026;ANDRÉ MENDONÇA;Decisão;01/10/2026;06:01:26;2026;0601607-82.2026.6.00.0000;17/08/2026;#NULO#;DF;3;DF;3;17/08/2026;S;Por sorteio;223256;ANDRÉ MENDONÇA;72;Juiz Auxiliar;11541;Rp;REPRESENTAÇÃO;11651;Pesquisa Eleitoral - Registro de Pesquisa Eleitoral;0;2;12/09/2026;Acórdão;https://consultaunificadapje.tse.jus.br/#/public/resultado/0601607-82.2026.6.00.0000;2026-08-19;0;0;0
0601045-73.2026.6.00.0000|67924;01/10/2026;06:00:34;2026;0601045-73.2026.6.00.0000;DF;DF;3;3;67924;20/08/2026;NUNES MARQUES;Decisão;01/10/2026;06:01:26;2026;0601045-73.2026.6.00.0000;18/06/2026;31/08/2026;DF;3;DF;3;19/06/2026;S;Por sorteio;202679;NUNES MARQUES;78;Ministro;241;PetCiv;PETIÇÃO CÍVEL;11778;Requerimento;0;2;20/08/2026;Decisão;https://consultaunificadapje.tse.jus.br/#/public/resultado/0601045-73.2026.6.00.0000;2026-08-20;0;0;0
0601091-62.2026.6.00.0000|68777;01/10/2026;06:00:34;2026;0601091-62.2026.6.00.0000;DF;DF;3;3;68777;20/08/2026;RICARDO VILLAS BÔAS CUEVA;Acórdão;01/10/2026;06:01:26;2026;0601091-62.2026.6.00.0000;24/06/2026;#NULO#;DF;3;DF;3;17/08/2026;S;Por sorteio;285510;ANTONIO CARLOS FERREIRA;11;Ministro;12134;TutCautAnt;TUTELA CAUTELAR ANTECEDENTE;11667;Propaganda Política - Propaganda Eleitoral - Extemporânea/Antecipada;0;4;19/09/2026;Decisão;https://consultaunificadapje.tse.jus.br/#/public/resultado/0601091-62.2026.6.00.0000;2026-08-20;1;0;1
0601241-43.2026.6.00.0000|67921;01/10/2026;06:00:34;2026;0601241-43.2026.6.00.0000;DF;DF;3;3;67921;20/08/2026;NUNES MARQUES;Decisão;01/10/2026;06:01:26;2026;0601241-43.2026.6.00.0000;10/07/2026;31/08/2026;DF;3;DF;3;13/07/2026;S;Por sorteio;202679;NUNES MARQUES;78;Ministro;241;PetCiv;PETIÇÃO CÍVEL;11778;Requerimento;0;3;20/08/2026;Decisão;https://consultaunificadapje.tse.jus.br/#/public/resultado/0601241-43.2026.6.00.0000;2026-08-20;0;0;0
0601242-28.2026.6.00.0000|67925;01/10/2026;06:00:34;2026;0601242-28.2026.6.00.0000;DF;DF;3;3;67925;20/08/2026;NUNES MARQUES;Decisão;01/10/2026;06:01:26;2026;0601242-28.2026.6.00.0000;10/07/2026;31/08/2026;DF;3;DF;3;10/07/2026;S;Por sorteio;202679;NUNES MARQUES;78;Ministro;241;PetCiv;PETIÇÃO CÍVEL;11778;Requerimento;0;2;20/08/2026;Decisão;https://consultaunificadapje.tse.jus.br/#/public/resultado/0601242-28.2026.6.00.0000;2026-08-20;0;0;0
0601246-65.2026.6.00.0000|68292;01/10/2026;06:00:34;2026;0601246-65.2026.6.00.0000;DF;DF;3;3;68292;20/08/2026;NUNES MARQUES;Decisão;01/10/2026;06:01:26;2026;0601246-65.2026.6.00.0000;13/07/2026;31/08/2026;DF;3;DF;3;13/07/2026;S;Por sorteio;202679;NUNES MARQUES;78;Ministro;241;PetCiv;PETIÇÃO CÍVEL;11778;Requerimento;0;2;20/08/2026;Decisão;https://consultaunificadapje.tse.jus.br/#/public/resultado/0601246-65.2026.6.00.0000;2026-08-20;0;0;0
0601251-87.2026.6.00.0000|68579;01/10/2026;06:00:34;2026;0601251-87.2026.6.00.0000;DF;DF;3;3;68579;20/08/2026;NUNES MARQUES;Decisão;01/10/2026;06:01:26;2026;0601251-87.2026.6.00.0000;13/07/2026;31/08/2026;DF;3;DF;3;14/07/2026;S;Por sorteio;202679;NUNES MARQUES;78;Ministro;241;PetCiv;PETIÇÃO CÍVEL;11778;Requerimento;0;2;20/08/2026;Decisão;https://consultaunificadapje.tse.jus.br/#/public/resultado/0601251-87.2026.6.00.0000;2026-08-20;0;0;0
0601252-72.2026.6.00.0000|67926;01/10/2026;06:00:34;2026;0601252-72.2026.6.00.0000;DF;DF;3;3;67926;20/08/2026;NUNES MARQUES;Decisão;01/10/2026;06:01:26;2026;0601252-72.2026.6.00.0000;13/07/2026;31/08/2026;DF;3;DF;3;14/07/2026;S;Por sorteio;202679;NUNES MARQUES;78;Ministro;241;PetCiv;PETIÇÃO CÍVEL;11768;Partido Político - Órgão de Direção Nacional;0;2;20/08/2026;Decisão;https://consultaunificadapje.tse.jus.br/#/public/resultado/0601252-72.2026.6.00.0000;2026-08-20;0;0;0
0601311-60.2026.6.00.0000|67781;01/10/2026;06:00:34;2026;0601311-60.2026.6.00.0000;DF;DF;3;3;67781;20/08/2026;ANTONIO CARLOS FERREIRA;Decisão;01/10/2026;06:01:26;2026;0601311-60.2026.6.00.0000;24/07/2026;29/09/2026;DF;3;DF;3;24/07/2026;S;Por sorteio;285510;ANTONIO CARLOS FERREIRA;11;Ministro;120;MSCiv;MANDADO DE SEGURANÇA CÍVEL;11778;Requerimento;0;3;19/09/2026;Acórdão;https://consultaunificadapje.tse.jus.br/#/public/resultado/0601311-60.2026.6.00.0000;2026-08-20;0;0;0
0601368-78.2026.6.00.0000|67399;01/10/2026;06:00:34;2026;0601368-78.2026.6.00.0000;DF;DF;3;3;67399;20/08/2026;NUNES MARQUES;Decisão;01/10/2026;06:01:26;2026;0601368-78.2026.6.00.0000;04/08/2026;25/08/2026;DF;3;DF;3;04/08/2026;S;Por sorteio;202679;NUNES MARQUES;78;Ministro;241;PetCiv;PETIÇÃO CÍVEL;12362;Autorização de Divulgação de Publicidade Institucional;0;1;20/08/2026;Decisão;https://consultaunificadapje.tse.jus.br/#/public/resultado/0601368-78.2026.6.00.0000;2026-08-20;0;0;0
0601369-63.2026.6.00.0000|68580;01/10/2026;06:00:34;2026;0601369-63.2026.6.00.0000;DF;DF;3;3;68580;20/08/2026;NUNES MARQUES;Decisão;01/10/2026;06:01:26;2026;0601369-63.2026.6.00.0000;04/08/2026;25/08/2026;DF;3;DF;3;04/08/2026;S;Por sorteio;202679;NUNES MARQUES;78;Ministro;241;PetCiv;PETIÇÃO CÍVEL;12362;Autorização de Divulgação de Publicidade Institucional;0;1;20/08/2026;Decisão;https://consultaunificadapje.tse.jus.br/#/public/resultado/0601369-63.2026.6.00.0000;2026-08-20;0;0;0
0601371-33.2026.6.00.0000|67847;01/10/2026;06:00:34;2026;0601371-33.2026.6.00.0000;DF;DF;3;3;67847;20/08/2026;NUNES MARQUES;Decisão;01/10/2026;06:01:26;2026;0601371-33.2026.6.00.0000;04/08/2026;25/08/2026;DF;3;DF;3;04/08/2026;S;Por sorteio;202679;NUNES MARQUES;78;Ministro;241;PetCiv;PETIÇÃO CÍVEL;12362;Autorização de Divulgação de Publicidade Institucional;0;1;20/08/2026;Decisão;https://consultaunificadapje.tse.jus.br/#/public/resultado/0601371-33.2026.6.00.0000;2026-08-20;0;0;0
0601372-18.2026.6.00.0000|68288;01/10/2026;06:00:34;2026;0601372-18.2026.6.00.0000;DF;DF;3;3;68288;20/08/2026;NUNES MARQUES;Decisão;01/10/2026;06:01:26;2026;0601372-18.2026.6.00.0000;04/08/2026;25/08/2026;DF;3;DF;3;04/08/2026;S;Por sorteio;202679;NUNES MARQUES;78;Ministro;241;PetCiv;PETIÇÃO CÍVEL;12362;Autorização de Divulgação de Publicidade Institucional;0;1;20/08/2026;Decisão;https://consultaunificadapje.tse.jus.br/#/public/resultado/0601372-18.2026.6.00.0000;2026-08-20;0;0;0
0601375-70.2026.6.00.0000|67402;01/10/2026;06:00:34;2026;0601375-70.2026.6.00.0000;DF;DF;3;3;67402;20/08/2026;NUNES MARQUES;Decisão;01/10/2026;06:01:26;2026;0601375-70.2026.6.00.0000;04/08/2026;25/08/2026;DF;3;DF;3;04/08/2026;S;Por sorteio;202679;NUNES MARQUES;78;Ministro;241;PetCiv;PETIÇÃO CÍVEL;12362;Autorização de Divulgação de Publicidade Institucional;0;1;20/08/2026;Decisão;https://consultaunificadapje.tse.jus.br/#/public/resultado/0601375-70.2026.6.00.0000;2026-08-20;0;0;0
0601376-55.2026.6.00.0000|67922;01/10/2026;06:00:34;2026;0601376-55.2026.6.00.0000;DF;DF;3;3;67922;20/08/2026;NUNES MARQUES;Decisão;01/10/2026;06:01:26;2026;0601376-55.2026.6.00.0000;04/08/2026;25/08/2026;DF;3;DF;3;04/08/2026;S;Por sorteio;202679;NUNES MARQUES;78;Ministro;241;PetCiv;PETIÇÃO CÍVEL;12362;Autorização de Divulgação de Publicidade Institucional;0;1;20/08/2026;Decisão;https://consultaunificadapje.tse.jus.br/#/public/resultado/0601376-55.2026.6.00.0000;2026-08-20;0;0;0
0601386-02.2026.6.00.0000|68286;01/10/2026;06:00:34;2026;0601386-02.2026.6.00.0000;DF;DF;3;3;68286;20/08/2026;NUNES MARQUES;Decisão;01/10/2026;06:01:26;2026;0601386-02.2026.6.00.0000;05/08/2026;31/08/2026;DF;3;DF;3;05/08/2026;S;Por sorteio;202679;NUNES MARQUES;78;Ministro;241;PetCiv;PETIÇÃO CÍVEL;15591;Fundo Especial de Financiamento de Campanha (FEFC);0;1;20/08/2026;Decisão;https://consultaunificadapje.tse.jus.br/#/public/resultado/0601386-02.2026.6.00.0000;2026-08-20;0;0;0
0601394-76.2026.6.00.0000|68575;01/10/2026;06:00:34;2026;0601394-76.2026.6.00.0000;DF;DF;3;3;68575;20/08/2026;NUNES MARQUES;Decisão;01/10/2026;06:01:26;2026;0601394-76.2026.6.00.0000;05/08/2026;31/08/2026;DF;3;DF;3;06/08/2026;S;Por sorteio;202679;NUNES MARQUES;78;Ministro;241;PetCiv;PETIÇÃO CÍVEL;15591;Fundo Especial de Financiamento de Campanha (FEFC);0;1;20/08/2026;Decisão;https://consultaunificadapje.tse.jus.br/#/public/resultado/0601394-76.2026.6.00.0000;2026-08-20;0;0;0
0601400-83.2026.6.00.0000|68577;01/10/2026;06:00:34;2026;0601400-83.2026.6.00.0000;DF;DF;3;3;68577;20/08/2026;NUNES MARQUES;Decisão;01/10/2026;06:01:26;2026;0601400-83.2026.6.00.0000;06/08/2026;31/08/2026;DF;3;DF;3;06/08/2026;S;Por sorteio;202679;NUNES MARQUES;78;Ministro;241;PetCiv;PETIÇÃO CÍVEL;15591;Fundo Especial de Financiamento de Campanha (FEFC);0;1;20/08/2026;Decisão;https://consultaunificadapje.tse.jus.br/#/public/resultado/0601400-83.2026.6.00.0000;2026-08-20;0;0;0
0601401-68.2026.6.00.0000|67920;01/10/2026;06:00:34;2026;0601401-68.2026.6.00.0000;DF;DF;3;3;67920;20/08/2026;NUNES MARQUES;Decisão;01/10/2026;06:01:26;2026;0601401-68.2026.6.00.0000;06/08/2026;31/08/2026;DF;3;DF;3;06/08/2026;S;Por sorteio;202679;NUNES MARQUES;78;Ministro;241;PetCiv;PETIÇÃO CÍVEL;15591;Fundo Especial de Financiamento de Campanha (FEFC);0;1;20/08/2026;Decisão;https://consultaunificadapje.tse.jus.br/#/public/resultado/0601401-68.2026.6.00.0000;2026-08-20;0;0;0
0601432-88.2026.6.00.0000|67779;01/10/2026;06:00:34;2026;0601432-88.2026.6.00.0000;DF;DF;3;3;67779;20/08/2026;ANTONIO CARLOS FERREIRA;Decisão;01/10/2026;06:01:26;2026;0601432-88.2026.6.00.0000;10/08/2026;#NULO#;DF;3;DF;3;10/08/2026;S;Por sorteio;285510;ANTONIO CARLOS FERREIRA;11;Ministro;12134;TutCautAnt;TUTELA CAUTELAR ANTECEDENTE;60018;Mandado de Segurança;0;1;20/08/2026;Decisão;https://consultaunificadapje.tse.jus.br/#/public/resultado/0601432-88.2026.6.00.0000;2026-08-20;0;0;0
0601437-13.2026.6.00.0000|68289;01/10/2026;06:00:34;2026;0601437-13.2026.6.00.0000;DF;DF;3;3;68289;20/08/2026;NUNES MARQUES;Decisão;01/10/2026;06:01:26;2026;0601437-13.2026.6.00.0000;11/08/2026;25/08/2026;DF;3;DF;3;11/08/2026;S;Por sorteio;202679;NUNES MARQUES;78;Ministro;241;PetCiv;PETIÇÃO CÍVEL;12362;Autorização de Divulgação de Publicidade Institucional;0;1;20/08/2026;Decisão;https://consultaunificadapje.tse.jus.br/#/public/resultado/0601437-13.2026.6.00.0000;2026-08-20;0;0;0
0601438-95.2026.6.00.0000|68578;01/10/2026;06:00:34;2026;0601438-95.2026.6.00.0000;DF;DF;3;3;68578;20/08/2026;NUNES MARQUES;Decisão;01/10/2026;06:01:26;2026;0601438-95.2026.6.00.0000;11/08/2026;25/08/2026;DF;3;DF;3;11/08/2026;S;Por sorteio;202679;NUNES MARQUES;78;Ministro;241;PetCiv;PETIÇÃO CÍVEL;12362;Autorização de Divulgação de Publicidade Institucional;0;1;20/08/2026;Decisão;https://consultaunificadapje.tse.jus.br/#/public/resultado/0601438-95.2026.6.00.0000;2026-08-20;0;0;0
0601441-50.2026.6.00.0000|67404;01/10/2026;06:00:34;2026;0601441-50.2026.6.00.0000;DF;DF;3;3;67404;20/08/2026;NUNES MARQUES;Decisão;01/10/2026;06:01:26;2026;0601441-50.2026.6.00.0000;11/08/2026;25/08/2026;DF;3;DF;3;11/08/2026;S;Por sorteio;202679;NUNES MARQUES;78;Ministro;241;PetCiv;PETIÇÃO CÍVEL;12362;Autorização de Divulgação de Publicidade Institucional;0;1;20/08/2026;Decisão;https://consultaunificadapje.tse.jus.br/#/public/resultado/0601441-50.2026.6.00.0000;2026-08-20;0;0;0
0601442-35.2026.6.00.0000|69205;01/10/2026;06:00:34;2026;0601442-35.2026.6.00.0000;DF;DF;3;3;69205;20/08/2026;DIAS TOFFOLI;Decisão;01/10/2026;06:01:26;2026;0601442-35.2026.6.00.0000;11/08/2026;#NULO#;DF;3;DF;3;11/08/2026;S;Por sorteio;6276;DIAS TOFFOLI;3;Ministro;11532;RCand;REGISTRO DE CANDIDATURA;12044;Registro de Candidatura - DRAP Partido/Coligação;0;4;16/09/2026;Acórdão;https://consultaunificadapje.tse.jus.br/#/public/resultado/0601442-35.2026.6.00.0000;2026-08-20;0;0;0
0601443-20.2026.6.00.0000|68492;01/10/2026;06:00:34;2026;0601443-20.2026.6.00.0000;DF;DF;3;3;68492;20/08/2026;DIAS TOFFOLI;Decisão;01/10/2026;06:01:26;2026;0601443-20.2026.6.00.0000;11/08/2026;#NULO#;DF;3;DF;3;11/08/2026;PD;Por dependência;6276;DIAS TOFFOLI;3;Ministro;11532;RCand;REGISTRO DE CANDIDATURA;11618;Registro de Candidatura - RRC - Candidato;0;4;16/09/2026;Acórdão;https://consultaunificadapje.tse.jus.br/#/public/resultado/0601443-20.2026.6.00.0000;2026-08-20;0;0;0
0601444-05.2026.6.00.0000|68481;01/10/2026;06:00:34;2026;0601444-05.2026.6.00.0000;DF;DF;3;3;68481;20/08/2026;DIAS TOFFOLI;Decisão;01/10/2026;06:01:26;2026;0601444-05.2026.6.00.0000;11/08/2026;#NULO#;DF;3;DF;3;11/08/2026;PD;Por dependência;6276;DIAS TOFFOLI;3;Ministro;11532;RCand;REGISTRO DE CANDIDATURA;11618;Registro de Candidatura - RRC - Candidato;0;6;16/09/2026;Acórdão;https://consultaunificadapje.tse.jus.br/#/public/resultado/0601444-05.2026.6.00.0000;2026-08-20;0;0;0
0601505-60.2026.6.00.0000|67923;01/10/2026;06:00:34;2026;0601505-60.2026.6.00.0000;DF;DF;3;3;67923;20/08/2026;NUNES MARQUES;Decisão;01/10/2026;06:01:26;2026;0601505-60.2026.6.00.0000;12/08/2026;31/08/2026;DF;3;DF;3;12/08/2026;S;Por sorteio;202679;NUNES MARQUES;78;Ministro;241;PetCiv;PETIÇÃO CÍVEL;15591;Fundo Especial de Financiamento de Campanha (FEFC);0;1;20/08/2026;Decisão;https://consultaunificadapje.tse.jus.br/#/public/resultado/0601505-60.2026.6.00.0000;2026-08-20;0;0;0
0601506-45.2026.6.00.0000|68287;01/10/2026;06:00:34;2026;0601506-45.2026.6.00.0000;DF;DF;3;3;68287;20/08/2026;NUNES MARQUES;Decisão;01/10/2026;06:01:26;2026;0601506-45.2026.6.00.0000;12/08/2026;25/08/2026;DF;3;DF;3;13/08/2026;S;Por sorteio;202679;NUNES MARQUES;78;Ministro;241;PetCiv;PETIÇÃO CÍVEL;12362;Autorização de Divulgação de Publicidade Institucional;0;1;20/08/2026;Decisão;https://consultaunificadapje.tse.jus.br/#/public/resultado/0601506-45.2026.6.00.0000;2026-08-20;0;0;0
0601554-04.2026.6.00.0000|67403;01/10/2026;06:00:34;2026;0601554-04.2026.6.00.0000;DF;DF;3;3;67403;20/08/2026;NUNES MARQUES;Decisão;01/10/2026;06:01:26;2026;0601554-04.2026.6.00.0000;14/08/2026;08/09/2026;DF;3;DF;3;14/08/2026;S;Por sorteio;202679;NUNES MARQUES;78;Ministro;241;PetCiv;PETIÇÃO CÍVEL;12362;Autorização de Divulgação de Publicidade Institucional;0;2;04/09/2026;Decisão;https://consultaunificadapje.tse.jus.br/#/public/resultado/0601554-04.2026.6.00.0000;2026-08-20;0;0;0
0601556-71.2026.6.00.0000|68290;01/10/2026;06:00:34;2026;0601556-71.2026.6.00.0000;DF;DF;3;3;68290;20/08/2026;NUNES MARQUES;Decisão;01/10/2026;06:01:26;2026;0601556-71.2026.6.00.0000;14/08/2026;25/08/2026;DF;3;DF;3;14/08/2026;S;Por sorteio;202679;NUNES MARQUES;78;Ministro;241;PetCiv;PETIÇÃO CÍVEL;12362;Autorização de Divulgação de Publicidade Institucional;0;1;20/08/2026;Decisão;https://consultaunificadapje.tse.jus.br/#/public/resultado/0601556-71.2026.6.00.0000;2026-08-20;0;0;0
0601611-22.2026.6.00.0000|68860;01/10/2026;06:00:34;2026;0601611-22.2026.6.00.0000;DF;DF;3;3;68860;20/08/2026;ANDRÉ MENDONÇA;Decisão;01/10/2026;06:01:26;2026;0601611-22.2026.6.00.0000;17/08/2026;22/08/2026;DF;3;DF;3;17/08/2026;S;Por sorteio;223256;ANDRÉ MENDONÇA;72;Juiz Auxiliar;11541;Rp;REPRESENTAÇÃO;11655;Propaganda Política - Propaganda Eleitoral - Banner/Cartaz/Faixa;0;1;20/08/2026;Decisão;https://consultaunificadapje.tse.jus.br/#/public/resultado/0601611-22.2026.6.00.0000;2026-08-20;1;0;1
0601617-29.2026.6.00.0000|67723;01/10/2026;06:00:34;2026;0601617-29.2026.6.00.0000;DF;DF;3;3;67723;20/08/2026;ANDRÉ MENDONÇA;Decisão;01/10/2026;06:01:26;2026;0601617-29.2026.6.00.0000;18/08/2026;#NULO#;DF;3;DF;3;18/08/2026;S;Por sorteio;223256;ANDRÉ MENDONÇA;72;Juiz Auxiliar;11541;Rp;REPRESENTAÇÃO;11667;Propaganda Política - Propaganda Eleitoral - Extemporânea/Antecipada;0;1;20/08/2026;Decisão;https://consultaunificadapje.tse.jus.br/#/public/resultado/0601617-29.2026.6.00.0000;2026-08-20;1;0;1
0601012-83.2026.6.00.0000|67946;01/10/2026;06:00:34;2026;0601012-83.2026.6.00.0000;DF;DF;3;3;67946;21/08/2026;ESTELA ARANHA;Acórdão;01/10/2026;06:01:26;2026;0601012-83.2026.6.00.0000;15/06/2026;17/09/2026;DF;3;DF;3;15/06/2026;S;Por sorteio;350140;ESTELA ARANHA;7;Ministro;11545;LT;LISTA TRÍPLICE;12643;Processamento de Lista Tríplice;0;2;21/08/2026;Acórdão;https://consultaunificadapje.tse.jus.br/#/public/resultado/0601012-83.2026.6.00.0000;2026-08-21;0;0;0
0601623-36.2026.6.00.0000|68360;01/10/2026;06:00:34;2026;0601623-36.2026.6.00.0000;DF;DF;3;3;68360;21/08/2026;RICARDO VILLAS BÔAS CUEVA;Decisão;01/10/2026;06:01:26;2026;0601623-36.2026.6.00.0000;19/08/2026;#NULO#;DF;3;DF;3;19/08/2026;S;Por sorteio;301846;RICARDO VILLAS BÔAS CUEVA;4;Ministro;120;MSCiv;MANDADO DE SEGURANÇA CÍVEL;15591;Fundo Especial de Financiamento de Campanha (FEFC);0;2;31/08/2026;Despacho;https://consultaunificadapje.tse.jus.br/#/public/resultado/0601623-36.2026.6.00.0000;2026-08-21;0;0;0
0601046-58.2026.6.00.0000|67385;01/10/2026;06:00:34;2026;0601046-58.2026.6.00.0000;DF;DF;3;3;67385;22/08/2026;NUNES MARQUES;Acórdão;01/10/2026;06:01:26;2026;0601046-58.2026.6.00.0000;18/06/2026;#NULO#;DF;3;DF;3;18/06/2026;S;Por sorteio;202679;NUNES MARQUES;60;Juíz Auxiliar;11541;Rp;REPRESENTAÇÃO;11667;Propaganda Política - Propaganda Eleitoral - Extemporânea/Antecipada;0;2;22/08/2026;Acórdão;https://consultaunificadapje.tse.jus.br/#/public/resultado/0601046-58.2026.6.00.0000;2026-08-22;1;0;1
0601089-92.2026.6.00.0000|68236;01/10/2026;06:00:34;2026;0601089-92.2026.6.00.0000;DF;DF;3;3;68236;22/08/2026;NUNES MARQUES;Acórdão;01/10/2026;06:01:26;2026;0601089-92.2026.6.00.0000;24/06/2026;#NULO#;DF;3;DF;3;24/06/2026;S;Por sorteio;202679;NUNES MARQUES;60;Juíz Auxiliar;11541;Rp;REPRESENTAÇÃO;11667;Propaganda Política - Propaganda Eleitoral - Extemporânea/Antecipada;0;3;28/09/2026;Despacho;https://consultaunificadapje.tse.jus.br/#/public/resultado/0601089-92.2026.6.00.0000;2026-08-22;1;0;1
0601101-09.2026.6.00.0000|67892;01/10/2026;06:00:34;2026;0601101-09.2026.6.00.0000;DF;DF;3;3;67892;22/08/2026;NUNES MARQUES;Acórdão;01/10/2026;06:01:26;2026;0601101-09.2026.6.00.0000;26/06/2026;#NULO#;DF;3;DF;3;26/06/2026;S;Por sorteio;202679;NUNES MARQUES;60;Juíz Auxiliar;11541;Rp;REPRESENTAÇÃO;11667;Propaganda Política - Propaganda Eleitoral - Extemporânea/Antecipada;0;3;26/09/2026;Despacho;https://consultaunificadapje.tse.jus.br/#/public/resultado/0601101-09.2026.6.00.0000;2026-08-22;1;0;1
0601182-55.2026.6.00.0000|68237;01/10/2026;06:00:34;2026;0601182-55.2026.6.00.0000;DF;DF;3;3;68237;22/08/2026;NUNES MARQUES;Acórdão;01/10/2026;06:01:26;2026;0601182-55.2026.6.00.0000;01/07/2026;#NULO#;DF;3;DF;3;01/07/2026;S;Por sorteio;202679;NUNES MARQUES;60;Juíz Auxiliar;11541;Rp;REPRESENTAÇÃO;11667;Propaganda Política - Propaganda Eleitoral - Extemporânea/Antecipada;0;3;22/09/2026;Despacho;https://consultaunificadapje.tse.jus.br/#/public/resultado/0601182-55.2026.6.00.0000;2026-08-22;1;0;1
0601215-45.2026.6.00.0000|67891;01/10/2026;06:00:34;2026;0601215-45.2026.6.00.0000;DF;DF;3;3;67891;22/08/2026;NUNES MARQUES;Acórdão;01/10/2026;06:01:26;2026;0601215-45.2026.6.00.0000;04/07/2026;#NULO#;DF;3;DF;3;04/07/2026;S;Por sorteio;202679;NUNES MARQUES;60;Juíz Auxiliar;11541;Rp;REPRESENTAÇÃO;11667;Propaganda Política - Propaganda Eleitoral - Extemporânea/Antecipada;0;2;22/08/2026;Acórdão;https://consultaunificadapje.tse.jus.br/#/public/resultado/0601215-45.2026.6.00.0000;2026-08-22;1;0;1
0601232-81.2026.6.00.0000|67885;01/10/2026;06:00:34;2026;0601232-81.2026.6.00.0000;DF;DF;3;3;67885;22/08/2026;NUNES MARQUES;Acórdão;01/10/2026;06:01:26;2026;0601232-81.2026.6.00.0000;08/07/2026;#NULO#;DF;3;DF;3;08/07/2026;S;Por sorteio;202679;NUNES MARQUES;60;Juíz Auxiliar;11541;Rp;REPRESENTAÇÃO;11667;Propaganda Política - Propaganda Eleitoral - Extemporânea/Antecipada;0;2;22/08/2026;Acórdão;https://consultaunificadapje.tse.jus.br/#/public/resultado/0601232-81.2026.6.00.0000;2026-08-22;1;0;1
0601635-50.2026.6.00.0000|68245;01/10/2026;06:00:34;2026;0601635-50.2026.6.00.0000;DF;DF;3;3;68245;22/08/2026;NUNES MARQUES;Decisão;01/10/2026;06:01:26;2026;0601635-50.2026.6.00.0000;21/08/2026;#NULO#;DF;3;DF;3;21/08/2026;S;Por sorteio;202679;NUNES MARQUES;60;Juíz Auxiliar;11541;Rp;REPRESENTAÇÃO;12364;Debate Eleitoral;0;1;22/08/2026;Decisão;https://consultaunificadapje.tse.jus.br/#/public/resultado/0601635-50.2026.6.00.0000;2026-08-22;0;0;0
0601640-72.2026.6.00.0000|68244;01/10/2026;06:00:34;2026;0601640-72.2026.6.00.0000;DF;DF;3;3;68244;22/08/2026;NUNES MARQUES;Decisão;01/10/2026;06:01:26;2026;0601640-72.2026.6.00.0000;21/08/2026;24/08/2026;DF;3;DF;3;21/08/2026;S;Por sorteio;202679;NUNES MARQUES;60;Juíz Auxiliar;11541;Rp;REPRESENTAÇÃO;12364;Debate Eleitoral;0;1;22/08/2026;Decisão;https://consultaunificadapje.tse.jus.br/#/public/resultado/0601640-72.2026.6.00.0000;2026-08-22;0;0;0
0601016-23.2026.6.00.0000|68011;01/10/2026;06:00:34;2026;0601016-23.2026.6.00.0000;DF;DF;3;3;68011;24/08/2026;RICARDO VILLAS BÔAS CUEVA;Acórdão;01/10/2026;06:01:26;2026;0601016-23.2026.6.00.0000;15/06/2026;#NULO#;DF;3;DF;3;15/06/2026;S;Por sorteio;202679;NUNES MARQUES;60;Juíz Auxiliar;11541;Rp;REPRESENTAÇÃO;11667;Propaganda Política - Propaganda Eleitoral - Extemporânea/Antecipada;0;2;24/08/2026;Acórdão;https://consultaunificadapje.tse.jus.br/#/public/resultado/0601016-23.2026.6.00.0000;2026-08-24;1;0;1
0601351-42.2026.6.00.0000|68280;01/10/2026;06:00:34;2026;0601351-42.2026.6.00.0000;DF;DF;3;3;68280;24/08/2026;NUNES MARQUES;Decisão;01/10/2026;06:01:26;2026;0601351-42.2026.6.00.0000;31/07/2026;13/09/2026;DF;3;DF;3;01/08/2026;S;Por sorteio;202679;NUNES MARQUES;78;Ministro;241;PetCiv;PETIÇÃO CÍVEL;15591;Fundo Especial de Financiamento de Campanha (FEFC);0;1;24/08/2026;Decisão;https://consultaunificadapje.tse.jus.br/#/public/resultado/0601351-42.2026.6.00.0000;2026-08-24;0;0;0
0601395-61.2026.6.00.0000|68797;01/10/2026;06:00:34;2026;0601395-61.2026.6.00.0000;DF;DF;3;3;68797;24/08/2026;ANDRÉ MENDONÇA;Decisão;01/10/2026;06:01:26;2026;0601395-61.2026.6.00.0000;06/08/2026;02/09/2026;DF;3;DF;3;06/08/2026;S;Por sorteio;223256;ANDRÉ MENDONÇA;14;Ministro;241;PetCiv;PETIÇÃO CÍVEL;11778;Requerimento;0;2;24/08/2026;Decisão;https://consultaunificadapje.tse.jus.br/#/public/resultado/0601395-61.2026.6.00.0000;2026-08-24;0;0;0
0601423-29.2026.6.00.0000|68294;01/10/2026;06:00:34;2026;0601423-29.2026.6.00.0000;DF;DF;3;3;68294;24/08/2026;NUNES MARQUES;Decisão;01/10/2026;06:01:26;2026;0601423-29.2026.6.00.0000;08/08/2026;#NULO#;DF;3;DF;3;08/08/2026;S;Por sorteio;202679;NUNES MARQUES;78;Ministro;241;PetCiv;PETIÇÃO CÍVEL;15591;Fundo Especial de Financiamento de Campanha (FEFC);0;1;24/08/2026;Decisão;https://consultaunificadapje.tse.jus.br/#/public/resultado/0601423-29.2026.6.00.0000;2026-08-24;0;0;0
0601531-58.2026.6.00.0000|68794;01/10/2026;06:00:34;2026;0601531-58.2026.6.00.0000;DF;DF;3;3;68794;24/08/2026;ANDRÉ MENDONÇA;Decisão;01/10/2026;06:01:26;2026;0601531-58.2026.6.00.0000;13/08/2026;02/09/2026;DF;3;DF;3;14/08/2026;S;Por sorteio;223256;ANDRÉ MENDONÇA;14;Ministro;241;PetCiv;PETIÇÃO CÍVEL;15584;Notícia de Inelegibilidade;0;1;24/08/2026;Decisão;https://consultaunificadapje.tse.jus.br/#/public/resultado/0601531-58.2026.6.00.0000;2026-08-24;0;0;0
0601572-25.2026.6.00.0000|68355;01/10/2026;06:00:34;2026;0601572-25.2026.6.00.0000;DF;DF;3;3;68355;24/08/2026;RICARDO VILLAS BÔAS CUEVA;Decisão;01/10/2026;06:01:26;2026;0601572-25.2026.6.00.0000;14/08/2026;#NULO#;DF;3;DF;3;14/08/2026;S;Por sorteio;301846;RICARDO VILLAS BÔAS CUEVA;4;Ministro;120;MSCiv;MANDADO DE SEGURANÇA CÍVEL;11766;Partido Político - Órgão de Direção Estadual;0;3;01/09/2026;Despacho;https://consultaunificadapje.tse.jus.br/#/public/resultado/0601572-25.2026.6.00.0000;2026-08-24;0;0;0
0601636-35.2026.6.00.0000|68096;01/10/2026;06:00:34;2026;0601636-35.2026.6.00.0000;DF;DF;3;3;68096;25/08/2026;ANDRÉ MENDONÇA;Decisão;01/10/2026;06:01:26;2026;0601636-35.2026.6.00.0000;21/08/2026;#NULO#;DF;3;DF;3;21/08/2026;S;Por sorteio;223256;ANDRÉ MENDONÇA;72;Juiz Auxiliar;11541;Rp;REPRESENTAÇÃO;12364;Debate Eleitoral;0;2;11/09/2026;Acórdão;https://consultaunificadapje.tse.jus.br/#/public/resultado/0601636-35.2026.6.00.0000;2026-08-25;0;0;0
0601642-42.2026.6.00.0000|68839;01/10/2026;06:00:34;2026;0601642-42.2026.6.00.0000;DF;DF;3;3;68839;25/08/2026;ANDRÉ MENDONÇA;Decisão;01/10/2026;06:01:26;2026;0601642-42.2026.6.00.0000;21/08/2026;#NULO#;DF;3;DF;3;21/08/2026;S;Por sorteio;223256;ANDRÉ MENDONÇA;72;Juiz Auxiliar;11541;Rp;REPRESENTAÇÃO;11667;Propaganda Política - Propaganda Eleitoral - Extemporânea/Antecipada;0;5;16/09/2026;Acórdão;https://consultaunificadapje.tse.jus.br/#/public/resultado/0601642-42.2026.6.00.0000;2026-08-25;1;0;1
0601645-94.2026.6.00.0000|68840;01/10/2026;06:00:34;2026;0601645-94.2026.6.00.0000;DF;DF;3;3;68840;25/08/2026;ANDRÉ MENDONÇA;Decisão;01/10/2026;06:01:26;2026;0601645-94.2026.6.00.0000;22/08/2026;#NULO#;DF;3;DF;3;22/08/2026;S;Por sorteio;223256;ANDRÉ MENDONÇA;72;Juiz Auxiliar;11541;Rp;REPRESENTAÇÃO;12365;Enquete;0;3;16/09/2026;Acórdão;https://consultaunificadapje.tse.jus.br/#/public/resultado/0601645-94.2026.6.00.0000;2026-08-25;0;0;0
0601680-54.2026.6.00.0000|68401;01/10/2026;06:00:34;2026;0601680-54.2026.6.00.0000;DF;DF;3;3;68401;25/08/2026;ANDRÉ MENDONÇA;Decisão;01/10/2026;06:01:26;2026;0601680-54.2026.6.00.0000;24/08/2026;#NULO#;DF;3;DF;3;24/08/2026;S;Por sorteio;223256;ANDRÉ MENDONÇA;72;Juiz Auxiliar;11541;Rp;REPRESENTAÇÃO;11651;Pesquisa Eleitoral - Registro de Pesquisa Eleitoral;0;2;16/09/2026;Acórdão;https://consultaunificadapje.tse.jus.br/#/public/resultado/0601680-54.2026.6.00.0000;2026-08-25;0;0;0
0601682-24.2026.6.00.0000|68400;01/10/2026;06:00:34;2026;0601682-24.2026.6.00.0000;DF;DF;3;3;68400;25/08/2026;ANDRÉ MENDONÇA;Decisão;01/10/2026;06:01:26;2026;0601682-24.2026.6.00.0000;24/08/2026;#NULO#;DF;3;DF;3;24/08/2026;S;Por sorteio;223256;ANDRÉ MENDONÇA;72;Juiz Auxiliar;11541;Rp;REPRESENTAÇÃO;11651;Pesquisa Eleitoral - Registro de Pesquisa Eleitoral;0;2;16/09/2026;Acórdão;https://consultaunificadapje.tse.jus.br/#/public/resultado/0601682-24.2026.6.00.0000;2026-08-25;0;0;0
0601686-23.2026.6.05.0000|68841;01/10/2026;06:00:34;2026;0601686-23.2026.6.05.0000;DF;BA;2;3;68841;25/08/2026;ANDRÉ MENDONÇA;Decisão;01/10/2026;06:01:26;2026;0601686-23.2026.6.05.0000;21/08/2026;28/08/2026;BA;2;DF;3;21/08/2026;S;Por sorteio;223256;ANDRÉ MENDONÇA;72;Juiz Auxiliar;11541;Rp;REPRESENTAÇÃO;11650;Pesquisa Eleitoral - Divulgação de Pesquisa Eleitoral Sem Prévio Registro;1;1;25/08/2026;Decisão;https://consultaunificadapje.tse.jus.br/#/public/resultado/0601686-23.2026.6.05.0000;2026-08-25;0;0;0
0601015-38.2026.6.00.0000|67663;01/10/2026;06:00:34;2026;0601015-38.2026.6.00.0000;DF;DF;3;3;67663;26/08/2026;RICARDO VILLAS BÔAS CUEVA;Acórdão;01/10/2026;06:01:26;2026;0601015-38.2026.6.00.0000;15/06/2026;#NULO#;DF;3;DF;3;15/06/2026;S;Por sorteio;223256;ANDRÉ MENDONÇA;72;Juiz Auxiliar;11541;Rp;REPRESENTAÇÃO;11667;Propaganda Política - Propaganda Eleitoral - Extemporânea/Antecipada;0;2;26/08/2026;Acórdão;https://consultaunificadapje.tse.jus.br/#/public/resultado/0601015-38.2026.6.00.0000;2026-08-26;1;0;1
0601259-64.2026.6.00.0000|67904;01/10/2026;06:00:34;2026;0601259-64.2026.6.00.0000;DF;DF;3;3;67904;26/08/2026;NUNES MARQUES;Decisão;01/10/2026;06:01:26;2026;0601259-64.2026.6.00.0000;15/07/2026;#NULO#;DF;3;DF;3;15/07/2026;S;Por sorteio;223256;ANDRÉ MENDONÇA;72;Juiz Auxiliar;11541;Rp;REPRESENTAÇÃO;11648;Pesquisa Eleitoral;0;1;26/08/2026;Decisão;https://consultaunificadapje.tse.jus.br/#/public/resultado/0601259-64.2026.6.00.0000;2026-08-26;0;0;0
0601325-44.2026.6.00.0000|67793;01/10/2026;06:00:34;2026;0601325-44.2026.6.00.0000;DF;DF;3;3;67793;26/08/2026;DIAS TOFFOLI;Decisão;01/10/2026;06:01:26;2026;0601325-44.2026.6.00.0000;27/07/2026;#NULO#;DF;3;DF;3;27/07/2026;S;Por sorteio;6276;DIAS TOFFOLI;3;Ministro;120;MSCiv;MANDADO DE SEGURANÇA CÍVEL;11765;Dissolução de Órgão de Direção Partidária;0;4;29/09/2026;Acórdão;https://consultaunificadapje.tse.jus.br/#/public/resultado/0601325-44.2026.6.00.0000;2026-08-26;0;0;0
0601410-30.2026.6.00.0000|67905;01/10/2026;06:00:34;2026;0601410-30.2026.6.00.0000;DF;DF;3;3;67905;26/08/2026;NUNES MARQUES;Decisão;01/10/2026;06:01:26;2026;0601410-30.2026.6.00.0000;07/08/2026;#NULO#;DF;3;DF;3;07/08/2026;S;Por sorteio;350140;ESTELA ARANHA;59;Juíz Auxiliar;11541;Rp;REPRESENTAÇÃO;11667;Propaganda Política - Propaganda Eleitoral - Extemporânea/Antecipada;0;1;26/08/2026;Decisão;https://consultaunificadapje.tse.jus.br/#/public/resultado/0601410-30.2026.6.00.0000;2026-08-26;1;0;1
0601421-59.2026.6.00.0000|68576;01/10/2026;06:00:34;2026;0601421-59.2026.6.00.0000;DF;DF;3;3;68576;26/08/2026;NUNES MARQUES;Decisão;01/10/2026;06:01:26;2026;0601421-59.2026.6.00.0000;07/08/2026;#NULO#;DF;3;DF;3;08/08/2026;S;Por sorteio;202679;NUNES MARQUES;78;Ministro;12375;Rcl;RECLAMAÇÃO;11561;Garantia de Autoridade de Decisão do Tribunal;0;2;26/08/2026;Decisão;https://consultaunificadapje.tse.jus.br/#/public/resultado/0601421-59.2026.6.00.0000;2026-08-26;0;0;0
0601426-81.2026.6.00.0000|67678;01/10/2026;06:00:34;2026;0601426-81.2026.6.00.0000;DF;DF;3;3;67678;26/08/2026;ANDRÉ MENDONÇA;Decisão;01/10/2026;06:01:26;2026;0601426-81.2026.6.00.0000;08/08/2026;#NULO#;DF;3;DF;3;08/08/2026;PD;Por dependência;223256;ANDRÉ MENDONÇA;14;Ministro;11532;RCand;REGISTRO DE CANDIDATURA;11618;Registro de Candidatura - RRC - Candidato;0;5;06/09/2026;Acórdão;https://consultaunificadapje.tse.jus.br/#/public/resultado/0601426-81.2026.6.00.0000;2026-08-26;0;0;0
0601550-64.2026.6.00.0000|68785;01/10/2026;06:00:34;2026;0601550-64.2026.6.00.0000;DF;DF;3;3;68785;26/08/2026;RICARDO VILLAS BÔAS CUEVA;Decisão;01/10/2026;06:01:26;2026;0601550-64.2026.6.00.0000;14/08/2026;#NULO#;DF;3;DF;3;14/08/2026;S;Por sorteio;301846;RICARDO VILLAS BÔAS CUEVA;4;Ministro;11532;RCand;REGISTRO DE CANDIDATURA;12044;Registro de Candidatura - DRAP Partido/Coligação;0;2;26/08/2026;Decisão;https://consultaunificadapje.tse.jus.br/#/public/resultado/0601550-64.2026.6.00.0000;2026-08-26;0;0;0
0601551-49.2026.6.00.0000|68356;01/10/2026;06:00:34;2026;0601551-49.2026.6.00.0000;DF;DF;3;3;68356;26/08/2026;RICARDO VILLAS BÔAS CUEVA;Decisão;01/10/2026;06:01:26;2026;0601551-49.2026.6.00.0000;14/08/2026;#NULO#;DF;3;DF;3;14/08/2026;PD;Por dependência;301846;RICARDO VILLAS BÔAS CUEVA;4;Ministro;11532;RCand;REGISTRO DE CANDIDATURA;11618;Registro de Candidatura - RRC - Candidato;0;2;26/08/2026;Decisão;https://consultaunificadapje.tse.jus.br/#/public/resultado/0601551-49.2026.6.00.0000;2026-08-26;0;0;0
0601552-34.2026.6.00.0000|67672;01/10/2026;06:00:34;2026;0601552-34.2026.6.00.0000;DF;DF;3;3;67672;26/08/2026;RICARDO VILLAS BÔAS CUEVA;Decisão;01/10/2026;06:01:26;2026;0601552-34.2026.6.00.0000;14/08/2026;#NULO#;DF;3;DF;3;14/08/2026;PD;Por dependência;301846;RICARDO VILLAS BÔAS CUEVA;4;Ministro;11532;RCand;REGISTRO DE CANDIDATURA;11618;Registro de Candidatura - RRC - Candidato;0;4;01/09/2026;Despacho;https://consultaunificadapje.tse.jus.br/#/public/resultado/0601552-34.2026.6.00.0000;2026-08-26;0;0;0
0601574-92.2026.6.00.0000|67673;01/10/2026;06:00:34;2026;0601574-92.2026.6.00.0000;DF;DF;3;3;67673;26/08/2026;RICARDO VILLAS BÔAS CUEVA;Decisão;01/10/2026;06:01:26;2026;0601574-92.2026.6.00.0000;15/08/2026;#NULO#;DF;3;DF;3;15/08/2026;S;Por sorteio;301846;RICARDO VILLAS BÔAS CUEVA;4;Ministro;11532;RCand;REGISTRO DE CANDIDATURA;12044;Registro de Candidatura - DRAP Partido/Coligação;0;2;26/08/2026;Decisão;https://consultaunificadapje.tse.jus.br/#/public/resultado/0601574-92.2026.6.00.0000;2026-08-26;0;0;0
0601577-47.2026.6.00.0000|67674;01/10/2026;06:00:34;2026;0601577-47.2026.6.00.0000;DF;DF;3;3;67674;26/08/2026;RICARDO VILLAS BÔAS CUEVA;Decisão;01/10/2026;06:01:26;2026;0601577-47.2026.6.00.0000;15/08/2026;#NULO#;DF;3;DF;3;15/08/2026;PD;Por dependência;301846;RICARDO VILLAS BÔAS CUEVA;4;Ministro;11532;RCand;REGISTRO DE CANDIDATURA;11618;Registro de Candidatura - RRC - Candidato;0;3;01/09/2026;Despacho;https://consultaunificadapje.tse.jus.br/#/public/resultado/0601577-47.2026.6.00.0000;2026-08-26;0;0;0
0601578-32.2026.6.00.0000|68027;01/10/2026;06:00:34;2026;0601578-32.2026.6.00.0000;DF;DF;3;3;68027;26/08/2026;RICARDO VILLAS BÔAS CUEVA;Decisão;01/10/2026;06:01:26;2026;0601578-32.2026.6.00.0000;15/08/2026;#NULO#;DF;3;DF;3;15/08/2026;PD;Por dependência;301846;RICARDO VILLAS BÔAS CUEVA;4;Ministro;11532;RCand;REGISTRO DE CANDIDATURA;11618;Registro de Candidatura - RRC - Candidato;0;4;10/09/2026;Despacho;https://consultaunificadapje.tse.jus.br/#/public/resultado/0601578-32.2026.6.00.0000;2026-08-26;0;0;0
0601691-83.2026.6.00.0000|68169;01/10/2026;06:00:34;2026;0601691-83.2026.6.00.0000;DF;DF;3;3;68169;26/08/2026;DIAS TOFFOLI;Decisão;01/10/2026;06:01:26;2026;0601691-83.2026.6.00.0000;24/08/2026;04/09/2026;DF;3;DF;3;24/08/2026;S;Por sorteio;6276;DIAS TOFFOLI;3;Ministro;120;MSCiv;MANDADO DE SEGURANÇA CÍVEL;11778;Requerimento;0;1;26/08/2026;Decisão;https://consultaunificadapje.tse.jus.br/#/public/resultado/0601691-83.2026.6.00.0000;2026-08-26;0;0;0
0601692-68.2026.6.00.0000|67792;01/10/2026;06:00:34;2026;0601692-68.2026.6.00.0000;DF;DF;3;3;67792;26/08/2026;DIAS TOFFOLI;Decisão;01/10/2026;06:01:26;2026;0601692-68.2026.6.00.0000;24/08/2026;04/09/2026;DF;3;DF;3;24/08/2026;S;Por sorteio;6276;DIAS TOFFOLI;3;Ministro;120;MSCiv;MANDADO DE SEGURANÇA CÍVEL;11778;Requerimento;0;1;26/08/2026;Decisão;https://consultaunificadapje.tse.jus.br/#/public/resultado/0601692-68.2026.6.00.0000;2026-08-26;0;0;0
0601700-45.2026.6.00.0000|68484;01/10/2026;06:00:34;2026;0601700-45.2026.6.00.0000;DF;DF;3;3;68484;26/08/2026;ANTONIO CARLOS FERREIRA;Decisão;01/10/2026;06:01:26;2026;0601700-45.2026.6.00.0000;25/08/2026;23/09/2026;DF;3;DF;3;25/08/2026;S;Por sorteio;285510;ANTONIO CARLOS FERREIRA;11;Ministro;241;PetCiv;PETIÇÃO CÍVEL;11778;Requerimento;0;2;15/09/2026;Decisão;https://consultaunificadapje.tse.jus.br/#/public/resultado/0601700-45.2026.6.00.0000;2026-08-26;0;0;0
0601527-21.2026.6.00.0000|68786;01/10/2026;06:00:34;2026;0601527-21.2026.6.00.0000;DF;DF;3;3;68786;27/08/2026;RICARDO VILLAS BÔAS CUEVA;Decisão;01/10/2026;06:01:26;2026;0601527-21.2026.6.00.0000;13/08/2026;29/09/2026;DF;3;DF;3;13/08/2026;S;Por sorteio;301846;RICARDO VILLAS BÔAS CUEVA;4;Ministro;120;MSCiv;MANDADO DE SEGURANÇA CÍVEL;15586;Anulação de Convenção Partidária;0;4;18/09/2026;Acórdão;https://consultaunificadapje.tse.jus.br/#/public/resultado/0601527-21.2026.6.00.0000;2026-08-27;0;0;0
0601586-09.2026.6.00.0000|68625;01/10/2026;06:00:34;2026;0601586-09.2026.6.00.0000;DF;DF;3;3;68625;27/08/2026;ESTELA ARANHA;Acórdão;01/10/2026;06:01:26;2026;0601586-09.2026.6.00.0000;15/08/2026;#NULO#;DF;3;DF;3;15/08/2026;PD;Por dependência;350140;ESTELA ARANHA;7;Ministro;11532;RCand;REGISTRO DE CANDIDATURA;11616;Impugnação ao Registro de Candidatura;0;4;14/09/2026;Acórdão;https://consultaunificadapje.tse.jus.br/#/public/resultado/0601586-09.2026.6.00.0000;2026-08-27;0;0;0
0601650-19.2026.6.00.0000|68037;01/10/2026;06:00:34;2026;0601650-19.2026.6.00.0000;DF;DF;3;3;68037;27/08/2026;ANDRÉ MENDONÇA;Decisão;01/10/2026;06:01:26;2026;0601650-19.2026.6.00.0000;22/08/2026;04/09/2026;DF;3;DF;3;22/08/2026;S;Por sorteio;223256;ANDRÉ MENDONÇA;14;Ministro;241;PetCiv;PETIÇÃO CÍVEL;15591;Fundo Especial de Financiamento de Campanha (FEFC);0;2;27/08/2026;Decisão;https://consultaunificadapje.tse.jus.br/#/public/resultado/0601650-19.2026.6.00.0000;2026-08-27;0;0;0
0601733-35.2026.6.00.0000|68394;01/10/2026;06:00:34;2026;0601733-35.2026.6.00.0000;DF;DF;3;3;68394;27/08/2026;ANDRÉ MENDONÇA;Decisão;01/10/2026;06:01:26;2026;0601733-35.2026.6.00.0000;26/08/2026;#NULO#;DF;3;DF;3;26/08/2026;S;Por sorteio;223256;ANDRÉ MENDONÇA;72;Juiz Auxiliar;241;PetCiv;PETIÇÃO CÍVEL;12637;Propaganda Política - Propaganda Eleitoral - Redes Sociais;0;3;16/09/2026;Despacho;https://consultaunificadapje.tse.jus.br/#/public/resultado/0601733-35.2026.6.00.0000;2026-08-27;1;0;1
0600118-57.2026.6.27.0000|68278;01/10/2026;06:00:34;2026;0600118-57.2026.6.27.0000;DF;TO;2;3;68278;28/08/2026;NUNES MARQUES;Acórdão;01/10/2026;06:01:26;2026;0600118-57.2026.6.27.0000;13/07/2026;09/09/2026;TO;2;DF;3;13/07/2026;S;Por sorteio;202679;NUNES MARQUES;78;Ministro;1298;PA;PROCESSO ADMINISTRATIVO;11573;Requisição de Força Federal;1;1;28/08/2026;Acórdão;https://consultaunificadapje.tse.jus.br/#/public/resultado/0600118-57.2026.6.27.0000;2026-08-28;0;0;0
0600120-27.2026.6.27.0000|67396;01/10/2026;06:00:34;2026;0600120-27.2026.6.27.0000;DF;TO;2;3;67396;28/08/2026;NUNES MARQUES;Acórdão;01/10/2026;06:01:26;2026;0600120-27.2026.6.27.0000;13/07/2026;09/09/2026;TO;2;DF;3;13/07/2026;S;Por sorteio;202679;NUNES MARQUES;78;Ministro;1298;PA;PROCESSO ADMINISTRATIVO;11573;Requisição de Força Federal;1;1;28/08/2026;Acórdão;https://consultaunificadapje.tse.jus.br/#/public/resultado/0600120-27.2026.6.27.0000;2026-08-28;0;0;0
0600121-12.2026.6.27.0000|67911;01/10/2026;06:00:34;2026;0600121-12.2026.6.27.0000;DF;TO;2;3;67911;28/08/2026;NUNES MARQUES;Acórdão;01/10/2026;06:01:26;2026;0600121-12.2026.6.27.0000;13/07/2026;09/09/2026;TO;2;DF;3;13/07/2026;S;Por sorteio;202679;NUNES MARQUES;78;Ministro;1298;PA;PROCESSO ADMINISTRATIVO;11573;Requisição de Força Federal;1;1;28/08/2026;Acórdão;https://consultaunificadapje.tse.jus.br/#/public/resultado/0600121-12.2026.6.27.0000;2026-08-28;0;0;0
0600122-94.2026.6.27.0000|67844;01/10/2026;06:00:34;2026;0600122-94.2026.6.27.0000;DF;TO;2;3;67844;28/08/2026;NUNES MARQUES;Acórdão;01/10/2026;06:01:26;2026;0600122-94.2026.6.27.0000;13/07/2026;09/09/2026;TO;2;DF;3;13/07/2026;S;Por sorteio;202679;NUNES MARQUES;78;Ministro;1298;PA;PROCESSO ADMINISTRATIVO;11573;Requisição de Força Federal;1;1;28/08/2026;Acórdão;https://consultaunificadapje.tse.jus.br/#/public/resultado/0600122-94.2026.6.27.0000;2026-08-28;0;0;0
0600123-79.2026.6.27.0000|68277;01/10/2026;06:00:34;2026;0600123-79.2026.6.27.0000;DF;TO;2;3;68277;28/08/2026;NUNES MARQUES;Acórdão;01/10/2026;06:01:26;2026;0600123-79.2026.6.27.0000;13/07/2026;09/09/2026;TO;2;DF;3;13/07/2026;S;Por sorteio;202679;NUNES MARQUES;78;Ministro;1298;PA;PROCESSO ADMINISTRATIVO;11573;Requisição de Força Federal;1;1;28/08/2026;Acórdão;https://consultaunificadapje.tse.jus.br/#/public/resultado/0600123-79.2026.6.27.0000;2026-08-28;0;0;0
0600169-91.2026.6.01.0000|67846;01/10/2026;06:00:34;2026;0600169-91.2026.6.01.0000;DF;AC;2;3;67846;28/08/2026;NUNES MARQUES;Acórdão;01/10/2026;06:01:26;2026;0600169-91.2026.6.01.0000;13/08/2026;09/09/2026;AC;2;DF;3;13/08/2026;S;Por sorteio;202679;NUNES MARQUES;78;Ministro;1298;PA;PROCESSO ADMINISTRATIVO;11573;Requisição de Força Federal;1;1;28/08/2026;Acórdão;https://consultaunificadapje.tse.jus.br/#/public/resultado/0600169-91.2026.6.01.0000;2026-08-28;0;0;0
0600259-98.2026.6.19.0000|68172;01/10/2026;06:00:34;2026;0600259-98.2026.6.19.0000;DF;RJ;2;3;68172;28/08/2026;ANTONIO CARLOS FERREIRA;Decisão;01/10/2026;06:01:26;2026;0600259-98.2026.6.19.0000;26/08/2026;26/09/2026;RJ;2;DF;3;26/08/2026;S;Por sorteio;285510;ANTONIO CARLOS FERREIRA;11;Ministro;1347;RMS;RECURSO EM MANDADO DE SEGURANÇA;60018;Mandado de Segurança;1;2;19/09/2026;Decisão;https://consultaunificadapje.tse.jus.br/#/public/resultado/0600259-98.2026.6.19.0000;2026-08-28;0;0;0
0600365-07.2026.6.03.0000|67344;01/10/2026;06:00:34;2026;0600365-07.2026.6.03.0000;DF;AP;2;3;67344;28/08/2026;NUNES MARQUES;Acórdão;01/10/2026;06:01:26;2026;0600365-07.2026.6.03.0000;06/08/2026;#NULO#;AP;2;DF;3;06/08/2026;S;Por sorteio;202679;NUNES MARQUES;78;Ministro;1298;PA;PROCESSO ADMINISTRATIVO;11563;Afastamento de Magistrado;1;1;28/08/2026;Acórdão;https://consultaunificadapje.tse.jus.br/#/public/resultado/0600365-07.2026.6.03.0000;2026-08-28;0;0;0
0600408-56.2026.6.24.0000|67728;01/10/2026;06:00:34;2026;0600408-56.2026.6.24.0000;DF;SC;2;3;67728;28/08/2026;ANDRÉ MENDONÇA;Decisão;01/10/2026;06:01:26;2026;0600408-56.2026.6.24.0000;14/08/2026;31/08/2026;SC;2;DF;3;14/08/2026;S;Por sorteio;223256;ANDRÉ MENDONÇA;72;Juiz Auxiliar;11541;Rp;REPRESENTAÇÃO;11667;Propaganda Política - Propaganda Eleitoral - Extemporânea/Antecipada;1;1;28/08/2026;Decisão;https://consultaunificadapje.tse.jus.br/#/public/resultado/0600408-56.2026.6.24.0000;2026-08-28;1;0;1
0600500-56.2026.6.16.0000|67850;01/10/2026;06:00:34;2026;0600500-56.2026.6.16.0000;DF;PR;2;3;67850;28/08/2026;NUNES MARQUES;Acórdão;01/10/2026;06:01:26;2026;0600500-56.2026.6.16.0000;13/08/2026;#NULO#;PR;2;DF;3;13/08/2026;S;Por sorteio;202679;NUNES MARQUES;78;Ministro;1298;PA;PROCESSO ADMINISTRATIVO;11563;Afastamento de Magistrado;1;1;28/08/2026;Acórdão;https://consultaunificadapje.tse.jus.br/#/public/resultado/0600500-56.2026.6.16.0000;2026-08-28;0;0;0
0600504-93.2026.6.16.0000|67348;01/10/2026;06:00:34;2026;0600504-93.2026.6.16.0000;DF;PR;2;3;67348;28/08/2026;NUNES MARQUES;Acórdão;01/10/2026;06:01:26;2026;0600504-93.2026.6.16.0000;13/08/2026;#NULO#;PR;2;DF;3;13/08/2026;S;Por sorteio;202679;NUNES MARQUES;78;Ministro;1298;PA;PROCESSO ADMINISTRATIVO;11563;Afastamento de Magistrado;1;1;28/08/2026;Acórdão;https://consultaunificadapje.tse.jus.br/#/public/resultado/0600504-93.2026.6.16.0000;2026-08-28;0;0;0
0600512-70.2026.6.16.0000|68276;01/10/2026;06:00:34;2026;0600512-70.2026.6.16.0000;DF;PR;2;3;68276;28/08/2026;NUNES MARQUES;Acórdão;01/10/2026;06:01:26;2026;0600512-70.2026.6.16.0000;13/08/2026;#NULO#;PR;2;DF;3;13/08/2026;S;Por sorteio;202679;NUNES MARQUES;78;Ministro;1298;PA;PROCESSO ADMINISTRATIVO;11563;Afastamento de Magistrado;1;1;28/08/2026;Acórdão;https://consultaunificadapje.tse.jus.br/#/public/resultado/0600512-70.2026.6.16.0000;2026-08-28;0;0;0
0601091-62.2026.6.00.0000|69201;01/10/2026;06:00:34;2026;0601091-62.2026.6.00.0000;DF;DF;3;3;69201;28/08/2026;ANTONIO CARLOS FERREIRA;Decisão;01/10/2026;06:01:26;2026;0601091-62.2026.6.00.0000;24/06/2026;#NULO#;DF;3;DF;3;17/08/2026;S;Por sorteio;285510;ANTONIO CARLOS FERREIRA;11;Ministro;12134;TutCautAnt;TUTELA CAUTELAR ANTECEDENTE;11667;Propaganda Política - Propaganda Eleitoral - Extemporânea/Antecipada;0;4;19/09/2026;Decisão;https://consultaunificadapje.tse.jus.br/#/public/resultado/0601091-62.2026.6.00.0000;2026-08-28;1;0;1
0601140-16.2026.6.14.0000|68669;01/10/2026;06:00:34;2026;0601140-16.2026.6.14.0000;DF;PA;2;3;68669;28/08/2026;ESTELA ARANHA;Decisão;01/10/2026;06:01:26;2026;0601140-16.2026.6.14.0000;26/08/2026;30/08/2026;PA;2;DF;3;26/08/2026;S;Por sorteio;350140;ESTELA ARANHA;59;Juíz Auxiliar;11541;Rp;REPRESENTAÇÃO;11650;Pesquisa Eleitoral - Divulgação de Pesquisa Eleitoral Sem Prévio Registro;1;1;28/08/2026;Decisão;https://consultaunificadapje.tse.jus.br/#/public/resultado/0601140-16.2026.6.14.0000;2026-08-28;0;0;0
0601235-36.2026.6.00.0000|68210;01/10/2026;06:00:34;2026;0601235-36.2026.6.00.0000;DF;DF;3;3;68210;28/08/2026;NUNES MARQUES;Acórdão;01/10/2026;06:01:26;2026;0601235-36.2026.6.00.0000;09/07/2026;#NULO#;DF;3;DF;3;09/07/2026;S;Por sorteio;202679;NUNES MARQUES;78;Ministro;1298;PA;PROCESSO ADMINISTRATIVO;11573;Requisição de Força Federal;0;2;14/09/2026;Acórdão;https://consultaunificadapje.tse.jus.br/#/public/resultado/0601235-36.2026.6.00.0000;2026-08-28;0;0;0
0601248-35.2026.6.00.0000|67851;01/10/2026;06:00:34;2026;0601248-35.2026.6.00.0000;DF;DF;3;3;67851;28/08/2026;NUNES MARQUES;Acórdão;01/10/2026;06:01:26;2026;0601248-35.2026.6.00.0000;13/07/2026;10/09/2026;DF;3;DF;3;13/07/2026;S;Por sorteio;202679;NUNES MARQUES;78;Ministro;1298;PA;PROCESSO ADMINISTRATIVO;11563;Afastamento de Magistrado;0;2;28/08/2026;Acórdão;https://consultaunificadapje.tse.jus.br/#/public/resultado/0601248-35.2026.6.00.0000;2026-08-28;0;0;0
0601627-73.2026.6.00.0000|68426;01/10/2026;06:00:34;2026;0601627-73.2026.6.00.0000;DF;DF;3;3;68426;28/08/2026;ANDRÉ MENDONÇA;Decisão;01/10/2026;06:01:26;2026;0601627-73.2026.6.00.0000;19/08/2026;#NULO#;DF;3;DF;3;19/08/2026;S;Por sorteio;223256;ANDRÉ MENDONÇA;72;Juiz Auxiliar;11541;Rp;REPRESENTAÇÃO;11667;Propaganda Política - Propaganda Eleitoral - Extemporânea/Antecipada;0;2;01/09/2026;Despacho;https://consultaunificadapje.tse.jus.br/#/public/resultado/0601627-73.2026.6.00.0000;2026-08-28;1;0;1
0601646-79.2026.6.00.0000|67739;01/10/2026;06:00:34;2026;0601646-79.2026.6.00.0000;DF;DF;3;3;67739;28/08/2026;ANDRÉ MENDONÇA;Decisão;01/10/2026;06:01:26;2026;0601646-79.2026.6.00.0000;22/08/2026;#NULO#;DF;3;DF;3;22/08/2026;S;Por sorteio;223256;ANDRÉ MENDONÇA;72;Juiz Auxiliar;11541;Rp;REPRESENTAÇÃO;15429;Propaganda Política - Propaganda Eleitoral - Uso de Inteligência Artificial;0;4;11/09/2026;Acórdão;https://consultaunificadapje.tse.jus.br/#/public/resultado/0601646-79.2026.6.00.0000;2026-08-28;1;0;1
0601674-47.2026.6.00.0000|68105;01/10/2026;06:00:34;2026;0601674-47.2026.6.00.0000;DF;DF;3;3;68105;28/08/2026;ANDRÉ MENDONÇA;Decisão;01/10/2026;06:01:26;2026;0601674-47.2026.6.00.0000;24/08/2026;#NULO#;DF;3;DF;3;24/08/2026;S;Por sorteio;223256;ANDRÉ MENDONÇA;72;Juiz Auxiliar;11541;Rp;REPRESENTAÇÃO;12637;Propaganda Política - Propaganda Eleitoral - Redes Sociais;0;6;23/09/2026;Despacho;https://consultaunificadapje.tse.jus.br/#/public/resultado/0601674-47.2026.6.00.0000;2026-08-28;1;0;1
0601690-98.2026.6.00.0000|68427;01/10/2026;06:00:34;2026;0601690-98.2026.6.00.0000;DF;DF;3;3;68427;28/08/2026;ANDRÉ MENDONÇA;Decisão;01/10/2026;06:01:26;2026;0601690-98.2026.6.00.0000;24/08/2026;#NULO#;DF;3;DF;3;24/08/2026;S;Por sorteio;223256;ANDRÉ MENDONÇA;72;Juiz Auxiliar;11541;Rp;REPRESENTAÇÃO;12635;Propaganda Política - Propaganda Eleitoral - Divulgação de Notícia  Sabidamente Falsa;0;2;11/09/2026;Acórdão;https://consultaunificadapje.tse.jus.br/#/public/resultado/0601690-98.2026.6.00.0000;2026-08-28;1;0;1
0601735-05.2026.6.00.0000|68861;01/10/2026;06:00:34;2026;0601735-05.2026.6.00.0000;DF;DF;3;3;68861;28/08/2026;ANDRÉ MENDONÇA;Decisão;01/10/2026;06:01:26;2026;0601735-05.2026.6.00.0000;26/08/2026;#NULO#;DF;3;DF;3;27/08/2026;S;Por sorteio;223256;ANDRÉ MENDONÇA;72;Juiz Auxiliar;11541;Rp;REPRESENTAÇÃO;11651;Pesquisa Eleitoral - Registro de Pesquisa Eleitoral;0;2;11/09/2026;Acórdão;https://consultaunificadapje.tse.jus.br/#/public/resultado/0601735-05.2026.6.00.0000;2026-08-28;0;0;0
0601737-72.2026.6.00.0000|68845;01/10/2026;06:00:34;2026;0601737-72.2026.6.00.0000;DF;DF;3;3;68845;28/08/2026;ANDRÉ MENDONÇA;Decisão;01/10/2026;06:01:26;2026;0601737-72.2026.6.00.0000;27/08/2026;#NULO#;DF;3;DF;3;27/08/2026;S;Por sorteio;223256;ANDRÉ MENDONÇA;72;Juiz Auxiliar;11541;Rp;REPRESENTAÇÃO;11651;Pesquisa Eleitoral - Registro de Pesquisa Eleitoral;0;2;16/09/2026;Acórdão;https://consultaunificadapje.tse.jus.br/#/public/resultado/0601737-72.2026.6.00.0000;2026-08-28;0;0;0
0601738-57.2026.6.00.0000|68425;01/10/2026;06:00:34;2026;0601738-57.2026.6.00.0000;DF;DF;3;3;68425;28/08/2026;ANDRÉ MENDONÇA;Decisão;01/10/2026;06:01:26;2026;0601738-57.2026.6.00.0000;27/08/2026;#NULO#;DF;3;DF;3;27/08/2026;S;Por sorteio;223256;ANDRÉ MENDONÇA;72;Juiz Auxiliar;11541;Rp;REPRESENTAÇÃO;11651;Pesquisa Eleitoral - Registro de Pesquisa Eleitoral;0;2;11/09/2026;Acórdão;https://consultaunificadapje.tse.jus.br/#/public/resultado/0601738-57.2026.6.00.0000;2026-08-28;0;0;0
0601744-64.2026.6.00.0000|67679;01/10/2026;06:00:34;2026;0601744-64.2026.6.00.0000;DF;DF;3;3;67679;28/08/2026;ANDRÉ MENDONÇA;Decisão;01/10/2026;06:01:26;2026;0601744-64.2026.6.00.0000;27/08/2026;08/09/2026;DF;3;DF;3;28/08/2026;S;Por sorteio;223256;ANDRÉ MENDONÇA;14;Ministro;12134;TutCautAnt;TUTELA CAUTELAR ANTECEDENTE;15591;Fundo Especial de Financiamento de Campanha (FEFC);0;1;28/08/2026;Decisão;https://consultaunificadapje.tse.jus.br/#/public/resultado/0601744-64.2026.6.00.0000;2026-08-28;0;0;0
0601745-49.2026.6.00.0000|68252;01/10/2026;06:00:34;2026;0601745-49.2026.6.00.0000;DF;DF;3;3;68252;28/08/2026;FLORIANO DE AZEVEDO MARQUES;Decisão;01/10/2026;06:01:26;2026;0601745-49.2026.6.00.0000;28/08/2026;#NULO#;DF;3;DF;3;28/08/2026;S;Por sorteio;233218;FLORIANO DE AZEVEDO MARQUES;13;Ministro;12375;Rcl;RECLAMAÇÃO;11618;Registro de Candidatura - RRC - Candidato;0;3;30/09/2026;Despacho;https://consultaunificadapje.tse.jus.br/#/public/resultado/0601745-49.2026.6.00.0000;2026-08-28;0;0;0
0601746-34.2026.6.00.0000|68414;01/10/2026;06:00:34;2026;0601746-34.2026.6.00.0000;DF;DF;3;3;68414;28/08/2026;ANDRÉ MENDONÇA;Decisão;01/10/2026;06:01:26;2026;0601746-34.2026.6.00.0000;28/08/2026;14/09/2026;DF;3;DF;3;28/08/2026;PD;Por dependência;223256;ANDRÉ MENDONÇA;14;Ministro;241;PetCiv;PETIÇÃO CÍVEL;15591;Fundo Especial de Financiamento de Campanha (FEFC);0;2;04/09/2026;Decisão;https://consultaunificadapje.tse.jus.br/#/public/resultado/0601746-34.2026.6.00.0000;2026-08-28;0;0;0
0601534-13.2026.6.00.0000|68624;01/10/2026;06:00:34;2026;0601534-13.2026.6.00.0000;DF;DF;3;3;68624;29/08/2026;ESTELA ARANHA;Decisão;01/10/2026;06:01:26;2026;0601534-13.2026.6.00.0000;13/08/2026;#NULO#;DF;3;DF;3;13/08/2026;S;Por sorteio;350140;ESTELA ARANHA;7;Ministro;11532;RCand;REGISTRO DE CANDIDATURA;12044;Registro de Candidatura - DRAP Partido/Coligação;0;4;14/09/2026;Acórdão;https://consultaunificadapje.tse.jus.br/#/public/resultado/0601534-13.2026.6.00.0000;2026-08-29;0;0;0
0601742-94.2026.6.00.0000|68141;01/10/2026;06:00:34;2026;0601742-94.2026.6.00.0000;DF;DF;3;3;68141;29/08/2026;ANTONIO CARLOS FERREIRA;Decisão;01/10/2026;06:01:26;2026;0601742-94.2026.6.00.0000;27/08/2026;#NULO#;DF;3;DF;3;29/09/2026;S;Por sorteio;349772;SEBASTIÃO REIS JUNIOR;11;Ministro;12375;Rcl;RECLAMAÇÃO;12044;Registro de Candidatura - DRAP Partido/Coligação;0;2;30/09/2026;Acórdão;https://consultaunificadapje.tse.jus.br/#/public/resultado/0601742-94.2026.6.00.0000;2026-08-29;0;0;0
0601414-67.2026.6.00.0000|67829;01/10/2026;06:00:34;2026;0601414-67.2026.6.00.0000;DF;DF;3;3;67829;30/08/2026;DIAS TOFFOLI;Decisão;01/10/2026;06:01:26;2026;0601414-67.2026.6.00.0000;07/08/2026;#NULO#;DF;3;DF;3;07/08/2026;PD;Por dependência;6276;DIAS TOFFOLI;3;Ministro;11532;RCand;REGISTRO DE CANDIDATURA;11618;Registro de Candidatura - RRC - Candidato;0;9;27/09/2026;Decisão;https://consultaunificadapje.tse.jus.br/#/public/resultado/0601414-67.2026.6.00.0000;2026-08-30;0;0;0
0601415-52.2026.6.00.0000|68196;01/10/2026;06:00:34;2026;0601415-52.2026.6.00.0000;DF;DF;3;3;68196;30/08/2026;DIAS TOFFOLI;Decisão;01/10/2026;06:01:26;2026;0601415-52.2026.6.00.0000;07/08/2026;#NULO#;DF;3;DF;3;07/08/2026;PD;Por dependência;6276;DIAS TOFFOLI;3;Ministro;11532;RCand;REGISTRO DE CANDIDATURA;11618;Registro de Candidatura - RRC - Candidato;0;7;16/09/2026;Acórdão;https://consultaunificadapje.tse.jus.br/#/public/resultado/0601415-52.2026.6.00.0000;2026-08-30;0;0;0
0601444-05.2026.6.00.0000|68197;01/10/2026;06:00:34;2026;0601444-05.2026.6.00.0000;DF;DF;3;3;68197;30/08/2026;DIAS TOFFOLI;Decisão;01/10/2026;06:01:26;2026;0601444-05.2026.6.00.0000;11/08/2026;#NULO#;DF;3;DF;3;11/08/2026;PD;Por dependência;6276;DIAS TOFFOLI;3;Ministro;11532;RCand;REGISTRO DE CANDIDATURA;11618;Registro de Candidatura - RRC - Candidato;0;6;16/09/2026;Acórdão;https://consultaunificadapje.tse.jus.br/#/public/resultado/0601444-05.2026.6.00.0000;2026-08-30;0;0;0
0601755-93.2026.6.00.0000|68664;01/10/2026;06:00:34;2026;0601755-93.2026.6.00.0000;DF;DF;3;3;68664;30/08/2026;ESTELA ARANHA;Decisão;01/10/2026;06:01:26;2026;0601755-93.2026.6.00.0000;29/08/2026;#NULO#;DF;3;DF;3;29/08/2026;S;Por sorteio;350140;ESTELA ARANHA;59;Juíz Auxiliar;12625;DR;DIREITO DE RESPOSTA;11593;Direito de Resposta;0;2;11/09/2026;Acórdão;https://consultaunificadapje.tse.jus.br/#/public/resultado/0601755-93.2026.6.00.0000;2026-08-30;0;1;1
0600116-72.2026.6.06.0000|67400;01/10/2026;06:00:34;2026;0600116-72.2026.6.06.0000;DF;CE;2;3;67400;31/08/2026;NUNES MARQUES;Acórdão;01/10/2026;06:01:26;2026;0600116-72.2026.6.06.0000;10/07/2026;08/09/2026;CE;2;DF;3;10/07/2026;S;Por sorteio;202679;NUNES MARQUES;78;Ministro;1298;PA;PROCESSO ADMINISTRATIVO;11573;Requisição de Força Federal;1;1;31/08/2026;Acórdão;https://consultaunificadapje.tse.jus.br/#/public/resultado/0600116-72.2026.6.06.0000;2026-08-31;0;0;0
0600162-12.2026.6.15.0000|67401;01/10/2026;06:00:34;2026;0600162-12.2026.6.15.0000;DF;PB;2;3;67401;31/08/2026;NUNES MARQUES;Acórdão;01/10/2026;06:01:26;2026;0600162-12.2026.6.15.0000;15/07/2026;10/09/2026;PB;2;DF;3;15/07/2026;S;Por sorteio;202679;NUNES MARQUES;78;Ministro;1298;PA;PROCESSO ADMINISTRATIVO;11563;Afastamento de Magistrado;1;2;31/08/2026;Acórdão;https://consultaunificadapje.tse.jus.br/#/public/resultado/0600162-12.2026.6.15.0000;2026-08-31;0;0;0
0600410-48.2026.6.16.0000|67919;01/10/2026;06:00:34;2026;0600410-48.2026.6.16.0000;DF;PR;2;3;67919;31/08/2026;NUNES MARQUES;Acórdão;01/10/2026;06:01:26;2026;0600410-48.2026.6.16.0000;16/07/2026;10/09/2026;PR;2;DF;3;16/07/2026;S;Por sorteio;202679;NUNES MARQUES;78;Ministro;1298;PA;PROCESSO ADMINISTRATIVO;11563;Afastamento de Magistrado;1;2;31/08/2026;Acórdão;https://consultaunificadapje.tse.jus.br/#/public/resultado/0600410-48.2026.6.16.0000;2026-08-31;0;0;0
0600696-70.2026.6.00.0000|67918;01/10/2026;06:00:34;2026;0600696-70.2026.6.00.0000;DF;DF;3;3;67918;31/08/2026;NUNES MARQUES;Acórdão;01/10/2026;06:01:26;2026;0600696-70.2026.6.00.0000;17/04/2026;10/09/2026;DF;3;DF;3;13/05/2026;S;Por sorteio;202679;NUNES MARQUES;78;Ministro;1298;PA;PROCESSO ADMINISTRATIVO;11563;Afastamento de Magistrado;0;4;31/08/2026;Acórdão;https://consultaunificadapje.tse.jus.br/#/public/resultado/0600696-70.2026.6.00.0000;2026-08-31;0;0;0
0601240-58.2026.6.00.0000|68291;01/10/2026;06:00:34;2026;0601240-58.2026.6.00.0000;DF;DF;3;3;68291;31/08/2026;NUNES MARQUES;Acórdão;01/10/2026;06:01:26;2026;0601240-58.2026.6.00.0000;10/07/2026;#NULO#;DF;3;DF;3;10/07/2026;S;Por sorteio;202679;NUNES MARQUES;78;Ministro;1298;PA;PROCESSO ADMINISTRATIVO;11573;Requisição de Força Federal;0;1;31/08/2026;Acórdão;https://consultaunificadapje.tse.jus.br/#/public/resultado/0601240-58.2026.6.00.0000;2026-08-31;0;0;0
0601269-11.2026.6.00.0000|67916;01/10/2026;06:00:34;2026;0601269-11.2026.6.00.0000;DF;DF;3;3;67916;31/08/2026;NUNES MARQUES;Acórdão;01/10/2026;06:01:26;2026;0601269-11.2026.6.00.0000;16/07/2026;10/09/2026;DF;3;DF;3;16/07/2026;S;Por sorteio;202679;NUNES MARQUES;78;Ministro;1298;PA;PROCESSO ADMINISTRATIVO;11563;Afastamento de Magistrado;0;2;31/08/2026;Acórdão;https://consultaunificadapje.tse.jus.br/#/public/resultado/0601269-11.2026.6.00.0000;2026-08-31;0;0;0
0601544-57.2026.6.00.0000|68612;01/10/2026;06:00:34;2026;0601544-57.2026.6.00.0000;DF;DF;3;3;68612;31/08/2026;ANTONIO CARLOS FERREIRA;Decisão;01/10/2026;06:01:26;2026;0601544-57.2026.6.00.0000;14/08/2026;#NULO#;DF;3;DF;3;14/08/2026;S;Por sorteio;285510;ANTONIO CARLOS FERREIRA;42;Ministro;11527;AIJE;AÇÃO DE INVESTIGAÇÃO JUDICIAL ELEITORAL;11720;Abuso - Uso Indevido de Meio de Comunicação Social;0;2;19/09/2026;Despacho;https://consultaunificadapje.tse.jus.br/#/public/resultado/0601544-57.2026.6.00.0000;2026-08-31;0;0;0
0600503-11.2026.6.16.0000|67405;01/10/2026;06:00:34;2026;0600503-11.2026.6.16.0000;DF;PR;2;3;67405;01/09/2026;NUNES MARQUES;Acórdão;01/10/2026;06:01:26;2026;0600503-11.2026.6.16.0000;13/08/2026;22/09/2026;PR;2;DF;3;13/08/2026;S;Por sorteio;202679;NUNES MARQUES;78;Ministro;1298;PA;PROCESSO ADMINISTRATIVO;11563;Afastamento de Magistrado;1;1;01/09/2026;Acórdão;https://consultaunificadapje.tse.jus.br/#/public/resultado/0600503-11.2026.6.16.0000;2026-09-01;0;0;0
0600956-50.2026.6.00.0000|68140;01/10/2026;06:00:34;2026;0600956-50.2026.6.00.0000;DF;DF;3;3;68140;01/09/2026;ANTONIO CARLOS FERREIRA;Acórdão;01/10/2026;06:01:26;2026;0600956-50.2026.6.00.0000;03/06/2026;22/09/2026;DF;3;DF;3;03/06/2026;S;Por sorteio;285510;ANTONIO CARLOS FERREIRA;11;Ministro;11551;CtaEl;CONSULTA;60013;Consulta;0;1;01/09/2026;Acórdão;https://consultaunificadapje.tse.jus.br/#/public/resultado/0600956-50.2026.6.00.0000;2026-09-01;0;0;0
0600994-62.2026.6.00.0000|68361;01/10/2026;06:00:34;2026;0600994-62.2026.6.00.0000;DF;DF;3;3;68361;01/09/2026;RICARDO VILLAS BÔAS CUEVA;Acórdão;01/10/2026;06:01:26;2026;0600994-62.2026.6.00.0000;10/06/2026;02/09/2026;DF;3;DF;3;10/06/2026;S;Por sorteio;301846;RICARDO VILLAS BÔAS CUEVA;4;Ministro;120;MSCiv;MANDADO DE SEGURANÇA CÍVEL;11648;Pesquisa Eleitoral;0;2;01/09/2026;Acórdão;https://consultaunificadapje.tse.jus.br/#/public/resultado/0600994-62.2026.6.00.0000;2026-09-01;0;0;0
0601050-95.2026.6.00.0000|68563;01/10/2026;06:00:34;2026;0601050-95.2026.6.00.0000;DF;DF;3;3;68563;01/09/2026;NUNES MARQUES;Decisão;01/10/2026;06:01:26;2026;0601050-95.2026.6.00.0000;18/06/2026;#NULO#;DF;3;DF;3;18/06/2026;S;Por sorteio;202679;NUNES MARQUES;60;Juíz Auxiliar;11541;Rp;REPRESENTAÇÃO;11667;Propaganda Política - Propaganda Eleitoral - Extemporânea/Antecipada;0;3;26/09/2026;Despacho;https://consultaunificadapje.tse.jus.br/#/public/resultado/0601050-95.2026.6.00.0000;2026-09-01;1;0;1
0601250-05.2026.6.00.0000|67881;01/10/2026;06:00:34;2026;0601250-05.2026.6.00.0000;DF;DF;3;3;67881;01/09/2026;NUNES MARQUES;Decisão;01/10/2026;06:01:26;2026;0601250-05.2026.6.00.0000;13/07/2026;#NULO#;DF;3;DF;3;13/07/2026;S;Por sorteio;202679;NUNES MARQUES;60;Juíz Auxiliar;11541;Rp;REPRESENTAÇÃO;11667;Propaganda Política - Propaganda Eleitoral - Extemporânea/Antecipada;0;2;17/09/2026;Acórdão;https://consultaunificadapje.tse.jus.br/#/public/resultado/0601250-05.2026.6.00.0000;2026-09-01;1;0;1
0601260-49.2026.6.00.0000|68565;01/10/2026;06:00:34;2026;0601260-49.2026.6.00.0000;DF;DF;3;3;68565;01/09/2026;NUNES MARQUES;Decisão;01/10/2026;06:01:26;2026;0601260-49.2026.6.00.0000;15/07/2026;#NULO#;DF;3;DF;3;15/07/2026;S;Por sorteio;202679;NUNES MARQUES;60;Juíz Auxiliar;11541;Rp;REPRESENTAÇÃO;11667;Propaganda Política - Propaganda Eleitoral - Extemporânea/Antecipada;0;2;17/09/2026;Acórdão;https://consultaunificadapje.tse.jus.br/#/public/resultado/0601260-49.2026.6.00.0000;2026-09-01;1;0;1
0601262-19.2026.6.00.0000|67379;01/10/2026;06:00:34;2026;0601262-19.2026.6.00.0000;DF;DF;3;3;67379;01/09/2026;NUNES MARQUES;Decisão;01/10/2026;06:01:26;2026;0601262-19.2026.6.00.0000;15/07/2026;#NULO#;DF;3;DF;3;15/07/2026;S;Por sorteio;202679;NUNES MARQUES;60;Juíz Auxiliar;11541;Rp;REPRESENTAÇÃO;11667;Propaganda Política - Propaganda Eleitoral - Extemporânea/Antecipada;0;2;17/09/2026;Acórdão;https://consultaunificadapje.tse.jus.br/#/public/resultado/0601262-19.2026.6.00.0000;2026-09-01;1;0;1
0601287-32.2026.6.00.0000|68564;01/10/2026;06:00:34;2026;0601287-32.2026.6.00.0000;DF;DF;3;3;68564;01/09/2026;NUNES MARQUES;Decisão;01/10/2026;06:01:26;2026;0601287-32.2026.6.00.0000;20/07/2026;#NULO#;DF;3;DF;3;20/07/2026;S;Por sorteio;202679;NUNES MARQUES;60;Juíz Auxiliar;11541;Rp;REPRESENTAÇÃO;11667;Propaganda Política - Propaganda Eleitoral - Extemporânea/Antecipada;0;2;17/09/2026;Acórdão;https://consultaunificadapje.tse.jus.br/#/public/resultado/0601287-32.2026.6.00.0000;2026-09-01;1;0;1
0601303-83.2026.6.00.0000|67381;01/10/2026;06:00:34;2026;0601303-83.2026.6.00.0000;DF;DF;3;3;67381;01/09/2026;NUNES MARQUES;Decisão;01/10/2026;06:01:26;2026;0601303-83.2026.6.00.0000;22/07/2026;#NULO#;DF;3;DF;3;22/07/2026;S;Por sorteio;202679;NUNES MARQUES;60;Juíz Auxiliar;11541;Rp;REPRESENTAÇÃO;11667;Propaganda Política - Propaganda Eleitoral - Extemporânea/Antecipada;0;2;26/09/2026;Despacho;https://consultaunificadapje.tse.jus.br/#/public/resultado/0601303-83.2026.6.00.0000;2026-09-01;1;0;1
0601383-47.2026.6.00.0000|67883;01/10/2026;06:00:34;2026;0601383-47.2026.6.00.0000;DF;DF;3;3;67883;01/09/2026;NUNES MARQUES;Decisão;01/10/2026;06:01:26;2026;0601383-47.2026.6.00.0000;04/08/2026;#NULO#;DF;3;DF;3;04/08/2026;S;Por sorteio;202679;NUNES MARQUES;60;Juíz Auxiliar;11541;Rp;REPRESENTAÇÃO;11667;Propaganda Política - Propaganda Eleitoral - Extemporânea/Antecipada;0;2;17/09/2026;Acórdão;https://consultaunificadapje.tse.jus.br/#/public/resultado/0601383-47.2026.6.00.0000;2026-09-01;1;0;1
0601414-67.2026.6.00.0000|68167;01/10/2026;06:00:34;2026;0601414-67.2026.6.00.0000;DF;DF;3;3;68167;01/09/2026;DIAS TOFFOLI;Decisão;01/10/2026;06:01:26;2026;0601414-67.2026.6.00.0000;07/08/2026;#NULO#;DF;3;DF;3;07/08/2026;PD;Por dependência;6276;DIAS TOFFOLI;3;Ministro;11532;RCand;REGISTRO DE CANDIDATURA;11618;Registro de Candidatura - RRC - Candidato;0;9;27/09/2026;Decisão;https://consultaunificadapje.tse.jus.br/#/public/resultado/0601414-67.2026.6.00.0000;2026-09-01;0;0;0
0601415-52.2026.6.00.0000|68478;01/10/2026;06:00:34;2026;0601415-52.2026.6.00.0000;DF;DF;3;3;68478;01/09/2026;DIAS TOFFOLI;Decisão;01/10/2026;06:01:26;2026;0601415-52.2026.6.00.0000;07/08/2026;#NULO#;DF;3;DF;3;07/08/2026;PD;Por dependência;6276;DIAS TOFFOLI;3;Ministro;11532;RCand;REGISTRO DE CANDIDATURA;11618;Registro de Candidatura - RRC - Candidato;0;7;16/09/2026;Acórdão;https://consultaunificadapje.tse.jus.br/#/public/resultado/0601415-52.2026.6.00.0000;2026-09-01;0;0;0
0601415-52.2026.6.00.0000|68479;01/10/2026;06:00:34;2026;0601415-52.2026.6.00.0000;DF;DF;3;3;68479;01/09/2026;DIAS TOFFOLI;Decisão;01/10/2026;06:01:26;2026;0601415-52.2026.6.00.0000;07/08/2026;#NULO#;DF;3;DF;3;07/08/2026;PD;Por dependência;6276;DIAS TOFFOLI;3;Ministro;11532;RCand;REGISTRO DE CANDIDATURA;11618;Registro de Candidatura - RRC - Candidato;0;7;16/09/2026;Acórdão;https://consultaunificadapje.tse.jus.br/#/public/resultado/0601415-52.2026.6.00.0000;2026-09-01;0;0;0
0601436-28.2026.6.00.0000|68566;01/10/2026;06:00:34;2026;0601436-28.2026.6.00.0000;DF;DF;3;3;68566;01/09/2026;NUNES MARQUES;Decisão;01/10/2026;06:01:26;2026;0601436-28.2026.6.00.0000;10/08/2026;#NULO#;DF;3;DF;3;14/08/2026;S;Por sorteio;202679;NUNES MARQUES;60;Juíz Auxiliar;11541;Rp;REPRESENTAÇÃO;11667;Propaganda Política - Propaganda Eleitoral - Extemporânea/Antecipada;0;1;01/09/2026;Decisão;https://consultaunificadapje.tse.jus.br/#/public/resultado/0601436-28.2026.6.00.0000;2026-09-01;1;0;1
0601749-86.2026.6.00.0000|67725;01/10/2026;06:00:34;2026;0601749-86.2026.6.00.0000;DF;DF;3;3;67725;01/09/2026;ANDRÉ MENDONÇA;Decisão;01/10/2026;06:01:26;2026;0601749-86.2026.6.00.0000;28/08/2026;#NULO#;DF;3;DF;3;28/08/2026;S;Por sorteio;223256;ANDRÉ MENDONÇA;72;Juiz Auxiliar;11541;Rp;REPRESENTAÇÃO;11680;Propaganda Política - Propaganda Eleitoral - Omissão de Informações Obrigatórias;0;2;16/09/2026;Acórdão;https://consultaunificadapje.tse.jus.br/#/public/resultado/0601749-86.2026.6.00.0000;2026-09-01;1;0;1
0601753-26.2026.6.00.0000|68392;01/10/2026;06:00:34;2026;0601753-26.2026.6.00.0000;DF;DF;3;3;68392;01/09/2026;ANDRÉ MENDONÇA;Decisão;01/10/2026;06:01:26;2026;0601753-26.2026.6.00.0000;28/08/2026;#NULO#;DF;3;DF;3;28/08/2026;S;Por sorteio;223256;ANDRÉ MENDONÇA;72;Juiz Auxiliar;11541;Rp;REPRESENTAÇÃO;15429;Propaganda Política - Propaganda Eleitoral - Uso de Inteligência Artificial;0;2;19/09/2026;Acórdão;https://consultaunificadapje.tse.jus.br/#/public/resultado/0601753-26.2026.6.00.0000;2026-09-01;1;0;1
0601767-10.2026.6.00.0000|67382;01/10/2026;06:00:34;2026;0601767-10.2026.6.00.0000;DF;DF;3;3;67382;01/09/2026;NUNES MARQUES;Decisão;01/10/2026;06:01:26;2026;0601767-10.2026.6.00.0000;30/08/2026;#NULO#;DF;3;DF;3;30/08/2026;S;Por sorteio;202679;NUNES MARQUES;60;Juíz Auxiliar;12625;DR;DIREITO DE RESPOSTA;11593;Direito de Resposta;0;1;01/09/2026;Decisão;https://consultaunificadapje.tse.jus.br/#/public/resultado/0601767-10.2026.6.00.0000;2026-09-01;0;1;1
0601768-92.2026.6.00.0000|68562;01/10/2026;06:00:34;2026;0601768-92.2026.6.00.0000;DF;DF;3;3;68562;01/09/2026;NUNES MARQUES;Decisão;01/10/2026;06:01:26;2026;0601768-92.2026.6.00.0000;30/08/2026;#NULO#;DF;3;DF;3;30/08/2026;S;Por sorteio;202679;NUNES MARQUES;60;Juíz Auxiliar;12625;DR;DIREITO DE RESPOSTA;11593;Direito de Resposta;0;1;01/09/2026;Decisão;https://consultaunificadapje.tse.jus.br/#/public/resultado/0601768-92.2026.6.00.0000;2026-09-01;0;1;1
0601770-62.2026.6.00.0000|68788;01/10/2026;06:00:34;2026;0601770-62.2026.6.00.0000;DF;DF;3;3;68788;01/09/2026;RICARDO VILLAS BÔAS CUEVA;Decisão;01/10/2026;06:01:26;2026;0601770-62.2026.6.00.0000;30/08/2026;#NULO#;DF;3;DF;3;30/08/2026;S;Por sorteio;301846;RICARDO VILLAS BÔAS CUEVA;4;Ministro;12135;TutAntAnt;TUTELA ANTECIPADA ANTECEDENTE;11651;Pesquisa Eleitoral - Registro de Pesquisa Eleitoral;0;1;01/09/2026;Decisão;https://consultaunificadapje.tse.jus.br/#/public/resultado/0601770-62.2026.6.00.0000;2026-09-01;0;0;0
0600057-40.2026.6.22.0000|67896;01/10/2026;06:00:34;2026;0600057-40.2026.6.22.0000;DF;RO;2;3;67896;02/09/2026;FLORIANO DE AZEVEDO MARQUES;Decisão;01/10/2026;06:01:26;2026;0600057-40.2026.6.22.0000;19/08/2026;03/09/2026;RO;2;DF;3;19/08/2026;S;Por sorteio;233218;FLORIANO DE AZEVEDO MARQUES;13;Ministro;11550;RO-El;RECURSO ORDINÁRIO ELEITORAL;11591;Condição de Elegibilidade - Pleno Exercício dos Direitos Políticos;1;1;02/09/2026;Decisão;https://consultaunificadapje.tse.jus.br/#/public/resultado/0600057-40.2026.6.22.0000;2026-09-02;0;0;0
0600571-91.2026.6.04.0000|67802;01/10/2026;06:00:34;2026;0600571-91.2026.6.04.0000;DF;AM;2;3;67802;02/09/2026;DIAS TOFFOLI;Decisão;01/10/2026;06:01:26;2026;0600571-91.2026.6.04.0000;30/08/2026;08/09/2026;AM;2;DF;3;30/08/2026;S;Por sorteio;6276;DIAS TOFFOLI;3;Ministro;11549;REspEl;RECURSO ESPECIAL ELEITORAL;11616;Impugnação ao Registro de Candidatura;1;1;02/09/2026;Decisão;https://consultaunificadapje.tse.jus.br/#/public/resultado/0600571-91.2026.6.04.0000;2026-09-02;0;0;0
0601271-78.2026.6.00.0000|67414;01/10/2026;06:00:34;2026;0601271-78.2026.6.00.0000;DF;DF;3;3;67414;02/09/2026;FLORIANO DE AZEVEDO MARQUES;Decisão;01/10/2026;06:01:26;2026;0601271-78.2026.6.00.0000;16/07/2026;#NULO#;DF;3;DF;3;16/07/2026;S;Por sorteio;233218;FLORIANO DE AZEVEDO MARQUES;13;Ministro;241;PetCiv;PETIÇÃO CÍVEL;11765;Dissolução de Órgão de Direção Partidária;0;3;02/09/2026;Decisão;https://consultaunificadapje.tse.jus.br/#/public/resultado/0601271-78.2026.6.00.0000;2026-09-02;0;0;0
0601444-05.2026.6.00.0000|68493;01/10/2026;06:00:34;2026;0601444-05.2026.6.00.0000;DF;DF;3;3;68493;02/09/2026;DIAS TOFFOLI;Decisão;01/10/2026;06:01:26;2026;0601444-05.2026.6.00.0000;11/08/2026;#NULO#;DF;3;DF;3;11/08/2026;PD;Por dependência;6276;DIAS TOFFOLI;3;Ministro;11532;RCand;REGISTRO DE CANDIDATURA;11618;Registro de Candidatura - RRC - Candidato;0;6;16/09/2026;Acórdão;https://consultaunificadapje.tse.jus.br/#/public/resultado/0601444-05.2026.6.00.0000;2026-09-02;0;0;0
0601585-24.2026.6.00.0000|68628;01/10/2026;06:00:34;2026;0601585-24.2026.6.00.0000;DF;DF;3;3;68628;02/09/2026;ESTELA ARANHA;Decisão;01/10/2026;06:01:26;2026;0601585-24.2026.6.00.0000;15/08/2026;#NULO#;DF;3;DF;3;15/08/2026;PD;Por dependência;350140;ESTELA ARANHA;7;Ministro;11532;RCand;REGISTRO DE CANDIDATURA;11618;Registro de Candidatura - RRC - Candidato;0;3;14/09/2026;Decisão;https://consultaunificadapje.tse.jus.br/#/public/resultado/0601585-24.2026.6.00.0000;2026-09-02;0;0;0
0601586-09.2026.6.00.0000|68629;01/10/2026;06:00:34;2026;0601586-09.2026.6.00.0000;DF;DF;3;3;68629;02/09/2026;ESTELA ARANHA;Decisão;01/10/2026;06:01:26;2026;0601586-09.2026.6.00.0000;15/08/2026;#NULO#;DF;3;DF;3;15/08/2026;PD;Por dependência;350140;ESTELA ARANHA;7;Ministro;11532;RCand;REGISTRO DE CANDIDATURA;11616;Impugnação ao Registro de Candidatura;0;4;14/09/2026;Acórdão;https://consultaunificadapje.tse.jus.br/#/public/resultado/0601586-09.2026.6.00.0000;2026-09-02;0;0;0
0601763-70.2026.6.00.0000|68661;01/10/2026;06:00:34;2026;0601763-70.2026.6.00.0000;DF;DF;3;3;68661;02/09/2026;ESTELA ARANHA;Decisão;01/10/2026;06:01:26;2026;0601763-70.2026.6.00.0000;29/08/2026;#NULO#;DF;3;DF;3;30/08/2026;S;Por sorteio;350140;ESTELA ARANHA;59;Juíz Auxiliar;11541;Rp;REPRESENTAÇÃO;11671;Propaganda Política - Propaganda Eleitoral - Horário Eleitoral Gratuito/Inserções de Propaganda;0;2;14/09/2026;Acórdão;https://consultaunificadapje.tse.jus.br/#/public/resultado/0601763-70.2026.6.00.0000;2026-09-02;1;0;1
0601766-25.2026.6.00.0000|68663;01/10/2026;06:00:34;2026;0601766-25.2026.6.00.0000;DF;DF;3;3;68663;02/09/2026;ESTELA ARANHA;Decisão;01/10/2026;06:01:26;2026;0601766-25.2026.6.00.0000;30/08/2026;#NULO#;DF;3;DF;3;30/08/2026;S;Por sorteio;350140;ESTELA ARANHA;59;Juíz Auxiliar;12625;DR;DIREITO DE RESPOSTA;11634;Cargo - Presidente da República;0;2;11/09/2026;Acórdão;https://consultaunificadapje.tse.jus.br/#/public/resultado/0601766-25.2026.6.00.0000;2026-09-02;0;1;1
0601781-91.2026.6.00.0000|68332;01/10/2026;06:00:34;2026;0601781-91.2026.6.00.0000;DF;DF;3;3;68332;02/09/2026;ESTELA ARANHA;Decisão;01/10/2026;06:01:26;2026;0601781-91.2026.6.00.0000;31/08/2026;#NULO#;DF;3;DF;3;31/08/2026;S;Por sorteio;350140;ESTELA ARANHA;59;Juíz Auxiliar;12625;DR;DIREITO DE RESPOSTA;11593;Direito de Resposta;0;1;02/09/2026;Decisão;https://consultaunificadapje.tse.jus.br/#/public/resultado/0601781-91.2026.6.00.0000;2026-09-02;0;1;1
0601791-38.2026.6.00.0000|68028;01/10/2026;06:00:34;2026;0601791-38.2026.6.00.0000;DF;DF;3;3;68028;02/09/2026;RICARDO VILLAS BÔAS CUEVA;Decisão;01/10/2026;06:01:26;2026;0601791-38.2026.6.00.0000;01/09/2026;#NULO#;DF;3;DF;3;01/09/2026;S;Por sorteio;301846;RICARDO VILLAS BÔAS CUEVA;4;Ministro;12375;Rcl;RECLAMAÇÃO;60018;Mandado de Segurança;0;2;11/09/2026;Despacho;https://consultaunificadapje.tse.jus.br/#/public/resultado/0601791-38.2026.6.00.0000;2026-09-02;0;0;0
0600229-69.2026.6.08.0000|68415;01/10/2026;06:00:34;2026;0600229-69.2026.6.08.0000;DF;ES;2;3;68415;03/09/2026;ANDRÉ MENDONÇA;Decisão;01/10/2026;06:01:26;2026;0600229-69.2026.6.08.0000;30/08/2026;#NULO#;ES;2;DF;3;30/08/2026;S;Por sorteio;223256;ANDRÉ MENDONÇA;14;Ministro;11549;REspEl;RECURSO ESPECIAL ELEITORAL;11616;Impugnação ao Registro de Candidatura;1;1;03/09/2026;Decisão;https://consultaunificadapje.tse.jus.br/#/public/resultado/0600229-69.2026.6.08.0000;2026-09-03;0;0;0
0600942-43.2026.6.26.0000|68800;01/10/2026;06:00:34;2026;0600942-43.2026.6.26.0000;DF;SP;2;3;68800;03/09/2026;ANDRÉ MENDONÇA;Decisão;01/10/2026;06:01:26;2026;0600942-43.2026.6.26.0000;30/08/2026;#NULO#;SP;2;DF;3;30/08/2026;S;Por sorteio;223256;ANDRÉ MENDONÇA;14;Ministro;11549;REspEl;RECURSO ESPECIAL ELEITORAL;11618;Registro de Candidatura - RRC - Candidato;1;1;03/09/2026;Decisão;https://consultaunificadapje.tse.jus.br/#/public/resultado/0600942-43.2026.6.26.0000;2026-09-03;0;0;0
0601404-23.2026.6.00.0000|67680;01/10/2026;06:00:34;2026;0601404-23.2026.6.00.0000;DF;DF;3;3;67680;03/09/2026;ANDRÉ MENDONÇA;Acórdão;01/10/2026;06:01:26;2026;0601404-23.2026.6.00.0000;06/08/2026;06/09/2026;DF;3;DF;3;06/08/2026;PD;Por dependência;223256;ANDRÉ MENDONÇA;14;Ministro;11532;RCand;REGISTRO DE CANDIDATURA;11618;Registro de Candidatura - RRC - Candidato;0;4;03/09/2026;Acórdão;https://consultaunificadapje.tse.jus.br/#/public/resultado/0601404-23.2026.6.00.0000;2026-09-03;0;0;0
0601425-96.2026.6.00.0000|68099;01/10/2026;06:00:34;2026;0601425-96.2026.6.00.0000;DF;DF;3;3;68099;03/09/2026;ANDRÉ MENDONÇA;Acórdão;01/10/2026;06:01:26;2026;0601425-96.2026.6.00.0000;08/08/2026;06/09/2026;DF;3;DF;3;08/08/2026;PD;Por dependência;223256;ANDRÉ MENDONÇA;14;Ministro;11532;RCand;REGISTRO DE CANDIDATURA;11618;Registro de Candidatura - RRC - Candidato;0;2;03/09/2026;Acórdão;https://consultaunificadapje.tse.jus.br/#/public/resultado/0601425-96.2026.6.00.0000;2026-09-03;0;0;0
0601771-47.2026.6.00.0000|68852;01/10/2026;06:00:34;2026;0601771-47.2026.6.00.0000;DF;DF;3;3;68852;03/09/2026;ANDRÉ MENDONÇA;Decisão;01/10/2026;06:01:26;2026;0601771-47.2026.6.00.0000;30/08/2026;#NULO#;DF;3;DF;3;30/08/2026;S;Por sorteio;223256;ANDRÉ MENDONÇA;72;Juiz Auxiliar;11541;Rp;REPRESENTAÇÃO;11683;Propaganda Política - Propaganda Eleitoral - Truncagem, Montagem, Utilização de Gravação Externa, Computação Gráfica, Desenho Animado ou Efeito Especial;0;1;03/09/2026;Decisão;https://consultaunificadapje.tse.jus.br/#/public/resultado/0601771-47.2026.6.00.0000;2026-09-03;1;0;1
0601775-84.2026.6.00.0000|68406;01/10/2026;06:00:34;2026;0601775-84.2026.6.00.0000;DF;DF;3;3;68406;03/09/2026;ANDRÉ MENDONÇA;Decisão;01/10/2026;06:01:26;2026;0601775-84.2026.6.00.0000;30/08/2026;#NULO#;DF;3;DF;3;30/08/2026;S;Por sorteio;223256;ANDRÉ MENDONÇA;72;Juiz Auxiliar;11541;Rp;REPRESENTAÇÃO;11667;Propaganda Política - Propaganda Eleitoral - Extemporânea/Antecipada;0;4;29/09/2026;Despacho;https://consultaunificadapje.tse.jus.br/#/public/resultado/0601775-84.2026.6.00.0000;2026-09-03;1;0;1
0601778-39.2026.6.00.0000|67895;01/10/2026;06:00:34;2026;0601778-39.2026.6.00.0000;DF;DF;3;3;67895;03/09/2026;FLORIANO DE AZEVEDO MARQUES;Decisão;01/10/2026;06:01:26;2026;0601778-39.2026.6.00.0000;30/08/2026;11/09/2026;DF;3;DF;3;31/08/2026;PP;Por prevenção;233218;FLORIANO DE AZEVEDO MARQUES;13;Ministro;120;MSCiv;MANDADO DE SEGURANÇA CÍVEL;11592;Condição de Elegibilidade - Quitação Eleitoral;0;1;03/09/2026;Decisão;https://consultaunificadapje.tse.jus.br/#/public/resultado/0601778-39.2026.6.00.0000;2026-09-03;0;0;0
0601803-52.2026.6.00.0000|67743;01/10/2026;06:00:34;2026;0601803-52.2026.6.00.0000;DF;DF;3;3;67743;03/09/2026;ANDRÉ MENDONÇA;Decisão;01/10/2026;06:01:26;2026;0601803-52.2026.6.00.0000;01/09/2026;#NULO#;DF;3;DF;3;01/09/2026;S;Por sorteio;223256;ANDRÉ MENDONÇA;72;Juiz Auxiliar;11541;Rp;REPRESENTAÇÃO;12638;Propaganda Política - Propaganda Eleitoral - Impulsionamento;0;1;03/09/2026;Decisão;https://consultaunificadapje.tse.jus.br/#/public/resultado/0601803-52.2026.6.00.0000;2026-09-03;1;0;1
0601805-22.2026.6.00.0000|67742;01/10/2026;06:00:34;2026;0601805-22.2026.6.00.0000;DF;DF;3;3;67742;03/09/2026;ANDRÉ MENDONÇA;Decisão;01/10/2026;06:01:26;2026;0601805-22.2026.6.00.0000;01/09/2026;#NULO#;DF;3;DF;3;01/09/2026;S;Por sorteio;223256;ANDRÉ MENDONÇA;72;Juiz Auxiliar;12625;DR;DIREITO DE RESPOSTA;11593;Direito de Resposta;0;1;03/09/2026;Decisão;https://consultaunificadapje.tse.jus.br/#/public/resultado/0601805-22.2026.6.00.0000;2026-09-03;0;1;1
0601811-29.2026.6.00.0000|68850;01/10/2026;06:00:34;2026;0601811-29.2026.6.00.0000;DF;DF;3;3;68850;03/09/2026;ANDRÉ MENDONÇA;Decisão;01/10/2026;06:01:26;2026;0601811-29.2026.6.00.0000;01/09/2026;#NULO#;DF;3;DF;3;01/09/2026;S;Por sorteio;223256;ANDRÉ MENDONÇA;72;Juiz Auxiliar;11541;Rp;REPRESENTAÇÃO;11680;Propaganda Política - Propaganda Eleitoral - Omissão de Informações Obrigatórias;0;1;03/09/2026;Decisão;https://consultaunificadapje.tse.jus.br/#/public/resultado/0601811-29.2026.6.00.0000;2026-09-03;1;0;1
0601823-43.2026.6.00.0000|68851;01/10/2026;06:00:34;2026;0601823-43.2026.6.00.0000;DF;DF;3;3;68851;03/09/2026;ANDRÉ MENDONÇA;Decisão;01/10/2026;06:01:26;2026;0601823-43.2026.6.00.0000;02/09/2026;#NULO#;DF;3;DF;3;02/09/2026;S;Por sorteio;223256;ANDRÉ MENDONÇA;72;Juiz Auxiliar;11541;Rp;REPRESENTAÇÃO;11651;Pesquisa Eleitoral - Registro de Pesquisa Eleitoral;0;1;03/09/2026;Decisão;https://consultaunificadapje.tse.jus.br/#/public/resultado/0601823-43.2026.6.00.0000;2026-09-03;0;0;0
0601833-87.2026.6.00.0000|68089;01/10/2026;06:00:34;2026;0601833-87.2026.6.00.0000;DF;DF;3;3;68089;03/09/2026;ANDRÉ MENDONÇA;Decisão;01/10/2026;06:01:26;2026;0601833-87.2026.6.00.0000;02/09/2026;#NULO#;DF;3;DF;3;02/09/2026;S;Por sorteio;223256;ANDRÉ MENDONÇA;72;Juiz Auxiliar;12625;DR;DIREITO DE RESPOSTA;11593;Direito de Resposta;0;4;23/09/2026;Despacho;https://consultaunificadapje.tse.jus.br/#/public/resultado/0601833-87.2026.6.00.0000;2026-09-03;0;1;1
0601834-72.2026.6.00.0000|68088;01/10/2026;06:00:34;2026;0601834-72.2026.6.00.0000;DF;DF;3;3;68088;03/09/2026;ANDRÉ MENDONÇA;Decisão;01/10/2026;06:01:26;2026;0601834-72.2026.6.00.0000;02/09/2026;#NULO#;DF;3;DF;3;02/09/2026;S;Por sorteio;223256;ANDRÉ MENDONÇA;72;Juiz Auxiliar;12625;DR;DIREITO DE RESPOSTA;11593;Direito de Resposta;0;1;03/09/2026;Decisão;https://consultaunificadapje.tse.jus.br/#/public/resultado/0601834-72.2026.6.00.0000;2026-09-03;0;1;1
0601836-42.2026.6.00.0000|68090;01/10/2026;06:00:34;2026;0601836-42.2026.6.00.0000;DF;DF;3;3;68090;03/09/2026;ANDRÉ MENDONÇA;Decisão;01/10/2026;06:01:26;2026;0601836-42.2026.6.00.0000;02/09/2026;#NULO#;DF;3;DF;3;02/09/2026;S;Por sorteio;223256;ANDRÉ MENDONÇA;72;Juiz Auxiliar;12625;DR;DIREITO DE RESPOSTA;11593;Direito de Resposta;0;1;03/09/2026;Decisão;https://consultaunificadapje.tse.jus.br/#/public/resultado/0601836-42.2026.6.00.0000;2026-09-03;0;1;1
0601839-94.2026.6.00.0000|68849;01/10/2026;06:00:34;2026;0601839-94.2026.6.00.0000;DF;DF;3;3;68849;03/09/2026;ANDRÉ MENDONÇA;Decisão;01/10/2026;06:01:26;2026;0601839-94.2026.6.00.0000;02/09/2026;#NULO#;DF;3;DF;3;02/09/2026;S;Por sorteio;223256;ANDRÉ MENDONÇA;72;Juiz Auxiliar;12625;DR;DIREITO DE RESPOSTA;11593;Direito de Resposta;0;1;03/09/2026;Decisão;https://consultaunificadapje.tse.jus.br/#/public/resultado/0601839-94.2026.6.00.0000;2026-09-03;0;1;1
0601844-19.2026.6.00.0000|68857;01/10/2026;06:00:34;2026;0601844-19.2026.6.00.0000;DF;DF;3;3;68857;03/09/2026;ANDRÉ MENDONÇA;Decisão;01/10/2026;06:01:26;2026;0601844-19.2026.6.00.0000;02/09/2026;#NULO#;DF;3;DF;3;02/09/2026;S;Por sorteio;223256;ANDRÉ MENDONÇA;72;Juiz Auxiliar;12625;DR;DIREITO DE RESPOSTA;11593;Direito de Resposta;0;1;03/09/2026;Decisão;https://consultaunificadapje.tse.jus.br/#/public/resultado/0601844-19.2026.6.00.0000;2026-09-03;0;1;1
0601853-78.2026.6.00.0000|67683;01/10/2026;06:00:34;2026;0601853-78.2026.6.00.0000;DF;DF;3;3;67683;03/09/2026;ANDRÉ MENDONÇA;Decisão;01/10/2026;06:01:26;2026;0601853-78.2026.6.00.0000;03/09/2026;08/09/2026;DF;3;DF;3;03/09/2026;S;Por sorteio;223256;ANDRÉ MENDONÇA;14;Ministro;120;MSCiv;MANDADO DE SEGURANÇA CÍVEL;11778;Requerimento;0;1;03/09/2026;Decisão;https://consultaunificadapje.tse.jus.br/#/public/resultado/0601853-78.2026.6.00.0000;2026-09-03;0;0;0
0600478-95.2026.6.16.0000|68207;01/10/2026;06:00:34;2026;0600478-95.2026.6.16.0000;DF;PR;2;3;68207;04/09/2026;NUNES MARQUES;Acórdão;01/10/2026;06:01:26;2026;0600478-95.2026.6.16.0000;13/08/2026;29/09/2026;PR;2;DF;3;13/08/2026;S;Por sorteio;202679;NUNES MARQUES;78;Ministro;1298;PA;PROCESSO ADMINISTRATIVO;11563;Afastamento de Magistrado;1;1;04/09/2026;Acórdão;https://consultaunificadapje.tse.jus.br/#/public/resultado/0600478-95.2026.6.16.0000;2026-09-04;0;0;0
0600639-56.2026.6.25.0000|67801;01/10/2026;06:00:34;2026;0600639-56.2026.6.25.0000;DF;SE;2;3;67801;04/09/2026;DIAS TOFFOLI;Decisão;01/10/2026;06:01:26;2026;0600639-56.2026.6.25.0000;02/09/2026;27/09/2026;SE;2;DF;3;02/09/2026;S;Por sorteio;6276;DIAS TOFFOLI;3;Ministro;11549;REspEl;RECURSO ESPECIAL ELEITORAL;12044;Registro de Candidatura - DRAP Partido/Coligação;1;2;25/09/2026;Acórdão;https://consultaunificadapje.tse.jus.br/#/public/resultado/0600639-56.2026.6.25.0000;2026-09-04;0;0;0
0601367-93.2026.6.00.0000|67848;01/10/2026;06:00:34;2026;0601367-93.2026.6.00.0000;DF;DF;3;3;67848;04/09/2026;NUNES MARQUES;Decisão;01/10/2026;06:01:26;2026;0601367-93.2026.6.00.0000;04/08/2026;08/09/2026;DF;3;DF;3;04/08/2026;S;Por sorteio;202679;NUNES MARQUES;78;Ministro;241;PetCiv;PETIÇÃO CÍVEL;12362;Autorização de Divulgação de Publicidade Institucional;0;2;04/09/2026;Decisão;https://consultaunificadapje.tse.jus.br/#/public/resultado/0601367-93.2026.6.00.0000;2026-09-04;0;0;0
0601393-91.2026.6.00.0000|68208;01/10/2026;06:00:34;2026;0601393-91.2026.6.00.0000;DF;DF;3;3;68208;04/09/2026;NUNES MARQUES;Acórdão;01/10/2026;06:01:26;2026;0601393-91.2026.6.00.0000;05/08/2026;09/09/2026;DF;3;DF;3;05/08/2026;S;Por sorteio;202679;NUNES MARQUES;78;Ministro;1298;PA;PROCESSO ADMINISTRATIVO;11573;Requisição de Força Federal;0;1;04/09/2026;Acórdão;https://consultaunificadapje.tse.jus.br/#/public/resultado/0601393-91.2026.6.00.0000;2026-09-04;0;0;0
0601397-31.2026.6.00.0000|68858;01/10/2026;06:00:34;2026;0601397-31.2026.6.00.0000;DF;DF;3;3;68858;04/09/2026;ANDRÉ MENDONÇA;Acórdão;01/10/2026;06:01:26;2026;0601397-31.2026.6.00.0000;06/08/2026;06/09/2026;DF;3;DF;3;06/08/2026;S;Por sorteio;223256;ANDRÉ MENDONÇA;14;Ministro;11532;RCand;REGISTRO DE CANDIDATURA;12044;Registro de Candidatura - DRAP Partido/Coligação;0;2;04/09/2026;Acórdão;https://consultaunificadapje.tse.jus.br/#/public/resultado/0601397-31.2026.6.00.0000;2026-09-04;0;0;0
0601399-98.2026.6.00.0000|68100;01/10/2026;06:00:34;2026;0601399-98.2026.6.00.0000;DF;DF;3;3;68100;04/09/2026;ANDRÉ MENDONÇA;Acórdão;01/10/2026;06:01:26;2026;0601399-98.2026.6.00.0000;06/08/2026;06/09/2026;DF;3;DF;3;06/08/2026;PD;Por dependência;223256;ANDRÉ MENDONÇA;14;Ministro;11532;RCand;REGISTRO DE CANDIDATURA;11618;Registro de Candidatura - RRC - Candidato;0;3;04/09/2026;Acórdão;https://consultaunificadapje.tse.jus.br/#/public/resultado/0601399-98.2026.6.00.0000;2026-09-04;0;0;0
0601402-53.2026.6.00.0000|68419;01/10/2026;06:00:34;2026;0601402-53.2026.6.00.0000;DF;DF;3;3;68419;04/09/2026;ANDRÉ MENDONÇA;Acórdão;01/10/2026;06:01:26;2026;0601402-53.2026.6.00.0000;06/08/2026;06/09/2026;DF;3;DF;3;06/08/2026;S;Por sorteio;223256;ANDRÉ MENDONÇA;14;Ministro;11532;RCand;REGISTRO DE CANDIDATURA;12044;Registro de Candidatura - DRAP Partido/Coligação;0;2;04/09/2026;Acórdão;https://consultaunificadapje.tse.jus.br/#/public/resultado/0601402-53.2026.6.00.0000;2026-09-04;0;0;0
0601403-38.2026.6.00.0000|68420;01/10/2026;06:00:34;2026;0601403-38.2026.6.00.0000;DF;DF;3;3;68420;04/09/2026;ANDRÉ MENDONÇA;Acórdão;01/10/2026;06:01:26;2026;0601403-38.2026.6.00.0000;06/08/2026;06/09/2026;DF;3;DF;3;06/08/2026;PD;Por dependência;223256;ANDRÉ MENDONÇA;14;Ministro;11532;RCand;REGISTRO DE CANDIDATURA;11618;Registro de Candidatura - RRC - Candidato;0;2;04/09/2026;Acórdão;https://consultaunificadapje.tse.jus.br/#/public/resultado/0601403-38.2026.6.00.0000;2026-09-04;0;0;0
0601419-89.2026.6.00.0000|68859;01/10/2026;06:00:34;2026;0601419-89.2026.6.00.0000;DF;DF;3;3;68859;04/09/2026;ANDRÉ MENDONÇA;Acórdão;01/10/2026;06:01:26;2026;0601419-89.2026.6.00.0000;07/08/2026;06/09/2026;DF;3;DF;3;07/08/2026;PD;Por dependência;223256;ANDRÉ MENDONÇA;14;Ministro;11532;RCand;REGISTRO DE CANDIDATURA;11618;Registro de Candidatura - RRC - Candidato;0;2;04/09/2026;Acórdão;https://consultaunificadapje.tse.jus.br/#/public/resultado/0601419-89.2026.6.00.0000;2026-09-04;0;0;0
0601424-14.2026.6.00.0000|68421;01/10/2026;06:00:34;2026;0601424-14.2026.6.00.0000;DF;DF;3;3;68421;04/09/2026;ANDRÉ MENDONÇA;Acórdão;01/10/2026;06:01:26;2026;0601424-14.2026.6.00.0000;08/08/2026;06/09/2026;DF;3;DF;3;08/08/2026;S;Por sorteio;223256;ANDRÉ MENDONÇA;14;Ministro;11532;RCand;REGISTRO DE CANDIDATURA;12044;Registro de Candidatura - DRAP Partido/Coligação;0;2;04/09/2026;Acórdão;https://consultaunificadapje.tse.jus.br/#/public/resultado/0601424-14.2026.6.00.0000;2026-09-04;0;0;0
0601442-35.2026.6.00.0000|69206;01/10/2026;06:00:34;2026;0601442-35.2026.6.00.0000;DF;DF;3;3;69206;04/09/2026;DIAS TOFFOLI;Decisão;01/10/2026;06:01:26;2026;0601442-35.2026.6.00.0000;11/08/2026;#NULO#;DF;3;DF;3;11/08/2026;S;Por sorteio;6276;DIAS TOFFOLI;3;Ministro;11532;RCand;REGISTRO DE CANDIDATURA;12044;Registro de Candidatura - DRAP Partido/Coligação;0;4;16/09/2026;Acórdão;https://consultaunificadapje.tse.jus.br/#/public/resultado/0601442-35.2026.6.00.0000;2026-09-04;0;0;0
0601443-20.2026.6.00.0000|68494;01/10/2026;06:00:34;2026;0601443-20.2026.6.00.0000;DF;DF;3;3;68494;04/09/2026;DIAS TOFFOLI;Decisão;01/10/2026;06:01:26;2026;0601443-20.2026.6.00.0000;11/08/2026;#NULO#;DF;3;DF;3;11/08/2026;PD;Por dependência;6276;DIAS TOFFOLI;3;Ministro;11532;RCand;REGISTRO DE CANDIDATURA;11618;Registro de Candidatura - RRC - Candidato;0;4;16/09/2026;Acórdão;https://consultaunificadapje.tse.jus.br/#/public/resultado/0601443-20.2026.6.00.0000;2026-09-04;0;0;0
0601554-04.2026.6.00.0000|67346;01/10/2026;06:00:34;2026;0601554-04.2026.6.00.0000;DF;DF;3;3;67346;04/09/2026;NUNES MARQUES;Decisão;01/10/2026;06:01:26;2026;0601554-04.2026.6.00.0000;14/08/2026;08/09/2026;DF;3;DF;3;14/08/2026;S;Por sorteio;202679;NUNES MARQUES;78;Ministro;241;PetCiv;PETIÇÃO CÍVEL;12362;Autorização de Divulgação de Publicidade Institucional;0;2;04/09/2026;Decisão;https://consultaunificadapje.tse.jus.br/#/public/resultado/0601554-04.2026.6.00.0000;2026-09-04;0;0;0
0601715-14.2026.6.00.0000|68531;01/10/2026;06:00:34;2026;0601715-14.2026.6.00.0000;DF;DF;3;3;68531;04/09/2026;NUNES MARQUES;Decisão;01/10/2026;06:01:26;2026;0601715-14.2026.6.00.0000;25/08/2026;09/09/2026;DF;3;DF;3;25/08/2026;S;Por sorteio;202679;NUNES MARQUES;78;Ministro;241;PetCiv;PETIÇÃO CÍVEL;12362;Autorização de Divulgação de Publicidade Institucional;0;1;04/09/2026;Decisão;https://consultaunificadapje.tse.jus.br/#/public/resultado/0601715-14.2026.6.00.0000;2026-09-04;0;0;0
0601746-34.2026.6.00.0000|68418;01/10/2026;06:00:34;2026;0601746-34.2026.6.00.0000;DF;DF;3;3;68418;04/09/2026;ANDRÉ MENDONÇA;Decisão;01/10/2026;06:01:26;2026;0601746-34.2026.6.00.0000;28/08/2026;14/09/2026;DF;3;DF;3;28/08/2026;PD;Por dependência;223256;ANDRÉ MENDONÇA;14;Ministro;241;PetCiv;PETIÇÃO CÍVEL;15591;Fundo Especial de Financiamento de Campanha (FEFC);0;2;04/09/2026;Decisão;https://consultaunificadapje.tse.jus.br/#/public/resultado/0601746-34.2026.6.00.0000;2026-09-04;0;0;0
0601794-90.2026.6.00.0000|67797;01/10/2026;06:00:34;2026;0601794-90.2026.6.00.0000;DF;DF;3;3;67797;04/09/2026;ANTONIO CARLOS FERREIRA;Decisão;01/10/2026;06:01:26;2026;0601794-90.2026.6.00.0000;01/09/2026;10/09/2026;DF;3;DF;3;01/09/2026;S;Por sorteio;285510;ANTONIO CARLOS FERREIRA;11;Ministro;120;MSCiv;MANDADO DE SEGURANÇA CÍVEL;11618;Registro de Candidatura - RRC - Candidato;0;1;04/09/2026;Decisão;https://consultaunificadapje.tse.jus.br/#/public/resultado/0601794-90.2026.6.00.0000;2026-09-04;0;0;0
0601858-03.2026.6.00.0000|67927;01/10/2026;06:00:34;2026;0601858-03.2026.6.00.0000;DF;DF;3;3;67927;04/09/2026;NUNES MARQUES;Decisão;01/10/2026;06:01:26;2026;0601858-03.2026.6.00.0000;04/09/2026;09/09/2026;DF;3;DF;3;04/09/2026;S;Por sorteio;202679;NUNES MARQUES;78;Ministro;241;PetCiv;PETIÇÃO CÍVEL;12362;Autorização de Divulgação de Publicidade Institucional;0;1;04/09/2026;Decisão;https://consultaunificadapje.tse.jus.br/#/public/resultado/0601858-03.2026.6.00.0000;2026-09-04;0;0;0
0601426-81.2026.6.00.0000|67687;01/10/2026;06:00:34;2026;0601426-81.2026.6.00.0000;DF;DF;3;3;67687;06/09/2026;ANDRÉ MENDONÇA;Acórdão;01/10/2026;06:01:26;2026;0601426-81.2026.6.00.0000;08/08/2026;#NULO#;DF;3;DF;3;08/08/2026;PD;Por dependência;223256;ANDRÉ MENDONÇA;14;Ministro;11532;RCand;REGISTRO DE CANDIDATURA;11618;Registro de Candidatura - RRC - Candidato;0;5;06/09/2026;Acórdão;https://consultaunificadapje.tse.jus.br/#/public/resultado/0601426-81.2026.6.00.0000;2026-09-06;0;0;0
0601867-62.2026.6.00.0000|68801;01/10/2026;06:00:34;2026;0601867-62.2026.6.00.0000;DF;DF;3;3;68801;06/09/2026;ANDRÉ MENDONÇA;Decisão;01/10/2026;06:01:26;2026;0601867-62.2026.6.00.0000;04/09/2026;#NULO#;DF;3;DF;3;04/09/2026;S;Por sorteio;223256;ANDRÉ MENDONÇA;14;Ministro;12134;TutCautAnt;TUTELA CAUTELAR ANTECEDENTE;11778;Requerimento;0;1;06/09/2026;Decisão;https://consultaunificadapje.tse.jus.br/#/public/resultado/0601867-62.2026.6.00.0000;2026-09-06;0;0;0
0600099-74.2026.6.01.0000|67799;01/10/2026;06:00:34;2026;0600099-74.2026.6.01.0000;DF;AC;2;3;67799;07/09/2026;DIAS TOFFOLI;Decisão;01/10/2026;06:01:26;2026;0600099-74.2026.6.01.0000;28/08/2026;#NULO#;AC;2;DF;3;28/08/2026;S;Por sorteio;6276;DIAS TOFFOLI;3;Ministro;11549;REspEl;RECURSO ESPECIAL ELEITORAL;11667;Propaganda Política - Propaganda Eleitoral - Extemporânea/Antecipada;1;1;07/09/2026;Decisão;https://consultaunificadapje.tse.jus.br/#/public/resultado/0600099-74.2026.6.01.0000;2026-09-07;1;0;1
0601728-13.2026.6.00.0000|67780;01/10/2026;06:00:34;2026;0601728-13.2026.6.00.0000;DF;DF;3;3;67780;07/09/2026;ANTONIO CARLOS FERREIRA;Decisão;01/10/2026;06:01:26;2026;0601728-13.2026.6.00.0000;26/08/2026;25/09/2026;DF;3;DF;3;26/08/2026;S;Por sorteio;285510;ANTONIO CARLOS FERREIRA;11;Ministro;272;RpCrNotCrim;REPRESENTAÇÃO CRIMINAL/NOTÍCIA DE CRIME;11490;Impedimento do Exercício da Propaganda;0;1;07/09/2026;Decisão;https://consultaunificadapje.tse.jus.br/#/public/resultado/0601728-13.2026.6.00.0000;2026-09-07;0;0;0
0601757-63.2026.6.00.0000|67944;01/10/2026;06:00:34;2026;0601757-63.2026.6.00.0000;DF;DF;3;3;67944;07/09/2026;ANTONIO CARLOS FERREIRA;Decisão;01/10/2026;06:01:26;2026;0601757-63.2026.6.00.0000;29/08/2026;#NULO#;DF;3;DF;3;29/08/2026;S;Por sorteio;285510;ANTONIO CARLOS FERREIRA;42;Ministro;11527;AIJE;AÇÃO DE INVESTIGAÇÃO JUDICIAL ELEITORAL;11718;Abuso - De Poder Econômico;0;1;07/09/2026;Decisão;https://consultaunificadapje.tse.jus.br/#/public/resultado/0601757-63.2026.6.00.0000;2026-09-07;0;0;0
0601873-69.2026.6.00.0000|68589;01/10/2026;06:00:34;2026;0601873-69.2026.6.00.0000;DF;DF;3;3;68589;07/09/2026;FLORIANO DE AZEVEDO MARQUES;Decisão;01/10/2026;06:01:26;2026;0601873-69.2026.6.00.0000;06/09/2026;27/09/2026;DF;3;DF;3;06/09/2026;S;Por sorteio;233218;FLORIANO DE AZEVEDO MARQUES;13;Ministro;120;MSCiv;MANDADO DE SEGURANÇA CÍVEL;11593;Direito de Resposta;0;2;25/09/2026;Acórdão;https://consultaunificadapje.tse.jus.br/#/public/resultado/0601873-69.2026.6.00.0000;2026-09-07;0;0;0
0602670-82.2026.6.13.0000|68175;01/10/2026;06:00:34;2026;0602670-82.2026.6.13.0000;DF;MG;2;3;68175;07/09/2026;DIAS TOFFOLI;Decisão;01/10/2026;06:01:26;2026;0602670-82.2026.6.13.0000;27/08/2026;#NULO#;MG;2;DF;3;27/08/2026;S;Por sorteio;6276;DIAS TOFFOLI;3;Ministro;11550;RO-El;RECURSO ORDINÁRIO ELEITORAL;60018;Mandado de Segurança;1;1;07/09/2026;Decisão;https://consultaunificadapje.tse.jus.br/#/public/resultado/0602670-82.2026.6.13.0000;2026-09-07;0;0;0
0601064-56.2026.6.26.0000|67795;01/10/2026;06:00:34;2026;0601064-56.2026.6.26.0000;DF;SP;2;3;67795;08/09/2026;ANTONIO CARLOS FERREIRA;Decisão;01/10/2026;06:01:26;2026;0601064-56.2026.6.26.0000;04/09/2026;#NULO#;SP;2;DF;3;04/09/2026;S;Por sorteio;285510;ANTONIO CARLOS FERREIRA;11;Ministro;11549;REspEl;RECURSO ESPECIAL ELEITORAL;11616;Impugnação ao Registro de Candidatura;1;2;30/09/2026;Acórdão;https://consultaunificadapje.tse.jus.br/#/public/resultado/0601064-56.2026.6.26.0000;2026-09-08;0;0;0
0601398-16.2026.6.00.0000|68413;01/10/2026;06:00:34;2026;0601398-16.2026.6.00.0000;DF;DF;3;3;68413;08/09/2026;ANDRÉ MENDONÇA;Acórdão;01/10/2026;06:01:26;2026;0601398-16.2026.6.00.0000;06/08/2026;#NULO#;DF;3;DF;3;06/08/2026;PD;Por dependência;223256;ANDRÉ MENDONÇA;14;Ministro;11532;RCand;REGISTRO DE CANDIDATURA;11618;Registro de Candidatura - RRC - Candidato;0;2;08/09/2026;Acórdão;https://consultaunificadapje.tse.jus.br/#/public/resultado/0601398-16.2026.6.00.0000;2026-09-08;0;0;0
0601418-07.2026.6.00.0000|67942;01/10/2026;06:00:34;2026;0601418-07.2026.6.00.0000;DF;DF;3;3;67942;08/09/2026;ANDRÉ MENDONÇA;Acórdão;01/10/2026;06:01:26;2026;0601418-07.2026.6.00.0000;07/08/2026;#NULO#;DF;3;DF;3;07/08/2026;S;Por sorteio;223256;ANDRÉ MENDONÇA;14;Ministro;11532;RCand;REGISTRO DE CANDIDATURA;12044;Registro de Candidatura - DRAP Partido/Coligação;0;2;08/09/2026;Acórdão;https://consultaunificadapje.tse.jus.br/#/public/resultado/0601418-07.2026.6.00.0000;2026-09-08;0;0;0
0601420-74.2026.6.00.0000|68302;01/10/2026;06:00:34;2026;0601420-74.2026.6.00.0000;DF;DF;3;3;68302;08/09/2026;ANDRÉ MENDONÇA;Acórdão;01/10/2026;06:01:26;2026;0601420-74.2026.6.00.0000;07/08/2026;#NULO#;DF;3;DF;3;07/08/2026;PD;Por dependência;223256;ANDRÉ MENDONÇA;14;Ministro;11532;RCand;REGISTRO DE CANDIDATURA;11618;Registro de Candidatura - RRC - Candidato;0;3;08/09/2026;Acórdão;https://consultaunificadapje.tse.jus.br/#/public/resultado/0601420-74.2026.6.00.0000;2026-09-08;0;0;0
0601532-43.2026.6.00.0000|67661;01/10/2026;06:00:34;2026;0601532-43.2026.6.00.0000;DF;DF;3;3;67661;09/09/2026;ESTELA ARANHA;Acórdão;01/10/2026;06:01:26;2026;0601532-43.2026.6.00.0000;13/08/2026;#NULO#;DF;3;DF;3;13/08/2026;S;Por sorteio;350140;ESTELA ARANHA;7;Ministro;11532;RCand;REGISTRO DE CANDIDATURA;12044;Registro de Candidatura - DRAP Partido/Coligação;0;2;09/09/2026;Acórdão;https://consultaunificadapje.tse.jus.br/#/public/resultado/0601532-43.2026.6.00.0000;2026-09-09;0;0;0
0601533-28.2026.6.00.0000|68630;01/10/2026;06:00:34;2026;0601533-28.2026.6.00.0000;DF;DF;3;3;68630;09/09/2026;ESTELA ARANHA;Acórdão;01/10/2026;06:01:26;2026;0601533-28.2026.6.00.0000;13/08/2026;#NULO#;DF;3;DF;3;13/08/2026;PD;Por dependência;350140;ESTELA ARANHA;7;Ministro;11532;RCand;REGISTRO DE CANDIDATURA;11618;Registro de Candidatura - RRC - Candidato;0;2;09/09/2026;Acórdão;https://consultaunificadapje.tse.jus.br/#/public/resultado/0601533-28.2026.6.00.0000;2026-09-09;0;0;0
0601545-42.2026.6.00.0000|68616;01/10/2026;06:00:34;2026;0601545-42.2026.6.00.0000;DF;DF;3;3;68616;09/09/2026;ESTELA ARANHA;Acórdão;01/10/2026;06:01:26;2026;0601545-42.2026.6.00.0000;14/08/2026;#NULO#;DF;3;DF;3;14/08/2026;S;Por sorteio;350140;ESTELA ARANHA;7;Ministro;11532;RCand;REGISTRO DE CANDIDATURA;12044;Registro de Candidatura - DRAP Partido/Coligação;0;2;09/09/2026;Acórdão;https://consultaunificadapje.tse.jus.br/#/public/resultado/0601545-42.2026.6.00.0000;2026-09-09;0;0;0
0601546-27.2026.6.00.0000|68631;01/10/2026;06:00:34;2026;0601546-27.2026.6.00.0000;DF;DF;3;3;68631;09/09/2026;ESTELA ARANHA;Acórdão;01/10/2026;06:01:26;2026;0601546-27.2026.6.00.0000;14/08/2026;#NULO#;DF;3;DF;3;14/08/2026;PD;Por dependência;350140;ESTELA ARANHA;7;Ministro;11532;RCand;REGISTRO DE CANDIDATURA;11618;Registro de Candidatura - RRC - Candidato;0;2;09/09/2026;Acórdão;https://consultaunificadapje.tse.jus.br/#/public/resultado/0601546-27.2026.6.00.0000;2026-09-09;0;0;0
0601547-12.2026.6.00.0000|68774;01/10/2026;06:00:34;2026;0601547-12.2026.6.00.0000;DF;DF;3;3;68774;09/09/2026;ESTELA ARANHA;Acórdão;01/10/2026;06:01:26;2026;0601547-12.2026.6.00.0000;14/08/2026;#NULO#;DF;3;DF;3;14/08/2026;PD;Por dependência;350140;ESTELA ARANHA;7;Ministro;11532;RCand;REGISTRO DE CANDIDATURA;11618;Registro de Candidatura - RRC - Candidato;0;2;09/09/2026;Acórdão;https://consultaunificadapje.tse.jus.br/#/public/resultado/0601547-12.2026.6.00.0000;2026-09-09;0;0;0
0601756-78.2026.6.00.0000|68423;01/10/2026;06:00:34;2026;0601756-78.2026.6.00.0000;DF;DF;3;3;68423;09/09/2026;ANDRÉ MENDONÇA;Decisão;01/10/2026;06:01:26;2026;0601756-78.2026.6.00.0000;29/08/2026;#NULO#;DF;3;DF;3;29/08/2026;S;Por sorteio;223256;ANDRÉ MENDONÇA;72;Juiz Auxiliar;11541;Rp;REPRESENTAÇÃO;15429;Propaganda Política - Propaganda Eleitoral - Uso de Inteligência Artificial;0;1;09/09/2026;Decisão;https://consultaunificadapje.tse.jus.br/#/public/resultado/0601756-78.2026.6.00.0000;2026-09-09;1;0;1
0601802-67.2026.6.00.0000|67345;01/10/2026;06:00:34;2026;0601802-67.2026.6.00.0000;DF;DF;3;3;67345;09/09/2026;NUNES MARQUES;Decisão;01/10/2026;06:01:26;2026;0601802-67.2026.6.00.0000;01/09/2026;13/09/2026;DF;3;DF;3;01/09/2026;S;Por sorteio;202679;NUNES MARQUES;78;Ministro;241;PetCiv;PETIÇÃO CÍVEL;12362;Autorização de Divulgação de Publicidade Institucional;0;1;09/09/2026;Decisão;https://consultaunificadapje.tse.jus.br/#/public/resultado/0601802-67.2026.6.00.0000;2026-09-09;0;0;0
0601842-49.2026.6.00.0000|67747;01/10/2026;06:00:34;2026;0601842-49.2026.6.00.0000;DF;DF;3;3;67747;09/09/2026;ANDRÉ MENDONÇA;Decisão;01/10/2026;06:01:26;2026;0601842-49.2026.6.00.0000;02/09/2026;#NULO#;DF;3;DF;3;02/09/2026;S;Por sorteio;223256;ANDRÉ MENDONÇA;72;Juiz Auxiliar;12625;DR;DIREITO DE RESPOSTA;11593;Direito de Resposta;0;2;09/09/2026;Decisão;https://consultaunificadapje.tse.jus.br/#/public/resultado/0601842-49.2026.6.00.0000;2026-09-09;0;1;1
0601847-71.2026.6.00.0000|68102;01/10/2026;06:00:34;2026;0601847-71.2026.6.00.0000;DF;DF;3;3;68102;09/09/2026;ANDRÉ MENDONÇA;Decisão;01/10/2026;06:01:26;2026;0601847-71.2026.6.00.0000;02/09/2026;#NULO#;DF;3;DF;3;02/09/2026;S;Por sorteio;223256;ANDRÉ MENDONÇA;72;Juiz Auxiliar;12625;DR;DIREITO DE RESPOSTA;11593;Direito de Resposta;0;1;09/09/2026;Decisão;https://consultaunificadapje.tse.jus.br/#/public/resultado/0601847-71.2026.6.00.0000;2026-09-09;0;1;1
0601857-18.2026.6.00.0000|68787;01/10/2026;06:00:34;2026;0601857-18.2026.6.00.0000;DF;DF;3;3;68787;09/09/2026;RICARDO VILLAS BÔAS CUEVA;Decisão;01/10/2026;06:01:26;2026;0601857-18.2026.6.00.0000;04/09/2026;#NULO#;DF;3;DF;3;04/09/2026;S;Por sorteio;301846;RICARDO VILLAS BÔAS CUEVA;4;Ministro;12134;TutCautAnt;TUTELA CAUTELAR ANTECEDENTE;11616;Impugnação ao Registro de Candidatura;0;1;09/09/2026;Decisão;https://consultaunificadapje.tse.jus.br/#/public/resultado/0601857-18.2026.6.00.0000;2026-09-09;0;0;0
0601864-10.2026.6.00.0000|67748;01/10/2026;06:00:34;2026;0601864-10.2026.6.00.0000;DF;DF;3;3;67748;09/09/2026;ANDRÉ MENDONÇA;Decisão;01/10/2026;06:01:26;2026;0601864-10.2026.6.00.0000;04/09/2026;#NULO#;DF;3;DF;3;04/09/2026;S;Por sorteio;223256;ANDRÉ MENDONÇA;72;Juiz Auxiliar;11541;Rp;REPRESENTAÇÃO;15429;Propaganda Política - Propaganda Eleitoral - Uso de Inteligência Artificial;0;1;09/09/2026;Decisão;https://consultaunificadapje.tse.jus.br/#/public/resultado/0601864-10.2026.6.00.0000;2026-09-09;1;0;1
0601885-83.2026.6.00.0000|68104;01/10/2026;06:00:34;2026;0601885-83.2026.6.00.0000;DF;DF;3;3;68104;09/09/2026;ANDRÉ MENDONÇA;Decisão;01/10/2026;06:01:26;2026;0601885-83.2026.6.00.0000;06/09/2026;#NULO#;DF;3;DF;3;06/09/2026;S;Por sorteio;223256;ANDRÉ MENDONÇA;72;Juiz Auxiliar;11541;Rp;REPRESENTAÇÃO;15524;Propaganda Política - Propaganda Eleitoral - Deep Fake;0;1;09/09/2026;Decisão;https://consultaunificadapje.tse.jus.br/#/public/resultado/0601885-83.2026.6.00.0000;2026-09-09;1;0;1
0601888-38.2026.6.00.0000|68103;01/10/2026;06:00:34;2026;0601888-38.2026.6.00.0000;DF;DF;3;3;68103;09/09/2026;ANDRÉ MENDONÇA;Decisão;01/10/2026;06:01:26;2026;0601888-38.2026.6.00.0000;07/09/2026;#NULO#;DF;3;DF;3;07/09/2026;S;Por sorteio;223256;ANDRÉ MENDONÇA;72;Juiz Auxiliar;11541;Rp;REPRESENTAÇÃO;11634;Cargo - Presidente da República;0;4;25/09/2026;Despacho;https://consultaunificadapje.tse.jus.br/#/public/resultado/0601888-38.2026.6.00.0000;2026-09-09;1;0;1
0600166-19.2025.6.03.0000|68471;01/10/2026;06:00:34;2026;0600166-19.2025.6.03.0000;DF;AP;2;3;68471;10/09/2026;FLORIANO DE AZEVEDO MARQUES;Decisão;01/10/2026;06:01:26;2026;0600166-19.2025.6.03.0000;02/06/2026;14/09/2026;AP;2;DF;3;02/06/2026;S;Por sorteio;233218;FLORIANO DE AZEVEDO MARQUES;13;Ministro;12626;AREspE;AGRAVO EM RECURSO ESPECIAL ELEITORAL;11667;Propaganda Política - Propaganda Eleitoral - Extemporânea/Antecipada;1;1;10/09/2026;Decisão;https://consultaunificadapje.tse.jus.br/#/public/resultado/0600166-19.2025.6.03.0000;2026-09-10;1;0;1
0600867-27.2026.6.00.0000|68559;01/10/2026;06:00:34;2026;0600867-27.2026.6.00.0000;DF;DF;3;3;68559;10/09/2026;NUNES MARQUES;Decisão;01/10/2026;06:01:26;2026;0600867-27.2026.6.00.0000;18/05/2026;#NULO#;DF;3;DF;3;25/05/2026;S;Por sorteio;202679;NUNES MARQUES;60;Juíz Auxiliar;11541;Rp;REPRESENTAÇÃO;11649;Pesquisa Eleitoral - Divulgação de Pesquisa Eleitoral Fraudulenta;0;4;10/09/2026;Decisão;https://consultaunificadapje.tse.jus.br/#/public/resultado/0600867-27.2026.6.00.0000;2026-09-10;0;0;0
0600872-21.2026.6.19.0000|69192;01/10/2026;06:00:34;2026;0600872-21.2026.6.19.0000;DF;RJ;2;3;69192;10/09/2026;FLORIANO DE AZEVEDO MARQUES;Decisão;01/10/2026;06:01:26;2026;0600872-21.2026.6.19.0000;03/09/2026;30/09/2026;RJ;2;DF;3;03/09/2026;S;Por sorteio;233218;FLORIANO DE AZEVEDO MARQUES;13;Ministro;11550;RO-El;RECURSO ORDINÁRIO ELEITORAL;11600;Inelegibilidade - Desincompatibilização;1;2;24/09/2026;Decisão;https://consultaunificadapje.tse.jus.br/#/public/resultado/0600872-21.2026.6.19.0000;2026-09-10;0;0;0
0601020-60.2026.6.00.0000|67749;01/10/2026;06:00:34;2026;0601020-60.2026.6.00.0000;DF;DF;3;3;67749;10/09/2026;ANDRÉ MENDONÇA;Acórdão;01/10/2026;06:01:26;2026;0601020-60.2026.6.00.0000;15/06/2026;#NULO#;DF;3;DF;3;15/06/2026;S;Por sorteio;223256;ANDRÉ MENDONÇA;72;Juiz Auxiliar;11541;Rp;REPRESENTAÇÃO;11667;Propaganda Política - Propaganda Eleitoral - Extemporânea/Antecipada;0;2;10/09/2026;Acórdão;https://consultaunificadapje.tse.jus.br/#/public/resultado/0601020-60.2026.6.00.0000;2026-09-10;1;0;1
0601103-76.2026.6.00.0000|68390;01/10/2026;06:00:34;2026;0601103-76.2026.6.00.0000;DF;DF;3;3;68390;10/09/2026;ANDRÉ MENDONÇA;Acórdão;01/10/2026;06:01:26;2026;0601103-76.2026.6.00.0000;26/06/2026;#NULO#;DF;3;DF;3;26/06/2026;S;Por sorteio;223256;ANDRÉ MENDONÇA;72;Juiz Auxiliar;11541;Rp;REPRESENTAÇÃO;15429;Propaganda Política - Propaganda Eleitoral - Uso de Inteligência Artificial;0;7;23/09/2026;Despacho;https://consultaunificadapje.tse.jus.br/#/public/resultado/0601103-76.2026.6.00.0000;2026-09-10;1;0;1
0601217-15.2026.6.00.0000|68826;01/10/2026;06:00:34;2026;0601217-15.2026.6.00.0000;DF;DF;3;3;68826;10/09/2026;ANDRÉ MENDONÇA;Acórdão;01/10/2026;06:01:26;2026;0601217-15.2026.6.00.0000;04/07/2026;#NULO#;DF;3;DF;3;04/07/2026;S;Por sorteio;223256;ANDRÉ MENDONÇA;72;Juiz Auxiliar;11541;Rp;REPRESENTAÇÃO;11667;Propaganda Política - Propaganda Eleitoral - Extemporânea/Antecipada;0;2;10/09/2026;Acórdão;https://consultaunificadapje.tse.jus.br/#/public/resultado/0601217-15.2026.6.00.0000;2026-09-10;1;0;1
0601272-63.2026.6.00.0000|67343;01/10/2026;06:00:34;2026;0601272-63.2026.6.00.0000;DF;DF;3;3;67343;10/09/2026;NUNES MARQUES;Acórdão;01/10/2026;06:01:26;2026;0601272-63.2026.6.00.0000;16/07/2026;15/09/2026;DF;3;DF;3;16/07/2026;S;Por sorteio;202679;NUNES MARQUES;78;Ministro;1298;PA;PROCESSO ADMINISTRATIVO;11563;Afastamento de Magistrado;0;2;10/09/2026;Acórdão;https://consultaunificadapje.tse.jus.br/#/public/resultado/0601272-63.2026.6.00.0000;2026-09-10;0;0;0
0601274-33.2026.6.00.0000|68827;01/10/2026;06:00:34;2026;0601274-33.2026.6.00.0000;DF;DF;3;3;68827;10/09/2026;ANDRÉ MENDONÇA;Decisão;01/10/2026;06:01:26;2026;0601274-33.2026.6.00.0000;16/07/2026;#NULO#;DF;3;DF;3;16/07/2026;S;Por sorteio;223256;ANDRÉ MENDONÇA;72;Juiz Auxiliar;12630;RepEsp;REPRESENTAÇÃO ESPECIAL;12063;Conduta Vedada ao Agente Público;0;4;11/09/2026;Acórdão;https://consultaunificadapje.tse.jus.br/#/public/resultado/0601274-33.2026.6.00.0000;2026-09-10;0;0;0
0601344-50.2026.6.00.0000|68075;01/10/2026;06:00:34;2026;0601344-50.2026.6.00.0000;DF;DF;3;3;68075;10/09/2026;ANDRÉ MENDONÇA;Acórdão;01/10/2026;06:01:26;2026;0601344-50.2026.6.00.0000;30/07/2026;#NULO#;DF;3;DF;3;30/07/2026;S;Por sorteio;223256;ANDRÉ MENDONÇA;72;Juiz Auxiliar;11541;Rp;REPRESENTAÇÃO;11667;Propaganda Política - Propaganda Eleitoral - Extemporânea/Antecipada;0;3;10/09/2026;Acórdão;https://consultaunificadapje.tse.jus.br/#/public/resultado/0601344-50.2026.6.00.0000;2026-09-10;1;0;1
0601433-73.2026.6.00.0000|67843;01/10/2026;06:00:34;2026;0601433-73.2026.6.00.0000;DF;DF;3;3;67843;10/09/2026;NUNES MARQUES;Decisão;01/10/2026;06:01:26;2026;0601433-73.2026.6.00.0000;10/08/2026;14/09/2026;DF;3;DF;3;10/08/2026;S;Por sorteio;202679;NUNES MARQUES;78;Ministro;241;PetCiv;PETIÇÃO CÍVEL;15591;Fundo Especial de Financiamento de Campanha (FEFC);0;2;10/09/2026;Decisão;https://consultaunificadapje.tse.jus.br/#/public/resultado/0601433-73.2026.6.00.0000;2026-09-10;0;0;0
0601628-58.2026.6.00.0000|68529;01/10/2026;06:00:34;2026;0601628-58.2026.6.00.0000;DF;DF;3;3;68529;10/09/2026;NUNES MARQUES;Acórdão;01/10/2026;06:01:26;2026;0601628-58.2026.6.00.0000;20/08/2026;17/09/2026;DF;3;DF;3;20/08/2026;S;Por sorteio;202679;NUNES MARQUES;78;Ministro;1298;PA;PROCESSO ADMINISTRATIVO;11573;Requisição de Força Federal;0;1;10/09/2026;Acórdão;https://consultaunificadapje.tse.jus.br/#/public/resultado/0601628-58.2026.6.00.0000;2026-09-10;0;0;0
0601674-47.2026.6.00.0000|68074;01/10/2026;06:00:34;2026;0601674-47.2026.6.00.0000;DF;DF;3;3;68074;10/09/2026;ANDRÉ MENDONÇA;Acórdão;01/10/2026;06:01:26;2026;0601674-47.2026.6.00.0000;24/08/2026;#NULO#;DF;3;DF;3;24/08/2026;S;Por sorteio;223256;ANDRÉ MENDONÇA;72;Juiz Auxiliar;11541;Rp;REPRESENTAÇÃO;12637;Propaganda Política - Propaganda Eleitoral - Redes Sociais;0;6;23/09/2026;Despacho;https://consultaunificadapje.tse.jus.br/#/public/resultado/0601674-47.2026.6.00.0000;2026-09-10;1;0;1
0601751-56.2026.6.00.0000|67842;01/10/2026;06:00:34;2026;0601751-56.2026.6.00.0000;DF;DF;3;3;67842;10/09/2026;NUNES MARQUES;Acórdão;01/10/2026;06:01:26;2026;0601751-56.2026.6.00.0000;28/08/2026;15/09/2026;DF;3;DF;3;28/08/2026;S;Por sorteio;202679;NUNES MARQUES;78;Ministro;1298;PA;PROCESSO ADMINISTRATIVO;11563;Afastamento de Magistrado;0;1;10/09/2026;Acórdão;https://consultaunificadapje.tse.jus.br/#/public/resultado/0601751-56.2026.6.00.0000;2026-09-10;0;0;0
0601772-32.2026.6.00.0000|68391;01/10/2026;06:00:34;2026;0601772-32.2026.6.00.0000;DF;DF;3;3;68391;10/09/2026;ANDRÉ MENDONÇA;Decisão;01/10/2026;06:01:26;2026;0601772-32.2026.6.00.0000;30/08/2026;12/09/2026;DF;3;DF;3;30/08/2026;S;Por sorteio;223256;ANDRÉ MENDONÇA;72;Juiz Auxiliar;12625;DR;DIREITO DE RESPOSTA;11593;Direito de Resposta;0;1;10/09/2026;Decisão;https://consultaunificadapje.tse.jus.br/#/public/resultado/0601772-32.2026.6.00.0000;2026-09-10;0;1;1
0601825-13.2026.6.00.0000|68828;01/10/2026;06:00:34;2026;0601825-13.2026.6.00.0000;DF;DF;3;3;68828;10/09/2026;ANDRÉ MENDONÇA;Decisão;01/10/2026;06:01:26;2026;0601825-13.2026.6.00.0000;02/09/2026;#NULO#;DF;3;DF;3;02/09/2026;S;Por sorteio;223256;ANDRÉ MENDONÇA;72;Juiz Auxiliar;11541;Rp;REPRESENTAÇÃO;11679;Propaganda Política - Propaganda Eleitoral - Internet;0;1;10/09/2026;Decisão;https://consultaunificadapje.tse.jus.br/#/public/resultado/0601825-13.2026.6.00.0000;2026-09-10;1;0;1
0601843-34.2026.6.00.0000|68470;01/10/2026;06:00:34;2026;0601843-34.2026.6.00.0000;DF;DF;3;3;68470;10/09/2026;FLORIANO DE AZEVEDO MARQUES;Decisão;01/10/2026;06:01:26;2026;0601843-34.2026.6.00.0000;02/09/2026;17/09/2026;DF;3;DF;3;02/09/2026;S;Por sorteio;233218;FLORIANO DE AZEVEDO MARQUES;13;Ministro;12134;TutCautAnt;TUTELA CAUTELAR ANTECEDENTE;11619;Registro de Candidatura - RRCI - Candidato Individual;0;1;10/09/2026;Decisão;https://consultaunificadapje.tse.jus.br/#/public/resultado/0601843-34.2026.6.00.0000;2026-09-10;0;0;0
0600954-04.2026.6.10.0000|69200;01/10/2026;06:00:34;2026;0600954-04.2026.6.10.0000;DF;MA;2;3;69200;11/09/2026;DIAS TOFFOLI;Decisão;01/10/2026;06:01:26;2026;0600954-04.2026.6.10.0000;08/09/2026;#NULO#;MA;2;DF;3;08/09/2026;S;Por sorteio;6276;DIAS TOFFOLI;3;Ministro;11549;REspEl;RECURSO ESPECIAL ELEITORAL;11670;Propaganda Política - Propaganda Eleitoral - Distribuição de Tempo de Propaganda;1;1;11/09/2026;Decisão;https://consultaunificadapje.tse.jus.br/#/public/resultado/0600954-04.2026.6.10.0000;2026-09-11;1;0;1
0600961-72.2026.6.00.0000|67948;01/10/2026;06:00:34;2026;0600961-72.2026.6.00.0000;DF;DF;3;3;67948;11/09/2026;ESTELA ARANHA;Acórdão;01/10/2026;06:01:26;2026;0600961-72.2026.6.00.0000;04/06/2026;#NULO#;DF;3;DF;3;04/06/2026;S;Por sorteio;223256;ANDRÉ MENDONÇA;72;Juiz Auxiliar;11541;Rp;REPRESENTAÇÃO;11667;Propaganda Política - Propaganda Eleitoral - Extemporânea/Antecipada;0;2;11/09/2026;Acórdão;https://consultaunificadapje.tse.jus.br/#/public/resultado/0600961-72.2026.6.00.0000;2026-09-11;1;0;1
0601181-70.2026.6.00.0000|68076;01/10/2026;06:00:34;2026;0601181-70.2026.6.00.0000;DF;DF;3;3;68076;11/09/2026;ANDRÉ MENDONÇA;Acórdão;01/10/2026;06:01:26;2026;0601181-70.2026.6.00.0000;01/07/2026;#NULO#;DF;3;DF;3;01/07/2026;S;Por sorteio;223256;ANDRÉ MENDONÇA;72;Juiz Auxiliar;11541;Rp;REPRESENTAÇÃO;11667;Propaganda Política - Propaganda Eleitoral - Extemporânea/Antecipada;0;2;11/09/2026;Acórdão;https://consultaunificadapje.tse.jus.br/#/public/resultado/0601181-70.2026.6.00.0000;2026-09-11;1;0;1
0601263-04.2026.6.00.0000|68403;01/10/2026;06:00:34;2026;0601263-04.2026.6.00.0000;DF;DF;3;3;68403;11/09/2026;ANDRÉ MENDONÇA;Acórdão;01/10/2026;06:01:26;2026;0601263-04.2026.6.00.0000;15/07/2026;#NULO#;DF;3;DF;3;15/07/2026;S;Por sorteio;223256;ANDRÉ MENDONÇA;72;Juiz Auxiliar;11541;Rp;REPRESENTAÇÃO;11667;Propaganda Política - Propaganda Eleitoral - Extemporânea/Antecipada;0;2;11/09/2026;Acórdão;https://consultaunificadapje.tse.jus.br/#/public/resultado/0601263-04.2026.6.00.0000;2026-09-11;1;0;1
0601274-33.2026.6.00.0000|68833;01/10/2026;06:00:34;2026;0601274-33.2026.6.00.0000;DF;DF;3;3;68833;11/09/2026;ANDRÉ MENDONÇA;Acórdão;01/10/2026;06:01:26;2026;0601274-33.2026.6.00.0000;16/07/2026;#NULO#;DF;3;DF;3;16/07/2026;S;Por sorteio;223256;ANDRÉ MENDONÇA;72;Juiz Auxiliar;12630;RepEsp;REPRESENTAÇÃO ESPECIAL;12063;Conduta Vedada ao Agente Público;0;4;11/09/2026;Acórdão;https://consultaunificadapje.tse.jus.br/#/public/resultado/0601274-33.2026.6.00.0000;2026-09-11;0;0;0
0601312-45.2026.6.00.0000|68402;01/10/2026;06:00:34;2026;0601312-45.2026.6.00.0000;DF;DF;3;3;68402;11/09/2026;ANDRÉ MENDONÇA;Acórdão;01/10/2026;06:01:26;2026;0601312-45.2026.6.00.0000;24/07/2026;#NULO#;DF;3;DF;3;24/07/2026;S;Por sorteio;223256;ANDRÉ MENDONÇA;72;Juiz Auxiliar;11541;Rp;REPRESENTAÇÃO;11667;Propaganda Política - Propaganda Eleitoral - Extemporânea/Antecipada;0;2;11/09/2026;Acórdão;https://consultaunificadapje.tse.jus.br/#/public/resultado/0601312-45.2026.6.00.0000;2026-09-11;1;0;1
0601337-58.2026.6.00.0000|67738;01/10/2026;06:00:34;2026;0601337-58.2026.6.00.0000;DF;DF;3;3;67738;11/09/2026;ANDRÉ MENDONÇA;Acórdão;01/10/2026;06:01:26;2026;0601337-58.2026.6.00.0000;28/07/2026;#NULO#;DF;3;DF;3;28/07/2026;S;Por sorteio;223256;ANDRÉ MENDONÇA;72;Juiz Auxiliar;11541;Rp;REPRESENTAÇÃO;11667;Propaganda Política - Propaganda Eleitoral - Extemporânea/Antecipada;0;2;11/09/2026;Acórdão;https://consultaunificadapje.tse.jus.br/#/public/resultado/0601337-58.2026.6.00.0000;2026-09-11;1;0;1
0601428-51.2026.6.00.0000|68832;01/10/2026;06:00:34;2026;0601428-51.2026.6.00.0000;DF;DF;3;3;68832;11/09/2026;ANDRÉ MENDONÇA;Acórdão;01/10/2026;06:01:26;2026;0601428-51.2026.6.00.0000;09/08/2026;#NULO#;DF;3;DF;3;09/08/2026;S;Por sorteio;223256;ANDRÉ MENDONÇA;72;Juiz Auxiliar;11541;Rp;REPRESENTAÇÃO;11667;Propaganda Política - Propaganda Eleitoral - Extemporânea/Antecipada;0;2;11/09/2026;Acórdão;https://consultaunificadapje.tse.jus.br/#/public/resultado/0601428-51.2026.6.00.0000;2026-09-11;1;0;1
0601594-83.2026.6.00.0000|68328;01/10/2026;06:00:34;2026;0601594-83.2026.6.00.0000;DF;DF;3;3;68328;11/09/2026;ESTELA ARANHA;Decisão;01/10/2026;06:01:26;2026;0601594-83.2026.6.00.0000;17/08/2026;#NULO#;DF;3;DF;3;17/08/2026;S;Por sorteio;350140;ESTELA ARANHA;59;Juíz Auxiliar;11541;Rp;REPRESENTAÇÃO;11651;Pesquisa Eleitoral - Registro de Pesquisa Eleitoral;0;1;11/09/2026;Decisão;https://consultaunificadapje.tse.jus.br/#/public/resultado/0601594-83.2026.6.00.0000;2026-09-11;0;0;0
0601636-35.2026.6.00.0000|68084;01/10/2026;06:00:34;2026;0601636-35.2026.6.00.0000;DF;DF;3;3;68084;11/09/2026;ANDRÉ MENDONÇA;Acórdão;01/10/2026;06:01:26;2026;0601636-35.2026.6.00.0000;21/08/2026;#NULO#;DF;3;DF;3;21/08/2026;S;Por sorteio;223256;ANDRÉ MENDONÇA;72;Juiz Auxiliar;11541;Rp;REPRESENTAÇÃO;12364;Debate Eleitoral;0;2;11/09/2026;Acórdão;https://consultaunificadapje.tse.jus.br/#/public/resultado/0601636-35.2026.6.00.0000;2026-09-11;0;0;0
0601646-79.2026.6.00.0000|67729;01/10/2026;06:00:34;2026;0601646-79.2026.6.00.0000;DF;DF;3;3;67729;11/09/2026;ANDRÉ MENDONÇA;Acórdão;01/10/2026;06:01:26;2026;0601646-79.2026.6.00.0000;22/08/2026;#NULO#;DF;3;DF;3;22/08/2026;S;Por sorteio;223256;ANDRÉ MENDONÇA;72;Juiz Auxiliar;11541;Rp;REPRESENTAÇÃO;15429;Propaganda Política - Propaganda Eleitoral - Uso de Inteligência Artificial;0;4;11/09/2026;Acórdão;https://consultaunificadapje.tse.jus.br/#/public/resultado/0601646-79.2026.6.00.0000;2026-09-11;1;0;1
0601690-98.2026.6.00.0000|68395;01/10/2026;06:00:34;2026;0601690-98.2026.6.00.0000;DF;DF;3;3;68395;11/09/2026;ANDRÉ MENDONÇA;Acórdão;01/10/2026;06:01:26;2026;0601690-98.2026.6.00.0000;24/08/2026;#NULO#;DF;3;DF;3;24/08/2026;S;Por sorteio;223256;ANDRÉ MENDONÇA;72;Juiz Auxiliar;11541;Rp;REPRESENTAÇÃO;12635;Propaganda Política - Propaganda Eleitoral - Divulgação de Notícia  Sabidamente Falsa;0;2;11/09/2026;Acórdão;https://consultaunificadapje.tse.jus.br/#/public/resultado/0601690-98.2026.6.00.0000;2026-09-11;1;0;1
0601735-05.2026.6.00.0000|68843;01/10/2026;06:00:34;2026;0601735-05.2026.6.00.0000;DF;DF;3;3;68843;11/09/2026;ANDRÉ MENDONÇA;Acórdão;01/10/2026;06:01:26;2026;0601735-05.2026.6.00.0000;26/08/2026;#NULO#;DF;3;DF;3;27/08/2026;S;Por sorteio;223256;ANDRÉ MENDONÇA;72;Juiz Auxiliar;11541;Rp;REPRESENTAÇÃO;11651;Pesquisa Eleitoral - Registro de Pesquisa Eleitoral;0;2;11/09/2026;Acórdão;https://consultaunificadapje.tse.jus.br/#/public/resultado/0601735-05.2026.6.00.0000;2026-09-11;0;0;0
0601738-57.2026.6.00.0000|68396;01/10/2026;06:00:34;2026;0601738-57.2026.6.00.0000;DF;DF;3;3;68396;11/09/2026;ANDRÉ MENDONÇA;Acórdão;01/10/2026;06:01:26;2026;0601738-57.2026.6.00.0000;27/08/2026;#NULO#;DF;3;DF;3;27/08/2026;S;Por sorteio;223256;ANDRÉ MENDONÇA;72;Juiz Auxiliar;11541;Rp;REPRESENTAÇÃO;11651;Pesquisa Eleitoral - Registro de Pesquisa Eleitoral;0;2;11/09/2026;Acórdão;https://consultaunificadapje.tse.jus.br/#/public/resultado/0601738-57.2026.6.00.0000;2026-09-11;0;0;0
0601755-93.2026.6.00.0000|68667;01/10/2026;06:00:34;2026;0601755-93.2026.6.00.0000;DF;DF;3;3;68667;11/09/2026;ESTELA ARANHA;Acórdão;01/10/2026;06:01:26;2026;0601755-93.2026.6.00.0000;29/08/2026;#NULO#;DF;3;DF;3;29/08/2026;S;Por sorteio;350140;ESTELA ARANHA;59;Juíz Auxiliar;12625;DR;DIREITO DE RESPOSTA;11593;Direito de Resposta;0;2;11/09/2026;Acórdão;https://consultaunificadapje.tse.jus.br/#/public/resultado/0601755-93.2026.6.00.0000;2026-09-11;0;1;1
0601765-40.2026.6.00.0000|68324;01/10/2026;06:00:34;2026;0601765-40.2026.6.00.0000;DF;DF;3;3;68324;11/09/2026;ESTELA ARANHA;Decisão;01/10/2026;06:01:26;2026;0601765-40.2026.6.00.0000;29/08/2026;#NULO#;DF;3;DF;3;29/08/2026;S;Por sorteio;350140;ESTELA ARANHA;59;Juíz Auxiliar;11541;Rp;REPRESENTAÇÃO;11634;Cargo - Presidente da República;0;1;11/09/2026;Decisão;https://consultaunificadapje.tse.jus.br/#/public/resultado/0601765-40.2026.6.00.0000;2026-09-11;1;0;1
0601766-25.2026.6.00.0000|68652;01/10/2026;06:00:34;2026;0601766-25.2026.6.00.0000;DF;DF;3;3;68652;11/09/2026;ESTELA ARANHA;Acórdão;01/10/2026;06:01:26;2026;0601766-25.2026.6.00.0000;30/08/2026;#NULO#;DF;3;DF;3;30/08/2026;S;Por sorteio;350140;ESTELA ARANHA;59;Juíz Auxiliar;12625;DR;DIREITO DE RESPOSTA;11634;Cargo - Presidente da República;0;2;11/09/2026;Acórdão;https://consultaunificadapje.tse.jus.br/#/public/resultado/0601766-25.2026.6.00.0000;2026-09-11;0;1;1
0601808-74.2026.6.00.0000|67972;01/10/2026;06:00:34;2026;0601808-74.2026.6.00.0000;DF;DF;3;3;67972;11/09/2026;ESTELA ARANHA;Decisão;01/10/2026;06:01:26;2026;0601808-74.2026.6.00.0000;01/09/2026;#NULO#;DF;3;DF;3;01/09/2026;S;Por sorteio;350140;ESTELA ARANHA;59;Juíz Auxiliar;12625;DR;DIREITO DE RESPOSTA;11593;Direito de Resposta;0;2;14/09/2026;Despacho;https://consultaunificadapje.tse.jus.br/#/public/resultado/0601808-74.2026.6.00.0000;2026-09-11;0;1;1
0601845-04.2026.6.00.0000|68660;01/10/2026;06:00:34;2026;0601845-04.2026.6.00.0000;DF;DF;3;3;68660;11/09/2026;ESTELA ARANHA;Decisão;01/10/2026;06:01:26;2026;0601845-04.2026.6.00.0000;02/09/2026;#NULO#;DF;3;DF;3;02/09/2026;S;Por sorteio;350140;ESTELA ARANHA;59;Juíz Auxiliar;12625;DR;DIREITO DE RESPOSTA;11593;Direito de Resposta;0;1;11/09/2026;Decisão;https://consultaunificadapje.tse.jus.br/#/public/resultado/0601845-04.2026.6.00.0000;2026-09-11;0;1;1
0601866-77.2026.6.00.0000|68333;01/10/2026;06:00:34;2026;0601866-77.2026.6.00.0000;DF;DF;3;3;68333;11/09/2026;ESTELA ARANHA;Decisão;01/10/2026;06:01:26;2026;0601866-77.2026.6.00.0000;04/09/2026;#NULO#;DF;3;DF;3;04/09/2026;S;Por sorteio;350140;ESTELA ARANHA;59;Juíz Auxiliar;11541;Rp;REPRESENTAÇÃO;12635;Propaganda Política - Propaganda Eleitoral - Divulgação de Notícia  Sabidamente Falsa;0;1;11/09/2026;Decisão;https://consultaunificadapje.tse.jus.br/#/public/resultado/0601866-77.2026.6.00.0000;2026-09-11;1;0;1
0601868-47.2026.6.00.0000|67976;01/10/2026;06:00:34;2026;0601868-47.2026.6.00.0000;DF;DF;3;3;67976;11/09/2026;ESTELA ARANHA;Decisão;01/10/2026;06:01:26;2026;0601868-47.2026.6.00.0000;04/09/2026;#NULO#;DF;3;DF;3;04/09/2026;S;Por sorteio;350140;ESTELA ARANHA;59;Juíz Auxiliar;12625;DR;DIREITO DE RESPOSTA;11634;Cargo - Presidente da República;0;1;11/09/2026;Decisão;https://consultaunificadapje.tse.jus.br/#/public/resultado/0601868-47.2026.6.00.0000;2026-09-11;0;1;1
0601871-02.2026.6.00.0000|68665;01/10/2026;06:00:34;2026;0601871-02.2026.6.00.0000;DF;DF;3;3;68665;11/09/2026;ESTELA ARANHA;Decisão;01/10/2026;06:01:26;2026;0601871-02.2026.6.00.0000;05/09/2026;#NULO#;DF;3;DF;3;06/09/2026;S;Por sorteio;350140;ESTELA ARANHA;59;Juíz Auxiliar;11541;Rp;REPRESENTAÇÃO;12635;Propaganda Política - Propaganda Eleitoral - Divulgação de Notícia  Sabidamente Falsa;0;1;11/09/2026;Decisão;https://consultaunificadapje.tse.jus.br/#/public/resultado/0601871-02.2026.6.00.0000;2026-09-11;1;0;1
0601872-84.2026.6.00.0000|68327;01/10/2026;06:00:34;2026;0601872-84.2026.6.00.0000;DF;DF;3;3;68327;11/09/2026;ESTELA ARANHA;Decisão;01/10/2026;06:01:26;2026;0601872-84.2026.6.00.0000;06/09/2026;#NULO#;DF;3;DF;3;06/09/2026;S;Por sorteio;350140;ESTELA ARANHA;59;Juíz Auxiliar;11541;Rp;REPRESENTAÇÃO;11671;Propaganda Política - Propaganda Eleitoral - Horário Eleitoral Gratuito/Inserções de Propaganda;0;1;11/09/2026;Decisão;https://consultaunificadapje.tse.jus.br/#/public/resultado/0601872-84.2026.6.00.0000;2026-09-11;1;0;1
0601876-24.2026.6.00.0000|67971;01/10/2026;06:00:34;2026;0601876-24.2026.6.00.0000;DF;DF;3;3;67971;11/09/2026;ESTELA ARANHA;Decisão;01/10/2026;06:01:26;2026;0601876-24.2026.6.00.0000;06/09/2026;#NULO#;DF;3;DF;3;06/09/2026;S;Por sorteio;350140;ESTELA ARANHA;59;Juíz Auxiliar;12625;DR;DIREITO DE RESPOSTA;11593;Direito de Resposta;0;1;11/09/2026;Decisão;https://consultaunificadapje.tse.jus.br/#/public/resultado/0601876-24.2026.6.00.0000;2026-09-11;0;1;1
0601877-09.2026.6.00.0000|67641;01/10/2026;06:00:34;2026;0601877-09.2026.6.00.0000;DF;DF;3;3;67641;11/09/2026;ESTELA ARANHA;Decisão;01/10/2026;06:01:26;2026;0601877-09.2026.6.00.0000;06/09/2026;#NULO#;DF;3;DF;3;06/09/2026;S;Por sorteio;350140;ESTELA ARANHA;59;Juíz Auxiliar;12625;DR;DIREITO DE RESPOSTA;11593;Direito de Resposta;0;1;11/09/2026;Decisão;https://consultaunificadapje.tse.jus.br/#/public/resultado/0601877-09.2026.6.00.0000;2026-09-11;0;1;1
0601878-91.2026.6.00.0000|68653;01/10/2026;06:00:34;2026;0601878-91.2026.6.00.0000;DF;DF;3;3;68653;11/09/2026;ESTELA ARANHA;Decisão;01/10/2026;06:01:26;2026;0601878-91.2026.6.00.0000;06/09/2026;#NULO#;DF;3;DF;3;06/09/2026;S;Por sorteio;350140;ESTELA ARANHA;59;Juíz Auxiliar;12625;DR;DIREITO DE RESPOSTA;11593;Direito de Resposta;0;1;11/09/2026;Decisão;https://consultaunificadapje.tse.jus.br/#/public/resultado/0601878-91.2026.6.00.0000;2026-09-11;0;1;1
0601879-76.2026.6.00.0000|67643;01/10/2026;06:00:34;2026;0601879-76.2026.6.00.0000;DF;DF;3;3;67643;11/09/2026;ESTELA ARANHA;Decisão;01/10/2026;06:01:26;2026;0601879-76.2026.6.00.0000;06/09/2026;#NULO#;DF;3;DF;3;06/09/2026;S;Por sorteio;350140;ESTELA ARANHA;59;Juíz Auxiliar;12625;DR;DIREITO DE RESPOSTA;11593;Direito de Resposta;0;1;11/09/2026;Decisão;https://consultaunificadapje.tse.jus.br/#/public/resultado/0601879-76.2026.6.00.0000;2026-09-11;0;1;1
0601883-16.2026.6.00.0000|67979;01/10/2026;06:00:34;2026;0601883-16.2026.6.00.0000;DF;DF;3;3;67979;11/09/2026;ESTELA ARANHA;Decisão;01/10/2026;06:01:26;2026;0601883-16.2026.6.00.0000;06/09/2026;#NULO#;DF;3;DF;3;06/09/2026;S;Por sorteio;350140;ESTELA ARANHA;59;Juíz Auxiliar;12625;DR;DIREITO DE RESPOSTA;11593;Direito de Resposta;0;1;11/09/2026;Decisão;https://consultaunificadapje.tse.jus.br/#/public/resultado/0601883-16.2026.6.00.0000;2026-09-11;0;1;1
0601889-23.2026.6.00.0000|67984;01/10/2026;06:00:34;2026;0601889-23.2026.6.00.0000;DF;DF;3;3;67984;11/09/2026;ESTELA ARANHA;Decisão;01/10/2026;06:01:26;2026;0601889-23.2026.6.00.0000;07/09/2026;#NULO#;DF;3;DF;3;07/09/2026;S;Por sorteio;350140;ESTELA ARANHA;59;Juíz Auxiliar;12625;DR;DIREITO DE RESPOSTA;11634;Cargo - Presidente da República;0;1;11/09/2026;Decisão;https://consultaunificadapje.tse.jus.br/#/public/resultado/0601889-23.2026.6.00.0000;2026-09-11;0;1;1
0601890-08.2026.6.00.0000|67978;01/10/2026;06:00:34;2026;0601890-08.2026.6.00.0000;DF;DF;3;3;67978;11/09/2026;ESTELA ARANHA;Decisão;01/10/2026;06:01:26;2026;0601890-08.2026.6.00.0000;07/09/2026;#NULO#;DF;3;DF;3;07/09/2026;S;Por sorteio;350140;ESTELA ARANHA;59;Juíz Auxiliar;12625;DR;DIREITO DE RESPOSTA;11593;Direito de Resposta;0;1;11/09/2026;Decisão;https://consultaunificadapje.tse.jus.br/#/public/resultado/0601890-08.2026.6.00.0000;2026-09-11;0;1;1
0601892-75.2026.6.00.0000|68329;01/10/2026;06:00:34;2026;0601892-75.2026.6.00.0000;DF;DF;3;3;68329;11/09/2026;ESTELA ARANHA;Decisão;01/10/2026;06:01:26;2026;0601892-75.2026.6.00.0000;07/09/2026;#NULO#;DF;3;DF;3;07/09/2026;S;Por sorteio;350140;ESTELA ARANHA;59;Juíz Auxiliar;12625;DR;DIREITO DE RESPOSTA;11593;Direito de Resposta;0;1;11/09/2026;Decisão;https://consultaunificadapje.tse.jus.br/#/public/resultado/0601892-75.2026.6.00.0000;2026-09-11;0;1;1
0601894-45.2026.6.00.0000|68325;01/10/2026;06:00:34;2026;0601894-45.2026.6.00.0000;DF;DF;3;3;68325;11/09/2026;ESTELA ARANHA;Decisão;01/10/2026;06:01:26;2026;0601894-45.2026.6.00.0000;07/09/2026;#NULO#;DF;3;DF;3;07/09/2026;S;Por sorteio;350140;ESTELA ARANHA;59;Juíz Auxiliar;12625;DR;DIREITO DE RESPOSTA;11593;Direito de Resposta;0;1;11/09/2026;Decisão;https://consultaunificadapje.tse.jus.br/#/public/resultado/0601894-45.2026.6.00.0000;2026-09-11;0;1;1
0601895-30.2026.6.00.0000|68331;01/10/2026;06:00:34;2026;0601895-30.2026.6.00.0000;DF;DF;3;3;68331;11/09/2026;ESTELA ARANHA;Decisão;01/10/2026;06:01:26;2026;0601895-30.2026.6.00.0000;07/09/2026;#NULO#;DF;3;DF;3;07/09/2026;S;Por sorteio;350140;ESTELA ARANHA;59;Juíz Auxiliar;12625;DR;DIREITO DE RESPOSTA;11593;Direito de Resposta;0;1;11/09/2026;Decisão;https://consultaunificadapje.tse.jus.br/#/public/resultado/0601895-30.2026.6.00.0000;2026-09-11;0;1;1
0601897-97.2026.6.00.0000|68656;01/10/2026;06:00:34;2026;0601897-97.2026.6.00.0000;DF;DF;3;3;68656;11/09/2026;ESTELA ARANHA;Decisão;01/10/2026;06:01:26;2026;0601897-97.2026.6.00.0000;07/09/2026;#NULO#;DF;3;DF;3;07/09/2026;S;Por sorteio;350140;ESTELA ARANHA;59;Juíz Auxiliar;11541;Rp;REPRESENTAÇÃO;11651;Pesquisa Eleitoral - Registro de Pesquisa Eleitoral;0;1;11/09/2026;Decisão;https://consultaunificadapje.tse.jus.br/#/public/resultado/0601897-97.2026.6.00.0000;2026-09-11;0;0;0
0601902-22.2026.6.00.0000|68658;01/10/2026;06:00:34;2026;0601902-22.2026.6.00.0000;DF;DF;3;3;68658;11/09/2026;ESTELA ARANHA;Decisão;01/10/2026;06:01:26;2026;0601902-22.2026.6.00.0000;08/09/2026;#NULO#;DF;3;DF;3;08/09/2026;S;Por sorteio;350140;ESTELA ARANHA;59;Juíz Auxiliar;12625;DR;DIREITO DE RESPOSTA;11593;Direito de Resposta;0;1;11/09/2026;Decisão;https://consultaunificadapje.tse.jus.br/#/public/resultado/0601902-22.2026.6.00.0000;2026-09-11;0;1;1
0601908-29.2026.6.00.0000|67975;01/10/2026;06:00:34;2026;0601908-29.2026.6.00.0000;DF;DF;3;3;67975;11/09/2026;ESTELA ARANHA;Decisão;01/10/2026;06:01:26;2026;0601908-29.2026.6.00.0000;08/09/2026;#NULO#;DF;3;DF;3;09/09/2026;S;Por sorteio;350140;ESTELA ARANHA;59;Juíz Auxiliar;12625;DR;DIREITO DE RESPOSTA;11593;Direito de Resposta;0;1;11/09/2026;Decisão;https://consultaunificadapje.tse.jus.br/#/public/resultado/0601908-29.2026.6.00.0000;2026-09-11;0;1;1
0601911-81.2026.6.00.0000|68326;01/10/2026;06:00:34;2026;0601911-81.2026.6.00.0000;DF;DF;3;3;68326;11/09/2026;ESTELA ARANHA;Decisão;01/10/2026;06:01:26;2026;0601911-81.2026.6.00.0000;08/09/2026;#NULO#;DF;3;DF;3;09/09/2026;S;Por sorteio;350140;ESTELA ARANHA;59;Juíz Auxiliar;12625;DR;DIREITO DE RESPOSTA;11593;Direito de Resposta;0;1;11/09/2026;Decisão;https://consultaunificadapje.tse.jus.br/#/public/resultado/0601911-81.2026.6.00.0000;2026-09-11;0;1;1
0601912-66.2026.6.00.0000|67645;01/10/2026;06:00:34;2026;0601912-66.2026.6.00.0000;DF;DF;3;3;67645;11/09/2026;ESTELA ARANHA;Decisão;01/10/2026;06:01:26;2026;0601912-66.2026.6.00.0000;08/09/2026;#NULO#;DF;3;DF;3;09/09/2026;S;Por sorteio;350140;ESTELA ARANHA;59;Juíz Auxiliar;12625;DR;DIREITO DE RESPOSTA;11593;Direito de Resposta;0;1;11/09/2026;Decisão;https://consultaunificadapje.tse.jus.br/#/public/resultado/0601912-66.2026.6.00.0000;2026-09-11;0;1;1
0601913-51.2026.6.00.0000|68657;01/10/2026;06:00:34;2026;0601913-51.2026.6.00.0000;DF;DF;3;3;68657;11/09/2026;ESTELA ARANHA;Decisão;01/10/2026;06:01:26;2026;0601913-51.2026.6.00.0000;08/09/2026;#NULO#;DF;3;DF;3;08/09/2026;S;Por sorteio;350140;ESTELA ARANHA;59;Juíz Auxiliar;12625;DR;DIREITO DE RESPOSTA;11593;Direito de Resposta;0;1;11/09/2026;Decisão;https://consultaunificadapje.tse.jus.br/#/public/resultado/0601913-51.2026.6.00.0000;2026-09-11;0;1;1
0601919-58.2026.6.00.0000|69199;01/10/2026;06:00:34;2026;0601919-58.2026.6.00.0000;DF;DF;3;3;69199;11/09/2026;DIAS TOFFOLI;Decisão;01/10/2026;06:01:26;2026;0601919-58.2026.6.00.0000;09/09/2026;21/09/2026;DF;3;DF;3;09/09/2026;PP;Por prevenção;6276;DIAS TOFFOLI;3;Ministro;120;MSCiv;MANDADO DE SEGURANÇA CÍVEL;15591;Fundo Especial de Financiamento de Campanha (FEFC);0;1;11/09/2026;Decisão;https://consultaunificadapje.tse.jus.br/#/public/resultado/0601919-58.2026.6.00.0000;2026-09-11;0;0;0
0601926-50.2026.6.00.0000|67642;01/10/2026;06:00:34;2026;0601926-50.2026.6.00.0000;DF;DF;3;3;67642;11/09/2026;ESTELA ARANHA;Decisão;01/10/2026;06:01:26;2026;0601926-50.2026.6.00.0000;09/09/2026;#NULO#;DF;3;DF;3;09/09/2026;S;Por sorteio;350140;ESTELA ARANHA;59;Juíz Auxiliar;12625;DR;DIREITO DE RESPOSTA;11593;Direito de Resposta;0;1;11/09/2026;Decisão;https://consultaunificadapje.tse.jus.br/#/public/resultado/0601926-50.2026.6.00.0000;2026-09-11;0;1;1
0601927-35.2026.6.00.0000|68655;01/10/2026;06:00:34;2026;0601927-35.2026.6.00.0000;DF;DF;3;3;68655;11/09/2026;ESTELA ARANHA;Decisão;01/10/2026;06:01:26;2026;0601927-35.2026.6.00.0000;09/09/2026;#NULO#;DF;3;DF;3;09/09/2026;S;Por sorteio;350140;ESTELA ARANHA;59;Juíz Auxiliar;12625;DR;DIREITO DE RESPOSTA;11634;Cargo - Presidente da República;0;1;11/09/2026;Decisão;https://consultaunificadapje.tse.jus.br/#/public/resultado/0601927-35.2026.6.00.0000;2026-09-11;0;1;1
0601928-20.2026.6.00.0000|68654;01/10/2026;06:00:34;2026;0601928-20.2026.6.00.0000;DF;DF;3;3;68654;11/09/2026;ESTELA ARANHA;Decisão;01/10/2026;06:01:26;2026;0601928-20.2026.6.00.0000;09/09/2026;#NULO#;DF;3;DF;3;10/09/2026;S;Por sorteio;350140;ESTELA ARANHA;59;Juíz Auxiliar;11541;Rp;REPRESENTAÇÃO;11683;Propaganda Política - Propaganda Eleitoral - Truncagem, Montagem, Utilização de Gravação Externa, Computação Gráfica, Desenho Animado ou Efeito Especial;0;1;11/09/2026;Decisão;https://consultaunificadapje.tse.jus.br/#/public/resultado/0601928-20.2026.6.00.0000;2026-09-11;1;0;1
0601929-05.2026.6.00.0000|67977;01/10/2026;06:00:34;2026;0601929-05.2026.6.00.0000;DF;DF;3;3;67977;11/09/2026;ESTELA ARANHA;Decisão;01/10/2026;06:01:26;2026;0601929-05.2026.6.00.0000;09/09/2026;#NULO#;DF;3;DF;3;10/09/2026;S;Por sorteio;350140;ESTELA ARANHA;59;Juíz Auxiliar;12625;DR;DIREITO DE RESPOSTA;11593;Direito de Resposta;0;1;11/09/2026;Decisão;https://consultaunificadapje.tse.jus.br/#/public/resultado/0601929-05.2026.6.00.0000;2026-09-11;0;1;1
0601930-87.2026.6.00.0000|68330;01/10/2026;06:00:34;2026;0601930-87.2026.6.00.0000;DF;DF;3;3;68330;11/09/2026;ESTELA ARANHA;Decisão;01/10/2026;06:01:26;2026;0601930-87.2026.6.00.0000;09/09/2026;#NULO#;DF;3;DF;3;09/09/2026;S;Por sorteio;350140;ESTELA ARANHA;59;Juíz Auxiliar;12625;DR;DIREITO DE RESPOSTA;11593;Direito de Resposta;0;1;11/09/2026;Decisão;https://consultaunificadapje.tse.jus.br/#/public/resultado/0601930-87.2026.6.00.0000;2026-09-11;0;1;1
0601937-79.2026.6.00.0000|68666;01/10/2026;06:00:34;2026;0601937-79.2026.6.00.0000;DF;DF;3;3;68666;11/09/2026;ESTELA ARANHA;Decisão;01/10/2026;06:01:26;2026;0601937-79.2026.6.00.0000;10/09/2026;#NULO#;DF;3;DF;3;10/09/2026;S;Por sorteio;350140;ESTELA ARANHA;59;Juíz Auxiliar;12625;DR;DIREITO DE RESPOSTA;11593;Direito de Resposta;0;1;11/09/2026;Decisão;https://consultaunificadapje.tse.jus.br/#/public/resultado/0601937-79.2026.6.00.0000;2026-09-11;0;1;1
0601943-86.2026.6.00.0000|67973;01/10/2026;06:00:34;2026;0601943-86.2026.6.00.0000;DF;DF;3;3;67973;11/09/2026;ESTELA ARANHA;Decisão;01/10/2026;06:01:26;2026;0601943-86.2026.6.00.0000;10/09/2026;#NULO#;DF;3;DF;3;10/09/2026;S;Por sorteio;350140;ESTELA ARANHA;59;Juíz Auxiliar;11541;Rp;REPRESENTAÇÃO;12635;Propaganda Política - Propaganda Eleitoral - Divulgação de Notícia  Sabidamente Falsa;0;1;11/09/2026;Decisão;https://consultaunificadapje.tse.jus.br/#/public/resultado/0601943-86.2026.6.00.0000;2026-09-11;1;0;1
0601944-71.2026.6.00.0000|67640;01/10/2026;06:00:34;2026;0601944-71.2026.6.00.0000;DF;DF;3;3;67640;11/09/2026;ESTELA ARANHA;Decisão;01/10/2026;06:01:26;2026;0601944-71.2026.6.00.0000;10/09/2026;#NULO#;DF;3;DF;3;10/09/2026;S;Por sorteio;350140;ESTELA ARANHA;59;Juíz Auxiliar;12625;DR;DIREITO DE RESPOSTA;11593;Direito de Resposta;0;1;11/09/2026;Decisão;https://consultaunificadapje.tse.jus.br/#/public/resultado/0601944-71.2026.6.00.0000;2026-09-11;0;1;1
0601947-26.2026.6.00.0000|67644;01/10/2026;06:00:34;2026;0601947-26.2026.6.00.0000;DF;DF;3;3;67644;11/09/2026;ESTELA ARANHA;Decisão;01/10/2026;06:01:26;2026;0601947-26.2026.6.00.0000;10/09/2026;#NULO#;DF;3;DF;3;10/09/2026;S;Por sorteio;350140;ESTELA ARANHA;59;Juíz Auxiliar;12625;DR;DIREITO DE RESPOSTA;11593;Direito de Resposta;0;1;11/09/2026;Decisão;https://consultaunificadapje.tse.jus.br/#/public/resultado/0601947-26.2026.6.00.0000;2026-09-11;0;1;1
0600902-88.2026.6.25.0000|68034;01/10/2026;06:00:34;2026;0600902-88.2026.6.25.0000;DF;SE;2;3;68034;12/09/2026;ANDRÉ MENDONÇA;Decisão;01/10/2026;06:01:26;2026;0600902-88.2026.6.25.0000;08/09/2026;16/09/2026;SE;2;DF;3;08/09/2026;S;Por sorteio;223256;ANDRÉ MENDONÇA;14;Ministro;11549;REspEl;RECURSO ESPECIAL ELEITORAL;11589;Condição de Elegibilidade - Filiação Partidária;1;1;12/09/2026;Decisão;https://consultaunificadapje.tse.jus.br/#/public/resultado/0600902-88.2026.6.25.0000;2026-09-12;0;0;0
0601364-41.2026.6.00.0000|68095;01/10/2026;06:00:34;2026;0601364-41.2026.6.00.0000;DF;DF;3;3;68095;12/09/2026;ANDRÉ MENDONÇA;Acórdão;01/10/2026;06:01:26;2026;0601364-41.2026.6.00.0000;03/08/2026;#NULO#;DF;3;DF;3;03/08/2026;S;Por sorteio;223256;ANDRÉ MENDONÇA;72;Juiz Auxiliar;11541;Rp;REPRESENTAÇÃO;15429;Propaganda Política - Propaganda Eleitoral - Uso de Inteligência Artificial;0;2;12/09/2026;Acórdão;https://consultaunificadapje.tse.jus.br/#/public/resultado/0601364-41.2026.6.00.0000;2026-09-12;1;0;1
0601412-97.2026.6.00.0000|68082;01/10/2026;06:00:34;2026;0601412-97.2026.6.00.0000;DF;DF;3;3;68082;12/09/2026;ANDRÉ MENDONÇA;Acórdão;01/10/2026;06:01:26;2026;0601412-97.2026.6.00.0000;07/08/2026;#NULO#;DF;3;DF;3;07/08/2026;S;Por sorteio;223256;ANDRÉ MENDONÇA;72;Juiz Auxiliar;11541;Rp;REPRESENTAÇÃO;11667;Propaganda Política - Propaganda Eleitoral - Extemporânea/Antecipada;0;4;23/09/2026;Despacho;https://consultaunificadapje.tse.jus.br/#/public/resultado/0601412-97.2026.6.00.0000;2026-09-12;1;0;1
0601447-57.2026.6.00.0000|68838;01/10/2026;06:00:34;2026;0601447-57.2026.6.00.0000;DF;DF;3;3;68838;12/09/2026;ANDRÉ MENDONÇA;Acórdão;01/10/2026;06:01:26;2026;0601447-57.2026.6.00.0000;11/08/2026;#NULO#;DF;3;DF;3;11/08/2026;S;Por sorteio;223256;ANDRÉ MENDONÇA;72;Juiz Auxiliar;11541;Rp;REPRESENTAÇÃO;11667;Propaganda Política - Propaganda Eleitoral - Extemporânea/Antecipada;0;5;12/09/2026;Acórdão;https://consultaunificadapje.tse.jus.br/#/public/resultado/0601447-57.2026.6.00.0000;2026-09-12;1;0;1
0601530-73.2026.6.00.0000|68094;01/10/2026;06:00:34;2026;0601530-73.2026.6.00.0000;DF;DF;3;3;68094;12/09/2026;ANDRÉ MENDONÇA;Acórdão;01/10/2026;06:01:26;2026;0601530-73.2026.6.00.0000;13/08/2026;#NULO#;DF;3;DF;3;13/08/2026;S;Por sorteio;223256;ANDRÉ MENDONÇA;72;Juiz Auxiliar;11541;Rp;REPRESENTAÇÃO;11651;Pesquisa Eleitoral - Registro de Pesquisa Eleitoral;0;2;12/09/2026;Acórdão;https://consultaunificadapje.tse.jus.br/#/public/resultado/0601530-73.2026.6.00.0000;2026-09-12;0;0;0
0601605-15.2026.6.00.0000|67735;01/10/2026;06:00:34;2026;0601605-15.2026.6.00.0000;DF;DF;3;3;67735;12/09/2026;ANDRÉ MENDONÇA;Acórdão;01/10/2026;06:01:26;2026;0601605-15.2026.6.00.0000;17/08/2026;#NULO#;DF;3;DF;3;17/08/2026;S;Por sorteio;223256;ANDRÉ MENDONÇA;72;Juiz Auxiliar;11541;Rp;REPRESENTAÇÃO;11651;Pesquisa Eleitoral - Registro de Pesquisa Eleitoral;0;2;12/09/2026;Acórdão;https://consultaunificadapje.tse.jus.br/#/public/resultado/0601605-15.2026.6.00.0000;2026-09-12;0;0;0
0601607-82.2026.6.00.0000|67734;01/10/2026;06:00:34;2026;0601607-82.2026.6.00.0000;DF;DF;3;3;67734;12/09/2026;ANDRÉ MENDONÇA;Acórdão;01/10/2026;06:01:26;2026;0601607-82.2026.6.00.0000;17/08/2026;#NULO#;DF;3;DF;3;17/08/2026;S;Por sorteio;223256;ANDRÉ MENDONÇA;72;Juiz Auxiliar;11541;Rp;REPRESENTAÇÃO;11651;Pesquisa Eleitoral - Registro de Pesquisa Eleitoral;0;2;12/09/2026;Acórdão;https://consultaunificadapje.tse.jus.br/#/public/resultado/0601607-82.2026.6.00.0000;2026-09-12;0;0;0
0601933-42.2026.6.00.0000|68795;01/10/2026;06:00:34;2026;0601933-42.2026.6.00.0000;DF;DF;3;3;68795;12/09/2026;ANDRÉ MENDONÇA;Decisão;01/10/2026;06:01:26;2026;0601933-42.2026.6.00.0000;10/09/2026;#NULO#;DF;3;DF;3;10/09/2026;S;Por sorteio;223256;ANDRÉ MENDONÇA;14;Ministro;12134;TutCautAnt;TUTELA CAUTELAR ANTECEDENTE;11616;Impugnação ao Registro de Candidatura;0;2;12/09/2026;Decisão;https://consultaunificadapje.tse.jus.br/#/public/resultado/0601933-42.2026.6.00.0000;2026-09-12;0;0;0
0600025-79.2025.6.09.0146|68206;01/10/2026;06:00:34;2026;0600025-79.2025.6.09.0146;DF;GO;1;3;68206;14/09/2026;NUNES MARQUES;Decisão;01/10/2026;06:01:26;2026;0600025-79.2025.6.09.0146;10/06/2026;23/09/2026;GO;1;DF;3;11/06/2026;S;Por sorteio;202679;NUNES MARQUES;78;Ministro;193;PAP;PRODUÇÃO ANTECIPADA DA PROVA;11778;Requerimento;1;1;14/09/2026;Decisão;https://consultaunificadapje.tse.jus.br/#/public/resultado/0600025-79.2025.6.09.0146;2026-09-14;0;0;0
0600098-24.2026.6.07.0000|67853;01/10/2026;06:00:34;2026;0600098-24.2026.6.07.0000;DF;DF;2;3;67853;14/09/2026;NUNES MARQUES;Decisão;01/10/2026;06:01:26;2026;0600098-24.2026.6.07.0000;03/08/2026;#NULO#;DF;2;DF;3;03/08/2026;S;Por sorteio;350140;ESTELA ARANHA;7;Ministro;11549;REspEl;RECURSO ESPECIAL ELEITORAL;12638;Propaganda Política - Propaganda Eleitoral - Impulsionamento;1;2;16/09/2026;Despacho;https://consultaunificadapje.tse.jus.br/#/public/resultado/0600098-24.2026.6.07.0000;2026-09-14;1;0;1
0600100-21.2026.6.06.0000|68030;01/10/2026;06:00:34;2026;0600100-21.2026.6.06.0000;DF;CE;2;3;68030;14/09/2026;RICARDO VILLAS BÔAS CUEVA;Decisão;01/10/2026;06:01:26;2026;0600100-21.2026.6.06.0000;10/09/2026;#NULO#;CE;2;DF;3;10/09/2026;S;Por sorteio;301846;RICARDO VILLAS BÔAS CUEVA;4;Ministro;11550;RO-El;RECURSO ORDINÁRIO ELEITORAL;11605;Inelegibilidade - Representação ou Ação de Investigação Judicial Eleitoral Jugada Procedente pela Justiça Eleitoral;1;2;14/09/2026;Decisão;https://consultaunificadapje.tse.jus.br/#/public/resultado/0600100-21.2026.6.06.0000;2026-09-14;0;0;0
0600104-31.2026.6.07.0000|68212;01/10/2026;06:00:34;2026;0600104-31.2026.6.07.0000;DF;DF;2;3;68212;14/09/2026;NUNES MARQUES;Decisão;01/10/2026;06:01:26;2026;0600104-31.2026.6.07.0000;07/08/2026;#NULO#;DF;2;DF;3;07/08/2026;S;Por sorteio;223256;ANDRÉ MENDONÇA;14;Ministro;11549;REspEl;RECURSO ESPECIAL ELEITORAL;12638;Propaganda Política - Propaganda Eleitoral - Impulsionamento;1;1;14/09/2026;Decisão;https://consultaunificadapje.tse.jus.br/#/public/resultado/0600104-31.2026.6.07.0000;2026-09-14;1;0;1
0600114-75.2026.6.07.0000|68213;01/10/2026;06:00:34;2026;0600114-75.2026.6.07.0000;DF;DF;2;3;68213;14/09/2026;NUNES MARQUES;Decisão;01/10/2026;06:01:26;2026;0600114-75.2026.6.07.0000;17/08/2026;#NULO#;DF;2;DF;3;17/08/2026;S;Por sorteio;223256;ANDRÉ MENDONÇA;14;Ministro;11549;REspEl;RECURSO ESPECIAL ELEITORAL;12638;Propaganda Política - Propaganda Eleitoral - Impulsionamento;1;1;14/09/2026;Decisão;https://consultaunificadapje.tse.jus.br/#/public/resultado/0600114-75.2026.6.07.0000;2026-09-14;1;0;1
0600120-82.2026.6.07.0000|67854;01/10/2026;06:00:34;2026;0600120-82.2026.6.07.0000;DF;DF;2;3;67854;14/09/2026;NUNES MARQUES;Decisão;01/10/2026;06:01:26;2026;0600120-82.2026.6.07.0000;07/08/2026;#NULO#;DF;2;DF;3;07/08/2026;S;Por sorteio;223256;ANDRÉ MENDONÇA;14;Ministro;11549;REspEl;RECURSO ESPECIAL ELEITORAL;11679;Propaganda Política - Propaganda Eleitoral - Internet;1;1;14/09/2026;Decisão;https://consultaunificadapje.tse.jus.br/#/public/resultado/0600120-82.2026.6.07.0000;2026-09-14;1;0;1
0600124-22.2026.6.07.0000|67824;01/10/2026;06:00:34;2026;0600124-22.2026.6.07.0000;DF;DF;2;3;67824;14/09/2026;NUNES MARQUES;Decisão;01/10/2026;06:01:26;2026;0600124-22.2026.6.07.0000;03/08/2026;#NULO#;DF;2;DF;3;29/09/2026;S;Por sorteio;349772;SEBASTIÃO REIS JUNIOR;11;Ministro;11549;REspEl;RECURSO ESPECIAL ELEITORAL;11679;Propaganda Política - Propaganda Eleitoral - Internet;1;1;14/09/2026;Decisão;https://consultaunificadapje.tse.jus.br/#/public/resultado/0600124-22.2026.6.07.0000;2026-09-14;1;0;1
0600294-74.2026.6.22.0000|68033;01/10/2026;06:00:34;2026;0600294-74.2026.6.22.0000;DF;RO;2;3;68033;14/09/2026;ANDRÉ MENDONÇA;Decisão;01/10/2026;06:01:26;2026;0600294-74.2026.6.22.0000;08/09/2026;18/09/2026;RO;2;DF;3;08/09/2026;S;Por sorteio;223256;ANDRÉ MENDONÇA;14;Ministro;11550;RO-El;RECURSO ORDINÁRIO ELEITORAL;11618;Registro de Candidatura - RRC - Candidato;1;1;14/09/2026;Decisão;https://consultaunificadapje.tse.jus.br/#/public/resultado/0600294-74.2026.6.22.0000;2026-09-14;0;0;0
0600414-04.2026.6.19.0000|67684;01/10/2026;06:00:34;2026;0600414-04.2026.6.19.0000;DF;RJ;2;3;67684;14/09/2026;ANDRÉ MENDONÇA;Decisão;01/10/2026;06:01:26;2026;0600414-04.2026.6.19.0000;12/09/2026;18/09/2026;RJ;2;DF;3;12/09/2026;S;Por sorteio;223256;ANDRÉ MENDONÇA;14;Ministro;11549;REspEl;RECURSO ESPECIAL ELEITORAL;11618;Registro de Candidatura - RRC - Candidato;1;1;14/09/2026;Decisão;https://consultaunificadapje.tse.jus.br/#/public/resultado/0600414-04.2026.6.19.0000;2026-09-14;0;0;0
0600430-82.2026.6.18.0000|68010;01/10/2026;06:00:34;2026;0600430-82.2026.6.18.0000;DF;PI;2;3;68010;14/09/2026;ESTELA ARANHA;Decisão;01/10/2026;06:01:26;2026;0600430-82.2026.6.18.0000;09/09/2026;19/09/2026;PI;2;DF;3;09/09/2026;S;Por sorteio;350140;ESTELA ARANHA;7;Ministro;11550;RO-El;RECURSO ORDINÁRIO ELEITORAL;11618;Registro de Candidatura - RRC - Candidato;1;1;14/09/2026;Decisão;https://consultaunificadapje.tse.jus.br/#/public/resultado/0600430-82.2026.6.18.0000;2026-09-14;0;0;0
0600468-95.2026.6.00.0000|67982;01/10/2026;06:00:34;2026;0600468-95.2026.6.00.0000;DF;DF;3;3;67982;14/09/2026;ESTELA ARANHA;Acórdão;01/10/2026;06:01:26;2026;0600468-95.2026.6.00.0000;16/03/2026;#NULO#;DF;3;DF;3;16/03/2026;S;Por sorteio;350140;ESTELA ARANHA;59;Juíz Auxiliar;11541;Rp;REPRESENTAÇÃO;11667;Propaganda Política - Propaganda Eleitoral - Extemporânea/Antecipada;0;2;14/09/2026;Acórdão;https://consultaunificadapje.tse.jus.br/#/public/resultado/0600468-95.2026.6.00.0000;2026-09-14;1;0;1
0600518-28.2026.6.25.0000|68793;01/10/2026;06:00:34;2026;0600518-28.2026.6.25.0000;DF;SE;2;3;68793;14/09/2026;ANDRÉ MENDONÇA;Decisão;01/10/2026;06:01:26;2026;0600518-28.2026.6.25.0000;08/09/2026;#NULO#;SE;2;DF;3;08/09/2026;S;Por sorteio;223256;ANDRÉ MENDONÇA;14;Ministro;11550;RO-El;RECURSO ORDINÁRIO ELEITORAL;11605;Inelegibilidade - Representação ou Ação de Investigação Judicial Eleitoral Jugada Procedente pela Justiça Eleitoral;1;1;14/09/2026;Decisão;https://consultaunificadapje.tse.jus.br/#/public/resultado/0600518-28.2026.6.25.0000;2026-09-14;0;0;0
0600720-44.2026.6.02.0000|67426;01/10/2026;06:00:34;2026;0600720-44.2026.6.02.0000;DF;AL;2;3;67426;14/09/2026;ANDRÉ MENDONÇA;Decisão;01/10/2026;06:01:26;2026;0600720-44.2026.6.02.0000;10/09/2026;#NULO#;AL;2;DF;3;10/09/2026;S;Por sorteio;223256;ANDRÉ MENDONÇA;14;Ministro;11549;REspEl;RECURSO ESPECIAL ELEITORAL;11618;Registro de Candidatura - RRC - Candidato;1;1;14/09/2026;Decisão;https://consultaunificadapje.tse.jus.br/#/public/resultado/0600720-44.2026.6.02.0000;2026-09-14;0;0;0
0601156-19.2026.6.05.0000|68499;01/10/2026;06:00:34;2026;0601156-19.2026.6.05.0000;DF;BA;2;3;68499;14/09/2026;ANTONIO CARLOS FERREIRA;Acórdão;01/10/2026;06:01:26;2026;0601156-19.2026.6.05.0000;29/08/2026;14/09/2026;BA;2;DF;3;29/08/2026;PP;Por prevenção;285510;ANTONIO CARLOS FERREIRA;11;Ministro;11549;REspEl;RECURSO ESPECIAL ELEITORAL;11616;Impugnação ao Registro de Candidatura;1;1;14/09/2026;Acórdão;https://consultaunificadapje.tse.jus.br/#/public/resultado/0601156-19.2026.6.05.0000;2026-09-14;0;0;0
0601157-04.2026.6.05.0000|69183;01/10/2026;06:00:34;2026;0601157-04.2026.6.05.0000;DF;BA;2;3;69183;14/09/2026;ANTONIO CARLOS FERREIRA;Acórdão;01/10/2026;06:01:26;2026;0601157-04.2026.6.05.0000;29/08/2026;17/09/2026;BA;2;DF;3;29/08/2026;PP;Por prevenção;285510;ANTONIO CARLOS FERREIRA;11;Ministro;11549;REspEl;RECURSO ESPECIAL ELEITORAL;11616;Impugnação ao Registro de Candidatura;1;1;14/09/2026;Acórdão;https://consultaunificadapje.tse.jus.br/#/public/resultado/0601157-04.2026.6.05.0000;2026-09-14;0;0;0
0601179-62.2026.6.05.0000|69181;01/10/2026;06:00:34;2026;0601179-62.2026.6.05.0000;DF;BA;2;3;69181;14/09/2026;ANTONIO CARLOS FERREIRA;Acórdão;01/10/2026;06:01:26;2026;0601179-62.2026.6.05.0000;29/08/2026;14/09/2026;BA;2;DF;3;29/08/2026;PP;Por prevenção;285510;ANTONIO CARLOS FERREIRA;11;Ministro;11549;REspEl;RECURSO ESPECIAL ELEITORAL;12044;Registro de Candidatura - DRAP Partido/Coligação;1;1;14/09/2026;Acórdão;https://consultaunificadapje.tse.jus.br/#/public/resultado/0601179-62.2026.6.05.0000;2026-09-14;0;0;0
0601180-47.2026.6.05.0000|69214;01/10/2026;06:00:34;2026;0601180-47.2026.6.05.0000;DF;BA;2;3;69214;14/09/2026;ANTONIO CARLOS FERREIRA;Acórdão;01/10/2026;06:01:26;2026;0601180-47.2026.6.05.0000;29/08/2026;14/09/2026;BA;2;DF;3;29/08/2026;PP;Por prevenção;285510;ANTONIO CARLOS FERREIRA;11;Ministro;11549;REspEl;RECURSO ESPECIAL ELEITORAL;11618;Registro de Candidatura - RRC - Candidato;1;1;14/09/2026;Acórdão;https://consultaunificadapje.tse.jus.br/#/public/resultado/0601180-47.2026.6.05.0000;2026-09-14;0;0;0
0601182-17.2026.6.05.0000|69182;01/10/2026;06:00:34;2026;0601182-17.2026.6.05.0000;DF;BA;2;3;69182;14/09/2026;ANTONIO CARLOS FERREIRA;Acórdão;01/10/2026;06:01:26;2026;0601182-17.2026.6.05.0000;29/08/2026;14/09/2026;BA;2;DF;3;29/08/2026;PP;Por prevenção;285510;ANTONIO CARLOS FERREIRA;11;Ministro;11549;REspEl;RECURSO ESPECIAL ELEITORAL;11618;Registro de Candidatura - RRC - Candidato;1;1;14/09/2026;Acórdão;https://consultaunificadapje.tse.jus.br/#/public/resultado/0601182-17.2026.6.05.0000;2026-09-14;0;0;0
0601235-36.2026.6.00.0000|68205;01/10/2026;06:00:34;2026;0601235-36.2026.6.00.0000;DF;DF;3;3;68205;14/09/2026;NUNES MARQUES;Acórdão;01/10/2026;06:01:26;2026;0601235-36.2026.6.00.0000;09/07/2026;#NULO#;DF;3;DF;3;09/07/2026;S;Por sorteio;202679;NUNES MARQUES;78;Ministro;1298;PA;PROCESSO ADMINISTRATIVO;11573;Requisição de Força Federal;0;2;14/09/2026;Acórdão;https://consultaunificadapje.tse.jus.br/#/public/resultado/0601235-36.2026.6.00.0000;2026-09-14;0;0;0
0601431-06.2026.6.00.0000|68525;01/10/2026;06:00:34;2026;0601431-06.2026.6.00.0000;DF;DF;3;3;68525;14/09/2026;NUNES MARQUES;Decisão;01/10/2026;06:01:26;2026;0601431-06.2026.6.00.0000;10/08/2026;21/09/2026;DF;3;DF;3;10/08/2026;S;Por sorteio;202679;NUNES MARQUES;78;Ministro;241;PetCiv;PETIÇÃO CÍVEL;11670;Propaganda Política - Propaganda Eleitoral - Distribuição de Tempo de Propaganda;0;1;14/09/2026;Decisão;https://consultaunificadapje.tse.jus.br/#/public/resultado/0601431-06.2026.6.00.0000;2026-09-14;1;0;1
0601534-13.2026.6.00.0000|68614;01/10/2026;06:00:34;2026;0601534-13.2026.6.00.0000;DF;DF;3;3;68614;14/09/2026;ESTELA ARANHA;Acórdão;01/10/2026;06:01:26;2026;0601534-13.2026.6.00.0000;13/08/2026;#NULO#;DF;3;DF;3;13/08/2026;S;Por sorteio;350140;ESTELA ARANHA;7;Ministro;11532;RCand;REGISTRO DE CANDIDATURA;12044;Registro de Candidatura - DRAP Partido/Coligação;0;4;14/09/2026;Acórdão;https://consultaunificadapje.tse.jus.br/#/public/resultado/0601534-13.2026.6.00.0000;2026-09-14;0;0;0
0601535-95.2026.6.00.0000|68615;01/10/2026;06:00:34;2026;0601535-95.2026.6.00.0000;DF;DF;3;3;68615;14/09/2026;ESTELA ARANHA;Acórdão;01/10/2026;06:01:26;2026;0601535-95.2026.6.00.0000;13/08/2026;#NULO#;DF;3;DF;3;13/08/2026;PD;Por dependência;350140;ESTELA ARANHA;7;Ministro;11532;RCand;REGISTRO DE CANDIDATURA;11618;Registro de Candidatura - RRC - Candidato;0;2;14/09/2026;Acórdão;https://consultaunificadapje.tse.jus.br/#/public/resultado/0601535-95.2026.6.00.0000;2026-09-14;0;0;0
0601536-80.2026.6.00.0000|67621;01/10/2026;06:00:34;2026;0601536-80.2026.6.00.0000;DF;DF;3;3;67621;14/09/2026;ESTELA ARANHA;Acórdão;01/10/2026;06:01:26;2026;0601536-80.2026.6.00.0000;13/08/2026;#NULO#;DF;3;DF;3;13/08/2026;PD;Por dependência;350140;ESTELA ARANHA;7;Ministro;11532;RCand;REGISTRO DE CANDIDATURA;11618;Registro de Candidatura - RRC - Candidato;0;2;14/09/2026;Acórdão;https://consultaunificadapje.tse.jus.br/#/public/resultado/0601536-80.2026.6.00.0000;2026-09-14;0;0;0
0601537-65.2026.6.00.0000|68343;01/10/2026;06:00:34;2026;0601537-65.2026.6.00.0000;DF;DF;3;3;68343;14/09/2026;ESTELA ARANHA;Acórdão;01/10/2026;06:01:26;2026;0601537-65.2026.6.00.0000;13/08/2026;#NULO#;DF;3;DF;3;13/08/2026;PD;Por dependência;350140;ESTELA ARANHA;7;Ministro;11532;RCand;REGISTRO DE CANDIDATURA;11618;Registro de Candidatura - RRC - Candidato;0;2;14/09/2026;Acórdão;https://consultaunificadapje.tse.jus.br/#/public/resultado/0601537-65.2026.6.00.0000;2026-09-14;0;0;0
0601575-77.2026.6.00.0000|69216;01/10/2026;06:00:34;2026;0601575-77.2026.6.00.0000;DF;DF;3;3;69216;14/09/2026;ANTONIO CARLOS FERREIRA;Acórdão;01/10/2026;06:01:26;2026;0601575-77.2026.6.00.0000;15/08/2026;#NULO#;DF;3;DF;3;15/08/2026;S;Por sorteio;285510;ANTONIO CARLOS FERREIRA;11;Ministro;11532;RCand;REGISTRO DE CANDIDATURA;12044;Registro de Candidatura - DRAP Partido/Coligação;0;2;14/09/2026;Acórdão;https://consultaunificadapje.tse.jus.br/#/public/resultado/0601575-77.2026.6.00.0000;2026-09-14;0;0;0
0601576-62.2026.6.00.0000|69184;01/10/2026;06:00:34;2026;0601576-62.2026.6.00.0000;DF;DF;3;3;69184;14/09/2026;ANTONIO CARLOS FERREIRA;Acórdão;01/10/2026;06:01:26;2026;0601576-62.2026.6.00.0000;15/08/2026;#NULO#;DF;3;DF;3;15/08/2026;PD;Por dependência;285510;ANTONIO CARLOS FERREIRA;11;Ministro;11532;RCand;REGISTRO DE CANDIDATURA;11618;Registro de Candidatura - RRC - Candidato;0;2;14/09/2026;Acórdão;https://consultaunificadapje.tse.jus.br/#/public/resultado/0601576-62.2026.6.00.0000;2026-09-14;0;0;0
0601579-17.2026.6.00.0000|67812;01/10/2026;06:00:34;2026;0601579-17.2026.6.00.0000;DF;DF;3;3;67812;14/09/2026;ANTONIO CARLOS FERREIRA;Acórdão;01/10/2026;06:01:26;2026;0601579-17.2026.6.00.0000;15/08/2026;#NULO#;DF;3;DF;3;15/08/2026;PD;Por dependência;285510;ANTONIO CARLOS FERREIRA;11;Ministro;11532;RCand;REGISTRO DE CANDIDATURA;11618;Registro de Candidatura - RRC - Candidato;0;2;14/09/2026;Acórdão;https://consultaunificadapje.tse.jus.br/#/public/resultado/0601579-17.2026.6.00.0000;2026-09-14;0;0;0
0601584-39.2026.6.00.0000|68626;01/10/2026;06:00:34;2026;0601584-39.2026.6.00.0000;DF;DF;3;3;68626;14/09/2026;ESTELA ARANHA;Acórdão;01/10/2026;06:01:26;2026;0601584-39.2026.6.00.0000;15/08/2026;#NULO#;DF;3;DF;3;15/08/2026;S;Por sorteio;350140;ESTELA ARANHA;7;Ministro;11532;RCand;REGISTRO DE CANDIDATURA;12044;Registro de Candidatura - DRAP Partido/Coligação;0;2;14/09/2026;Acórdão;https://consultaunificadapje.tse.jus.br/#/public/resultado/0601584-39.2026.6.00.0000;2026-09-14;0;0;0
0601585-24.2026.6.00.0000|68617;01/10/2026;06:00:34;2026;0601585-24.2026.6.00.0000;DF;DF;3;3;68617;14/09/2026;ESTELA ARANHA;Acórdão;01/10/2026;06:01:26;2026;0601585-24.2026.6.00.0000;15/08/2026;#NULO#;DF;3;DF;3;15/08/2026;PD;Por dependência;350140;ESTELA ARANHA;7;Ministro;11532;RCand;REGISTRO DE CANDIDATURA;11618;Registro de Candidatura - RRC - Candidato;0;3;14/09/2026;Decisão;https://consultaunificadapje.tse.jus.br/#/public/resultado/0601585-24.2026.6.00.0000;2026-09-14;0;0;0
0601585-24.2026.6.00.0000|68772;01/10/2026;06:00:34;2026;0601585-24.2026.6.00.0000;DF;DF;3;3;68772;14/09/2026;ESTELA ARANHA;Decisão;01/10/2026;06:01:26;2026;0601585-24.2026.6.00.0000;15/08/2026;#NULO#;DF;3;DF;3;15/08/2026;PD;Por dependência;350140;ESTELA ARANHA;7;Ministro;11532;RCand;REGISTRO DE CANDIDATURA;11618;Registro de Candidatura - RRC - Candidato;0;3;14/09/2026;Decisão;https://consultaunificadapje.tse.jus.br/#/public/resultado/0601585-24.2026.6.00.0000;2026-09-14;0;0;0
0601586-09.2026.6.00.0000|68775;01/10/2026;06:00:34;2026;0601586-09.2026.6.00.0000;DF;DF;3;3;68775;14/09/2026;ESTELA ARANHA;Acórdão;01/10/2026;06:01:26;2026;0601586-09.2026.6.00.0000;15/08/2026;#NULO#;DF;3;DF;3;15/08/2026;PD;Por dependência;350140;ESTELA ARANHA;7;Ministro;11532;RCand;REGISTRO DE CANDIDATURA;11616;Impugnação ao Registro de Candidatura;0;4;14/09/2026;Acórdão;https://consultaunificadapje.tse.jus.br/#/public/resultado/0601586-09.2026.6.00.0000;2026-09-14;0;0;0
0601646-41.2026.6.05.0000|69215;01/10/2026;06:00:34;2026;0601646-41.2026.6.05.0000;DF;BA;2;3;69215;14/09/2026;ANTONIO CARLOS FERREIRA;Acórdão;01/10/2026;06:01:26;2026;0601646-41.2026.6.05.0000;29/08/2026;14/09/2026;BA;2;DF;3;29/08/2026;S;Por sorteio;285510;ANTONIO CARLOS FERREIRA;11;Ministro;11549;REspEl;RECURSO ESPECIAL ELEITORAL;12044;Registro de Candidatura - DRAP Partido/Coligação;1;1;14/09/2026;Acórdão;https://consultaunificadapje.tse.jus.br/#/public/resultado/0601646-41.2026.6.05.0000;2026-09-14;0;0;0
0601760-18.2026.6.00.0000|68776;01/10/2026;06:00:34;2026;0601760-18.2026.6.00.0000;DF;DF;3;3;68776;14/09/2026;ESTELA ARANHA;Acórdão;01/10/2026;06:01:26;2026;0601760-18.2026.6.00.0000;29/08/2026;#NULO#;DF;3;DF;3;29/08/2026;S;Por sorteio;350140;ESTELA ARANHA;7;Ministro;11532;RCand;REGISTRO DE CANDIDATURA;12044;Registro de Candidatura - DRAP Partido/Coligação;0;2;14/09/2026;Acórdão;https://consultaunificadapje.tse.jus.br/#/public/resultado/0601760-18.2026.6.00.0000;2026-09-14;0;0;0
0601763-70.2026.6.00.0000|68659;01/10/2026;06:00:34;2026;0601763-70.2026.6.00.0000;DF;DF;3;3;68659;14/09/2026;ESTELA ARANHA;Acórdão;01/10/2026;06:01:26;2026;0601763-70.2026.6.00.0000;29/08/2026;#NULO#;DF;3;DF;3;30/08/2026;S;Por sorteio;350140;ESTELA ARANHA;59;Juíz Auxiliar;11541;Rp;REPRESENTAÇÃO;11671;Propaganda Política - Propaganda Eleitoral - Horário Eleitoral Gratuito/Inserções de Propaganda;0;2;14/09/2026;Acórdão;https://consultaunificadapje.tse.jus.br/#/public/resultado/0601763-70.2026.6.00.0000;2026-09-14;1;0;1
0601780-09.2026.6.00.0000|67907;01/10/2026;06:00:34;2026;0601780-09.2026.6.00.0000;DF;DF;3;3;67907;14/09/2026;NUNES MARQUES;Decisão;01/10/2026;06:01:26;2026;0601780-09.2026.6.00.0000;31/08/2026;#NULO#;DF;3;DF;3;16/09/2026;S;Por sorteio;285510;ANTONIO CARLOS FERREIRA;42;Ministro;12134;TutCautAnt;TUTELA CAUTELAR ANTECEDENTE;12062;Captação ou Gasto Ilícito de Recursos Financeiros de Campanha Eleitoral;0;3;19/09/2026;Decisão;https://consultaunificadapje.tse.jus.br/#/public/resultado/0601780-09.2026.6.00.0000;2026-09-14;0;0;0
0601816-51.2026.6.00.0000|67945;01/10/2026;06:00:34;2026;0601816-51.2026.6.00.0000;DF;DF;3;3;67945;14/09/2026;ESTELA ARANHA;Decisão;01/10/2026;06:01:26;2026;0601816-51.2026.6.00.0000;01/09/2026;18/09/2026;DF;3;DF;3;01/09/2026;S;Por sorteio;350140;ESTELA ARANHA;7;Ministro;120;MSCiv;MANDADO DE SEGURANÇA CÍVEL;11634;Cargo - Presidente da República;0;1;14/09/2026;Decisão;https://consultaunificadapje.tse.jus.br/#/public/resultado/0601816-51.2026.6.00.0000;2026-09-14;1;0;1
0601863-25.2026.6.00.0000|67840;01/10/2026;06:00:34;2026;0601863-25.2026.6.00.0000;DF;DF;3;3;67840;14/09/2026;NUNES MARQUES;Decisão;01/10/2026;06:01:26;2026;0601863-25.2026.6.00.0000;04/09/2026;22/09/2026;DF;3;DF;3;04/09/2026;S;Por sorteio;202679;NUNES MARQUES;78;Ministro;241;PetCiv;PETIÇÃO CÍVEL;12362;Autorização de Divulgação de Publicidade Institucional;0;1;14/09/2026;Decisão;https://consultaunificadapje.tse.jus.br/#/public/resultado/0601863-25.2026.6.00.0000;2026-09-14;0;0;0
0601986-23.2026.6.00.0000|67622;01/10/2026;06:00:34;2026;0601986-23.2026.6.00.0000;DF;DF;3;3;67622;14/09/2026;ESTELA ARANHA;Decisão;01/10/2026;06:01:26;2026;0601986-23.2026.6.00.0000;12/09/2026;18/09/2026;DF;3;DF;3;14/09/2026;S;Por sorteio;350140;ESTELA ARANHA;7;Ministro;12134;TutCautAnt;TUTELA CAUTELAR ANTECEDENTE;11598;Inelegibilidade - Condenação Criminal por órgão colegiado ou Transitada em Julgado;0;1;14/09/2026;Decisão;https://consultaunificadapje.tse.jus.br/#/public/resultado/0601986-23.2026.6.00.0000;2026-09-14;0;0;0
0602027-87.2026.6.00.0000|68362;01/10/2026;06:00:34;2026;0602027-87.2026.6.00.0000;DF;DF;3;3;68362;14/09/2026;RICARDO VILLAS BÔAS CUEVA;Decisão;01/10/2026;06:01:26;2026;0602027-87.2026.6.00.0000;14/09/2026;#NULO#;DF;3;DF;3;14/09/2026;S;Por sorteio;301846;RICARDO VILLAS BÔAS CUEVA;4;Ministro;272;RpCrNotCrim;REPRESENTAÇÃO CRIMINAL/NOTÍCIA DE CRIME;11473;Falsidade Ideológica;0;1;14/09/2026;Decisão;https://consultaunificadapje.tse.jus.br/#/public/resultado/0602027-87.2026.6.00.0000;2026-09-14;0;0;0
0600418-52.2026.6.15.0000|67660;01/10/2026;06:00:34;2026;0600418-52.2026.6.15.0000;DF;PB;2;3;67660;15/09/2026;ESTELA ARANHA;Decisão;01/10/2026;06:01:26;2026;0600418-52.2026.6.15.0000;14/09/2026;#NULO#;PB;2;DF;3;14/09/2026;S;Por sorteio;350140;ESTELA ARANHA;7;Ministro;11549;REspEl;RECURSO ESPECIAL ELEITORAL;11616;Impugnação ao Registro de Candidatura;1;1;15/09/2026;Decisão;https://consultaunificadapje.tse.jus.br/#/public/resultado/0600418-52.2026.6.15.0000;2026-09-15;0;0;0
0600597-56.2026.6.16.0000|68178;01/10/2026;06:00:34;2026;0600597-56.2026.6.16.0000;DF;PR;2;3;68178;15/09/2026;ANTONIO CARLOS FERREIRA;Decisão;01/10/2026;06:01:26;2026;0600597-56.2026.6.16.0000;11/09/2026;22/09/2026;PR;2;DF;3;11/09/2026;S;Por sorteio;285510;ANTONIO CARLOS FERREIRA;11;Ministro;1347;RMS;RECURSO EM MANDADO DE SEGURANÇA;11753;Convenção Partidária;1;1;15/09/2026;Decisão;https://consultaunificadapje.tse.jus.br/#/public/resultado/0600597-56.2026.6.16.0000;2026-09-15;0;0;0
0600638-55.2026.6.22.0000|68009;01/10/2026;06:00:34;2026;0600638-55.2026.6.22.0000;DF;RO;2;3;68009;15/09/2026;ESTELA ARANHA;Decisão;01/10/2026;06:01:26;2026;0600638-55.2026.6.22.0000;14/09/2026;#NULO#;RO;2;DF;3;14/09/2026;S;Por sorteio;350140;ESTELA ARANHA;7;Ministro;11550;RO-El;RECURSO ORDINÁRIO ELEITORAL;11618;Registro de Candidatura - RRC - Candidato;1;1;15/09/2026;Decisão;https://consultaunificadapje.tse.jus.br/#/public/resultado/0600638-55.2026.6.22.0000;2026-09-15;0;0;0
0600874-50.2026.6.24.0000|68592;01/10/2026;06:00:34;2026;0600874-50.2026.6.24.0000;DF;SC;2;3;68592;15/09/2026;ANDRÉ MENDONÇA;Decisão;01/10/2026;06:01:26;2026;0600874-50.2026.6.24.0000;13/09/2026;29/09/2026;SC;2;DF;3;13/09/2026;S;Por sorteio;223256;ANDRÉ MENDONÇA;14;Ministro;11550;RO-El;RECURSO ORDINÁRIO ELEITORAL;11619;Registro de Candidatura - RRCI - Candidato Individual;1;2;24/09/2026;Decisão;https://consultaunificadapje.tse.jus.br/#/public/resultado/0600874-50.2026.6.24.0000;2026-09-15;0;0;0
0600899-04.2026.6.19.0000|67419;01/10/2026;06:00:34;2026;0600899-04.2026.6.19.0000;DF;RJ;2;3;67419;15/09/2026;ANDRÉ MENDONÇA;Decisão;01/10/2026;06:01:26;2026;0600899-04.2026.6.19.0000;12/09/2026;26/09/2026;RJ;2;DF;3;12/09/2026;S;Por sorteio;223256;ANDRÉ MENDONÇA;14;Ministro;11549;REspEl;RECURSO ESPECIAL ELEITORAL;11618;Registro de Candidatura - RRC - Candidato;1;2;21/09/2026;Decisão;https://consultaunificadapje.tse.jus.br/#/public/resultado/0600899-04.2026.6.19.0000;2026-09-15;0;0;0
0601488-93.2026.6.19.0000|67665;01/10/2026;06:00:34;2026;0601488-93.2026.6.19.0000;DF;RJ;2;3;67665;15/09/2026;RICARDO VILLAS BÔAS CUEVA;Decisão;01/10/2026;06:01:26;2026;0601488-93.2026.6.19.0000;14/09/2026;29/09/2026;RJ;2;DF;3;14/09/2026;S;Por sorteio;301846;RICARDO VILLAS BÔAS CUEVA;4;Ministro;11549;REspEl;RECURSO ESPECIAL ELEITORAL;11618;Registro de Candidatura - RRC - Candidato;1;2;28/09/2026;Acórdão;https://consultaunificadapje.tse.jus.br/#/public/resultado/0601488-93.2026.6.19.0000;2026-09-15;0;0;0
0601700-45.2026.6.00.0000|68495;01/10/2026;06:00:34;2026;0601700-45.2026.6.00.0000;DF;DF;3;3;68495;15/09/2026;ANTONIO CARLOS FERREIRA;Decisão;01/10/2026;06:01:26;2026;0601700-45.2026.6.00.0000;25/08/2026;23/09/2026;DF;3;DF;3;25/08/2026;S;Por sorteio;285510;ANTONIO CARLOS FERREIRA;11;Ministro;241;PetCiv;PETIÇÃO CÍVEL;11778;Requerimento;0;2;15/09/2026;Decisão;https://consultaunificadapje.tse.jus.br/#/public/resultado/0601700-45.2026.6.00.0000;2026-09-15;0;0;0
0601979-31.2026.6.00.0000|68773;01/10/2026;06:00:34;2026;0601979-31.2026.6.00.0000;DF;DF;3;3;68773;15/09/2026;ESTELA ARANHA;Decisão;01/10/2026;06:01:26;2026;0601979-31.2026.6.00.0000;12/09/2026;#NULO#;DF;3;DF;3;12/09/2026;S;Por sorteio;350140;ESTELA ARANHA;7;Ministro;12135;TutAntAnt;TUTELA ANTECIPADA ANTECEDENTE;11655;Propaganda Política - Propaganda Eleitoral - Banner/Cartaz/Faixa;0;1;15/09/2026;Decisão;https://consultaunificadapje.tse.jus.br/#/public/resultado/0601979-31.2026.6.00.0000;2026-09-15;1;0;1
0600257-20.2026.6.23.0000|67668;01/10/2026;06:00:34;2026;0600257-20.2026.6.23.0000;DF;RR;2;3;67668;16/09/2026;RICARDO VILLAS BÔAS CUEVA;Decisão;01/10/2026;06:01:26;2026;0600257-20.2026.6.23.0000;15/09/2026;#NULO#;RR;2;DF;3;15/09/2026;S;Por sorteio;301846;RICARDO VILLAS BÔAS CUEVA;4;Ministro;11549;REspEl;RECURSO ESPECIAL ELEITORAL;11637;Cargo - Senador;1;2;28/09/2026;Acórdão;https://consultaunificadapje.tse.jus.br/#/public/resultado/0600257-20.2026.6.23.0000;2026-09-16;0;0;0
0600394-29.2026.6.22.0000|69196;01/10/2026;06:00:34;2026;0600394-29.2026.6.22.0000;DF;RO;2;3;69196;16/09/2026;DIAS TOFFOLI;Decisão;01/10/2026;06:01:26;2026;0600394-29.2026.6.22.0000;11/09/2026;20/09/2026;RO;2;DF;3;11/09/2026;S;Por sorteio;6276;DIAS TOFFOLI;3;Ministro;11550;RO-El;RECURSO ORDINÁRIO ELEITORAL;11604;Inelegibilidade - Rejeição de Contas Públicas;1;1;16/09/2026;Decisão;https://consultaunificadapje.tse.jus.br/#/public/resultado/0600394-29.2026.6.22.0000;2026-09-16;0;0;0
0600618-27.2026.6.09.0000|67785;01/10/2026;06:00:34;2026;0600618-27.2026.6.09.0000;DF;GO;2;3;67785;16/09/2026;DIAS TOFFOLI;Decisão;01/10/2026;06:01:26;2026;0600618-27.2026.6.09.0000;15/09/2026;#NULO#;GO;2;DF;3;15/09/2026;S;Por sorteio;6276;DIAS TOFFOLI;3;Ministro;11550;RO-El;RECURSO ORDINÁRIO ELEITORAL;11618;Registro de Candidatura - RRC - Candidato;1;1;16/09/2026;Decisão;https://consultaunificadapje.tse.jus.br/#/public/resultado/0600618-27.2026.6.09.0000;2026-09-16;0;0;0
0600644-57.2026.6.15.0000|68163;01/10/2026;06:00:34;2026;0600644-57.2026.6.15.0000;DF;PB;2;3;68163;16/09/2026;DIAS TOFFOLI;Decisão;01/10/2026;06:01:26;2026;0600644-57.2026.6.15.0000;09/09/2026;26/09/2026;PB;2;DF;3;09/09/2026;S;Por sorteio;6276;DIAS TOFFOLI;3;Ministro;11550;RO-El;RECURSO ORDINÁRIO ELEITORAL;12044;Registro de Candidatura - DRAP Partido/Coligação;1;2;25/09/2026;Decisão;https://consultaunificadapje.tse.jus.br/#/public/resultado/0600644-57.2026.6.15.0000;2026-09-16;0;0;0
0600964-64.2026.6.13.0000|69197;01/10/2026;06:00:34;2026;0600964-64.2026.6.13.0000;DF;MG;2;3;69197;16/09/2026;DIAS TOFFOLI;Decisão;01/10/2026;06:01:26;2026;0600964-64.2026.6.13.0000;01/09/2026;20/09/2026;MG;2;DF;3;01/09/2026;S;Por sorteio;6276;DIAS TOFFOLI;3;Ministro;11550;RO-El;RECURSO ORDINÁRIO ELEITORAL;11604;Inelegibilidade - Rejeição de Contas Públicas;1;1;16/09/2026;Decisão;https://consultaunificadapje.tse.jus.br/#/public/resultado/0600964-64.2026.6.13.0000;2026-09-16;0;0;0
0601019-75.2026.6.00.0000|67996;01/10/2026;06:00:34;2026;0601019-75.2026.6.00.0000;DF;DF;3;3;67996;16/09/2026;DIAS TOFFOLI;Acórdão;01/10/2026;06:01:26;2026;0601019-75.2026.6.00.0000;15/06/2026;#NULO#;DF;3;DF;3;15/06/2026;S;Por sorteio;223256;ANDRÉ MENDONÇA;72;Juiz Auxiliar;11541;Rp;REPRESENTAÇÃO;11667;Propaganda Política - Propaganda Eleitoral - Extemporânea/Antecipada;0;2;16/09/2026;Acórdão;https://consultaunificadapje.tse.jus.br/#/public/resultado/0601019-75.2026.6.00.0000;2026-09-16;1;0;1
0601357-49.2026.6.00.0000|68066;01/10/2026;06:00:34;2026;0601357-49.2026.6.00.0000;DF;DF;3;3;68066;16/09/2026;ANDRÉ MENDONÇA;Acórdão;01/10/2026;06:01:26;2026;0601357-49.2026.6.00.0000;01/08/2026;#NULO#;DF;3;DF;3;01/08/2026;S;Por sorteio;223256;ANDRÉ MENDONÇA;72;Juiz Auxiliar;11541;Rp;REPRESENTAÇÃO;11667;Propaganda Política - Propaganda Eleitoral - Extemporânea/Antecipada;0;2;16/09/2026;Acórdão;https://consultaunificadapje.tse.jus.br/#/public/resultado/0601357-49.2026.6.00.0000;2026-09-16;1;0;1
0601413-82.2026.6.00.0000|67786;01/10/2026;06:00:34;2026;0601413-82.2026.6.00.0000;DF;DF;3;3;67786;16/09/2026;DIAS TOFFOLI;Acórdão;01/10/2026;06:01:26;2026;0601413-82.2026.6.00.0000;07/08/2026;#NULO#;DF;3;DF;3;07/08/2026;S;Por sorteio;6276;DIAS TOFFOLI;3;Ministro;11532;RCand;REGISTRO DE CANDIDATURA;12044;Registro de Candidatura - DRAP Partido/Coligação;0;4;16/09/2026;Acórdão;https://consultaunificadapje.tse.jus.br/#/public/resultado/0601413-82.2026.6.00.0000;2026-09-16;0;0;0
0601414-67.2026.6.00.0000|68133;01/10/2026;06:00:34;2026;0601414-67.2026.6.00.0000;DF;DF;3;3;68133;16/09/2026;DIAS TOFFOLI;Acórdão;01/10/2026;06:01:26;2026;0601414-67.2026.6.00.0000;07/08/2026;#NULO#;DF;3;DF;3;07/08/2026;PD;Por dependência;6276;DIAS TOFFOLI;3;Ministro;11532;RCand;REGISTRO DE CANDIDATURA;11618;Registro de Candidatura - RRC - Candidato;0;9;27/09/2026;Decisão;https://consultaunificadapje.tse.jus.br/#/public/resultado/0601414-67.2026.6.00.0000;2026-09-16;0;0;0
0601415-52.2026.6.00.0000|68476;01/10/2026;06:00:34;2026;0601415-52.2026.6.00.0000;DF;DF;3;3;68476;16/09/2026;DIAS TOFFOLI;Acórdão;01/10/2026;06:01:26;2026;0601415-52.2026.6.00.0000;07/08/2026;#NULO#;DF;3;DF;3;07/08/2026;PD;Por dependência;6276;DIAS TOFFOLI;3;Ministro;11532;RCand;REGISTRO DE CANDIDATURA;11618;Registro de Candidatura - RRC - Candidato;0;7;16/09/2026;Acórdão;https://consultaunificadapje.tse.jus.br/#/public/resultado/0601415-52.2026.6.00.0000;2026-09-16;0;0;0
0601442-35.2026.6.00.0000|69180;01/10/2026;06:00:34;2026;0601442-35.2026.6.00.0000;DF;DF;3;3;69180;16/09/2026;DIAS TOFFOLI;Acórdão;01/10/2026;06:01:26;2026;0601442-35.2026.6.00.0000;11/08/2026;#NULO#;DF;3;DF;3;11/08/2026;S;Por sorteio;6276;DIAS TOFFOLI;3;Ministro;11532;RCand;REGISTRO DE CANDIDATURA;12044;Registro de Candidatura - DRAP Partido/Coligação;0;4;16/09/2026;Acórdão;https://consultaunificadapje.tse.jus.br/#/public/resultado/0601442-35.2026.6.00.0000;2026-09-16;0;0;0
0601443-20.2026.6.00.0000|68474;01/10/2026;06:00:34;2026;0601443-20.2026.6.00.0000;DF;DF;3;3;68474;16/09/2026;DIAS TOFFOLI;Acórdão;01/10/2026;06:01:26;2026;0601443-20.2026.6.00.0000;11/08/2026;#NULO#;DF;3;DF;3;11/08/2026;PD;Por dependência;6276;DIAS TOFFOLI;3;Ministro;11532;RCand;REGISTRO DE CANDIDATURA;11618;Registro de Candidatura - RRC - Candidato;0;4;16/09/2026;Acórdão;https://consultaunificadapje.tse.jus.br/#/public/resultado/0601443-20.2026.6.00.0000;2026-09-16;0;0;0
0601444-05.2026.6.00.0000|68475;01/10/2026;06:00:34;2026;0601444-05.2026.6.00.0000;DF;DF;3;3;68475;16/09/2026;DIAS TOFFOLI;Acórdão;01/10/2026;06:01:26;2026;0601444-05.2026.6.00.0000;11/08/2026;#NULO#;DF;3;DF;3;11/08/2026;PD;Por dependência;6276;DIAS TOFFOLI;3;Ministro;11532;RCand;REGISTRO DE CANDIDATURA;11618;Registro de Candidatura - RRC - Candidato;0;6;16/09/2026;Acórdão;https://consultaunificadapje.tse.jus.br/#/public/resultado/0601444-05.2026.6.00.0000;2026-09-16;0;0;0
0601543-72.2026.6.00.0000|68818;01/10/2026;06:00:34;2026;0601543-72.2026.6.00.0000;DF;DF;3;3;68818;16/09/2026;ANDRÉ MENDONÇA;Acórdão;01/10/2026;06:01:26;2026;0601543-72.2026.6.00.0000;14/08/2026;#NULO#;DF;3;DF;3;14/08/2026;S;Por sorteio;223256;ANDRÉ MENDONÇA;72;Juiz Auxiliar;11541;Rp;REPRESENTAÇÃO;11651;Pesquisa Eleitoral - Registro de Pesquisa Eleitoral;0;2;16/09/2026;Acórdão;https://consultaunificadapje.tse.jus.br/#/public/resultado/0601543-72.2026.6.00.0000;2026-09-16;0;0;0
0601596-53.2026.6.00.0000|68812;01/10/2026;06:00:34;2026;0601596-53.2026.6.00.0000;DF;DF;3;3;68812;16/09/2026;ANDRÉ MENDONÇA;Acórdão;01/10/2026;06:01:26;2026;0601596-53.2026.6.00.0000;17/08/2026;#NULO#;DF;3;DF;3;17/08/2026;S;Por sorteio;223256;ANDRÉ MENDONÇA;72;Juiz Auxiliar;11541;Rp;REPRESENTAÇÃO;11651;Pesquisa Eleitoral - Registro de Pesquisa Eleitoral;0;2;16/09/2026;Acórdão;https://consultaunificadapje.tse.jus.br/#/public/resultado/0601596-53.2026.6.00.0000;2026-09-16;0;0;0
0601598-23.2026.6.00.0000|67697;01/10/2026;06:00:34;2026;0601598-23.2026.6.00.0000;DF;DF;3;3;67697;16/09/2026;ANDRÉ MENDONÇA;Acórdão;01/10/2026;06:01:26;2026;0601598-23.2026.6.00.0000;17/08/2026;#NULO#;DF;3;DF;3;17/08/2026;S;Por sorteio;223256;ANDRÉ MENDONÇA;72;Juiz Auxiliar;11541;Rp;REPRESENTAÇÃO;11651;Pesquisa Eleitoral - Registro de Pesquisa Eleitoral;0;2;16/09/2026;Acórdão;https://consultaunificadapje.tse.jus.br/#/public/resultado/0601598-23.2026.6.00.0000;2026-09-16;0;0;0
0601599-08.2026.6.00.0000|68048;01/10/2026;06:00:34;2026;0601599-08.2026.6.00.0000;DF;DF;3;3;68048;16/09/2026;ANDRÉ MENDONÇA;Acórdão;01/10/2026;06:01:26;2026;0601599-08.2026.6.00.0000;17/08/2026;#NULO#;DF;3;DF;3;17/08/2026;S;Por sorteio;223256;ANDRÉ MENDONÇA;72;Juiz Auxiliar;11541;Rp;REPRESENTAÇÃO;11651;Pesquisa Eleitoral - Registro de Pesquisa Eleitoral;0;2;16/09/2026;Acórdão;https://consultaunificadapje.tse.jus.br/#/public/resultado/0601599-08.2026.6.00.0000;2026-09-16;0;0;0
0601600-90.2026.6.00.0000|68369;01/10/2026;06:00:34;2026;0601600-90.2026.6.00.0000;DF;DF;3;3;68369;16/09/2026;ANDRÉ MENDONÇA;Acórdão;01/10/2026;06:01:26;2026;0601600-90.2026.6.00.0000;17/08/2026;#NULO#;DF;3;DF;3;17/08/2026;S;Por sorteio;223256;ANDRÉ MENDONÇA;72;Juiz Auxiliar;11541;Rp;REPRESENTAÇÃO;11651;Pesquisa Eleitoral - Registro de Pesquisa Eleitoral;0;2;16/09/2026;Acórdão;https://consultaunificadapje.tse.jus.br/#/public/resultado/0601600-90.2026.6.00.0000;2026-09-16;0;0;0
0601604-30.2026.6.00.0000|68049;01/10/2026;06:00:34;2026;0601604-30.2026.6.00.0000;DF;DF;3;3;68049;16/09/2026;ANDRÉ MENDONÇA;Acórdão;01/10/2026;06:01:26;2026;0601604-30.2026.6.00.0000;17/08/2026;#NULO#;DF;3;DF;3;17/08/2026;S;Por sorteio;223256;ANDRÉ MENDONÇA;72;Juiz Auxiliar;11541;Rp;REPRESENTAÇÃO;11651;Pesquisa Eleitoral - Registro de Pesquisa Eleitoral;0;2;16/09/2026;Acórdão;https://consultaunificadapje.tse.jus.br/#/public/resultado/0601604-30.2026.6.00.0000;2026-09-16;0;0;0
0601642-42.2026.6.00.0000|68816;01/10/2026;06:00:34;2026;0601642-42.2026.6.00.0000;DF;DF;3;3;68816;16/09/2026;ANDRÉ MENDONÇA;Acórdão;01/10/2026;06:01:26;2026;0601642-42.2026.6.00.0000;21/08/2026;#NULO#;DF;3;DF;3;21/08/2026;S;Por sorteio;223256;ANDRÉ MENDONÇA;72;Juiz Auxiliar;11541;Rp;REPRESENTAÇÃO;11667;Propaganda Política - Propaganda Eleitoral - Extemporânea/Antecipada;0;5;16/09/2026;Acórdão;https://consultaunificadapje.tse.jus.br/#/public/resultado/0601642-42.2026.6.00.0000;2026-09-16;1;0;1
0601645-94.2026.6.00.0000|68817;01/10/2026;06:00:34;2026;0601645-94.2026.6.00.0000;DF;DF;3;3;68817;16/09/2026;ANDRÉ MENDONÇA;Acórdão;01/10/2026;06:01:26;2026;0601645-94.2026.6.00.0000;22/08/2026;#NULO#;DF;3;DF;3;22/08/2026;S;Por sorteio;223256;ANDRÉ MENDONÇA;72;Juiz Auxiliar;11541;Rp;REPRESENTAÇÃO;12365;Enquete;0;3;16/09/2026;Acórdão;https://consultaunificadapje.tse.jus.br/#/public/resultado/0601645-94.2026.6.00.0000;2026-09-16;0;0;0
0601680-54.2026.6.00.0000|68378;01/10/2026;06:00:34;2026;0601680-54.2026.6.00.0000;DF;DF;3;3;68378;16/09/2026;ANDRÉ MENDONÇA;Acórdão;01/10/2026;06:01:26;2026;0601680-54.2026.6.00.0000;24/08/2026;#NULO#;DF;3;DF;3;24/08/2026;S;Por sorteio;223256;ANDRÉ MENDONÇA;72;Juiz Auxiliar;11541;Rp;REPRESENTAÇÃO;11651;Pesquisa Eleitoral - Registro de Pesquisa Eleitoral;0;2;16/09/2026;Acórdão;https://consultaunificadapje.tse.jus.br/#/public/resultado/0601680-54.2026.6.00.0000;2026-09-16;0;0;0
0601682-24.2026.6.00.0000|68379;01/10/2026;06:00:34;2026;0601682-24.2026.6.00.0000;DF;DF;3;3;68379;16/09/2026;ANDRÉ MENDONÇA;Acórdão;01/10/2026;06:01:26;2026;0601682-24.2026.6.00.0000;24/08/2026;#NULO#;DF;3;DF;3;24/08/2026;S;Por sorteio;223256;ANDRÉ MENDONÇA;72;Juiz Auxiliar;11541;Rp;REPRESENTAÇÃO;11651;Pesquisa Eleitoral - Registro de Pesquisa Eleitoral;0;2;16/09/2026;Acórdão;https://consultaunificadapje.tse.jus.br/#/public/resultado/0601682-24.2026.6.00.0000;2026-09-16;0;0;0
0601737-72.2026.6.00.0000|68819;01/10/2026;06:00:34;2026;0601737-72.2026.6.00.0000;DF;DF;3;3;68819;16/09/2026;ANDRÉ MENDONÇA;Acórdão;01/10/2026;06:01:26;2026;0601737-72.2026.6.00.0000;27/08/2026;#NULO#;DF;3;DF;3;27/08/2026;S;Por sorteio;223256;ANDRÉ MENDONÇA;72;Juiz Auxiliar;11541;Rp;REPRESENTAÇÃO;11651;Pesquisa Eleitoral - Registro de Pesquisa Eleitoral;0;2;16/09/2026;Acórdão;https://consultaunificadapje.tse.jus.br/#/public/resultado/0601737-72.2026.6.00.0000;2026-09-16;0;0;0
0601749-86.2026.6.00.0000|67712;01/10/2026;06:00:34;2026;0601749-86.2026.6.00.0000;DF;DF;3;3;67712;16/09/2026;ANDRÉ MENDONÇA;Acórdão;01/10/2026;06:01:26;2026;0601749-86.2026.6.00.0000;28/08/2026;#NULO#;DF;3;DF;3;28/08/2026;S;Por sorteio;223256;ANDRÉ MENDONÇA;72;Juiz Auxiliar;11541;Rp;REPRESENTAÇÃO;11680;Propaganda Política - Propaganda Eleitoral - Omissão de Informações Obrigatórias;0;2;16/09/2026;Acórdão;https://consultaunificadapje.tse.jus.br/#/public/resultado/0601749-86.2026.6.00.0000;2026-09-16;1;0;1
0601777-91.2026.6.13.0000|68156;01/10/2026;06:00:34;2026;0601777-91.2026.6.13.0000;DF;MG;2;3;68156;16/09/2026;DIAS TOFFOLI;Decisão;01/10/2026;06:01:26;2026;0601777-91.2026.6.13.0000;10/09/2026;27/09/2026;MG;2;DF;3;10/09/2026;S;Por sorteio;6276;DIAS TOFFOLI;3;Ministro;11549;REspEl;RECURSO ESPECIAL ELEITORAL;11616;Impugnação ao Registro de Candidatura;1;2;22/09/2026;Decisão;https://consultaunificadapje.tse.jus.br/#/public/resultado/0601777-91.2026.6.13.0000;2026-09-16;0;0;0
0601949-93.2026.6.00.0000|68164;01/10/2026;06:00:34;2026;0601949-93.2026.6.00.0000;DF;DF;3;3;68164;16/09/2026;DIAS TOFFOLI;Decisão;01/10/2026;06:01:26;2026;0601949-93.2026.6.00.0000;10/09/2026;20/09/2026;DF;3;DF;3;10/09/2026;S;Por sorteio;6276;DIAS TOFFOLI;3;Ministro;12134;TutCautAnt;TUTELA CAUTELAR ANTECEDENTE;11616;Impugnação ao Registro de Candidatura;0;1;16/09/2026;Decisão;https://consultaunificadapje.tse.jus.br/#/public/resultado/0601949-93.2026.6.00.0000;2026-09-16;0;0;0
0601977-61.2026.6.00.0000|68477;01/10/2026;06:00:34;2026;0601977-61.2026.6.00.0000;DF;DF;3;3;68477;16/09/2026;DIAS TOFFOLI;Decisão;01/10/2026;06:01:26;2026;0601977-61.2026.6.00.0000;12/09/2026;23/09/2026;DF;3;DF;3;12/09/2026;S;Por sorteio;6276;DIAS TOFFOLI;3;Ministro;11541;Rp;REPRESENTAÇÃO;15591;Fundo Especial de Financiamento de Campanha (FEFC);0;1;16/09/2026;Decisão;https://consultaunificadapje.tse.jus.br/#/public/resultado/0601977-61.2026.6.00.0000;2026-09-16;0;0;0
0602028-72.2026.6.00.0000|67710;01/10/2026;06:00:34;2026;0602028-72.2026.6.00.0000;DF;DF;3;3;67710;16/09/2026;ANDRÉ MENDONÇA;Decisão;01/10/2026;06:01:26;2026;0602028-72.2026.6.00.0000;14/09/2026;#NULO#;DF;3;DF;3;14/09/2026;S;Por sorteio;223256;ANDRÉ MENDONÇA;72;Juiz Auxiliar;11541;Rp;REPRESENTAÇÃO;12637;Propaganda Política - Propaganda Eleitoral - Redes Sociais;0;4;29/09/2026;Despacho;https://consultaunificadapje.tse.jus.br/#/public/resultado/0602028-72.2026.6.00.0000;2026-09-16;1;0;1
0602031-27.2026.6.00.0000|68814;01/10/2026;06:00:34;2026;0602031-27.2026.6.00.0000;DF;DF;3;3;68814;16/09/2026;ANDRÉ MENDONÇA;Decisão;01/10/2026;06:01:26;2026;0602031-27.2026.6.00.0000;14/09/2026;#NULO#;DF;3;DF;3;14/09/2026;S;Por sorteio;223256;ANDRÉ MENDONÇA;72;Juiz Auxiliar;11541;Rp;REPRESENTAÇÃO;11679;Propaganda Política - Propaganda Eleitoral - Internet;0;1;16/09/2026;Decisão;https://consultaunificadapje.tse.jus.br/#/public/resultado/0602031-27.2026.6.00.0000;2026-09-16;1;0;1
0602037-34.2026.6.00.0000|68460;01/10/2026;06:00:34;2026;0602037-34.2026.6.00.0000;DF;DF;3;3;68460;16/09/2026;DIAS TOFFOLI;Decisão;01/10/2026;06:01:26;2026;0602037-34.2026.6.00.0000;14/09/2026;#NULO#;DF;3;DF;3;14/09/2026;S;Por sorteio;6276;DIAS TOFFOLI;3;Ministro;12134;TutCautAnt;TUTELA CAUTELAR ANTECEDENTE;11778;Requerimento;0;1;16/09/2026;Decisão;https://consultaunificadapje.tse.jus.br/#/public/resultado/0602037-34.2026.6.00.0000;2026-09-16;0;0;0
0602043-41.2026.6.00.0000|68022;01/10/2026;06:00:34;2026;0602043-41.2026.6.00.0000;DF;DF;3;3;68022;16/09/2026;RICARDO VILLAS BÔAS CUEVA;Decisão;01/10/2026;06:01:26;2026;0602043-41.2026.6.00.0000;15/09/2026;16/09/2026;DF;3;DF;3;15/09/2026;S;Por sorteio;301846;RICARDO VILLAS BÔAS CUEVA;4;Ministro;12134;TutCautAnt;TUTELA CAUTELAR ANTECEDENTE;11632;Cargo - Governador;0;1;16/09/2026;Decisão;https://consultaunificadapje.tse.jus.br/#/public/resultado/0602043-41.2026.6.00.0000;2026-09-16;0;0;0
0602044-26.2026.6.00.0000|67900;01/10/2026;06:00:34;2026;0602044-26.2026.6.00.0000;DF;DF;3;3;67900;16/09/2026;ANDRÉ MENDONÇA;Decisão;01/10/2026;06:01:26;2026;0602044-26.2026.6.00.0000;15/09/2026;#NULO#;DF;3;DF;3;15/09/2026;S;Por sorteio;223256;ANDRÉ MENDONÇA;14;Ministro;12134;TutCautAnt;TUTELA CAUTELAR ANTECEDENTE;11618;Registro de Candidatura - RRC - Candidato;0;1;16/09/2026;Decisão;https://consultaunificadapje.tse.jus.br/#/public/resultado/0602044-26.2026.6.00.0000;2026-09-16;0;0;0
0602204-23.2026.6.19.0000|68262;01/10/2026;06:00:34;2026;0602204-23.2026.6.19.0000;DF;RJ;2;3;68262;16/09/2026;ANDRÉ MENDONÇA;Decisão;01/10/2026;06:01:26;2026;0602204-23.2026.6.19.0000;13/09/2026;21/09/2026;RJ;2;DF;3;13/09/2026;S;Por sorteio;223256;ANDRÉ MENDONÇA;14;Ministro;11549;REspEl;RECURSO ESPECIAL ELEITORAL;11617;Registro de Candidatura - Preenchimento de Vaga Remanescente;1;1;16/09/2026;Decisão;https://consultaunificadapje.tse.jus.br/#/public/resultado/0602204-23.2026.6.19.0000;2026-09-16;0;0;0
0600173-19.2026.6.23.0000|68359;01/10/2026;06:00:34;2026;0600173-19.2026.6.23.0000;DF;RR;2;3;68359;17/09/2026;RICARDO VILLAS BÔAS CUEVA;Decisão;01/10/2026;06:01:26;2026;0600173-19.2026.6.23.0000;14/09/2026;#NULO#;RR;2;DF;3;15/09/2026;S;Por sorteio;301846;RICARDO VILLAS BÔAS CUEVA;4;Ministro;11550;RO-El;RECURSO ORDINÁRIO ELEITORAL;11778;Requerimento;1;1;17/09/2026;Decisão;https://consultaunificadapje.tse.jus.br/#/public/resultado/0600173-19.2026.6.23.0000;2026-09-17;0;0;0
0600336-96.2026.6.23.0000|68358;01/10/2026;06:00:34;2026;0600336-96.2026.6.23.0000;DF;RR;2;3;68358;17/09/2026;RICARDO VILLAS BÔAS CUEVA;Decisão;01/10/2026;06:01:26;2026;0600336-96.2026.6.23.0000;09/09/2026;#NULO#;RR;2;DF;3;09/09/2026;S;Por sorteio;301846;RICARDO VILLAS BÔAS CUEVA;4;Ministro;11550;RO-El;RECURSO ORDINÁRIO ELEITORAL;11616;Impugnação ao Registro de Candidatura;1;1;17/09/2026;Decisão;https://consultaunificadapje.tse.jus.br/#/public/resultado/0600336-96.2026.6.23.0000;2026-09-17;0;0;0
0600384-28.2026.6.24.0000|69172;01/10/2026;06:00:34;2026;0600384-28.2026.6.24.0000;DF;SC;2;3;69172;17/09/2026;FLORIANO DE AZEVEDO MARQUES;Decisão;01/10/2026;06:01:26;2026;0600384-28.2026.6.24.0000;12/09/2026;21/09/2026;SC;2;DF;3;12/09/2026;S;Por sorteio;233218;FLORIANO DE AZEVEDO MARQUES;13;Ministro;11549;REspEl;RECURSO ESPECIAL ELEITORAL;11618;Registro de Candidatura - RRC - Candidato;1;1;17/09/2026;Decisão;https://consultaunificadapje.tse.jus.br/#/public/resultado/0600384-28.2026.6.24.0000;2026-09-17;0;0;0
0600581-32.2026.6.15.0000|68590;01/10/2026;06:00:34;2026;0600581-32.2026.6.15.0000;DF;PB;2;3;68590;17/09/2026;ANDRÉ MENDONÇA;Decisão;01/10/2026;06:01:26;2026;0600581-32.2026.6.15.0000;12/09/2026;#NULO#;PB;2;DF;3;12/09/2026;S;Por sorteio;223256;ANDRÉ MENDONÇA;14;Ministro;11550;RO-El;RECURSO ORDINÁRIO ELEITORAL;11616;Impugnação ao Registro de Candidatura;1;1;17/09/2026;Decisão;https://consultaunificadapje.tse.jus.br/#/public/resultado/0600581-32.2026.6.15.0000;2026-09-17;0;0;0
0600606-50.2026.6.22.0000|68446;01/10/2026;06:00:34;2026;0600606-50.2026.6.22.0000;DF;RO;2;3;68446;17/09/2026;FLORIANO DE AZEVEDO MARQUES;Decisão;01/10/2026;06:01:26;2026;0600606-50.2026.6.22.0000;12/09/2026;#NULO#;RO;2;DF;3;12/09/2026;S;Por sorteio;233218;FLORIANO DE AZEVEDO MARQUES;13;Ministro;11550;RO-El;RECURSO ORDINÁRIO ELEITORAL;11598;Inelegibilidade - Condenação Criminal por órgão colegiado ou Transitada em Julgado;1;1;17/09/2026;Decisão;https://consultaunificadapje.tse.jus.br/#/public/resultado/0600606-50.2026.6.22.0000;2026-09-17;0;0;0
0600883-88.2026.6.14.0000|67765;01/10/2026;06:00:34;2026;0600883-88.2026.6.14.0000;DF;PA;2;3;67765;17/09/2026;FLORIANO DE AZEVEDO MARQUES;Decisão;01/10/2026;06:01:26;2026;0600883-88.2026.6.14.0000;08/09/2026;21/09/2026;PA;2;DF;3;08/09/2026;S;Por sorteio;233218;FLORIANO DE AZEVEDO MARQUES;13;Ministro;11549;REspEl;RECURSO ESPECIAL ELEITORAL;11618;Registro de Candidatura - RRC - Candidato;1;1;17/09/2026;Decisão;https://consultaunificadapje.tse.jus.br/#/public/resultado/0600883-88.2026.6.14.0000;2026-09-17;0;0;0
0600937-65.2026.6.10.0000|68527;01/10/2026;06:00:34;2026;0600937-65.2026.6.10.0000;DF;MA;2;3;68527;17/09/2026;NUNES MARQUES;Acórdão;01/10/2026;06:01:26;2026;0600937-65.2026.6.10.0000;20/08/2026;23/09/2026;MA;2;DF;3;20/08/2026;S;Por sorteio;202679;NUNES MARQUES;78;Ministro;1298;PA;PROCESSO ADMINISTRATIVO;11573;Requisição de Força Federal;1;1;17/09/2026;Acórdão;https://consultaunificadapje.tse.jus.br/#/public/resultado/0600937-65.2026.6.10.0000;2026-09-17;0;0;0
0600973-86.2026.6.00.0000|67873;01/10/2026;06:00:34;2026;0600973-86.2026.6.00.0000;DF;DF;3;3;67873;17/09/2026;NUNES MARQUES;Acórdão;01/10/2026;06:01:26;2026;0600973-86.2026.6.00.0000;08/06/2026;#NULO#;DF;3;DF;3;08/06/2026;S;Por sorteio;202679;NUNES MARQUES;60;Juíz Auxiliar;11541;Rp;REPRESENTAÇÃO;11667;Propaganda Política - Propaganda Eleitoral - Extemporânea/Antecipada;0;2;17/09/2026;Acórdão;https://consultaunificadapje.tse.jus.br/#/public/resultado/0600973-86.2026.6.00.0000;2026-09-17;1;0;1
0601001-54.2026.6.00.0000|67351;01/10/2026;06:00:34;2026;0601001-54.2026.6.00.0000;DF;DF;3;3;67351;17/09/2026;NUNES MARQUES;Acórdão;01/10/2026;06:01:26;2026;0601001-54.2026.6.00.0000;12/06/2026;#NULO#;DF;3;DF;3;12/06/2026;S;Por sorteio;202679;NUNES MARQUES;60;Juíz Auxiliar;11541;Rp;REPRESENTAÇÃO;11667;Propaganda Política - Propaganda Eleitoral - Extemporânea/Antecipada;0;2;17/09/2026;Acórdão;https://consultaunificadapje.tse.jus.br/#/public/resultado/0601001-54.2026.6.00.0000;2026-09-17;1;0;1
0601010-16.2026.6.00.0000|68235;01/10/2026;06:00:34;2026;0601010-16.2026.6.00.0000;DF;DF;3;3;68235;17/09/2026;NUNES MARQUES;Acórdão;01/10/2026;06:01:26;2026;0601010-16.2026.6.00.0000;14/06/2026;#NULO#;DF;3;DF;3;14/06/2026;S;Por sorteio;202679;NUNES MARQUES;60;Juíz Auxiliar;11541;Rp;REPRESENTAÇÃO;11667;Propaganda Política - Propaganda Eleitoral - Extemporânea/Antecipada;0;2;17/09/2026;Acórdão;https://consultaunificadapje.tse.jus.br/#/public/resultado/0601010-16.2026.6.00.0000;2026-09-17;1;0;1
0601022-30.2026.6.00.0000|68230;01/10/2026;06:00:34;2026;0601022-30.2026.6.00.0000;DF;DF;3;3;68230;17/09/2026;NUNES MARQUES;Decisão;01/10/2026;06:01:26;2026;0601022-30.2026.6.00.0000;15/06/2026;#NULO#;DF;3;DF;3;15/06/2026;S;Por sorteio;202679;NUNES MARQUES;60;Juíz Auxiliar;11541;Rp;REPRESENTAÇÃO;11667;Propaganda Política - Propaganda Eleitoral - Extemporânea/Antecipada;0;1;17/09/2026;Decisão;https://consultaunificadapje.tse.jus.br/#/public/resultado/0601022-30.2026.6.00.0000;2026-09-17;1;0;1
0601050-95.2026.6.00.0000|68551;01/10/2026;06:00:34;2026;0601050-95.2026.6.00.0000;DF;DF;3;3;68551;17/09/2026;NUNES MARQUES;Acórdão;01/10/2026;06:01:26;2026;0601050-95.2026.6.00.0000;18/06/2026;#NULO#;DF;3;DF;3;18/06/2026;S;Por sorteio;202679;NUNES MARQUES;60;Juíz Auxiliar;11541;Rp;REPRESENTAÇÃO;11667;Propaganda Política - Propaganda Eleitoral - Extemporânea/Antecipada;0;3;26/09/2026;Despacho;https://consultaunificadapje.tse.jus.br/#/public/resultado/0601050-95.2026.6.00.0000;2026-09-17;1;0;1
0601069-04.2026.6.00.0000|67875;01/10/2026;06:00:34;2026;0601069-04.2026.6.00.0000;DF;DF;3;3;67875;17/09/2026;NUNES MARQUES;Decisão;01/10/2026;06:01:26;2026;0601069-04.2026.6.00.0000;22/06/2026;#NULO#;DF;3;DF;3;22/06/2026;S;Por sorteio;202679;NUNES MARQUES;60;Juíz Auxiliar;11541;Rp;REPRESENTAÇÃO;11667;Propaganda Política - Propaganda Eleitoral - Extemporânea/Antecipada;0;1;17/09/2026;Decisão;https://consultaunificadapje.tse.jus.br/#/public/resultado/0601069-04.2026.6.00.0000;2026-09-17;1;0;1
0601094-17.2026.6.00.0000|68229;01/10/2026;06:00:34;2026;0601094-17.2026.6.00.0000;DF;DF;3;3;68229;17/09/2026;NUNES MARQUES;Decisão;01/10/2026;06:01:26;2026;0601094-17.2026.6.00.0000;24/06/2026;#NULO#;DF;3;DF;3;24/06/2026;S;Por sorteio;202679;NUNES MARQUES;60;Juíz Auxiliar;11541;Rp;REPRESENTAÇÃO;11667;Propaganda Política - Propaganda Eleitoral - Extemporânea/Antecipada;0;1;17/09/2026;Decisão;https://consultaunificadapje.tse.jus.br/#/public/resultado/0601094-17.2026.6.00.0000;2026-09-17;1;0;1
0601239-73.2026.6.00.0000|67872;01/10/2026;06:00:34;2026;0601239-73.2026.6.00.0000;DF;DF;3;3;67872;17/09/2026;NUNES MARQUES;Decisão;01/10/2026;06:01:26;2026;0601239-73.2026.6.00.0000;09/07/2026;#NULO#;DF;3;DF;3;09/07/2026;S;Por sorteio;202679;NUNES MARQUES;60;Juíz Auxiliar;11541;Rp;REPRESENTAÇÃO;15429;Propaganda Política - Propaganda Eleitoral - Uso de Inteligência Artificial;0;1;17/09/2026;Decisão;https://consultaunificadapje.tse.jus.br/#/public/resultado/0601239-73.2026.6.00.0000;2026-09-17;1;0;1
0601250-05.2026.6.00.0000|67856;01/10/2026;06:00:34;2026;0601250-05.2026.6.00.0000;DF;DF;3;3;67856;17/09/2026;NUNES MARQUES;Acórdão;01/10/2026;06:01:26;2026;0601250-05.2026.6.00.0000;13/07/2026;#NULO#;DF;3;DF;3;13/07/2026;S;Por sorteio;202679;NUNES MARQUES;60;Juíz Auxiliar;11541;Rp;REPRESENTAÇÃO;11667;Propaganda Política - Propaganda Eleitoral - Extemporânea/Antecipada;0;2;17/09/2026;Acórdão;https://consultaunificadapje.tse.jus.br/#/public/resultado/0601250-05.2026.6.00.0000;2026-09-17;1;0;1
0601260-49.2026.6.00.0000|68556;01/10/2026;06:00:34;2026;0601260-49.2026.6.00.0000;DF;DF;3;3;68556;17/09/2026;NUNES MARQUES;Acórdão;01/10/2026;06:01:26;2026;0601260-49.2026.6.00.0000;15/07/2026;#NULO#;DF;3;DF;3;15/07/2026;S;Por sorteio;202679;NUNES MARQUES;60;Juíz Auxiliar;11541;Rp;REPRESENTAÇÃO;11667;Propaganda Política - Propaganda Eleitoral - Extemporânea/Antecipada;0;2;17/09/2026;Acórdão;https://consultaunificadapje.tse.jus.br/#/public/resultado/0601260-49.2026.6.00.0000;2026-09-17;1;0;1
0601262-19.2026.6.00.0000|67369;01/10/2026;06:00:34;2026;0601262-19.2026.6.00.0000;DF;DF;3;3;67369;17/09/2026;NUNES MARQUES;Acórdão;01/10/2026;06:01:26;2026;0601262-19.2026.6.00.0000;15/07/2026;#NULO#;DF;3;DF;3;15/07/2026;S;Por sorteio;202679;NUNES MARQUES;60;Juíz Auxiliar;11541;Rp;REPRESENTAÇÃO;11667;Propaganda Política - Propaganda Eleitoral - Extemporânea/Antecipada;0;2;17/09/2026;Acórdão;https://consultaunificadapje.tse.jus.br/#/public/resultado/0601262-19.2026.6.00.0000;2026-09-17;1;0;1
0601287-32.2026.6.00.0000|68555;01/10/2026;06:00:34;2026;0601287-32.2026.6.00.0000;DF;DF;3;3;68555;17/09/2026;NUNES MARQUES;Acórdão;01/10/2026;06:01:26;2026;0601287-32.2026.6.00.0000;20/07/2026;#NULO#;DF;3;DF;3;20/07/2026;S;Por sorteio;202679;NUNES MARQUES;60;Juíz Auxiliar;11541;Rp;REPRESENTAÇÃO;11667;Propaganda Política - Propaganda Eleitoral - Extemporânea/Antecipada;0;2;17/09/2026;Acórdão;https://consultaunificadapje.tse.jus.br/#/public/resultado/0601287-32.2026.6.00.0000;2026-09-17;1;0;1
0601349-72.2026.6.00.0000|68553;01/10/2026;06:00:34;2026;0601349-72.2026.6.00.0000;DF;DF;3;3;68553;17/09/2026;NUNES MARQUES;Decisão;01/10/2026;06:01:26;2026;0601349-72.2026.6.00.0000;31/07/2026;#NULO#;DF;3;DF;3;31/07/2026;S;Por sorteio;202679;NUNES MARQUES;60;Juíz Auxiliar;12625;DR;DIREITO DE RESPOSTA;11593;Direito de Resposta;0;1;17/09/2026;Decisão;https://consultaunificadapje.tse.jus.br/#/public/resultado/0601349-72.2026.6.00.0000;2026-09-17;0;1;1
0601362-71.2026.6.00.0000|67378;01/10/2026;06:00:34;2026;0601362-71.2026.6.00.0000;DF;DF;3;3;67378;17/09/2026;NUNES MARQUES;Decisão;01/10/2026;06:01:26;2026;0601362-71.2026.6.00.0000;03/08/2026;#NULO#;DF;3;DF;3;03/08/2026;S;Por sorteio;202679;NUNES MARQUES;60;Juíz Auxiliar;12630;RepEsp;REPRESENTAÇÃO ESPECIAL;12063;Conduta Vedada ao Agente Público;0;1;17/09/2026;Decisão;https://consultaunificadapje.tse.jus.br/#/public/resultado/0601362-71.2026.6.00.0000;2026-09-17;0;0;0
0601373-18.2026.6.21.0000|69191;01/10/2026;06:00:34;2026;0601373-18.2026.6.21.0000;DF;RS;2;3;69191;17/09/2026;FLORIANO DE AZEVEDO MARQUES;Decisão;01/10/2026;06:01:26;2026;0601373-18.2026.6.21.0000;08/09/2026;#NULO#;RS;2;DF;3;08/09/2026;S;Por sorteio;233218;FLORIANO DE AZEVEDO MARQUES;13;Ministro;11549;REspEl;RECURSO ESPECIAL ELEITORAL;12044;Registro de Candidatura - DRAP Partido/Coligação;1;1;17/09/2026;Decisão;https://consultaunificadapje.tse.jus.br/#/public/resultado/0601373-18.2026.6.21.0000;2026-09-17;0;0;0
0601374-85.2026.6.00.0000|67367;01/10/2026;06:00:34;2026;0601374-85.2026.6.00.0000;DF;DF;3;3;67367;17/09/2026;NUNES MARQUES;Decisão;01/10/2026;06:01:26;2026;0601374-85.2026.6.00.0000;04/08/2026;#NULO#;DF;3;DF;3;04/08/2026;S;Por sorteio;202679;NUNES MARQUES;60;Juíz Auxiliar;12630;RepEsp;REPRESENTAÇÃO ESPECIAL;12063;Conduta Vedada ao Agente Público;0;1;17/09/2026;Decisão;https://consultaunificadapje.tse.jus.br/#/public/resultado/0601374-85.2026.6.00.0000;2026-09-17;0;0;0
0601383-47.2026.6.00.0000|67878;01/10/2026;06:00:34;2026;0601383-47.2026.6.00.0000;DF;DF;3;3;67878;17/09/2026;NUNES MARQUES;Acórdão;01/10/2026;06:01:26;2026;0601383-47.2026.6.00.0000;04/08/2026;#NULO#;DF;3;DF;3;04/08/2026;S;Por sorteio;202679;NUNES MARQUES;60;Juíz Auxiliar;11541;Rp;REPRESENTAÇÃO;11667;Propaganda Política - Propaganda Eleitoral - Extemporânea/Antecipada;0;2;17/09/2026;Acórdão;https://consultaunificadapje.tse.jus.br/#/public/resultado/0601383-47.2026.6.00.0000;2026-09-17;1;0;1
0601408-60.2026.6.00.0000|67371;01/10/2026;06:00:34;2026;0601408-60.2026.6.00.0000;DF;DF;3;3;67371;17/09/2026;NUNES MARQUES;Decisão;01/10/2026;06:01:26;2026;0601408-60.2026.6.00.0000;06/08/2026;#NULO#;DF;3;DF;3;06/08/2026;S;Por sorteio;202679;NUNES MARQUES;60;Juíz Auxiliar;11541;Rp;REPRESENTAÇÃO;11667;Propaganda Política - Propaganda Eleitoral - Extemporânea/Antecipada;0;1;17/09/2026;Decisão;https://consultaunificadapje.tse.jus.br/#/public/resultado/0601408-60.2026.6.00.0000;2026-09-17;1;0;1
0601441-65.2026.6.21.0000|67766;01/10/2026;06:00:34;2026;0601441-65.2026.6.21.0000;DF;RS;2;3;67766;17/09/2026;FLORIANO DE AZEVEDO MARQUES;Decisão;01/10/2026;06:01:26;2026;0601441-65.2026.6.21.0000;08/09/2026;#NULO#;RS;2;DF;3;08/09/2026;S;Por sorteio;233218;FLORIANO DE AZEVEDO MARQUES;13;Ministro;11549;REspEl;RECURSO ESPECIAL ELEITORAL;12044;Registro de Candidatura - DRAP Partido/Coligação;1;1;17/09/2026;Decisão;https://consultaunificadapje.tse.jus.br/#/public/resultado/0601441-65.2026.6.21.0000;2026-09-17;0;0;0
0601448-42.2026.6.00.0000|67377;01/10/2026;06:00:34;2026;0601448-42.2026.6.00.0000;DF;DF;3;3;67377;17/09/2026;NUNES MARQUES;Decisão;01/10/2026;06:01:26;2026;0601448-42.2026.6.00.0000;11/08/2026;#NULO#;DF;3;DF;3;11/08/2026;S;Por sorteio;202679;NUNES MARQUES;60;Juíz Auxiliar;11541;Rp;REPRESENTAÇÃO;11667;Propaganda Política - Propaganda Eleitoral - Extemporânea/Antecipada;0;1;17/09/2026;Decisão;https://consultaunificadapje.tse.jus.br/#/public/resultado/0601448-42.2026.6.00.0000;2026-09-17;1;0;1
0601590-46.2026.6.00.0000|67373;01/10/2026;06:00:34;2026;0601590-46.2026.6.00.0000;DF;DF;3;3;67373;17/09/2026;NUNES MARQUES;Decisão;01/10/2026;06:01:26;2026;0601590-46.2026.6.00.0000;17/08/2026;#NULO#;DF;3;DF;3;17/08/2026;S;Por sorteio;202679;NUNES MARQUES;60;Juíz Auxiliar;11541;Rp;REPRESENTAÇÃO;11651;Pesquisa Eleitoral - Registro de Pesquisa Eleitoral;0;1;17/09/2026;Decisão;https://consultaunificadapje.tse.jus.br/#/public/resultado/0601590-46.2026.6.00.0000;2026-09-17;0;0;0
0601638-05.2026.6.00.0000|67368;01/10/2026;06:00:34;2026;0601638-05.2026.6.00.0000;DF;DF;3;3;67368;17/09/2026;NUNES MARQUES;Decisão;01/10/2026;06:01:26;2026;0601638-05.2026.6.00.0000;21/08/2026;#NULO#;DF;3;DF;3;21/08/2026;S;Por sorteio;202679;NUNES MARQUES;60;Juíz Auxiliar;11541;Rp;REPRESENTAÇÃO;11667;Propaganda Política - Propaganda Eleitoral - Extemporânea/Antecipada;0;1;17/09/2026;Decisão;https://consultaunificadapje.tse.jus.br/#/public/resultado/0601638-05.2026.6.00.0000;2026-09-17;1;0;1
0601686-61.2026.6.00.0000|67874;01/10/2026;06:00:34;2026;0601686-61.2026.6.00.0000;DF;DF;3;3;67874;17/09/2026;NUNES MARQUES;Decisão;01/10/2026;06:01:26;2026;0601686-61.2026.6.00.0000;24/08/2026;#NULO#;DF;3;DF;3;24/08/2026;S;Por sorteio;202679;NUNES MARQUES;60;Juíz Auxiliar;11541;Rp;REPRESENTAÇÃO;12635;Propaganda Política - Propaganda Eleitoral - Divulgação de Notícia  Sabidamente Falsa;0;1;17/09/2026;Decisão;https://consultaunificadapje.tse.jus.br/#/public/resultado/0601686-61.2026.6.00.0000;2026-09-17;1;0;1
0601807-89.2026.6.00.0000|68554;01/10/2026;06:00:34;2026;0601807-89.2026.6.00.0000;DF;DF;3;3;68554;17/09/2026;NUNES MARQUES;Decisão;01/10/2026;06:01:26;2026;0601807-89.2026.6.00.0000;01/09/2026;#NULO#;DF;3;DF;3;01/09/2026;S;Por sorteio;202679;NUNES MARQUES;60;Juíz Auxiliar;12625;DR;DIREITO DE RESPOSTA;11634;Cargo - Presidente da República;0;2;30/09/2026;Decisão;https://consultaunificadapje.tse.jus.br/#/public/resultado/0601807-89.2026.6.00.0000;2026-09-17;0;1;1
0601810-44.2026.6.00.0000|68552;01/10/2026;06:00:34;2026;0601810-44.2026.6.00.0000;DF;DF;3;3;68552;17/09/2026;NUNES MARQUES;Decisão;01/10/2026;06:01:26;2026;0601810-44.2026.6.00.0000;01/09/2026;#NULO#;DF;3;DF;3;01/09/2026;S;Por sorteio;202679;NUNES MARQUES;60;Juíz Auxiliar;12625;DR;DIREITO DE RESPOSTA;11593;Direito de Resposta;0;3;30/09/2026;Decisão;https://consultaunificadapje.tse.jus.br/#/public/resultado/0601810-44.2026.6.00.0000;2026-09-17;0;1;1
0601849-41.2026.6.00.0000|67370;01/10/2026;06:00:34;2026;0601849-41.2026.6.00.0000;DF;DF;3;3;67370;17/09/2026;NUNES MARQUES;Decisão;01/10/2026;06:01:26;2026;0601849-41.2026.6.00.0000;02/09/2026;#NULO#;DF;3;DF;3;02/09/2026;S;Por sorteio;202679;NUNES MARQUES;60;Juíz Auxiliar;12625;DR;DIREITO DE RESPOSTA;11593;Direito de Resposta;0;1;17/09/2026;Decisão;https://consultaunificadapje.tse.jus.br/#/public/resultado/0601849-41.2026.6.00.0000;2026-09-17;0;1;1
0601850-26.2026.6.00.0000|67876;01/10/2026;06:00:34;2026;0601850-26.2026.6.00.0000;DF;DF;3;3;67876;17/09/2026;NUNES MARQUES;Decisão;01/10/2026;06:01:26;2026;0601850-26.2026.6.00.0000;02/09/2026;#NULO#;DF;3;DF;3;03/09/2026;S;Por sorteio;202679;NUNES MARQUES;60;Juíz Auxiliar;12625;DR;DIREITO DE RESPOSTA;11593;Direito de Resposta;0;1;17/09/2026;Decisão;https://consultaunificadapje.tse.jus.br/#/public/resultado/0601850-26.2026.6.00.0000;2026-09-17;0;1;1
0601862-40.2026.6.00.0000|67372;01/10/2026;06:00:34;2026;0601862-40.2026.6.00.0000;DF;DF;3;3;67372;17/09/2026;NUNES MARQUES;Decisão;01/10/2026;06:01:26;2026;0601862-40.2026.6.00.0000;04/09/2026;#NULO#;DF;3;DF;3;04/09/2026;S;Por sorteio;202679;NUNES MARQUES;60;Juíz Auxiliar;12625;DR;DIREITO DE RESPOSTA;11593;Direito de Resposta;0;1;17/09/2026;Decisão;https://consultaunificadapje.tse.jus.br/#/public/resultado/0601862-40.2026.6.00.0000;2026-09-17;0;1;1
0601951-63.2026.6.00.0000|67651;01/10/2026;06:00:34;2026;0601951-63.2026.6.00.0000;DF;DF;3;3;67651;17/09/2026;NUNES MARQUES;Decisão;01/10/2026;06:01:26;2026;0601951-63.2026.6.00.0000;11/09/2026;#NULO#;DF;3;DF;3;11/09/2026;S;Por sorteio;6276;DIAS TOFFOLI;3;Ministro;12134;TutCautAnt;TUTELA CAUTELAR ANTECEDENTE;11637;Cargo - Senador;0;1;17/09/2026;Decisão;https://consultaunificadapje.tse.jus.br/#/public/resultado/0601951-63.2026.6.00.0000;2026-09-17;0;0;0
0601953-33.2026.6.00.0000|69188;01/10/2026;06:00:34;2026;0601953-33.2026.6.00.0000;DF;DF;3;3;69188;17/09/2026;FLORIANO DE AZEVEDO MARQUES;Decisão;01/10/2026;06:01:26;2026;0601953-33.2026.6.00.0000;11/09/2026;24/09/2026;DF;3;DF;3;11/09/2026;S;Por sorteio;233218;FLORIANO DE AZEVEDO MARQUES;13;Ministro;120;MSCiv;MANDADO DE SEGURANÇA CÍVEL;60018;Mandado de Segurança;0;1;17/09/2026;Decisão;https://consultaunificadapje.tse.jus.br/#/public/resultado/0601953-33.2026.6.00.0000;2026-09-17;0;0;0
0602057-25.2026.6.00.0000|67650;01/10/2026;06:00:34;2026;0602057-25.2026.6.00.0000;DF;DF;3;3;67650;17/09/2026;NUNES MARQUES;Decisão;01/10/2026;06:01:26;2026;0602057-25.2026.6.00.0000;16/09/2026;23/09/2026;DF;3;DF;3;16/09/2026;S;Por sorteio;6276;DIAS TOFFOLI;3;Ministro;12134;TutCautAnt;TUTELA CAUTELAR ANTECEDENTE;11593;Direito de Resposta;0;1;17/09/2026;Decisão;https://consultaunificadapje.tse.jus.br/#/public/resultado/0602057-25.2026.6.00.0000;2026-09-17;0;0;0
0602061-62.2026.6.00.0000|67718;01/10/2026;06:00:34;2026;0602061-62.2026.6.00.0000;DF;DF;3;3;67718;17/09/2026;ANDRÉ MENDONÇA;Decisão;01/10/2026;06:01:26;2026;0602061-62.2026.6.00.0000;16/09/2026;20/09/2026;DF;3;DF;3;16/09/2026;S;Por sorteio;223256;ANDRÉ MENDONÇA;72;Juiz Auxiliar;11541;Rp;REPRESENTAÇÃO;11651;Pesquisa Eleitoral - Registro de Pesquisa Eleitoral;0;1;17/09/2026;Decisão;https://consultaunificadapje.tse.jus.br/#/public/resultado/0602061-62.2026.6.00.0000;2026-09-17;0;0;0
0602072-91.2026.6.00.0000|68820;01/10/2026;06:00:34;2026;0602072-91.2026.6.00.0000;DF;DF;3;3;68820;17/09/2026;ANDRÉ MENDONÇA;Decisão;01/10/2026;06:01:26;2026;0602072-91.2026.6.00.0000;17/09/2026;26/09/2026;DF;3;DF;3;17/09/2026;S;Por sorteio;223256;ANDRÉ MENDONÇA;72;Juiz Auxiliar;12630;RepEsp;REPRESENTAÇÃO ESPECIAL;12063;Conduta Vedada ao Agente Público;0;1;17/09/2026;Decisão;https://consultaunificadapje.tse.jus.br/#/public/resultado/0602072-91.2026.6.00.0000;2026-09-17;0;0;0
0600295-92.2026.6.10.0000|68269;01/10/2026;06:00:34;2026;0600295-92.2026.6.10.0000;DF;MA;2;3;68269;18/09/2026;ANDRÉ MENDONÇA;Decisão;01/10/2026;06:01:26;2026;0600295-92.2026.6.10.0000;14/09/2026;#NULO#;MA;2;DF;3;14/09/2026;S;Por sorteio;223256;ANDRÉ MENDONÇA;14;Ministro;11550;RO-El;RECURSO ORDINÁRIO ELEITORAL;11630;Cargo - Deputado Estadual;1;1;18/09/2026;Decisão;https://consultaunificadapje.tse.jus.br/#/public/resultado/0600295-92.2026.6.10.0000;2026-09-18;0;0;0
0600518-18.2026.6.11.0000|67422;01/10/2026;06:00:34;2026;0600518-18.2026.6.11.0000;DF;MT;2;3;67422;18/09/2026;ANDRÉ MENDONÇA;Decisão;01/10/2026;06:01:26;2026;0600518-18.2026.6.11.0000;14/09/2026;#NULO#;MT;2;DF;3;14/09/2026;S;Por sorteio;223256;ANDRÉ MENDONÇA;14;Ministro;11550;RO-El;RECURSO ORDINÁRIO ELEITORAL;11616;Impugnação ao Registro de Candidatura;1;1;18/09/2026;Decisão;https://consultaunificadapje.tse.jus.br/#/public/resultado/0600518-18.2026.6.11.0000;2026-09-18;0;0;0
0601027-29.2026.6.26.0000|67897;01/10/2026;06:00:34;2026;0601027-29.2026.6.26.0000;DF;SP;2;3;67897;18/09/2026;ANDRÉ MENDONÇA;Decisão;01/10/2026;06:01:26;2026;0601027-29.2026.6.26.0000;14/09/2026;23/09/2026;SP;2;DF;3;14/09/2026;S;Por sorteio;223256;ANDRÉ MENDONÇA;14;Ministro;11549;REspEl;RECURSO ESPECIAL ELEITORAL;11613;Nome do Candidato - Variação Nominal;1;1;18/09/2026;Decisão;https://consultaunificadapje.tse.jus.br/#/public/resultado/0601027-29.2026.6.26.0000;2026-09-18;0;0;0
0601043-80.2026.6.26.0000|68267;01/10/2026;06:00:34;2026;0601043-80.2026.6.26.0000;DF;SP;2;3;68267;18/09/2026;ANDRÉ MENDONÇA;Decisão;01/10/2026;06:01:26;2026;0601043-80.2026.6.26.0000;16/09/2026;#NULO#;SP;2;DF;3;16/09/2026;S;Por sorteio;223256;ANDRÉ MENDONÇA;14;Ministro;11549;REspEl;RECURSO ESPECIAL ELEITORAL;11616;Impugnação ao Registro de Candidatura;1;1;18/09/2026;Decisão;https://consultaunificadapje.tse.jus.br/#/public/resultado/0601043-80.2026.6.26.0000;2026-09-18;0;0;0
0601155-34.2026.6.05.0000|67757;01/10/2026;06:00:34;2026;0601155-34.2026.6.05.0000;DF;BA;2;3;67757;18/09/2026;ANTONIO CARLOS FERREIRA;Acórdão;01/10/2026;06:01:26;2026;0601155-34.2026.6.05.0000;29/08/2026;21/09/2026;BA;2;DF;3;29/08/2026;S;Por sorteio;285510;ANTONIO CARLOS FERREIRA;11;Ministro;11549;REspEl;RECURSO ESPECIAL ELEITORAL;12044;Registro de Candidatura - DRAP Partido/Coligação;1;1;18/09/2026;Acórdão;https://consultaunificadapje.tse.jus.br/#/public/resultado/0601155-34.2026.6.05.0000;2026-09-18;0;0;0
0601427-66.2026.6.00.0000|67427;01/10/2026;06:00:34;2026;0601427-66.2026.6.00.0000;DF;DF;3;3;67427;18/09/2026;ANTONIO CARLOS FERREIRA;Decisão;01/10/2026;06:01:26;2026;0601427-66.2026.6.00.0000;08/08/2026;#NULO#;DF;3;DF;3;08/08/2026;S;Por sorteio;285510;ANTONIO CARLOS FERREIRA;42;Ministro;11527;AIJE;AÇÃO DE INVESTIGAÇÃO JUDICIAL ELEITORAL;11718;Abuso - De Poder Econômico;0;3;18/09/2026;Decisão;https://consultaunificadapje.tse.jus.br/#/public/resultado/0601427-66.2026.6.00.0000;2026-09-18;0;0;0
0601505-22.2026.6.05.0000|68443;01/10/2026;06:00:34;2026;0601505-22.2026.6.05.0000;DF;BA;2;3;68443;18/09/2026;ANTONIO CARLOS FERREIRA;Acórdão;01/10/2026;06:01:26;2026;0601505-22.2026.6.05.0000;29/08/2026;21/09/2026;BA;2;DF;3;29/08/2026;S;Por sorteio;285510;ANTONIO CARLOS FERREIRA;11;Ministro;11549;REspEl;RECURSO ESPECIAL ELEITORAL;12044;Registro de Candidatura - DRAP Partido/Coligação;1;1;18/09/2026;Acórdão;https://consultaunificadapje.tse.jus.br/#/public/resultado/0601505-22.2026.6.05.0000;2026-09-18;0;0;0
0601527-21.2026.6.00.0000|68778;01/10/2026;06:00:34;2026;0601527-21.2026.6.00.0000;DF;DF;3;3;68778;18/09/2026;RICARDO VILLAS BÔAS CUEVA;Acórdão;01/10/2026;06:01:26;2026;0601527-21.2026.6.00.0000;13/08/2026;29/09/2026;DF;3;DF;3;13/08/2026;S;Por sorteio;301846;RICARDO VILLAS BÔAS CUEVA;4;Ministro;120;MSCiv;MANDADO DE SEGURANÇA CÍVEL;15586;Anulação de Convenção Partidária;0;4;18/09/2026;Acórdão;https://consultaunificadapje.tse.jus.br/#/public/resultado/0601527-21.2026.6.00.0000;2026-09-18;0;0;0
0601782-76.2026.6.00.0000|68342;01/10/2026;06:00:34;2026;0601782-76.2026.6.00.0000;DF;DF;3;3;68342;18/09/2026;ESTELA ARANHA;Decisão;01/10/2026;06:01:26;2026;0601782-76.2026.6.00.0000;31/08/2026;26/09/2026;DF;3;DF;3;31/08/2026;S;Por sorteio;350140;ESTELA ARANHA;7;Ministro;12375;Rcl;RECLAMAÇÃO;60020;Reclamação;0;1;18/09/2026;Decisão;https://consultaunificadapje.tse.jus.br/#/public/resultado/0601782-76.2026.6.00.0000;2026-09-18;0;0;0
0601818-21.2026.6.00.0000|68341;01/10/2026;06:00:34;2026;0601818-21.2026.6.00.0000;DF;DF;3;3;68341;18/09/2026;ESTELA ARANHA;Decisão;01/10/2026;06:01:26;2026;0601818-21.2026.6.00.0000;01/09/2026;22/09/2026;DF;3;DF;3;01/09/2026;S;Por sorteio;350140;ESTELA ARANHA;7;Ministro;12134;TutCautAnt;TUTELA CAUTELAR ANTECEDENTE;11593;Direito de Resposta;0;1;18/09/2026;Decisão;https://consultaunificadapje.tse.jus.br/#/public/resultado/0601818-21.2026.6.00.0000;2026-09-18;0;0;0
0601899-67.2026.6.00.0000|68611;01/10/2026;06:00:34;2026;0601899-67.2026.6.00.0000;DF;DF;3;3;68611;18/09/2026;ANTONIO CARLOS FERREIRA;Decisão;01/10/2026;06:01:26;2026;0601899-67.2026.6.00.0000;08/09/2026;#NULO#;DF;3;DF;3;08/09/2026;S;Por sorteio;285510;ANTONIO CARLOS FERREIRA;42;Ministro;11527;AIJE;AÇÃO DE INVESTIGAÇÃO JUDICIAL ELEITORAL;11720;Abuso - Uso Indevido de Meio de Comunicação Social;0;1;18/09/2026;Decisão;https://consultaunificadapje.tse.jus.br/#/public/resultado/0601899-67.2026.6.00.0000;2026-09-18;0;0;0
0601904-89.2026.6.00.0000|68610;01/10/2026;06:00:34;2026;0601904-89.2026.6.00.0000;DF;DF;3;3;68610;18/09/2026;ANTONIO CARLOS FERREIRA;Decisão;01/10/2026;06:01:26;2026;0601904-89.2026.6.00.0000;08/09/2026;#NULO#;DF;3;DF;3;08/09/2026;S;Por sorteio;285510;ANTONIO CARLOS FERREIRA;42;Ministro;11527;AIJE;AÇÃO DE INVESTIGAÇÃO JUDICIAL ELEITORAL;11719;Abuso - De Poder Político/Autoridade;0;1;18/09/2026;Decisão;https://consultaunificadapje.tse.jus.br/#/public/resultado/0601904-89.2026.6.00.0000;2026-09-18;0;0;0
0602058-10.2026.6.00.0000|68021;01/10/2026;06:00:34;2026;0602058-10.2026.6.00.0000;DF;DF;3;3;68021;18/09/2026;RICARDO VILLAS BÔAS CUEVA;Decisão;01/10/2026;06:01:26;2026;0602058-10.2026.6.00.0000;16/09/2026;#NULO#;DF;3;DF;3;16/09/2026;S;Por sorteio;301846;RICARDO VILLAS BÔAS CUEVA;4;Ministro;241;PetCiv;PETIÇÃO CÍVEL;15591;Fundo Especial de Financiamento de Campanha (FEFC);0;1;18/09/2026;Decisão;https://consultaunificadapje.tse.jus.br/#/public/resultado/0602058-10.2026.6.00.0000;2026-09-18;0;0;0
0602075-46.2026.6.00.0000|67425;01/10/2026;06:00:34;2026;0602075-46.2026.6.00.0000;DF;DF;3;3;67425;18/09/2026;ANDRÉ MENDONÇA;Decisão;01/10/2026;06:01:26;2026;0602075-46.2026.6.00.0000;17/09/2026;#NULO#;DF;3;DF;3;17/09/2026;S;Por sorteio;223256;ANDRÉ MENDONÇA;14;Ministro;120;MSCiv;MANDADO DE SEGURANÇA CÍVEL;15591;Fundo Especial de Financiamento de Campanha (FEFC);0;2;25/09/2026;Decisão;https://consultaunificadapje.tse.jus.br/#/public/resultado/0602075-46.2026.6.00.0000;2026-09-18;0;0;0
0602741-24.2026.6.26.0000|68600;01/10/2026;06:00:34;2026;0602741-24.2026.6.26.0000;DF;SP;2;3;68600;18/09/2026;ANDRÉ MENDONÇA;Decisão;01/10/2026;06:01:26;2026;0602741-24.2026.6.26.0000;14/09/2026;#NULO#;SP;2;DF;3;14/09/2026;S;Por sorteio;223256;ANDRÉ MENDONÇA;14;Ministro;11549;REspEl;RECURSO ESPECIAL ELEITORAL;12044;Registro de Candidatura - DRAP Partido/Coligação;1;1;18/09/2026;Decisão;https://consultaunificadapje.tse.jus.br/#/public/resultado/0602741-24.2026.6.26.0000;2026-09-18;0;0;0
0602810-56.2026.6.26.0000|67898;01/10/2026;06:00:34;2026;0602810-56.2026.6.26.0000;DF;SP;2;3;67898;18/09/2026;ANDRÉ MENDONÇA;Decisão;01/10/2026;06:01:26;2026;0602810-56.2026.6.26.0000;14/09/2026;#NULO#;SP;2;DF;3;15/09/2026;S;Por sorteio;223256;ANDRÉ MENDONÇA;14;Ministro;11549;REspEl;RECURSO ESPECIAL ELEITORAL;12044;Registro de Candidatura - DRAP Partido/Coligação;1;2;30/09/2026;Acórdão;https://consultaunificadapje.tse.jus.br/#/public/resultado/0602810-56.2026.6.26.0000;2026-09-18;0;0;0
0602890-20.2026.6.26.0000|68598;01/10/2026;06:00:34;2026;0602890-20.2026.6.26.0000;DF;SP;2;3;68598;18/09/2026;ANDRÉ MENDONÇA;Decisão;01/10/2026;06:01:26;2026;0602890-20.2026.6.26.0000;14/09/2026;#NULO#;SP;2;DF;3;14/09/2026;S;Por sorteio;223256;ANDRÉ MENDONÇA;14;Ministro;11549;REspEl;RECURSO ESPECIAL ELEITORAL;12044;Registro de Candidatura - DRAP Partido/Coligação;1;1;18/09/2026;Decisão;https://consultaunificadapje.tse.jus.br/#/public/resultado/0602890-20.2026.6.26.0000;2026-09-18;0;0;0
0603002-86.2026.6.26.0000|68607;01/10/2026;06:00:34;2026;0603002-86.2026.6.26.0000;DF;SP;2;3;68607;18/09/2026;ANDRÉ MENDONÇA;Decisão;01/10/2026;06:01:26;2026;0603002-86.2026.6.26.0000;14/09/2026;#NULO#;SP;2;DF;3;14/09/2026;S;Por sorteio;223256;ANDRÉ MENDONÇA;14;Ministro;11549;REspEl;RECURSO ESPECIAL ELEITORAL;12044;Registro de Candidatura - DRAP Partido/Coligação;1;1;18/09/2026;Decisão;https://consultaunificadapje.tse.jus.br/#/public/resultado/0603002-86.2026.6.26.0000;2026-09-18;0;0;0
0600046-55.2026.6.06.0000|67778;01/10/2026;06:00:34;2026;0600046-55.2026.6.06.0000;DF;CE;2;3;67778;19/09/2026;ANTONIO CARLOS FERREIRA;Decisão;01/10/2026;06:01:26;2026;0600046-55.2026.6.06.0000;12/09/2026;#NULO#;CE;2;DF;3;29/09/2026;S;Por sorteio;349772;SEBASTIÃO REIS JUNIOR;11;Ministro;12626;AREspE;AGRAVO EM RECURSO ESPECIAL ELEITORAL;11667;Propaganda Política - Propaganda Eleitoral - Extemporânea/Antecipada;1;1;19/09/2026;Decisão;https://consultaunificadapje.tse.jus.br/#/public/resultado/0600046-55.2026.6.06.0000;2026-09-19;1;0;1
0600259-98.2026.6.19.0000|68182;01/10/2026;06:00:34;2026;0600259-98.2026.6.19.0000;DF;RJ;2;3;68182;19/09/2026;ANTONIO CARLOS FERREIRA;Decisão;01/10/2026;06:01:26;2026;0600259-98.2026.6.19.0000;26/08/2026;26/09/2026;RJ;2;DF;3;26/08/2026;S;Por sorteio;285510;ANTONIO CARLOS FERREIRA;11;Ministro;1347;RMS;RECURSO EM MANDADO DE SEGURANÇA;60018;Mandado de Segurança;1;2;19/09/2026;Decisão;https://consultaunificadapje.tse.jus.br/#/public/resultado/0600259-98.2026.6.19.0000;2026-09-19;0;0;0
0600322-76.2025.6.22.0000|68473;01/10/2026;06:00:34;2026;0600322-76.2025.6.22.0000;DF;RO;2;3;68473;19/09/2026;FLORIANO DE AZEVEDO MARQUES;Acórdão;01/10/2026;06:01:26;2026;0600322-76.2025.6.22.0000;12/08/2026;#NULO#;RO;2;DF;3;12/08/2026;S;Por sorteio;233218;FLORIANO DE AZEVEDO MARQUES;13;Ministro;11550;RO-El;RECURSO ORDINÁRIO ELEITORAL;11778;Requerimento;1;3;19/09/2026;Acórdão;https://consultaunificadapje.tse.jus.br/#/public/resultado/0600322-76.2025.6.22.0000;2026-09-19;0;0;0
0600482-78.2026.6.18.0000|68498;01/10/2026;06:00:34;2026;0600482-78.2026.6.18.0000;DF;PI;2;3;68498;19/09/2026;ANTONIO CARLOS FERREIRA;Decisão;01/10/2026;06:01:26;2026;0600482-78.2026.6.18.0000;13/09/2026;#NULO#;PI;2;DF;3;14/09/2026;PP;Por prevenção;285510;ANTONIO CARLOS FERREIRA;11;Ministro;11549;REspEl;RECURSO ESPECIAL ELEITORAL;12044;Registro de Candidatura - DRAP Partido/Coligação;1;1;19/09/2026;Decisão;https://consultaunificadapje.tse.jus.br/#/public/resultado/0600482-78.2026.6.18.0000;2026-09-19;0;0;0
0600485-33.2026.6.18.0000|68181;01/10/2026;06:00:34;2026;0600485-33.2026.6.18.0000;DF;PI;2;3;68181;19/09/2026;ANTONIO CARLOS FERREIRA;Decisão;01/10/2026;06:01:26;2026;0600485-33.2026.6.18.0000;13/09/2026;#NULO#;PI;2;DF;3;13/09/2026;S;Por sorteio;285510;ANTONIO CARLOS FERREIRA;11;Ministro;11549;REspEl;RECURSO ESPECIAL ELEITORAL;12044;Registro de Candidatura - DRAP Partido/Coligação;1;1;19/09/2026;Decisão;https://consultaunificadapje.tse.jus.br/#/public/resultado/0600485-33.2026.6.18.0000;2026-09-19;0;0;0
0600546-88.2026.6.18.0000|68496;01/10/2026;06:00:34;2026;0600546-88.2026.6.18.0000;DF;PI;2;3;68496;19/09/2026;ANTONIO CARLOS FERREIRA;Decisão;01/10/2026;06:01:26;2026;0600546-88.2026.6.18.0000;14/09/2026;#NULO#;PI;2;DF;3;29/09/2026;S;Por sorteio;349772;SEBASTIÃO REIS JUNIOR;11;Ministro;11549;REspEl;RECURSO ESPECIAL ELEITORAL;12044;Registro de Candidatura - DRAP Partido/Coligação;1;1;19/09/2026;Decisão;https://consultaunificadapje.tse.jus.br/#/public/resultado/0600546-88.2026.6.18.0000;2026-09-19;0;0;0
0600582-17.2026.6.15.0000|68185;01/10/2026;06:00:34;2026;0600582-17.2026.6.15.0000;DF;PB;2;3;68185;19/09/2026;ANTONIO CARLOS FERREIRA;Decisão;01/10/2026;06:01:26;2026;0600582-17.2026.6.15.0000;08/09/2026;#NULO#;PB;2;DF;3;08/09/2026;S;Por sorteio;285510;ANTONIO CARLOS FERREIRA;11;Ministro;11550;RO-El;RECURSO ORDINÁRIO ELEITORAL;11618;Registro de Candidatura - RRC - Candidato;1;1;19/09/2026;Decisão;https://consultaunificadapje.tse.jus.br/#/public/resultado/0600582-17.2026.6.15.0000;2026-09-19;0;0;0
0600587-55.2026.6.18.0000|68180;01/10/2026;06:00:34;2026;0600587-55.2026.6.18.0000;DF;PI;2;3;68180;19/09/2026;ANTONIO CARLOS FERREIRA;Decisão;01/10/2026;06:01:26;2026;0600587-55.2026.6.18.0000;14/09/2026;#NULO#;PI;2;DF;3;14/09/2026;S;Por sorteio;285510;ANTONIO CARLOS FERREIRA;11;Ministro;11549;REspEl;RECURSO ESPECIAL ELEITORAL;12044;Registro de Candidatura - DRAP Partido/Coligação;1;1;19/09/2026;Decisão;https://consultaunificadapje.tse.jus.br/#/public/resultado/0600587-55.2026.6.18.0000;2026-09-19;0;0;0
0600753-82.2026.6.11.0000|68183;01/10/2026;06:00:34;2026;0600753-82.2026.6.11.0000;DF;MT;2;3;68183;19/09/2026;ANTONIO CARLOS FERREIRA;Decisão;01/10/2026;06:01:26;2026;0600753-82.2026.6.11.0000;15/09/2026;#NULO#;MT;2;DF;3;15/09/2026;S;Por sorteio;285510;ANTONIO CARLOS FERREIRA;11;Ministro;11550;RO-El;RECURSO ORDINÁRIO ELEITORAL;11600;Inelegibilidade - Desincompatibilização;1;1;19/09/2026;Decisão;https://consultaunificadapje.tse.jus.br/#/public/resultado/0600753-82.2026.6.11.0000;2026-09-19;0;0;0
0600838-03.2026.6.17.0000|68184;01/10/2026;06:00:34;2026;0600838-03.2026.6.17.0000;DF;PE;2;3;68184;19/09/2026;ANTONIO CARLOS FERREIRA;Decisão;01/10/2026;06:01:26;2026;0600838-03.2026.6.17.0000;16/09/2026;#NULO#;PE;2;DF;3;29/09/2026;PP;Por prevenção;349772;SEBASTIÃO REIS JUNIOR;11;Ministro;11549;REspEl;RECURSO ESPECIAL ELEITORAL;12044;Registro de Candidatura - DRAP Partido/Coligação;1;1;19/09/2026;Decisão;https://consultaunificadapje.tse.jus.br/#/public/resultado/0600838-03.2026.6.17.0000;2026-09-19;0;0;0
0601091-62.2026.6.00.0000|69213;01/10/2026;06:00:34;2026;0601091-62.2026.6.00.0000;DF;DF;3;3;69213;19/09/2026;ANTONIO CARLOS FERREIRA;Decisão;01/10/2026;06:01:26;2026;0601091-62.2026.6.00.0000;24/06/2026;#NULO#;DF;3;DF;3;17/08/2026;S;Por sorteio;285510;ANTONIO CARLOS FERREIRA;11;Ministro;12134;TutCautAnt;TUTELA CAUTELAR ANTECEDENTE;11667;Propaganda Política - Propaganda Eleitoral - Extemporânea/Antecipada;0;4;19/09/2026;Decisão;https://consultaunificadapje.tse.jus.br/#/public/resultado/0601091-62.2026.6.00.0000;2026-09-19;1;0;1
0601181-32.2026.6.05.0000|68186;01/10/2026;06:00:34;2026;0601181-32.2026.6.05.0000;DF;BA;2;3;68186;19/09/2026;ANTONIO CARLOS FERREIRA;Decisão;01/10/2026;06:01:26;2026;0601181-32.2026.6.05.0000;05/09/2026;29/09/2026;BA;2;DF;3;05/09/2026;S;Por sorteio;285510;ANTONIO CARLOS FERREIRA;11;Ministro;11549;REspEl;RECURSO ESPECIAL ELEITORAL;15146;Dissidência Partidária ou Federativa;1;1;19/09/2026;Decisão;https://consultaunificadapje.tse.jus.br/#/public/resultado/0601181-32.2026.6.05.0000;2026-09-19;0;0;0
0601311-60.2026.6.00.0000|67808;01/10/2026;06:00:34;2026;0601311-60.2026.6.00.0000;DF;DF;3;3;67808;19/09/2026;ANTONIO CARLOS FERREIRA;Acórdão;01/10/2026;06:01:26;2026;0601311-60.2026.6.00.0000;24/07/2026;29/09/2026;DF;3;DF;3;24/07/2026;S;Por sorteio;285510;ANTONIO CARLOS FERREIRA;11;Ministro;120;MSCiv;MANDADO DE SEGURANÇA CÍVEL;11778;Requerimento;0;3;19/09/2026;Acórdão;https://consultaunificadapje.tse.jus.br/#/public/resultado/0601311-60.2026.6.00.0000;2026-09-19;0;0;0
0601753-26.2026.6.00.0000|68336;01/10/2026;06:00:34;2026;0601753-26.2026.6.00.0000;DF;DF;3;3;68336;19/09/2026;DIAS TOFFOLI;Acórdão;01/10/2026;06:01:26;2026;0601753-26.2026.6.00.0000;28/08/2026;#NULO#;DF;3;DF;3;28/08/2026;S;Por sorteio;223256;ANDRÉ MENDONÇA;72;Juiz Auxiliar;11541;Rp;REPRESENTAÇÃO;15429;Propaganda Política - Propaganda Eleitoral - Uso de Inteligência Artificial;0;2;19/09/2026;Acórdão;https://consultaunificadapje.tse.jus.br/#/public/resultado/0601753-26.2026.6.00.0000;2026-09-19;1;0;1
0601780-09.2026.6.00.0000|67943;01/10/2026;06:00:34;2026;0601780-09.2026.6.00.0000;DF;DF;3;3;67943;19/09/2026;ANTONIO CARLOS FERREIRA;Decisão;01/10/2026;06:01:26;2026;0601780-09.2026.6.00.0000;31/08/2026;#NULO#;DF;3;DF;3;16/09/2026;S;Por sorteio;285510;ANTONIO CARLOS FERREIRA;42;Ministro;12134;TutCautAnt;TUTELA CAUTELAR ANTECEDENTE;12062;Captação ou Gasto Ilícito de Recursos Financeiros de Campanha Eleitoral;0;3;19/09/2026;Decisão;https://consultaunificadapje.tse.jus.br/#/public/resultado/0601780-09.2026.6.00.0000;2026-09-19;0;0;0
0601956-85.2026.6.00.0000|67616;01/10/2026;06:00:34;2026;0601956-85.2026.6.00.0000;DF;DF;3;3;67616;19/09/2026;ANTONIO CARLOS FERREIRA;Decisão;01/10/2026;06:01:26;2026;0601956-85.2026.6.00.0000;11/09/2026;#NULO#;DF;3;DF;3;11/09/2026;S;Por sorteio;285510;ANTONIO CARLOS FERREIRA;42;Ministro;11527;AIJE;AÇÃO DE INVESTIGAÇÃO JUDICIAL ELEITORAL;11720;Abuso - Uso Indevido de Meio de Comunicação Social;0;1;19/09/2026;Decisão;https://consultaunificadapje.tse.jus.br/#/public/resultado/0601956-85.2026.6.00.0000;2026-09-19;0;0;0
0602034-79.2026.6.00.0000|67811;01/10/2026;06:00:34;2026;0602034-79.2026.6.00.0000;DF;DF;3;3;67811;19/09/2026;ANTONIO CARLOS FERREIRA;Decisão;01/10/2026;06:01:26;2026;0602034-79.2026.6.00.0000;14/09/2026;#NULO#;DF;3;DF;3;29/09/2026;S;Por sorteio;349772;SEBASTIÃO REIS JUNIOR;11;Ministro;12134;TutCautAnt;TUTELA CAUTELAR ANTECEDENTE;12635;Propaganda Política - Propaganda Eleitoral - Divulgação de Notícia  Sabidamente Falsa;0;1;19/09/2026;Decisão;https://consultaunificadapje.tse.jus.br/#/public/resultado/0602034-79.2026.6.00.0000;2026-09-19;1;0;1
0602045-11.2026.6.00.0000|67619;01/10/2026;06:00:34;2026;0602045-11.2026.6.00.0000;DF;DF;3;3;67619;19/09/2026;ANTONIO CARLOS FERREIRA;Decisão;01/10/2026;06:01:26;2026;0602045-11.2026.6.00.0000;15/09/2026;#NULO#;DF;3;DF;3;15/09/2026;S;Por sorteio;285510;ANTONIO CARLOS FERREIRA;42;Ministro;11527;AIJE;AÇÃO DE INVESTIGAÇÃO JUDICIAL ELEITORAL;11719;Abuso - De Poder Político/Autoridade;0;1;19/09/2026;Decisão;https://consultaunificadapje.tse.jus.br/#/public/resultado/0602045-11.2026.6.00.0000;2026-09-19;0;0;0
0602060-77.2026.6.00.0000|67809;01/10/2026;06:00:34;2026;0602060-77.2026.6.00.0000;DF;DF;3;3;67809;19/09/2026;ANTONIO CARLOS FERREIRA;Decisão;01/10/2026;06:01:26;2026;0602060-77.2026.6.00.0000;16/09/2026;#NULO#;DF;3;DF;3;29/09/2026;S;Por sorteio;349772;SEBASTIÃO REIS JUNIOR;11;Ministro;12134;TutCautAnt;TUTELA CAUTELAR ANTECEDENTE;11593;Direito de Resposta;0;2;23/09/2026;Despacho;https://consultaunificadapje.tse.jus.br/#/public/resultado/0602060-77.2026.6.00.0000;2026-09-19;0;0;0
0602073-76.2026.6.00.0000|68303;01/10/2026;06:00:34;2026;0602073-76.2026.6.00.0000;DF;DF;3;3;68303;19/09/2026;ANTONIO CARLOS FERREIRA;Decisão;01/10/2026;06:01:26;2026;0602073-76.2026.6.00.0000;17/09/2026;26/09/2026;DF;3;DF;3;17/09/2026;S;Por sorteio;285510;ANTONIO CARLOS FERREIRA;42;Ministro;11527;AIJE;AÇÃO DE INVESTIGAÇÃO JUDICIAL ELEITORAL;11718;Abuso - De Poder Econômico;0;1;19/09/2026;Decisão;https://consultaunificadapje.tse.jus.br/#/public/resultado/0602073-76.2026.6.00.0000;2026-09-19;0;0;0
0602767-22.2026.6.26.0000|68497;01/10/2026;06:00:34;2026;0602767-22.2026.6.26.0000;DF;SP;2;3;68497;19/09/2026;ANTONIO CARLOS FERREIRA;Decisão;01/10/2026;06:01:26;2026;0602767-22.2026.6.26.0000;17/09/2026;#NULO#;SP;2;DF;3;29/09/2026;S;Por sorteio;349772;SEBASTIÃO REIS JUNIOR;11;Ministro;11549;REspEl;RECURSO ESPECIAL ELEITORAL;15590;RRC Indeferido em Função do Indeferimento do DRAP;1;1;19/09/2026;Decisão;https://consultaunificadapje.tse.jus.br/#/public/resultado/0602767-22.2026.6.26.0000;2026-09-19;0;0;0
0602771-59.2026.6.26.0000|67810;01/10/2026;06:00:34;2026;0602771-59.2026.6.26.0000;DF;SP;2;3;67810;19/09/2026;ANTONIO CARLOS FERREIRA;Decisão;01/10/2026;06:01:26;2026;0602771-59.2026.6.26.0000;17/09/2026;#NULO#;SP;2;DF;3;17/09/2026;S;Por sorteio;285510;ANTONIO CARLOS FERREIRA;11;Ministro;11549;REspEl;RECURSO ESPECIAL ELEITORAL;11618;Registro de Candidatura - RRC - Candidato;1;1;19/09/2026;Decisão;https://consultaunificadapje.tse.jus.br/#/public/resultado/0602771-59.2026.6.26.0000;2026-09-19;0;0;0
0603100-71.2026.6.26.0000|68462;01/10/2026;06:00:34;2026;0603100-71.2026.6.26.0000;DF;SP;2;3;68462;19/09/2026;ANTONIO CARLOS FERREIRA;Decisão;01/10/2026;06:01:26;2026;0603100-71.2026.6.26.0000;16/09/2026;#NULO#;SP;2;DF;3;16/09/2026;S;Por sorteio;285510;ANTONIO CARLOS FERREIRA;11;Ministro;11550;RO-El;RECURSO ORDINÁRIO ELEITORAL;11627;Registro de Candidatura - Substituição de Candidato - Por Renúncia;1;1;19/09/2026;Decisão;https://consultaunificadapje.tse.jus.br/#/public/resultado/0603100-71.2026.6.26.0000;2026-09-19;0;0;0
0600505-30.2026.6.07.0000|67999;01/10/2026;06:00:34;2026;0600505-30.2026.6.07.0000;DF;DF;2;3;67999;21/09/2026;SEBASTIÃO REIS JUNIOR;Decisão;01/10/2026;06:01:26;2026;0600505-30.2026.6.07.0000;18/09/2026;#NULO#;DF;2;DF;3;29/09/2026;S;Por sorteio;349772;SEBASTIÃO REIS JUNIOR;11;Ministro;11550;RO-El;RECURSO ORDINÁRIO ELEITORAL;12044;Registro de Candidatura - DRAP Partido/Coligação;1;1;21/09/2026;Decisão;https://consultaunificadapje.tse.jus.br/#/public/resultado/0600505-30.2026.6.07.0000;2026-09-21;0;0;0
0600509-23.2026.6.23.0000|68131;01/10/2026;06:00:34;2026;0600509-23.2026.6.23.0000;DF;RR;2;3;68131;21/09/2026;DIAS TOFFOLI;Decisão;01/10/2026;06:01:26;2026;0600509-23.2026.6.23.0000;18/09/2026;#NULO#;RR;2;DF;3;18/09/2026;S;Por sorteio;6276;DIAS TOFFOLI;3;Ministro;11549;REspEl;RECURSO ESPECIAL ELEITORAL;11616;Impugnação ao Registro de Candidatura;1;1;21/09/2026;Decisão;https://consultaunificadapje.tse.jus.br/#/public/resultado/0600509-23.2026.6.23.0000;2026-09-21;0;0;0
0600536-66.2026.6.10.0000|67417;01/10/2026;06:00:34;2026;0600536-66.2026.6.10.0000;DF;MA;2;3;67417;21/09/2026;ANDRÉ MENDONÇA;Decisão;01/10/2026;06:01:26;2026;0600536-66.2026.6.10.0000;17/09/2026;26/09/2026;MA;2;DF;3;17/09/2026;S;Por sorteio;223256;ANDRÉ MENDONÇA;14;Ministro;11550;RO-El;RECURSO ORDINÁRIO ELEITORAL;11616;Impugnação ao Registro de Candidatura;1;1;21/09/2026;Decisão;https://consultaunificadapje.tse.jus.br/#/public/resultado/0600536-66.2026.6.10.0000;2026-09-21;0;0;0
0600899-04.2026.6.19.0000|67420;01/10/2026;06:00:34;2026;0600899-04.2026.6.19.0000;DF;RJ;2;3;67420;21/09/2026;ANDRÉ MENDONÇA;Decisão;01/10/2026;06:01:26;2026;0600899-04.2026.6.19.0000;12/09/2026;26/09/2026;RJ;2;DF;3;12/09/2026;S;Por sorteio;223256;ANDRÉ MENDONÇA;14;Ministro;11549;REspEl;RECURSO ESPECIAL ELEITORAL;11618;Registro de Candidatura - RRC - Candidato;1;2;21/09/2026;Decisão;https://consultaunificadapje.tse.jus.br/#/public/resultado/0600899-04.2026.6.19.0000;2026-09-21;0;0;0
0600999-35.2026.6.09.0000|68136;01/10/2026;06:00:34;2026;0600999-35.2026.6.09.0000;DF;GO;2;3;68136;21/09/2026;DIAS TOFFOLI;Decisão;01/10/2026;06:01:26;2026;0600999-35.2026.6.09.0000;18/09/2026;29/09/2026;GO;2;DF;3;18/09/2026;S;Por sorteio;6276;DIAS TOFFOLI;3;Ministro;11550;RO-El;RECURSO ORDINÁRIO ELEITORAL;11618;Registro de Candidatura - RRC - Candidato;1;2;25/09/2026;Decisão;https://consultaunificadapje.tse.jus.br/#/public/resultado/0600999-35.2026.6.09.0000;2026-09-21;0;0;0
0601699-97.2026.6.13.0000|68595;01/10/2026;06:00:34;2026;0601699-97.2026.6.13.0000;DF;MG;2;3;68595;21/09/2026;ANDRÉ MENDONÇA;Decisão;01/10/2026;06:01:26;2026;0601699-97.2026.6.13.0000;14/09/2026;#NULO#;MG;2;DF;3;14/09/2026;S;Por sorteio;223256;ANDRÉ MENDONÇA;14;Ministro;11550;RO-El;RECURSO ORDINÁRIO ELEITORAL;11616;Impugnação ao Registro de Candidatura;1;1;21/09/2026;Decisão;https://consultaunificadapje.tse.jus.br/#/public/resultado/0601699-97.2026.6.13.0000;2026-09-21;0;0;0
0602076-31.2026.6.00.0000|67773;01/10/2026;06:00:34;2026;0602076-31.2026.6.00.0000;DF;DF;3;3;67773;21/09/2026;DIAS TOFFOLI;Decisão;01/10/2026;06:01:26;2026;0602076-31.2026.6.00.0000;17/09/2026;#NULO#;DF;3;DF;3;17/09/2026;S;Por sorteio;6276;DIAS TOFFOLI;3;Ministro;12134;TutCautAnt;TUTELA CAUTELAR ANTECEDENTE;11679;Propaganda Política - Propaganda Eleitoral - Internet;0;2;28/09/2026;Decisão;https://consultaunificadapje.tse.jus.br/#/public/resultado/0602076-31.2026.6.00.0000;2026-09-21;1;0;1
0602112-73.2026.6.00.0000|68455;01/10/2026;06:00:34;2026;0602112-73.2026.6.00.0000;DF;DF;3;3;68455;21/09/2026;DIAS TOFFOLI;Decisão;01/10/2026;06:01:26;2026;0602112-73.2026.6.00.0000;18/09/2026;#NULO#;DF;3;DF;3;18/09/2026;S;Por sorteio;6276;DIAS TOFFOLI;3;Ministro;12135;TutAntAnt;TUTELA ANTECIPADA ANTECEDENTE;11616;Impugnação ao Registro de Candidatura;0;2;28/09/2026;Decisão;https://consultaunificadapje.tse.jus.br/#/public/resultado/0602112-73.2026.6.00.0000;2026-09-21;0;0;0
0602134-34.2026.6.00.0000|68769;01/10/2026;06:00:34;2026;0602134-34.2026.6.00.0000;DF;DF;3;3;68769;21/09/2026;SEBASTIÃO REIS JUNIOR;Decisão;01/10/2026;06:01:26;2026;0602134-34.2026.6.00.0000;19/09/2026;25/09/2026;DF;3;DF;3;19/09/2026;S;Por sorteio;285510;ANTONIO CARLOS FERREIRA;11;Ministro;120;MSCiv;MANDADO DE SEGURANÇA CÍVEL;11651;Pesquisa Eleitoral - Registro de Pesquisa Eleitoral;0;1;21/09/2026;Decisão;https://consultaunificadapje.tse.jus.br/#/public/resultado/0602134-34.2026.6.00.0000;2026-09-21;0;0;0
0602135-19.2026.6.00.0000|68135;01/10/2026;06:00:34;2026;0602135-19.2026.6.00.0000;DF;DF;3;3;68135;21/09/2026;DIAS TOFFOLI;Decisão;01/10/2026;06:01:26;2026;0602135-19.2026.6.00.0000;19/09/2026;26/09/2026;DF;3;DF;3;19/09/2026;S;Por sorteio;6276;DIAS TOFFOLI;3;Ministro;12134;TutCautAnt;TUTELA CAUTELAR ANTECEDENTE;11675;Propaganda Política - Propaganda Eleitoral - Televisão;0;1;21/09/2026;Decisão;https://consultaunificadapje.tse.jus.br/#/public/resultado/0602135-19.2026.6.00.0000;2026-09-21;1;0;1
0602136-04.2026.6.00.0000|69178;01/10/2026;06:00:34;2026;0602136-04.2026.6.00.0000;DF;DF;3;3;69178;21/09/2026;DIAS TOFFOLI;Decisão;01/10/2026;06:01:26;2026;0602136-04.2026.6.00.0000;19/09/2026;26/09/2026;DF;3;DF;3;19/09/2026;S;Por sorteio;6276;DIAS TOFFOLI;3;Ministro;12134;TutCautAnt;TUTELA CAUTELAR ANTECEDENTE;11675;Propaganda Política - Propaganda Eleitoral - Televisão;0;1;21/09/2026;Decisão;https://consultaunificadapje.tse.jus.br/#/public/resultado/0602136-04.2026.6.00.0000;2026-09-21;1;0;1
0602758-60.2026.6.26.0000|67998;01/10/2026;06:00:34;2026;0602758-60.2026.6.26.0000;DF;SP;2;3;67998;21/09/2026;SEBASTIÃO REIS JUNIOR;Decisão;01/10/2026;06:01:26;2026;0602758-60.2026.6.26.0000;17/09/2026;#NULO#;SP;2;DF;3;29/09/2026;S;Por sorteio;349772;SEBASTIÃO REIS JUNIOR;11;Ministro;11549;REspEl;RECURSO ESPECIAL ELEITORAL;11616;Impugnação ao Registro de Candidatura;1;2;30/09/2026;Decisão;https://consultaunificadapje.tse.jus.br/#/public/resultado/0602758-60.2026.6.26.0000;2026-09-21;0;0;0
0600219-03.2026.6.16.0000|68154;01/10/2026;06:00:34;2026;0600219-03.2026.6.16.0000;DF;PR;2;3;68154;22/09/2026;DIAS TOFFOLI;Decisão;01/10/2026;06:01:26;2026;0600219-03.2026.6.16.0000;14/08/2026;27/09/2026;PR;2;DF;3;14/08/2026;S;Por sorteio;6276;DIAS TOFFOLI;3;Ministro;12626;AREspE;AGRAVO EM RECURSO ESPECIAL ELEITORAL;11667;Propaganda Política - Propaganda Eleitoral - Extemporânea/Antecipada;1;1;22/09/2026;Decisão;https://consultaunificadapje.tse.jus.br/#/public/resultado/0600219-03.2026.6.16.0000;2026-09-22;1;0;1
0600249-43.2026.6.23.0000|68015;01/10/2026;06:00:34;2026;0600249-43.2026.6.23.0000;DF;RR;2;3;68015;22/09/2026;RICARDO VILLAS BÔAS CUEVA;Decisão;01/10/2026;06:01:26;2026;0600249-43.2026.6.23.0000;17/09/2026;#NULO#;RR;2;DF;3;17/09/2026;S;Por sorteio;301846;RICARDO VILLAS BÔAS CUEVA;4;Ministro;11549;REspEl;RECURSO ESPECIAL ELEITORAL;11618;Registro de Candidatura - RRC - Candidato;1;1;22/09/2026;Decisão;https://consultaunificadapje.tse.jus.br/#/public/resultado/0600249-43.2026.6.23.0000;2026-09-22;0;0;0
0600416-18.2026.6.03.0000|68606;01/10/2026;06:00:34;2026;0600416-18.2026.6.03.0000;DF;AP;2;3;68606;22/09/2026;ANDRÉ MENDONÇA;Decisão;01/10/2026;06:01:26;2026;0600416-18.2026.6.03.0000;17/09/2026;#NULO#;AP;2;DF;3;17/09/2026;S;Por sorteio;223256;ANDRÉ MENDONÇA;14;Ministro;11550;RO-El;RECURSO ORDINÁRIO ELEITORAL;11616;Impugnação ao Registro de Candidatura;1;1;22/09/2026;Decisão;https://consultaunificadapje.tse.jus.br/#/public/resultado/0600416-18.2026.6.03.0000;2026-09-22;0;0;0
0600673-85.2026.6.23.0000|68018;01/10/2026;06:00:34;2026;0600673-85.2026.6.23.0000;DF;RR;2;3;68018;22/09/2026;RICARDO VILLAS BÔAS CUEVA;Decisão;01/10/2026;06:01:26;2026;0600673-85.2026.6.23.0000;18/09/2026;#NULO#;RR;2;DF;3;18/09/2026;S;Por sorteio;301846;RICARDO VILLAS BÔAS CUEVA;4;Ministro;11550;RO-El;RECURSO ORDINÁRIO ELEITORAL;11636;Cargo - Segundo Suplente de Senador;1;1;22/09/2026;Decisão;https://consultaunificadapje.tse.jus.br/#/public/resultado/0600673-85.2026.6.23.0000;2026-09-22;0;0;0
0600693-98.2026.6.15.0000|68263;01/10/2026;06:00:34;2026;0600693-98.2026.6.15.0000;DF;PB;2;3;68263;22/09/2026;ANDRÉ MENDONÇA;Decisão;01/10/2026;06:01:26;2026;0600693-98.2026.6.15.0000;18/09/2026;#NULO#;PB;2;DF;3;18/09/2026;S;Por sorteio;223256;ANDRÉ MENDONÇA;14;Ministro;11549;REspEl;RECURSO ESPECIAL ELEITORAL;11627;Registro de Candidatura - Substituição de Candidato - Por Renúncia;1;1;22/09/2026;Decisão;https://consultaunificadapje.tse.jus.br/#/public/resultado/0600693-98.2026.6.15.0000;2026-09-22;0;0;0
0600712-66.2026.6.20.0000|68547;01/10/2026;06:00:34;2026;0600712-66.2026.6.20.0000;DF;RN;2;3;68547;22/09/2026;NUNES MARQUES;Decisão;01/10/2026;06:01:26;2026;0600712-66.2026.6.20.0000;29/08/2026;30/09/2026;RN;2;DF;3;29/08/2026;S;Por sorteio;202679;NUNES MARQUES;60;Juíz Auxiliar;11541;Rp;REPRESENTAÇÃO;11651;Pesquisa Eleitoral - Registro de Pesquisa Eleitoral;1;1;22/09/2026;Decisão;https://consultaunificadapje.tse.jus.br/#/public/resultado/0600712-66.2026.6.20.0000;2026-09-22;0;0;0
0600978-11.2026.6.00.0000|67340;01/10/2026;06:00:34;2026;0600978-11.2026.6.00.0000;DF;DF;3;3;67340;22/09/2026;NUNES MARQUES;Acórdão;01/10/2026;06:01:26;2026;0600978-11.2026.6.00.0000;09/06/2026;30/09/2026;DF;3;DF;3;10/06/2026;S;Por sorteio;202679;NUNES MARQUES;78;Ministro;241;PetCiv;PETIÇÃO CÍVEL;11778;Requerimento;0;2;22/09/2026;Acórdão;https://consultaunificadapje.tse.jus.br/#/public/resultado/0600978-11.2026.6.00.0000;2026-09-22;0;0;0
0601002-87.2026.6.09.0000|68602;01/10/2026;06:00:34;2026;0601002-87.2026.6.09.0000;DF;GO;2;3;68602;22/09/2026;ANDRÉ MENDONÇA;Decisão;01/10/2026;06:01:26;2026;0601002-87.2026.6.09.0000;16/09/2026;26/09/2026;GO;2;DF;3;16/09/2026;PP;Por prevenção;223256;ANDRÉ MENDONÇA;14;Ministro;11550;RO-El;RECURSO ORDINÁRIO ELEITORAL;12044;Registro de Candidatura - DRAP Partido/Coligação;1;1;22/09/2026;Decisão;https://consultaunificadapje.tse.jus.br/#/public/resultado/0601002-87.2026.6.09.0000;2026-09-22;0;0;0
0601007-61.2026.6.00.0000|68228;01/10/2026;06:00:34;2026;0601007-61.2026.6.00.0000;DF;DF;3;3;68228;22/09/2026;NUNES MARQUES;Decisão;01/10/2026;06:01:26;2026;0601007-61.2026.6.00.0000;14/06/2026;#NULO#;DF;3;DF;3;14/06/2026;S;Por sorteio;202679;NUNES MARQUES;60;Juíz Auxiliar;11541;Rp;REPRESENTAÇÃO;11667;Propaganda Política - Propaganda Eleitoral - Extemporânea/Antecipada;0;1;22/09/2026;Decisão;https://consultaunificadapje.tse.jus.br/#/public/resultado/0601007-61.2026.6.00.0000;2026-09-22;1;0;1
0601166-19.2026.6.21.0000|68155;01/10/2026;06:00:34;2026;0601166-19.2026.6.21.0000;DF;RS;2;3;68155;22/09/2026;DIAS TOFFOLI;Decisão;01/10/2026;06:01:26;2026;0601166-19.2026.6.21.0000;18/09/2026;#NULO#;RS;2;DF;3;18/09/2026;S;Por sorteio;6276;DIAS TOFFOLI;3;Ministro;11549;REspEl;RECURSO ESPECIAL ELEITORAL;11618;Registro de Candidatura - RRC - Candidato;1;1;22/09/2026;Decisão;https://consultaunificadapje.tse.jus.br/#/public/resultado/0601166-19.2026.6.21.0000;2026-09-22;0;0;0
0601235-46.2026.6.14.0000|68548;01/10/2026;06:00:34;2026;0601235-46.2026.6.14.0000;DF;PA;2;3;68548;22/09/2026;NUNES MARQUES;Decisão;01/10/2026;06:01:26;2026;0601235-46.2026.6.14.0000;30/08/2026;29/09/2026;PA;2;DF;3;30/08/2026;S;Por sorteio;202679;NUNES MARQUES;60;Juíz Auxiliar;11541;Rp;REPRESENTAÇÃO;11649;Pesquisa Eleitoral - Divulgação de Pesquisa Eleitoral Fraudulenta;1;1;22/09/2026;Decisão;https://consultaunificadapje.tse.jus.br/#/public/resultado/0601235-46.2026.6.14.0000;2026-09-22;0;0;0
0601297-91.2026.6.21.0000|68017;01/10/2026;06:00:34;2026;0601297-91.2026.6.21.0000;DF;RS;2;3;68017;22/09/2026;RICARDO VILLAS BÔAS CUEVA;Decisão;01/10/2026;06:01:26;2026;0601297-91.2026.6.21.0000;20/09/2026;#NULO#;RS;2;DF;3;20/09/2026;S;Por sorteio;301846;RICARDO VILLAS BÔAS CUEVA;4;Ministro;11549;REspEl;RECURSO ESPECIAL ELEITORAL;11593;Direito de Resposta;1;1;22/09/2026;Decisão;https://consultaunificadapje.tse.jus.br/#/public/resultado/0601297-91.2026.6.21.0000;2026-09-22;0;0;0
0601299-46.2026.6.00.0000|67363;01/10/2026;06:00:34;2026;0601299-46.2026.6.00.0000;DF;DF;3;3;67363;22/09/2026;NUNES MARQUES;Decisão;01/10/2026;06:01:26;2026;0601299-46.2026.6.00.0000;22/07/2026;#NULO#;DF;3;DF;3;22/07/2026;S;Por sorteio;202679;NUNES MARQUES;60;Juíz Auxiliar;11541;Rp;REPRESENTAÇÃO;11667;Propaganda Política - Propaganda Eleitoral - Extemporânea/Antecipada;0;1;22/09/2026;Decisão;https://consultaunificadapje.tse.jus.br/#/public/resultado/0601299-46.2026.6.00.0000;2026-09-22;1;0;1
0601416-37.2026.6.00.0000|67365;01/10/2026;06:00:34;2026;0601416-37.2026.6.00.0000;DF;DF;3;3;67365;22/09/2026;NUNES MARQUES;Decisão;01/10/2026;06:01:26;2026;0601416-37.2026.6.00.0000;07/08/2026;#NULO#;DF;3;DF;3;07/08/2026;S;Por sorteio;202679;NUNES MARQUES;60;Juíz Auxiliar;11541;Rp;REPRESENTAÇÃO;11667;Propaganda Política - Propaganda Eleitoral - Extemporânea/Antecipada;0;1;22/09/2026;Decisão;https://consultaunificadapje.tse.jus.br/#/public/resultado/0601416-37.2026.6.00.0000;2026-09-22;1;0;1
0601417-22.2026.6.00.0000|67871;01/10/2026;06:00:34;2026;0601417-22.2026.6.00.0000;DF;DF;3;3;67871;22/09/2026;NUNES MARQUES;Decisão;01/10/2026;06:01:26;2026;0601417-22.2026.6.00.0000;07/08/2026;#NULO#;DF;3;DF;3;07/08/2026;S;Por sorteio;202679;NUNES MARQUES;60;Juíz Auxiliar;11541;Rp;REPRESENTAÇÃO;11667;Propaganda Política - Propaganda Eleitoral - Extemporânea/Antecipada;0;1;22/09/2026;Decisão;https://consultaunificadapje.tse.jus.br/#/public/resultado/0601417-22.2026.6.00.0000;2026-09-22;1;0;1
0601593-98.2026.6.00.0000|68549;01/10/2026;06:00:34;2026;0601593-98.2026.6.00.0000;DF;DF;3;3;68549;22/09/2026;NUNES MARQUES;Decisão;01/10/2026;06:01:26;2026;0601593-98.2026.6.00.0000;17/08/2026;#NULO#;DF;3;DF;3;17/08/2026;S;Por sorteio;202679;NUNES MARQUES;60;Juíz Auxiliar;11541;Rp;REPRESENTAÇÃO;11651;Pesquisa Eleitoral - Registro de Pesquisa Eleitoral;0;1;22/09/2026;Decisão;https://consultaunificadapje.tse.jus.br/#/public/resultado/0601593-98.2026.6.00.0000;2026-09-22;0;0;0
0601620-81.2026.6.00.0000|67364;01/10/2026;06:00:34;2026;0601620-81.2026.6.00.0000;DF;DF;3;3;67364;22/09/2026;NUNES MARQUES;Decisão;01/10/2026;06:01:26;2026;0601620-81.2026.6.00.0000;19/08/2026;#NULO#;DF;3;DF;3;19/08/2026;S;Por sorteio;202679;NUNES MARQUES;60;Juíz Auxiliar;11541;Rp;REPRESENTAÇÃO;11651;Pesquisa Eleitoral - Registro de Pesquisa Eleitoral;0;1;22/09/2026;Decisão;https://consultaunificadapje.tse.jus.br/#/public/resultado/0601620-81.2026.6.00.0000;2026-09-22;0;0;0
0601639-87.2026.6.00.0000|67339;01/10/2026;06:00:34;2026;0601639-87.2026.6.00.0000;DF;DF;3;3;67339;22/09/2026;NUNES MARQUES;Decisão;01/10/2026;06:01:26;2026;0601639-87.2026.6.00.0000;21/08/2026;#NULO#;DF;3;DF;3;21/08/2026;S;Por sorteio;202679;NUNES MARQUES;78;Ministro;241;PetCiv;PETIÇÃO CÍVEL;12364;Debate Eleitoral;0;1;22/09/2026;Decisão;https://consultaunificadapje.tse.jus.br/#/public/resultado/0601639-87.2026.6.00.0000;2026-09-22;0;0;0
0601644-12.2026.6.00.0000|68535;01/10/2026;06:00:34;2026;0601644-12.2026.6.00.0000;DF;DF;3;3;68535;22/09/2026;NUNES MARQUES;Decisão;01/10/2026;06:01:26;2026;0601644-12.2026.6.00.0000;21/08/2026;#NULO#;DF;3;DF;3;22/08/2026;S;Por sorteio;202679;NUNES MARQUES;60;Juíz Auxiliar;11541;Rp;REPRESENTAÇÃO;11651;Pesquisa Eleitoral - Registro de Pesquisa Eleitoral;0;1;22/09/2026;Decisão;https://consultaunificadapje.tse.jus.br/#/public/resultado/0601644-12.2026.6.00.0000;2026-09-22;0;0;0
0601649-34.2026.6.00.0000|68550;01/10/2026;06:00:34;2026;0601649-34.2026.6.00.0000;DF;DF;3;3;68550;22/09/2026;NUNES MARQUES;Decisão;01/10/2026;06:01:26;2026;0601649-34.2026.6.00.0000;22/08/2026;#NULO#;DF;3;DF;3;22/08/2026;S;Por sorteio;202679;NUNES MARQUES;60;Juíz Auxiliar;12630;RepEsp;REPRESENTAÇÃO ESPECIAL;12063;Conduta Vedada ao Agente Público;0;1;22/09/2026;Decisão;https://consultaunificadapje.tse.jus.br/#/public/resultado/0601649-34.2026.6.00.0000;2026-09-22;0;0;0
0601683-09.2026.6.00.0000|67870;01/10/2026;06:00:34;2026;0601683-09.2026.6.00.0000;DF;DF;3;3;67870;22/09/2026;NUNES MARQUES;Decisão;01/10/2026;06:01:26;2026;0601683-09.2026.6.00.0000;24/08/2026;#NULO#;DF;3;DF;3;24/08/2026;S;Por sorteio;202679;NUNES MARQUES;60;Juíz Auxiliar;11541;Rp;REPRESENTAÇÃO;11651;Pesquisa Eleitoral - Registro de Pesquisa Eleitoral;0;1;22/09/2026;Decisão;https://consultaunificadapje.tse.jus.br/#/public/resultado/0601683-09.2026.6.00.0000;2026-09-22;0;0;0
0601693-53.2026.6.00.0000|67350;01/10/2026;06:00:34;2026;0601693-53.2026.6.00.0000;DF;DF;3;3;67350;22/09/2026;NUNES MARQUES;Decisão;01/10/2026;06:01:26;2026;0601693-53.2026.6.00.0000;24/08/2026;#NULO#;DF;3;DF;3;24/08/2026;S;Por sorteio;202679;NUNES MARQUES;60;Juíz Auxiliar;11541;Rp;REPRESENTAÇÃO;15429;Propaganda Política - Propaganda Eleitoral - Uso de Inteligência Artificial;0;1;22/09/2026;Decisão;https://consultaunificadapje.tse.jus.br/#/public/resultado/0601693-53.2026.6.00.0000;2026-09-22;1;0;1
0601769-77.2026.6.00.0000|67366;01/10/2026;06:00:34;2026;0601769-77.2026.6.00.0000;DF;DF;3;3;67366;22/09/2026;NUNES MARQUES;Decisão;01/10/2026;06:01:26;2026;0601769-77.2026.6.00.0000;30/08/2026;#NULO#;DF;3;DF;3;30/08/2026;S;Por sorteio;202679;NUNES MARQUES;60;Juíz Auxiliar;11541;Rp;REPRESENTAÇÃO;15524;Propaganda Política - Propaganda Eleitoral - Deep Fake;0;1;22/09/2026;Decisão;https://consultaunificadapje.tse.jus.br/#/public/resultado/0601769-77.2026.6.00.0000;2026-09-22;1;0;1
0601777-91.2026.6.13.0000|68134;01/10/2026;06:00:34;2026;0601777-91.2026.6.13.0000;DF;MG;2;3;68134;22/09/2026;DIAS TOFFOLI;Decisão;01/10/2026;06:01:26;2026;0601777-91.2026.6.13.0000;10/09/2026;27/09/2026;MG;2;DF;3;10/09/2026;S;Por sorteio;6276;DIAS TOFFOLI;3;Ministro;11549;REspEl;RECURSO ESPECIAL ELEITORAL;11616;Impugnação ao Registro de Candidatura;1;2;22/09/2026;Decisão;https://consultaunificadapje.tse.jus.br/#/public/resultado/0601777-91.2026.6.13.0000;2026-09-22;0;0;0
0601880-61.2026.6.00.0000|68534;01/10/2026;06:00:34;2026;0601880-61.2026.6.00.0000;DF;DF;3;3;68534;22/09/2026;NUNES MARQUES;Decisão;01/10/2026;06:01:26;2026;0601880-61.2026.6.00.0000;06/09/2026;#NULO#;DF;3;DF;3;06/09/2026;S;Por sorteio;202679;NUNES MARQUES;60;Juíz Auxiliar;12630;RepEsp;REPRESENTAÇÃO ESPECIAL;12063;Conduta Vedada ao Agente Público;0;1;22/09/2026;Decisão;https://consultaunificadapje.tse.jus.br/#/public/resultado/0601880-61.2026.6.00.0000;2026-09-22;0;0;0
0601959-40.2026.6.00.0000|68202;01/10/2026;06:00:34;2026;0601959-40.2026.6.00.0000;DF;DF;3;3;68202;22/09/2026;NUNES MARQUES;Acórdão;01/10/2026;06:01:26;2026;0601959-40.2026.6.00.0000;11/09/2026;#NULO#;DF;3;DF;3;11/09/2026;S;Por sorteio;202679;NUNES MARQUES;78;Ministro;1298;PA;PROCESSO ADMINISTRATIVO;11563;Afastamento de Magistrado;0;1;22/09/2026;Acórdão;https://consultaunificadapje.tse.jus.br/#/public/resultado/0601959-40.2026.6.00.0000;2026-09-22;0;0;0
0602091-97.2026.6.00.0000|67671;01/10/2026;06:00:34;2026;0602091-97.2026.6.00.0000;DF;DF;3;3;67671;22/09/2026;RICARDO VILLAS BÔAS CUEVA;Decisão;01/10/2026;06:01:26;2026;0602091-97.2026.6.00.0000;18/09/2026;#NULO#;DF;3;DF;3;18/09/2026;S;Por sorteio;301846;RICARDO VILLAS BÔAS CUEVA;4;Ministro;241;PetCiv;PETIÇÃO CÍVEL;15591;Fundo Especial de Financiamento de Campanha (FEFC);0;1;22/09/2026;Decisão;https://consultaunificadapje.tse.jus.br/#/public/resultado/0602091-97.2026.6.00.0000;2026-09-22;0;0;0
0602133-49.2026.6.00.0000|68349;01/10/2026;06:00:34;2026;0602133-49.2026.6.00.0000;DF;DF;3;3;68349;22/09/2026;RICARDO VILLAS BÔAS CUEVA;Decisão;01/10/2026;06:01:26;2026;0602133-49.2026.6.00.0000;19/09/2026;29/09/2026;DF;3;DF;3;19/09/2026;S;Por sorteio;301846;RICARDO VILLAS BÔAS CUEVA;4;Ministro;120;MSCiv;MANDADO DE SEGURANÇA CÍVEL;15591;Fundo Especial de Financiamento de Campanha (FEFC);0;1;22/09/2026;Decisão;https://consultaunificadapje.tse.jus.br/#/public/resultado/0602133-49.2026.6.00.0000;2026-09-22;0;0;0
0602140-41.2026.6.00.0000|68012;01/10/2026;06:00:34;2026;0602140-41.2026.6.00.0000;DF;DF;3;3;68012;22/09/2026;RICARDO VILLAS BÔAS CUEVA;Decisão;01/10/2026;06:01:26;2026;0602140-41.2026.6.00.0000;20/09/2026;#NULO#;DF;3;DF;3;20/09/2026;S;Por sorteio;301846;RICARDO VILLAS BÔAS CUEVA;42;Ministro;11527;AIJE;AÇÃO DE INVESTIGAÇÃO JUDICIAL ELEITORAL;11718;Abuso - De Poder Econômico;0;4;27/09/2026;Despacho;https://consultaunificadapje.tse.jus.br/#/public/resultado/0602140-41.2026.6.00.0000;2026-09-22;0;0;0
0602155-10.2026.6.00.0000|68608;01/10/2026;06:00:34;2026;0602155-10.2026.6.00.0000;DF;DF;3;3;68608;22/09/2026;ANDRÉ MENDONÇA;Decisão;01/10/2026;06:01:26;2026;0602155-10.2026.6.00.0000;21/09/2026;26/09/2026;DF;3;DF;3;21/09/2026;S;Por sorteio;223256;ANDRÉ MENDONÇA;14;Ministro;12134;TutCautAnt;TUTELA CAUTELAR ANTECEDENTE;11618;Registro de Candidatura - RRC - Candidato;0;1;22/09/2026;Decisão;https://consultaunificadapje.tse.jus.br/#/public/resultado/0602155-10.2026.6.00.0000;2026-09-22;0;0;0
0602156-92.2026.6.00.0000|68781;01/10/2026;06:00:34;2026;0602156-92.2026.6.00.0000;DF;DF;3;3;68781;22/09/2026;RICARDO VILLAS BÔAS CUEVA;Decisão;01/10/2026;06:01:26;2026;0602156-92.2026.6.00.0000;21/09/2026;#NULO#;DF;3;DF;3;21/09/2026;S;Por sorteio;301846;RICARDO VILLAS BÔAS CUEVA;4;Ministro;12134;TutCautAnt;TUTELA CAUTELAR ANTECEDENTE;11593;Direito de Resposta;0;2;23/09/2026;Decisão;https://consultaunificadapje.tse.jus.br/#/public/resultado/0602156-92.2026.6.00.0000;2026-09-22;0;0;0
0602169-91.2026.6.00.0000|68357;01/10/2026;06:00:34;2026;0602169-91.2026.6.00.0000;DF;DF;3;3;68357;22/09/2026;RICARDO VILLAS BÔAS CUEVA;Decisão;01/10/2026;06:01:26;2026;0602169-91.2026.6.00.0000;22/09/2026;#NULO#;DF;3;DF;3;22/09/2026;S;Por sorteio;301846;RICARDO VILLAS BÔAS CUEVA;4;Ministro;12134;TutCautAnt;TUTELA CAUTELAR ANTECEDENTE;11593;Direito de Resposta;0;2;23/09/2026;Decisão;https://consultaunificadapje.tse.jus.br/#/public/resultado/0602169-91.2026.6.00.0000;2026-09-22;0;0;0
0602814-93.2026.6.26.0000|68593;01/10/2026;06:00:34;2026;0602814-93.2026.6.26.0000;DF;SP;2;3;68593;22/09/2026;ANDRÉ MENDONÇA;Decisão;01/10/2026;06:01:26;2026;0602814-93.2026.6.26.0000;20/09/2026;#NULO#;SP;2;DF;3;20/09/2026;S;Por sorteio;223256;ANDRÉ MENDONÇA;14;Ministro;11549;REspEl;RECURSO ESPECIAL ELEITORAL;11618;Registro de Candidatura - RRC - Candidato;1;1;22/09/2026;Decisão;https://consultaunificadapje.tse.jus.br/#/public/resultado/0602814-93.2026.6.26.0000;2026-09-22;0;0;0
0600224-25.2026.6.16.0000|68259;01/10/2026;06:00:34;2026;0600224-25.2026.6.16.0000;DF;PR;2;3;68259;23/09/2026;ANDRÉ MENDONÇA;Decisão;01/10/2026;06:01:26;2026;0600224-25.2026.6.16.0000;08/08/2026;27/09/2026;PR;2;DF;3;08/08/2026;S;Por sorteio;223256;ANDRÉ MENDONÇA;14;Ministro;12626;AREspE;AGRAVO EM RECURSO ESPECIAL ELEITORAL;11667;Propaganda Política - Propaganda Eleitoral - Extemporânea/Antecipada;1;1;23/09/2026;Decisão;https://consultaunificadapje.tse.jus.br/#/public/resultado/0600224-25.2026.6.16.0000;2026-09-23;1;0;1
0600269-61.2026.6.22.0000|68770;01/10/2026;06:00:34;2026;0600269-61.2026.6.22.0000;DF;RO;2;3;68770;23/09/2026;SEBASTIÃO REIS JUNIOR;Decisão;01/10/2026;06:01:26;2026;0600269-61.2026.6.22.0000;15/09/2026;28/09/2026;RO;2;DF;3;15/09/2026;S;Por sorteio;285510;ANTONIO CARLOS FERREIRA;11;Ministro;11549;REspEl;RECURSO ESPECIAL ELEITORAL;11618;Registro de Candidatura - RRC - Candidato;1;1;23/09/2026;Decisão;https://consultaunificadapje.tse.jus.br/#/public/resultado/0600269-61.2026.6.22.0000;2026-09-23;0;0;0
0600386-69.2026.6.07.0000|68261;01/10/2026;06:00:34;2026;0600386-69.2026.6.07.0000;DF;DF;2;3;68261;23/09/2026;ANDRÉ MENDONÇA;Decisão;01/10/2026;06:01:26;2026;0600386-69.2026.6.07.0000;15/09/2026;#NULO#;DF;2;DF;3;15/09/2026;S;Por sorteio;223256;ANDRÉ MENDONÇA;14;Ministro;11549;REspEl;RECURSO ESPECIAL ELEITORAL;11618;Registro de Candidatura - RRC - Candidato;1;1;23/09/2026;Decisão;https://consultaunificadapje.tse.jus.br/#/public/resultado/0600386-69.2026.6.07.0000;2026-09-23;0;0;0
0600387-81.2026.6.06.0000|68597;01/10/2026;06:00:34;2026;0600387-81.2026.6.06.0000;DF;CE;2;3;68597;23/09/2026;ANDRÉ MENDONÇA;Decisão;01/10/2026;06:01:26;2026;0600387-81.2026.6.06.0000;18/09/2026;27/09/2026;CE;2;DF;3;18/09/2026;S;Por sorteio;223256;ANDRÉ MENDONÇA;14;Ministro;11550;RO-El;RECURSO ORDINÁRIO ELEITORAL;11618;Registro de Candidatura - RRC - Candidato;1;1;23/09/2026;Decisão;https://consultaunificadapje.tse.jus.br/#/public/resultado/0600387-81.2026.6.06.0000;2026-09-23;0;0;0
0600439-33.2026.6.22.0000|67654;01/10/2026;06:00:34;2026;0600439-33.2026.6.22.0000;DF;RO;2;3;67654;23/09/2026;SEBASTIÃO REIS JUNIOR;Decisão;01/10/2026;06:01:26;2026;0600439-33.2026.6.22.0000;15/09/2026;#NULO#;RO;2;DF;3;15/09/2026;S;Por sorteio;285510;ANTONIO CARLOS FERREIRA;11;Ministro;11549;REspEl;RECURSO ESPECIAL ELEITORAL;11618;Registro de Candidatura - RRC - Candidato;1;1;23/09/2026;Decisão;https://consultaunificadapje.tse.jus.br/#/public/resultado/0600439-33.2026.6.22.0000;2026-09-23;0;0;0
0600466-86.2026.6.23.0000|67655;01/10/2026;06:00:34;2026;0600466-86.2026.6.23.0000;DF;RR;2;3;67655;23/09/2026;SEBASTIÃO REIS JUNIOR;Decisão;01/10/2026;06:01:26;2026;0600466-86.2026.6.23.0000;20/09/2026;#NULO#;RR;2;DF;3;20/09/2026;S;Por sorteio;349772;SEBASTIÃO REIS JUNIOR;11;Ministro;11549;REspEl;RECURSO ESPECIAL ELEITORAL;11616;Impugnação ao Registro de Candidatura;1;1;23/09/2026;Decisão;https://consultaunificadapje.tse.jus.br/#/public/resultado/0600466-86.2026.6.23.0000;2026-09-23;0;0;0
0600617-95.2026.6.25.0000|68594;01/10/2026;06:00:34;2026;0600617-95.2026.6.25.0000;DF;SE;2;3;68594;23/09/2026;ANDRÉ MENDONÇA;Decisão;01/10/2026;06:01:26;2026;0600617-95.2026.6.25.0000;19/09/2026;#NULO#;SE;2;DF;3;19/09/2026;S;Por sorteio;223256;ANDRÉ MENDONÇA;14;Ministro;11549;REspEl;RECURSO ESPECIAL ELEITORAL;12044;Registro de Candidatura - DRAP Partido/Coligação;1;1;23/09/2026;Decisão;https://consultaunificadapje.tse.jus.br/#/public/resultado/0600617-95.2026.6.25.0000;2026-09-23;0;0;0
0600630-94.2026.6.25.0000|67899;01/10/2026;06:00:34;2026;0600630-94.2026.6.25.0000;DF;SE;2;3;67899;23/09/2026;ANDRÉ MENDONÇA;Decisão;01/10/2026;06:01:26;2026;0600630-94.2026.6.25.0000;19/09/2026;#NULO#;SE;2;DF;3;20/09/2026;S;Por sorteio;223256;ANDRÉ MENDONÇA;14;Ministro;11549;REspEl;RECURSO ESPECIAL ELEITORAL;11645;Eleições - Eleição Majoritária;1;1;23/09/2026;Decisão;https://consultaunificadapje.tse.jus.br/#/public/resultado/0600630-94.2026.6.25.0000;2026-09-23;0;0;0
0600632-64.2026.6.25.0000|68257;01/10/2026;06:00:34;2026;0600632-64.2026.6.25.0000;DF;SE;2;3;68257;23/09/2026;ANDRÉ MENDONÇA;Decisão;01/10/2026;06:01:26;2026;0600632-64.2026.6.25.0000;19/09/2026;#NULO#;SE;2;DF;3;20/09/2026;S;Por sorteio;223256;ANDRÉ MENDONÇA;14;Ministro;11549;REspEl;RECURSO ESPECIAL ELEITORAL;12044;Registro de Candidatura - DRAP Partido/Coligação;1;1;23/09/2026;Decisão;https://consultaunificadapje.tse.jus.br/#/public/resultado/0600632-64.2026.6.25.0000;2026-09-23;0;0;0
0600702-81.2026.6.25.0000|67416;01/10/2026;06:00:34;2026;0600702-81.2026.6.25.0000;DF;SE;2;3;67416;23/09/2026;ANDRÉ MENDONÇA;Decisão;01/10/2026;06:01:26;2026;0600702-81.2026.6.25.0000;19/09/2026;#NULO#;SE;2;DF;3;19/09/2026;S;Por sorteio;223256;ANDRÉ MENDONÇA;14;Ministro;11549;REspEl;RECURSO ESPECIAL ELEITORAL;12044;Registro de Candidatura - DRAP Partido/Coligação;1;1;23/09/2026;Decisão;https://consultaunificadapje.tse.jus.br/#/public/resultado/0600702-81.2026.6.25.0000;2026-09-23;0;0;0
0601915-90.2026.6.19.0000|68000;01/10/2026;06:00:34;2026;0601915-90.2026.6.19.0000;DF;RJ;2;3;68000;23/09/2026;SEBASTIÃO REIS JUNIOR;Decisão;01/10/2026;06:01:26;2026;0601915-90.2026.6.19.0000;14/09/2026;28/09/2026;RJ;2;DF;3;14/09/2026;S;Por sorteio;285510;ANTONIO CARLOS FERREIRA;11;Ministro;11549;REspEl;RECURSO ESPECIAL ELEITORAL;11618;Registro de Candidatura - RRC - Candidato;1;1;23/09/2026;Decisão;https://consultaunificadapje.tse.jus.br/#/public/resultado/0601915-90.2026.6.19.0000;2026-09-23;0;0;0
0602078-98.2026.6.00.0000|69190;01/10/2026;06:00:34;2026;0602078-98.2026.6.00.0000;DF;DF;3;3;69190;23/09/2026;FLORIANO DE AZEVEDO MARQUES;Decisão;01/10/2026;06:01:26;2026;0602078-98.2026.6.00.0000;17/09/2026;#NULO#;DF;3;DF;3;17/09/2026;S;Por sorteio;233218;FLORIANO DE AZEVEDO MARQUES;13;Ministro;12134;TutCautAnt;TUTELA CAUTELAR ANTECEDENTE;11679;Propaganda Política - Propaganda Eleitoral - Internet;0;2;23/09/2026;Decisão;https://consultaunificadapje.tse.jus.br/#/public/resultado/0602078-98.2026.6.00.0000;2026-09-23;1;0;1
0602099-74.2026.6.00.0000|67709;01/10/2026;06:00:34;2026;0602099-74.2026.6.00.0000;DF;DF;3;3;67709;23/09/2026;ANDRÉ MENDONÇA;Decisão;01/10/2026;06:01:26;2026;0602099-74.2026.6.00.0000;18/09/2026;#NULO#;DF;3;DF;3;18/09/2026;S;Por sorteio;223256;ANDRÉ MENDONÇA;72;Juiz Auxiliar;12625;DR;DIREITO DE RESPOSTA;11593;Direito de Resposta;0;1;23/09/2026;Decisão;https://consultaunificadapje.tse.jus.br/#/public/resultado/0602099-74.2026.6.00.0000;2026-09-23;0;1;1
0602156-92.2026.6.00.0000|68782;01/10/2026;06:00:34;2026;0602156-92.2026.6.00.0000;DF;DF;3;3;68782;23/09/2026;RICARDO VILLAS BÔAS CUEVA;Decisão;01/10/2026;06:01:26;2026;0602156-92.2026.6.00.0000;21/09/2026;#NULO#;DF;3;DF;3;21/09/2026;S;Por sorteio;301846;RICARDO VILLAS BÔAS CUEVA;4;Ministro;12134;TutCautAnt;TUTELA CAUTELAR ANTECEDENTE;11593;Direito de Resposta;0;2;23/09/2026;Decisão;https://consultaunificadapje.tse.jus.br/#/public/resultado/0602156-92.2026.6.00.0000;2026-09-23;0;0;0
0602169-91.2026.6.00.0000|68350;01/10/2026;06:00:34;2026;0602169-91.2026.6.00.0000;DF;DF;3;3;68350;23/09/2026;RICARDO VILLAS BÔAS CUEVA;Decisão;01/10/2026;06:01:26;2026;0602169-91.2026.6.00.0000;22/09/2026;#NULO#;DF;3;DF;3;22/09/2026;S;Por sorteio;301846;RICARDO VILLAS BÔAS CUEVA;4;Ministro;12134;TutCautAnt;TUTELA CAUTELAR ANTECEDENTE;11593;Direito de Resposta;0;2;23/09/2026;Decisão;https://consultaunificadapje.tse.jus.br/#/public/resultado/0602169-91.2026.6.00.0000;2026-09-23;0;0;0
0602170-76.2026.6.00.0000|67418;01/10/2026;06:00:34;2026;0602170-76.2026.6.00.0000;DF;DF;3;3;67418;23/09/2026;ANDRÉ MENDONÇA;Decisão;01/10/2026;06:01:26;2026;0602170-76.2026.6.00.0000;22/09/2026;27/09/2026;DF;3;DF;3;22/09/2026;S;Por sorteio;223256;ANDRÉ MENDONÇA;14;Ministro;12135;TutAntAnt;TUTELA ANTECIPADA ANTECEDENTE;11593;Direito de Resposta;0;1;23/09/2026;Decisão;https://consultaunificadapje.tse.jus.br/#/public/resultado/0602170-76.2026.6.00.0000;2026-09-23;0;0;0
0602171-61.2026.6.00.0000|68258;01/10/2026;06:00:34;2026;0602171-61.2026.6.00.0000;DF;DF;3;3;68258;23/09/2026;ANDRÉ MENDONÇA;Decisão;01/10/2026;06:01:26;2026;0602171-61.2026.6.00.0000;22/09/2026;30/09/2026;DF;3;DF;3;22/09/2026;S;Por sorteio;223256;ANDRÉ MENDONÇA;14;Ministro;12135;TutAntAnt;TUTELA ANTECIPADA ANTECEDENTE;11593;Direito de Resposta;0;1;23/09/2026;Decisão;https://consultaunificadapje.tse.jus.br/#/public/resultado/0602171-61.2026.6.00.0000;2026-09-23;0;0;0
0600135-50.2026.6.25.0000|67784;01/10/2026;06:00:34;2026;0600135-50.2026.6.25.0000;DF;SE;2;3;67784;24/09/2026;FLORIANO DE AZEVEDO MARQUES;Decisão;01/10/2026;06:01:26;2026;0600135-50.2026.6.25.0000;13/09/2026;#NULO#;SE;2;DF;3;13/09/2026;S;Por sorteio;233218;FLORIANO DE AZEVEDO MARQUES;13;Ministro;11549;REspEl;RECURSO ESPECIAL ELEITORAL;11667;Propaganda Política - Propaganda Eleitoral - Extemporânea/Antecipada;1;1;24/09/2026;Decisão;https://consultaunificadapje.tse.jus.br/#/public/resultado/0600135-50.2026.6.25.0000;2026-09-24;1;0;1
0600372-41.2026.6.23.0000|69185;01/10/2026;06:00:34;2026;0600372-41.2026.6.23.0000;DF;RR;2;3;69185;24/09/2026;FLORIANO DE AZEVEDO MARQUES;Decisão;01/10/2026;06:01:26;2026;0600372-41.2026.6.23.0000;19/09/2026;28/09/2026;RR;2;DF;3;19/09/2026;S;Por sorteio;233218;FLORIANO DE AZEVEDO MARQUES;13;Ministro;11549;REspEl;RECURSO ESPECIAL ELEITORAL;11618;Registro de Candidatura - RRC - Candidato;1;1;24/09/2026;Decisão;https://consultaunificadapje.tse.jus.br/#/public/resultado/0600372-41.2026.6.23.0000;2026-09-24;0;0;0
0600548-48.2026.6.04.0000|68150;01/10/2026;06:00:34;2026;0600548-48.2026.6.04.0000;DF;AM;2;3;68150;24/09/2026;FLORIANO DE AZEVEDO MARQUES;Decisão;01/10/2026;06:01:26;2026;0600548-48.2026.6.04.0000;09/09/2026;28/09/2026;AM;2;DF;3;09/09/2026;S;Por sorteio;233218;FLORIANO DE AZEVEDO MARQUES;13;Ministro;11550;RO-El;RECURSO ORDINÁRIO ELEITORAL;11618;Registro de Candidatura - RRC - Candidato;1;1;24/09/2026;Decisão;https://consultaunificadapje.tse.jus.br/#/public/resultado/0600548-48.2026.6.04.0000;2026-09-24;0;0;0
0600872-21.2026.6.19.0000|69189;01/10/2026;06:00:34;2026;0600872-21.2026.6.19.0000;DF;RJ;2;3;69189;24/09/2026;FLORIANO DE AZEVEDO MARQUES;Decisão;01/10/2026;06:01:26;2026;0600872-21.2026.6.19.0000;03/09/2026;30/09/2026;RJ;2;DF;3;03/09/2026;S;Por sorteio;233218;FLORIANO DE AZEVEDO MARQUES;13;Ministro;11550;RO-El;RECURSO ORDINÁRIO ELEITORAL;11600;Inelegibilidade - Desincompatibilização;1;2;24/09/2026;Decisão;https://consultaunificadapje.tse.jus.br/#/public/resultado/0600872-21.2026.6.19.0000;2026-09-24;0;0;0
0600874-50.2026.6.24.0000|68604;01/10/2026;06:00:34;2026;0600874-50.2026.6.24.0000;DF;SC;2;3;68604;24/09/2026;ANDRÉ MENDONÇA;Decisão;01/10/2026;06:01:26;2026;0600874-50.2026.6.24.0000;13/09/2026;29/09/2026;SC;2;DF;3;13/09/2026;S;Por sorteio;223256;ANDRÉ MENDONÇA;14;Ministro;11550;RO-El;RECURSO ORDINÁRIO ELEITORAL;11619;Registro de Candidatura - RRCI - Candidato Individual;1;2;24/09/2026;Decisão;https://consultaunificadapje.tse.jus.br/#/public/resultado/0600874-50.2026.6.24.0000;2026-09-24;0;0;0
0601016-82.2026.6.05.0000|68147;01/10/2026;06:00:34;2026;0601016-82.2026.6.05.0000;DF;BA;2;3;68147;24/09/2026;FLORIANO DE AZEVEDO MARQUES;Decisão;01/10/2026;06:01:26;2026;0601016-82.2026.6.05.0000;09/09/2026;#NULO#;BA;2;DF;3;09/09/2026;S;Por sorteio;233218;FLORIANO DE AZEVEDO MARQUES;13;Ministro;11549;REspEl;RECURSO ESPECIAL ELEITORAL;11619;Registro de Candidatura - RRCI - Candidato Individual;1;2;24/09/2026;Decisão;https://consultaunificadapje.tse.jus.br/#/public/resultado/0601016-82.2026.6.05.0000;2026-09-24;0;0;0
0601382-77.2026.6.21.0000|67768;01/10/2026;06:00:34;2026;0601382-77.2026.6.21.0000;DF;RS;2;3;67768;24/09/2026;FLORIANO DE AZEVEDO MARQUES;Decisão;01/10/2026;06:01:26;2026;0601382-77.2026.6.21.0000;15/09/2026;28/09/2026;RS;2;DF;3;16/09/2026;S;Por sorteio;233218;FLORIANO DE AZEVEDO MARQUES;13;Ministro;11549;REspEl;RECURSO ESPECIAL ELEITORAL;11618;Registro de Candidatura - RRC - Candidato;1;1;24/09/2026;Decisão;https://consultaunificadapje.tse.jus.br/#/public/resultado/0601382-77.2026.6.21.0000;2026-09-24;0;0;0
0601451-12.2026.6.21.0000|68465;01/10/2026;06:00:34;2026;0601451-12.2026.6.21.0000;DF;RS;2;3;68465;24/09/2026;FLORIANO DE AZEVEDO MARQUES;Decisão;01/10/2026;06:01:26;2026;0601451-12.2026.6.21.0000;18/09/2026;28/09/2026;RS;2;DF;3;20/09/2026;S;Por sorteio;233218;FLORIANO DE AZEVEDO MARQUES;13;Ministro;11549;REspEl;RECURSO ESPECIAL ELEITORAL;15590;RRC Indeferido em Função do Indeferimento do DRAP;1;1;24/09/2026;Decisão;https://consultaunificadapje.tse.jus.br/#/public/resultado/0601451-12.2026.6.21.0000;2026-09-24;0;0;0
0601547-86.2026.6.26.0000|68603;01/10/2026;06:00:34;2026;0601547-86.2026.6.26.0000;DF;SP;2;3;68603;24/09/2026;ANDRÉ MENDONÇA;Decisão;01/10/2026;06:01:26;2026;0601547-86.2026.6.26.0000;21/09/2026;29/09/2026;SP;2;DF;3;21/09/2026;S;Por sorteio;223256;ANDRÉ MENDONÇA;14;Ministro;11550;RO-El;RECURSO ORDINÁRIO ELEITORAL;11616;Impugnação ao Registro de Candidatura;1;1;24/09/2026;Decisão;https://consultaunificadapje.tse.jus.br/#/public/resultado/0601547-86.2026.6.26.0000;2026-09-24;0;0;0
0602212-28.2026.6.00.0000|68256;01/10/2026;06:00:34;2026;0602212-28.2026.6.00.0000;DF;DF;3;3;68256;24/09/2026;ANDRÉ MENDONÇA;Decisão;01/10/2026;06:01:26;2026;0602212-28.2026.6.00.0000;23/09/2026;#NULO#;DF;3;DF;3;23/09/2026;S;Por sorteio;223256;ANDRÉ MENDONÇA;14;Ministro;12135;TutAntAnt;TUTELA ANTECIPADA ANTECEDENTE;11593;Direito de Resposta;0;2;24/09/2026;Decisão;https://consultaunificadapje.tse.jus.br/#/public/resultado/0602212-28.2026.6.00.0000;2026-09-24;0;0;0
0602212-28.2026.6.00.0000|68268;01/10/2026;06:00:34;2026;0602212-28.2026.6.00.0000;DF;DF;3;3;68268;24/09/2026;ANDRÉ MENDONÇA;Decisão;01/10/2026;06:01:26;2026;0602212-28.2026.6.00.0000;23/09/2026;#NULO#;DF;3;DF;3;23/09/2026;S;Por sorteio;223256;ANDRÉ MENDONÇA;14;Ministro;12135;TutAntAnt;TUTELA ANTECIPADA ANTECEDENTE;11593;Direito de Resposta;0;2;24/09/2026;Decisão;https://consultaunificadapje.tse.jus.br/#/public/resultado/0602212-28.2026.6.00.0000;2026-09-24;0;0;0
0602812-26.2026.6.26.0000|68272;01/10/2026;06:00:34;2026;0602812-26.2026.6.26.0000;DF;SP;2;3;68272;24/09/2026;ANDRÉ MENDONÇA;Decisão;01/10/2026;06:01:26;2026;0602812-26.2026.6.26.0000;20/09/2026;#NULO#;SP;2;DF;3;20/09/2026;S;Por sorteio;223256;ANDRÉ MENDONÇA;14;Ministro;11549;REspEl;RECURSO ESPECIAL ELEITORAL;11618;Registro de Candidatura - RRC - Candidato;1;1;24/09/2026;Decisão;https://consultaunificadapje.tse.jus.br/#/public/resultado/0602812-26.2026.6.26.0000;2026-09-24;0;0;0
0602813-11.2026.6.26.0000|67424;01/10/2026;06:00:34;2026;0602813-11.2026.6.26.0000;DF;SP;2;3;67424;24/09/2026;ANDRÉ MENDONÇA;Decisão;01/10/2026;06:01:26;2026;0602813-11.2026.6.26.0000;20/09/2026;#NULO#;SP;2;DF;3;20/09/2026;S;Por sorteio;223256;ANDRÉ MENDONÇA;14;Ministro;11549;REspEl;RECURSO ESPECIAL ELEITORAL;11618;Registro de Candidatura - RRC - Candidato;1;1;24/09/2026;Decisão;https://consultaunificadapje.tse.jus.br/#/public/resultado/0602813-11.2026.6.26.0000;2026-09-24;0;0;0
0603610-69.2026.6.05.0000|69194;01/10/2026;06:00:34;2026;0603610-69.2026.6.05.0000;DF;BA;2;3;69194;24/09/2026;DIAS TOFFOLI;Decisão;01/10/2026;06:01:26;2026;0603610-69.2026.6.05.0000;22/09/2026;#NULO#;BA;2;DF;3;22/09/2026;S;Por sorteio;6276;DIAS TOFFOLI;3;Ministro;120;MSCiv;MANDADO DE SEGURANÇA CÍVEL;15591;Fundo Especial de Financiamento de Campanha (FEFC);1;1;24/09/2026;Decisão;https://consultaunificadapje.tse.jus.br/#/public/resultado/0603610-69.2026.6.05.0000;2026-09-24;0;0;0
0600005-74.2026.6.13.0071|68783;01/10/2026;06:00:34;2026;0600005-74.2026.6.13.0071;DF;MG;1;3;68783;25/09/2026;RICARDO VILLAS BÔAS CUEVA;Acórdão;01/10/2026;06:01:26;2026;0600005-74.2026.6.13.0071;21/07/2026;#NULO#;MG;1;DF;3;21/07/2026;S;Por sorteio;301846;RICARDO VILLAS BÔAS CUEVA;4;Ministro;11549;REspEl;RECURSO ESPECIAL ELEITORAL;11618;Registro de Candidatura - RRC - Candidato;1;4;25/09/2026;Acórdão;https://consultaunificadapje.tse.jus.br/#/public/resultado/0600005-74.2026.6.13.0071;2026-09-25;0;0;0
0600042-71.2026.6.22.0000|67789;01/10/2026;06:00:34;2026;0600042-71.2026.6.22.0000;DF;RO;2;3;67789;25/09/2026;DIAS TOFFOLI;Decisão;01/10/2026;06:01:26;2026;0600042-71.2026.6.22.0000;18/08/2026;29/09/2026;RO;2;DF;3;18/08/2026;S;Por sorteio;6276;DIAS TOFFOLI;3;Ministro;11550;RO-El;RECURSO ORDINÁRIO ELEITORAL;11778;Requerimento;1;1;25/09/2026;Decisão;https://consultaunificadapje.tse.jus.br/#/public/resultado/0600042-71.2026.6.22.0000;2026-09-25;0;0;0
0600196-57.2026.6.16.0000|68601;01/10/2026;06:00:34;2026;0600196-57.2026.6.16.0000;DF;PR;2;3;68601;25/09/2026;ANDRÉ MENDONÇA;Decisão;01/10/2026;06:01:26;2026;0600196-57.2026.6.16.0000;10/08/2026;29/09/2026;PR;2;DF;3;10/08/2026;S;Por sorteio;223256;ANDRÉ MENDONÇA;14;Ministro;12626;AREspE;AGRAVO EM RECURSO ESPECIAL ELEITORAL;11667;Propaganda Política - Propaganda Eleitoral - Extemporânea/Antecipada;1;1;25/09/2026;Decisão;https://consultaunificadapje.tse.jus.br/#/public/resultado/0600196-57.2026.6.16.0000;2026-09-25;1;0;1
0600342-33.2026.6.22.0000|67415;01/10/2026;06:00:34;2026;0600342-33.2026.6.22.0000;DF;RO;2;3;67415;25/09/2026;ANDRÉ MENDONÇA;Decisão;01/10/2026;06:01:26;2026;0600342-33.2026.6.22.0000;21/09/2026;29/09/2026;RO;2;DF;3;21/09/2026;S;Por sorteio;223256;ANDRÉ MENDONÇA;14;Ministro;11549;REspEl;RECURSO ESPECIAL ELEITORAL;11618;Registro de Candidatura - RRC - Candidato;1;1;25/09/2026;Decisão;https://consultaunificadapje.tse.jus.br/#/public/resultado/0600342-33.2026.6.22.0000;2026-09-25;0;0;0
0600377-52.2026.6.27.0000|68605;01/10/2026;06:00:34;2026;0600377-52.2026.6.27.0000;DF;TO;2;3;68605;25/09/2026;ANDRÉ MENDONÇA;Decisão;01/10/2026;06:01:26;2026;0600377-52.2026.6.27.0000;20/09/2026;30/09/2026;TO;2;DF;3;20/09/2026;S;Por sorteio;223256;ANDRÉ MENDONÇA;14;Ministro;11550;RO-El;RECURSO ORDINÁRIO ELEITORAL;11600;Inelegibilidade - Desincompatibilização;1;1;25/09/2026;Decisão;https://consultaunificadapje.tse.jus.br/#/public/resultado/0600377-52.2026.6.27.0000;2026-09-25;0;0;0
0600532-82.2026.6.26.0000|68348;01/10/2026;06:00:34;2026;0600532-82.2026.6.26.0000;DF;SP;2;3;68348;25/09/2026;RICARDO VILLAS BÔAS CUEVA;Acórdão;01/10/2026;06:01:26;2026;0600532-82.2026.6.26.0000;08/09/2026;#NULO#;SP;2;DF;3;08/09/2026;S;Por sorteio;301846;RICARDO VILLAS BÔAS CUEVA;4;Ministro;11550;RO-El;RECURSO ORDINÁRIO ELEITORAL;11598;Inelegibilidade - Condenação Criminal por órgão colegiado ou Transitada em Julgado;1;1;25/09/2026;Acórdão;https://consultaunificadapje.tse.jus.br/#/public/resultado/0600532-82.2026.6.26.0000;2026-09-25;0;0;0
0600639-56.2026.6.25.0000|67772;01/10/2026;06:00:34;2026;0600639-56.2026.6.25.0000;DF;SE;2;3;67772;25/09/2026;DIAS TOFFOLI;Acórdão;01/10/2026;06:01:26;2026;0600639-56.2026.6.25.0000;02/09/2026;27/09/2026;SE;2;DF;3;02/09/2026;S;Por sorteio;6276;DIAS TOFFOLI;3;Ministro;11549;REspEl;RECURSO ESPECIAL ELEITORAL;12044;Registro de Candidatura - DRAP Partido/Coligação;1;2;25/09/2026;Acórdão;https://consultaunificadapje.tse.jus.br/#/public/resultado/0600639-56.2026.6.25.0000;2026-09-25;0;0;0
0600643-40.2026.6.09.0000|67788;01/10/2026;06:00:34;2026;0600643-40.2026.6.09.0000;DF;GO;2;3;67788;25/09/2026;DIAS TOFFOLI;Decisão;01/10/2026;06:01:26;2026;0600643-40.2026.6.09.0000;14/09/2026;#NULO#;GO;2;DF;3;14/09/2026;S;Por sorteio;6276;DIAS TOFFOLI;3;Ministro;11550;RO-El;RECURSO ORDINÁRIO ELEITORAL;11616;Impugnação ao Registro de Candidatura;1;1;25/09/2026;Decisão;https://consultaunificadapje.tse.jus.br/#/public/resultado/0600643-40.2026.6.09.0000;2026-09-25;0;0;0
0600644-57.2026.6.15.0000|68162;01/10/2026;06:00:34;2026;0600644-57.2026.6.15.0000;DF;PB;2;3;68162;25/09/2026;DIAS TOFFOLI;Decisão;01/10/2026;06:01:26;2026;0600644-57.2026.6.15.0000;09/09/2026;26/09/2026;PB;2;DF;3;09/09/2026;S;Por sorteio;6276;DIAS TOFFOLI;3;Ministro;11550;RO-El;RECURSO ORDINÁRIO ELEITORAL;12044;Registro de Candidatura - DRAP Partido/Coligação;1;2;25/09/2026;Decisão;https://consultaunificadapje.tse.jus.br/#/public/resultado/0600644-57.2026.6.15.0000;2026-09-25;0;0;0
0600788-47.2026.6.18.0000|68346;01/10/2026;06:00:34;2026;0600788-47.2026.6.18.0000;DF;PI;2;3;68346;25/09/2026;RICARDO VILLAS BÔAS CUEVA;Decisão;01/10/2026;06:01:26;2026;0600788-47.2026.6.18.0000;21/09/2026;#NULO#;PI;2;DF;3;21/09/2026;PP;Por prevenção;301846;RICARDO VILLAS BÔAS CUEVA;4;Ministro;11549;REspEl;RECURSO ESPECIAL ELEITORAL;12044;Registro de Candidatura - DRAP Partido/Coligação;1;1;25/09/2026;Decisão;https://consultaunificadapje.tse.jus.br/#/public/resultado/0600788-47.2026.6.18.0000;2026-09-25;0;0;0
0600791-02.2026.6.18.0000|68352;01/10/2026;06:00:34;2026;0600791-02.2026.6.18.0000;DF;PI;2;3;68352;25/09/2026;RICARDO VILLAS BÔAS CUEVA;Decisão;01/10/2026;06:01:26;2026;0600791-02.2026.6.18.0000;21/09/2026;#NULO#;PI;2;DF;3;24/09/2026;S;Por sorteio;301846;RICARDO VILLAS BÔAS CUEVA;4;Ministro;11549;REspEl;RECURSO ESPECIAL ELEITORAL;12044;Registro de Candidatura - DRAP Partido/Coligação;1;1;25/09/2026;Decisão;https://consultaunificadapje.tse.jus.br/#/public/resultado/0600791-02.2026.6.18.0000;2026-09-25;0;0;0
0600794-54.2026.6.18.0000|68345;01/10/2026;06:00:34;2026;0600794-54.2026.6.18.0000;DF;PI;2;3;68345;25/09/2026;RICARDO VILLAS BÔAS CUEVA;Decisão;01/10/2026;06:01:26;2026;0600794-54.2026.6.18.0000;21/09/2026;#NULO#;PI;2;DF;3;24/09/2026;S;Por sorteio;301846;RICARDO VILLAS BÔAS CUEVA;4;Ministro;11549;REspEl;RECURSO ESPECIAL ELEITORAL;12044;Registro de Candidatura - DRAP Partido/Coligação;1;1;25/09/2026;Decisão;https://consultaunificadapje.tse.jus.br/#/public/resultado/0600794-54.2026.6.18.0000;2026-09-25;0;0;0
0600877-71.2026.6.00.0000|67903;01/10/2026;06:00:34;2026;0600877-71.2026.6.00.0000;DF;DF;3;3;67903;25/09/2026;ANDRÉ MENDONÇA;Acórdão;01/10/2026;06:01:26;2026;0600877-71.2026.6.00.0000;20/05/2026;#NULO#;DF;3;DF;3;20/05/2026;S;Por sorteio;223256;ANDRÉ MENDONÇA;14;Ministro;11545;LT;LISTA TRÍPLICE;12643;Processamento de Lista Tríplice;0;4;25/09/2026;Acórdão;https://consultaunificadapje.tse.jus.br/#/public/resultado/0600877-71.2026.6.00.0000;2026-09-25;0;0;0
0600900-86.2026.6.19.0000|68347;01/10/2026;06:00:34;2026;0600900-86.2026.6.19.0000;DF;RJ;2;3;68347;25/09/2026;RICARDO VILLAS BÔAS CUEVA;Acórdão;01/10/2026;06:01:26;2026;0600900-86.2026.6.19.0000;12/09/2026;#NULO#;RJ;2;DF;3;12/09/2026;S;Por sorteio;301846;RICARDO VILLAS BÔAS CUEVA;4;Ministro;11550;RO-El;RECURSO ORDINÁRIO ELEITORAL;11618;Registro de Candidatura - RRC - Candidato;1;1;25/09/2026;Acórdão;https://consultaunificadapje.tse.jus.br/#/public/resultado/0600900-86.2026.6.19.0000;2026-09-25;0;0;0
0600999-35.2026.6.09.0000|68158;01/10/2026;06:00:34;2026;0600999-35.2026.6.09.0000;DF;GO;2;3;68158;25/09/2026;DIAS TOFFOLI;Decisão;01/10/2026;06:01:26;2026;0600999-35.2026.6.09.0000;18/09/2026;29/09/2026;GO;2;DF;3;18/09/2026;S;Por sorteio;6276;DIAS TOFFOLI;3;Ministro;11550;RO-El;RECURSO ORDINÁRIO ELEITORAL;11618;Registro de Candidatura - RRC - Candidato;1;2;25/09/2026;Decisão;https://consultaunificadapje.tse.jus.br/#/public/resultado/0600999-35.2026.6.09.0000;2026-09-25;0;0;0
0601010-21.2026.6.07.0000|68160;01/10/2026;06:00:34;2026;0601010-21.2026.6.07.0000;DF;DF;2;3;68160;25/09/2026;DIAS TOFFOLI;Decisão;01/10/2026;06:01:26;2026;0601010-21.2026.6.07.0000;17/09/2026;#NULO#;DF;2;DF;3;17/09/2026;PP;Por prevenção;6276;DIAS TOFFOLI;3;Ministro;11550;RO-El;RECURSO ORDINÁRIO ELEITORAL;15590;RRC Indeferido em Função do Indeferimento do DRAP;1;1;25/09/2026;Decisão;https://consultaunificadapje.tse.jus.br/#/public/resultado/0601010-21.2026.6.07.0000;2026-09-25;0;0;0
0601466-78.2026.6.21.0000|68014;01/10/2026;06:00:34;2026;0601466-78.2026.6.21.0000;DF;RS;2;3;68014;25/09/2026;RICARDO VILLAS BÔAS CUEVA;Decisão;01/10/2026;06:01:26;2026;0601466-78.2026.6.21.0000;21/09/2026;#NULO#;RS;2;DF;3;21/09/2026;S;Por sorteio;301846;RICARDO VILLAS BÔAS CUEVA;4;Ministro;11549;REspEl;RECURSO ESPECIAL ELEITORAL;12044;Registro de Candidatura - DRAP Partido/Coligação;1;1;25/09/2026;Decisão;https://consultaunificadapje.tse.jus.br/#/public/resultado/0601466-78.2026.6.21.0000;2026-09-25;0;0;0
0601873-69.2026.6.00.0000|68882;01/10/2026;06:00:34;2026;0601873-69.2026.6.00.0000;DF;DF;3;3;68882;25/09/2026;FLORIANO DE AZEVEDO MARQUES;Acórdão;01/10/2026;06:01:26;2026;0601873-69.2026.6.00.0000;06/09/2026;27/09/2026;DF;3;DF;3;06/09/2026;S;Por sorteio;233218;FLORIANO DE AZEVEDO MARQUES;13;Ministro;120;MSCiv;MANDADO DE SEGURANÇA CÍVEL;11593;Direito de Resposta;0;2;25/09/2026;Acórdão;https://consultaunificadapje.tse.jus.br/#/public/resultado/0601873-69.2026.6.00.0000;2026-09-25;0;0;0
0602025-20.2026.6.00.0000|67698;01/10/2026;06:00:34;2026;0602025-20.2026.6.00.0000;DF;DF;3;3;67698;25/09/2026;ANDRÉ MENDONÇA;Decisão;01/10/2026;06:01:26;2026;0602025-20.2026.6.00.0000;14/09/2026;#NULO#;DF;3;DF;3;14/09/2026;S;Por sorteio;223256;ANDRÉ MENDONÇA;72;Juiz Auxiliar;11541;Rp;REPRESENTAÇÃO;12638;Propaganda Política - Propaganda Eleitoral - Impulsionamento;0;2;25/09/2026;Decisão;https://consultaunificadapje.tse.jus.br/#/public/resultado/0602025-20.2026.6.00.0000;2026-09-25;1;0;1
0602075-46.2026.6.00.0000|67423;01/10/2026;06:00:34;2026;0602075-46.2026.6.00.0000;DF;DF;3;3;67423;25/09/2026;ANDRÉ MENDONÇA;Decisão;01/10/2026;06:01:26;2026;0602075-46.2026.6.00.0000;17/09/2026;#NULO#;DF;3;DF;3;17/09/2026;S;Por sorteio;223256;ANDRÉ MENDONÇA;14;Ministro;120;MSCiv;MANDADO DE SEGURANÇA CÍVEL;15591;Fundo Especial de Financiamento de Campanha (FEFC);0;2;25/09/2026;Decisão;https://consultaunificadapje.tse.jus.br/#/public/resultado/0602075-46.2026.6.00.0000;2026-09-25;0;0;0
0602111-88.2026.6.00.0000|67629;01/10/2026;06:00:34;2026;0602111-88.2026.6.00.0000;DF;DF;3;3;67629;25/09/2026;ESTELA ARANHA;Decisão;01/10/2026;06:01:26;2026;0602111-88.2026.6.00.0000;18/09/2026;#NULO#;DF;3;DF;3;18/09/2026;S;Por sorteio;350140;ESTELA ARANHA;59;Juíz Auxiliar;12625;DR;DIREITO DE RESPOSTA;11593;Direito de Resposta;0;1;25/09/2026;Decisão;https://consultaunificadapje.tse.jus.br/#/public/resultado/0602111-88.2026.6.00.0000;2026-09-25;0;1;1
0602114-43.2026.6.00.0000|68637;01/10/2026;06:00:34;2026;0602114-43.2026.6.00.0000;DF;DF;3;3;68637;25/09/2026;ESTELA ARANHA;Decisão;01/10/2026;06:01:26;2026;0602114-43.2026.6.00.0000;18/09/2026;#NULO#;DF;3;DF;3;18/09/2026;S;Por sorteio;350140;ESTELA ARANHA;59;Juíz Auxiliar;12625;DR;DIREITO DE RESPOSTA;11593;Direito de Resposta;0;1;25/09/2026;Decisão;https://consultaunificadapje.tse.jus.br/#/public/resultado/0602114-43.2026.6.00.0000;2026-09-25;0;1;1
0602117-95.2026.6.00.0000|67628;01/10/2026;06:00:34;2026;0602117-95.2026.6.00.0000;DF;DF;3;3;67628;25/09/2026;ESTELA ARANHA;Decisão;01/10/2026;06:01:26;2026;0602117-95.2026.6.00.0000;18/09/2026;#NULO#;DF;3;DF;3;18/09/2026;S;Por sorteio;350140;ESTELA ARANHA;59;Juíz Auxiliar;12625;DR;DIREITO DE RESPOSTA;11593;Direito de Resposta;0;1;25/09/2026;Decisão;https://consultaunificadapje.tse.jus.br/#/public/resultado/0602117-95.2026.6.00.0000;2026-09-25;0;1;1
0602126-57.2026.6.00.0000|68310;01/10/2026;06:00:34;2026;0602126-57.2026.6.00.0000;DF;DF;3;3;68310;25/09/2026;ESTELA ARANHA;Decisão;01/10/2026;06:01:26;2026;0602126-57.2026.6.00.0000;18/09/2026;#NULO#;DF;3;DF;3;18/09/2026;S;Por sorteio;350140;ESTELA ARANHA;59;Juíz Auxiliar;11541;Rp;REPRESENTAÇÃO;15524;Propaganda Política - Propaganda Eleitoral - Deep Fake;0;1;25/09/2026;Decisão;https://consultaunificadapje.tse.jus.br/#/public/resultado/0602126-57.2026.6.00.0000;2026-09-25;1;0;1
0602139-56.2026.6.00.0000|68307;01/10/2026;06:00:34;2026;0602139-56.2026.6.00.0000;DF;DF;3;3;68307;25/09/2026;ESTELA ARANHA;Decisão;01/10/2026;06:01:26;2026;0602139-56.2026.6.00.0000;20/09/2026;#NULO#;DF;3;DF;3;20/09/2026;S;Por sorteio;350140;ESTELA ARANHA;59;Juíz Auxiliar;12625;DR;DIREITO DE RESPOSTA;11593;Direito de Resposta;0;1;25/09/2026;Decisão;https://consultaunificadapje.tse.jus.br/#/public/resultado/0602139-56.2026.6.00.0000;2026-09-25;0;1;1
0602144-78.2026.6.00.0000|68315;01/10/2026;06:00:34;2026;0602144-78.2026.6.00.0000;DF;DF;3;3;68315;25/09/2026;ESTELA ARANHA;Decisão;01/10/2026;06:01:26;2026;0602144-78.2026.6.00.0000;20/09/2026;#NULO#;DF;3;DF;3;20/09/2026;S;Por sorteio;350140;ESTELA ARANHA;59;Juíz Auxiliar;11541;Rp;REPRESENTAÇÃO;11680;Propaganda Política - Propaganda Eleitoral - Omissão de Informações Obrigatórias;0;1;25/09/2026;Decisão;https://consultaunificadapje.tse.jus.br/#/public/resultado/0602144-78.2026.6.00.0000;2026-09-25;1;0;1
0602161-17.2026.6.00.0000|68311;01/10/2026;06:00:34;2026;0602161-17.2026.6.00.0000;DF;DF;3;3;68311;25/09/2026;ESTELA ARANHA;Decisão;01/10/2026;06:01:26;2026;0602161-17.2026.6.00.0000;21/09/2026;#NULO#;DF;3;DF;3;21/09/2026;S;Por sorteio;350140;ESTELA ARANHA;59;Juíz Auxiliar;11541;Rp;REPRESENTAÇÃO;11671;Propaganda Política - Propaganda Eleitoral - Horário Eleitoral Gratuito/Inserções de Propaganda;0;1;25/09/2026;Decisão;https://consultaunificadapje.tse.jus.br/#/public/resultado/0602161-17.2026.6.00.0000;2026-09-25;1;0;1
0602167-24.2026.6.00.0000|68454;01/10/2026;06:00:34;2026;0602167-24.2026.6.00.0000;DF;DF;3;3;68454;25/09/2026;DIAS TOFFOLI;Decisão;01/10/2026;06:01:26;2026;0602167-24.2026.6.00.0000;21/09/2026;#NULO#;DF;3;DF;3;21/09/2026;S;Por sorteio;6276;DIAS TOFFOLI;3;Ministro;15323;RAEL;RECLAMAÇÃO ADMINISTRATIVA ELEITORAL;11778;Requerimento;0;1;25/09/2026;Decisão;https://consultaunificadapje.tse.jus.br/#/public/resultado/0602167-24.2026.6.00.0000;2026-09-25;0;0;0
0602197-59.2026.6.00.0000|67965;01/10/2026;06:00:34;2026;0602197-59.2026.6.00.0000;DF;DF;3;3;67965;25/09/2026;ESTELA ARANHA;Decisão;01/10/2026;06:01:26;2026;0602197-59.2026.6.00.0000;22/09/2026;#NULO#;DF;3;DF;3;22/09/2026;S;Por sorteio;350140;ESTELA ARANHA;59;Juíz Auxiliar;11541;Rp;REPRESENTAÇÃO;12638;Propaganda Política - Propaganda Eleitoral - Impulsionamento;0;1;25/09/2026;Decisão;https://consultaunificadapje.tse.jus.br/#/public/resultado/0602197-59.2026.6.00.0000;2026-09-25;1;0;1
0602198-44.2026.6.00.0000|67627;01/10/2026;06:00:34;2026;0602198-44.2026.6.00.0000;DF;DF;3;3;67627;25/09/2026;ESTELA ARANHA;Decisão;01/10/2026;06:01:26;2026;0602198-44.2026.6.00.0000;22/09/2026;#NULO#;DF;3;DF;3;22/09/2026;S;Por sorteio;350140;ESTELA ARANHA;59;Juíz Auxiliar;11541;Rp;REPRESENTAÇÃO;12638;Propaganda Política - Propaganda Eleitoral - Impulsionamento;0;1;25/09/2026;Decisão;https://consultaunificadapje.tse.jus.br/#/public/resultado/0602198-44.2026.6.00.0000;2026-09-25;1;0;1
0602199-29.2026.6.00.0000|68313;01/10/2026;06:00:34;2026;0602199-29.2026.6.00.0000;DF;DF;3;3;68313;25/09/2026;ESTELA ARANHA;Decisão;01/10/2026;06:01:26;2026;0602199-29.2026.6.00.0000;22/09/2026;#NULO#;DF;3;DF;3;22/09/2026;S;Por sorteio;350140;ESTELA ARANHA;59;Juíz Auxiliar;11541;Rp;REPRESENTAÇÃO;12638;Propaganda Política - Propaganda Eleitoral - Impulsionamento;0;1;25/09/2026;Decisão;https://consultaunificadapje.tse.jus.br/#/public/resultado/0602199-29.2026.6.00.0000;2026-09-25;1;0;1
0602200-14.2026.6.00.0000|68312;01/10/2026;06:00:34;2026;0602200-14.2026.6.00.0000;DF;DF;3;3;68312;25/09/2026;ESTELA ARANHA;Decisão;01/10/2026;06:01:26;2026;0602200-14.2026.6.00.0000;22/09/2026;#NULO#;DF;3;DF;3;22/09/2026;S;Por sorteio;350140;ESTELA ARANHA;59;Juíz Auxiliar;11541;Rp;REPRESENTAÇÃO;12638;Propaganda Política - Propaganda Eleitoral - Impulsionamento;0;1;25/09/2026;Decisão;https://consultaunificadapje.tse.jus.br/#/public/resultado/0602200-14.2026.6.00.0000;2026-09-25;1;0;1
0602217-50.2026.6.00.0000|68023;01/10/2026;06:00:34;2026;0602217-50.2026.6.00.0000;DF;DF;3;3;68023;25/09/2026;RICARDO VILLAS BÔAS CUEVA;Decisão;01/10/2026;06:01:26;2026;0602217-50.2026.6.00.0000;23/09/2026;#NULO#;DF;3;DF;3;23/09/2026;S;Por sorteio;301846;RICARDO VILLAS BÔAS CUEVA;4;Ministro;12135;TutAntAnt;TUTELA ANTECIPADA ANTECEDENTE;11593;Direito de Resposta;0;1;25/09/2026;Decisão;https://consultaunificadapje.tse.jus.br/#/public/resultado/0602217-50.2026.6.00.0000;2026-09-25;0;0;0
0602221-87.2026.6.00.0000|68351;01/10/2026;06:00:34;2026;0602221-87.2026.6.00.0000;DF;DF;3;3;68351;25/09/2026;RICARDO VILLAS BÔAS CUEVA;Decisão;01/10/2026;06:01:26;2026;0602221-87.2026.6.00.0000;23/09/2026;25/09/2026;DF;3;DF;3;23/09/2026;PP;Por prevenção;301846;RICARDO VILLAS BÔAS CUEVA;4;Ministro;120;MSCiv;MANDADO DE SEGURANÇA CÍVEL;15146;Dissidência Partidária ou Federativa;0;1;25/09/2026;Decisão;https://consultaunificadapje.tse.jus.br/#/public/resultado/0602221-87.2026.6.00.0000;2026-09-25;0;0;0
0602233-04.2026.6.00.0000|67669;01/10/2026;06:00:34;2026;0602233-04.2026.6.00.0000;DF;DF;3;3;67669;25/09/2026;RICARDO VILLAS BÔAS CUEVA;Decisão;01/10/2026;06:01:26;2026;0602233-04.2026.6.00.0000;24/09/2026;#NULO#;DF;3;DF;3;24/09/2026;S;Por sorteio;301846;RICARDO VILLAS BÔAS CUEVA;4;Ministro;12134;TutCautAnt;TUTELA CAUTELAR ANTECEDENTE;11593;Direito de Resposta;0;1;25/09/2026;Decisão;https://consultaunificadapje.tse.jus.br/#/public/resultado/0602233-04.2026.6.00.0000;2026-09-25;0;0;0
0602238-26.2026.6.00.0000|68638;01/10/2026;06:00:34;2026;0602238-26.2026.6.00.0000;DF;DF;3;3;68638;25/09/2026;ESTELA ARANHA;Decisão;01/10/2026;06:01:26;2026;0602238-26.2026.6.00.0000;24/09/2026;#NULO#;DF;3;DF;3;24/09/2026;S;Por sorteio;350140;ESTELA ARANHA;59;Juíz Auxiliar;11541;Rp;REPRESENTAÇÃO;12635;Propaganda Política - Propaganda Eleitoral - Divulgação de Notícia  Sabidamente Falsa;0;1;25/09/2026;Decisão;https://consultaunificadapje.tse.jus.br/#/public/resultado/0602238-26.2026.6.00.0000;2026-09-25;1;0;1
0602239-11.2026.6.00.0000|67771;01/10/2026;06:00:34;2026;0602239-11.2026.6.00.0000;DF;DF;3;3;67771;25/09/2026;DIAS TOFFOLI;Decisão;01/10/2026;06:01:26;2026;0602239-11.2026.6.00.0000;24/09/2026;#NULO#;DF;3;DF;3;24/09/2026;S;Por sorteio;6276;DIAS TOFFOLI;3;Ministro;15323;RAEL;RECLAMAÇÃO ADMINISTRATIVA ELEITORAL;11778;Requerimento;0;1;25/09/2026;Decisão;https://consultaunificadapje.tse.jus.br/#/public/resultado/0602239-11.2026.6.00.0000;2026-09-25;0;0;0
0602241-78.2026.6.00.0000|68270;01/10/2026;06:00:34;2026;0602241-78.2026.6.00.0000;DF;DF;3;3;68270;25/09/2026;ANDRÉ MENDONÇA;Decisão;01/10/2026;06:01:26;2026;0602241-78.2026.6.00.0000;24/09/2026;#NULO#;DF;3;DF;3;24/09/2026;S;Por sorteio;223256;ANDRÉ MENDONÇA;14;Ministro;12134;TutCautAnt;TUTELA CAUTELAR ANTECEDENTE;11631;Cargo - Deputado Federal;0;1;25/09/2026;Decisão;https://consultaunificadapje.tse.jus.br/#/public/resultado/0602241-78.2026.6.00.0000;2026-09-25;1;0;1
0602243-48.2026.6.00.0000|67630;01/10/2026;06:00:34;2026;0602243-48.2026.6.00.0000;DF;DF;3;3;67630;25/09/2026;ESTELA ARANHA;Decisão;01/10/2026;06:01:26;2026;0602243-48.2026.6.00.0000;24/09/2026;#NULO#;DF;3;DF;3;24/09/2026;S;Por sorteio;350140;ESTELA ARANHA;59;Juíz Auxiliar;11541;Rp;REPRESENTAÇÃO;12637;Propaganda Política - Propaganda Eleitoral - Redes Sociais;0;1;25/09/2026;Decisão;https://consultaunificadapje.tse.jus.br/#/public/resultado/0602243-48.2026.6.00.0000;2026-09-25;1;0;1
0602245-18.2026.6.00.0000|67955;01/10/2026;06:00:34;2026;0602245-18.2026.6.00.0000;DF;DF;3;3;67955;25/09/2026;ESTELA ARANHA;Decisão;01/10/2026;06:01:26;2026;0602245-18.2026.6.00.0000;24/09/2026;#NULO#;DF;3;DF;3;24/09/2026;S;Por sorteio;350140;ESTELA ARANHA;59;Juíz Auxiliar;11541;Rp;REPRESENTAÇÃO;12637;Propaganda Política - Propaganda Eleitoral - Redes Sociais;0;1;25/09/2026;Decisão;https://consultaunificadapje.tse.jus.br/#/public/resultado/0602245-18.2026.6.00.0000;2026-09-25;1;0;1
0602250-40.2026.6.00.0000|67902;01/10/2026;06:00:34;2026;0602250-40.2026.6.00.0000;DF;DF;3;3;67902;25/09/2026;ANDRÉ MENDONÇA;Decisão;01/10/2026;06:01:26;2026;0602250-40.2026.6.00.0000;24/09/2026;#NULO#;DF;3;DF;3;24/09/2026;S;Por sorteio;223256;ANDRÉ MENDONÇA;14;Ministro;12134;TutCautAnt;TUTELA CAUTELAR ANTECEDENTE;11593;Direito de Resposta;0;1;25/09/2026;Decisão;https://consultaunificadapje.tse.jus.br/#/public/resultado/0602250-40.2026.6.00.0000;2026-09-25;0;0;0
0602260-84.2026.6.00.0000|68050;01/10/2026;06:00:34;2026;0602260-84.2026.6.00.0000;DF;DF;3;3;68050;25/09/2026;ANDRÉ MENDONÇA;Decisão;01/10/2026;06:01:26;2026;0602260-84.2026.6.00.0000;25/09/2026;#NULO#;DF;3;DF;3;25/09/2026;S;Por sorteio;223256;ANDRÉ MENDONÇA;72;Juiz Auxiliar;11541;Rp;REPRESENTAÇÃO;12637;Propaganda Política - Propaganda Eleitoral - Redes Sociais;0;3;29/09/2026;Decisão;https://consultaunificadapje.tse.jus.br/#/public/resultado/0602260-84.2026.6.00.0000;2026-09-25;1;0;1
0602260-84.2026.6.00.0000|68071;01/10/2026;06:00:34;2026;0602260-84.2026.6.00.0000;DF;DF;3;3;68071;25/09/2026;ANDRÉ MENDONÇA;Decisão;01/10/2026;06:01:26;2026;0602260-84.2026.6.00.0000;25/09/2026;#NULO#;DF;3;DF;3;25/09/2026;S;Por sorteio;223256;ANDRÉ MENDONÇA;72;Juiz Auxiliar;11541;Rp;REPRESENTAÇÃO;12637;Propaganda Política - Propaganda Eleitoral - Redes Sociais;0;3;29/09/2026;Decisão;https://consultaunificadapje.tse.jus.br/#/public/resultado/0602260-84.2026.6.00.0000;2026-09-25;1;0;1
0602261-69.2026.6.00.0000|68314;01/10/2026;06:00:34;2026;0602261-69.2026.6.00.0000;DF;DF;3;3;68314;25/09/2026;ESTELA ARANHA;Decisão;01/10/2026;06:01:26;2026;0602261-69.2026.6.00.0000;25/09/2026;#NULO#;DF;3;DF;3;25/09/2026;S;Por sorteio;350140;ESTELA ARANHA;59;Juíz Auxiliar;11541;Rp;REPRESENTAÇÃO;12638;Propaganda Política - Propaganda Eleitoral - Impulsionamento;0;1;25/09/2026;Decisão;https://consultaunificadapje.tse.jus.br/#/public/resultado/0602261-69.2026.6.00.0000;2026-09-25;1;0;1
0602273-83.2026.6.00.0000|67964;01/10/2026;06:00:34;2026;0602273-83.2026.6.00.0000;DF;DF;3;3;67964;25/09/2026;ESTELA ARANHA;Decisão;01/10/2026;06:01:26;2026;0602273-83.2026.6.00.0000;25/09/2026;#NULO#;DF;3;DF;3;25/09/2026;S;Por sorteio;350140;ESTELA ARANHA;59;Juíz Auxiliar;11541;Rp;REPRESENTAÇÃO;11679;Propaganda Política - Propaganda Eleitoral - Internet;0;1;25/09/2026;Decisão;https://consultaunificadapje.tse.jus.br/#/public/resultado/0602273-83.2026.6.00.0000;2026-09-25;1;0;1
0600820-84.2026.6.24.0000|69193;01/10/2026;06:00:34;2026;0600820-84.2026.6.24.0000;DF;SC;2;3;69193;26/09/2026;FLORIANO DE AZEVEDO MARQUES;Decisão;01/10/2026;06:01:26;2026;0600820-84.2026.6.24.0000;19/09/2026;30/09/2026;SC;2;DF;3;19/09/2026;S;Por sorteio;233218;FLORIANO DE AZEVEDO MARQUES;13;Ministro;11550;RO-El;RECURSO ORDINÁRIO ELEITORAL;11618;Registro de Candidatura - RRC - Candidato;1;1;26/09/2026;Decisão;https://consultaunificadapje.tse.jus.br/#/public/resultado/0600820-84.2026.6.24.0000;2026-09-26;0;0;0
0600834-37.2026.6.00.0000|68523;01/10/2026;06:00:34;2026;0600834-37.2026.6.00.0000;DF;DF;3;3;68523;26/09/2026;NUNES MARQUES;Acórdão;01/10/2026;06:01:26;2026;0600834-37.2026.6.00.0000;14/05/2026;#NULO#;DF;3;DF;3;14/05/2026;S;Por sorteio;202679;NUNES MARQUES;78;Ministro;1298;PA;PROCESSO ADMINISTRATIVO;11778;Requerimento;0;2;26/09/2026;Acórdão;https://consultaunificadapje.tse.jus.br/#/public/resultado/0600834-37.2026.6.00.0000;2026-09-26;0;0;0
0600966-94.2026.6.00.0000|68220;01/10/2026;06:00:34;2026;0600966-94.2026.6.00.0000;DF;DF;3;3;68220;26/09/2026;NUNES MARQUES;Decisão;01/10/2026;06:01:26;2026;0600966-94.2026.6.00.0000;07/06/2026;#NULO#;DF;3;DF;3;07/06/2026;S;Por sorteio;202679;NUNES MARQUES;60;Juíz Auxiliar;11541;Rp;REPRESENTAÇÃO;11667;Propaganda Política - Propaganda Eleitoral - Extemporânea/Antecipada;0;1;26/09/2026;Decisão;https://consultaunificadapje.tse.jus.br/#/public/resultado/0600966-94.2026.6.00.0000;2026-09-26;1;0;1
0601014-53.2026.6.00.0000|67361;01/10/2026;06:00:34;2026;0601014-53.2026.6.00.0000;DF;DF;3;3;67361;26/09/2026;NUNES MARQUES;Decisão;01/10/2026;06:01:26;2026;0601014-53.2026.6.00.0000;15/06/2026;#NULO#;DF;3;DF;3;15/06/2026;S;Por sorteio;202679;NUNES MARQUES;60;Juíz Auxiliar;11541;Rp;REPRESENTAÇÃO;11667;Propaganda Política - Propaganda Eleitoral - Extemporânea/Antecipada;0;1;26/09/2026;Decisão;https://consultaunificadapje.tse.jus.br/#/public/resultado/0601014-53.2026.6.00.0000;2026-09-26;1;0;1
0601051-80.2026.6.00.0000|68561;01/10/2026;06:00:34;2026;0601051-80.2026.6.00.0000;DF;DF;3;3;68561;26/09/2026;NUNES MARQUES;Decisão;01/10/2026;06:01:26;2026;0601051-80.2026.6.00.0000;18/06/2026;#NULO#;DF;3;DF;3;18/06/2026;S;Por sorteio;202679;NUNES MARQUES;60;Juíz Auxiliar;11541;Rp;REPRESENTAÇÃO;11667;Propaganda Política - Propaganda Eleitoral - Extemporânea/Antecipada;0;2;26/09/2026;Decisão;https://consultaunificadapje.tse.jus.br/#/public/resultado/0601051-80.2026.6.00.0000;2026-09-26;1;0;1
0601273-48.2026.6.00.0000|67884;01/10/2026;06:00:34;2026;0601273-48.2026.6.00.0000;DF;DF;3;3;67884;26/09/2026;NUNES MARQUES;Decisão;01/10/2026;06:01:26;2026;0601273-48.2026.6.00.0000;16/07/2026;#NULO#;DF;3;DF;3;16/07/2026;S;Por sorteio;202679;NUNES MARQUES;60;Juíz Auxiliar;11541;Rp;REPRESENTAÇÃO;11667;Propaganda Política - Propaganda Eleitoral - Extemporânea/Antecipada;0;1;26/09/2026;Decisão;https://consultaunificadapje.tse.jus.br/#/public/resultado/0601273-48.2026.6.00.0000;2026-09-26;1;0;1
0601300-31.2026.6.00.0000|67866;01/10/2026;06:00:34;2026;0601300-31.2026.6.00.0000;DF;DF;3;3;67866;26/09/2026;NUNES MARQUES;Decisão;01/10/2026;06:01:26;2026;0601300-31.2026.6.00.0000;22/07/2026;#NULO#;DF;3;DF;3;22/07/2026;S;Por sorteio;202679;NUNES MARQUES;60;Juíz Auxiliar;11541;Rp;REPRESENTAÇÃO;11667;Propaganda Política - Propaganda Eleitoral - Extemporânea/Antecipada;0;1;26/09/2026;Decisão;https://consultaunificadapje.tse.jus.br/#/public/resultado/0601300-31.2026.6.00.0000;2026-09-26;1;0;1
0601316-71.2026.6.04.0000|68279;01/10/2026;06:00:34;2026;0601316-71.2026.6.04.0000;DF;AM;2;3;68279;26/09/2026;NUNES MARQUES;Acórdão;01/10/2026;06:01:26;2026;0601316-71.2026.6.04.0000;11/09/2026;#NULO#;AM;2;DF;3;11/09/2026;S;Por sorteio;202679;NUNES MARQUES;78;Ministro;1298;PA;PROCESSO ADMINISTRATIVO;11573;Requisição de Força Federal;1;1;26/09/2026;Acórdão;https://consultaunificadapje.tse.jus.br/#/public/resultado/0601316-71.2026.6.04.0000;2026-09-26;0;0;0
0601335-88.2026.6.00.0000|67864;01/10/2026;06:00:34;2026;0601335-88.2026.6.00.0000;DF;DF;3;3;67864;26/09/2026;NUNES MARQUES;Decisão;01/10/2026;06:01:26;2026;0601335-88.2026.6.00.0000;28/07/2026;#NULO#;DF;3;DF;3;28/07/2026;S;Por sorteio;202679;NUNES MARQUES;60;Juíz Auxiliar;11541;Rp;REPRESENTAÇÃO;11667;Propaganda Política - Propaganda Eleitoral - Extemporânea/Antecipada;0;1;26/09/2026;Decisão;https://consultaunificadapje.tse.jus.br/#/public/resultado/0601335-88.2026.6.00.0000;2026-09-26;1;0;1
0601446-72.2026.6.00.0000|67862;01/10/2026;06:00:34;2026;0601446-72.2026.6.00.0000;DF;DF;3;3;67862;26/09/2026;NUNES MARQUES;Decisão;01/10/2026;06:01:26;2026;0601446-72.2026.6.00.0000;11/08/2026;#NULO#;DF;3;DF;3;11/08/2026;S;Por sorteio;202679;NUNES MARQUES;60;Juíz Auxiliar;11541;Rp;REPRESENTAÇÃO;11667;Propaganda Política - Propaganda Eleitoral - Extemporânea/Antecipada;0;1;26/09/2026;Decisão;https://consultaunificadapje.tse.jus.br/#/public/resultado/0601446-72.2026.6.00.0000;2026-09-26;1;0;1
0601603-45.2026.6.00.0000|67384;01/10/2026;06:00:34;2026;0601603-45.2026.6.00.0000;DF;DF;3;3;67384;26/09/2026;NUNES MARQUES;Decisão;01/10/2026;06:01:26;2026;0601603-45.2026.6.00.0000;17/08/2026;#NULO#;DF;3;DF;3;17/08/2026;S;Por sorteio;202679;NUNES MARQUES;60;Juíz Auxiliar;11541;Rp;REPRESENTAÇÃO;11651;Pesquisa Eleitoral - Registro de Pesquisa Eleitoral;0;1;26/09/2026;Decisão;https://consultaunificadapje.tse.jus.br/#/public/resultado/0601603-45.2026.6.00.0000;2026-09-26;0;0;0
0601616-44.2026.6.00.0000|67383;01/10/2026;06:00:34;2026;0601616-44.2026.6.00.0000;DF;DF;3;3;67383;26/09/2026;NUNES MARQUES;Decisão;01/10/2026;06:01:26;2026;0601616-44.2026.6.00.0000;18/08/2026;#NULO#;DF;3;DF;3;18/08/2026;S;Por sorteio;202679;NUNES MARQUES;60;Juíz Auxiliar;11541;Rp;REPRESENTAÇÃO;11667;Propaganda Política - Propaganda Eleitoral - Extemporânea/Antecipada;0;1;26/09/2026;Decisão;https://consultaunificadapje.tse.jus.br/#/public/resultado/0601616-44.2026.6.00.0000;2026-09-26;1;0;1
0601633-80.2026.6.00.0000|67338;01/10/2026;06:00:34;2026;0601633-80.2026.6.00.0000;DF;DF;3;3;67338;26/09/2026;NUNES MARQUES;Decisão;01/10/2026;06:01:26;2026;0601633-80.2026.6.00.0000;20/08/2026;#NULO#;DF;3;DF;3;21/08/2026;S;Por sorteio;202679;NUNES MARQUES;78;Ministro;241;PetCiv;PETIÇÃO CÍVEL;15591;Fundo Especial de Financiamento de Campanha (FEFC);0;2;26/09/2026;Decisão;https://consultaunificadapje.tse.jus.br/#/public/resultado/0601633-80.2026.6.00.0000;2026-09-26;0;0;0
0601634-65.2026.6.00.0000|67380;01/10/2026;06:00:34;2026;0601634-65.2026.6.00.0000;DF;DF;3;3;67380;26/09/2026;NUNES MARQUES;Decisão;01/10/2026;06:01:26;2026;0601634-65.2026.6.00.0000;20/08/2026;#NULO#;DF;3;DF;3;20/08/2026;S;Por sorteio;202679;NUNES MARQUES;60;Juíz Auxiliar;11541;Rp;REPRESENTAÇÃO;11667;Propaganda Política - Propaganda Eleitoral - Extemporânea/Antecipada;0;1;26/09/2026;Decisão;https://consultaunificadapje.tse.jus.br/#/public/resultado/0601634-65.2026.6.00.0000;2026-09-26;1;0;1
0601637-20.2026.6.00.0000|68221;01/10/2026;06:00:34;2026;0601637-20.2026.6.00.0000;DF;DF;3;3;68221;26/09/2026;NUNES MARQUES;Decisão;01/10/2026;06:01:26;2026;0601637-20.2026.6.00.0000;21/08/2026;#NULO#;DF;3;DF;3;21/08/2026;S;Por sorteio;202679;NUNES MARQUES;60;Juíz Auxiliar;11541;Rp;REPRESENTAÇÃO;11667;Propaganda Política - Propaganda Eleitoral - Extemporânea/Antecipada;0;1;26/09/2026;Decisão;https://consultaunificadapje.tse.jus.br/#/public/resultado/0601637-20.2026.6.00.0000;2026-09-26;1;0;1
0601740-27.2026.6.00.0000|68219;01/10/2026;06:00:34;2026;0601740-27.2026.6.00.0000;DF;DF;3;3;68219;26/09/2026;NUNES MARQUES;Decisão;01/10/2026;06:01:26;2026;0601740-27.2026.6.00.0000;27/08/2026;#NULO#;DF;3;DF;3;27/08/2026;S;Por sorteio;202679;NUNES MARQUES;60;Juíz Auxiliar;12630;RepEsp;REPRESENTAÇÃO ESPECIAL;12063;Conduta Vedada ao Agente Público;0;1;26/09/2026;Decisão;https://consultaunificadapje.tse.jus.br/#/public/resultado/0601740-27.2026.6.00.0000;2026-09-26;0;0;0
0601745-49.2026.6.00.0000|68253;01/10/2026;06:00:34;2026;0601745-49.2026.6.00.0000;DF;DF;3;3;68253;26/09/2026;FLORIANO DE AZEVEDO MARQUES;Acórdão;01/10/2026;06:01:26;2026;0601745-49.2026.6.00.0000;28/08/2026;#NULO#;DF;3;DF;3;28/08/2026;S;Por sorteio;233218;FLORIANO DE AZEVEDO MARQUES;13;Ministro;12375;Rcl;RECLAMAÇÃO;11618;Registro de Candidatura - RRC - Candidato;0;3;30/09/2026;Despacho;https://consultaunificadapje.tse.jus.br/#/public/resultado/0601745-49.2026.6.00.0000;2026-09-26;0;0;0
0601752-41.2026.6.00.0000|67362;01/10/2026;06:00:34;2026;0601752-41.2026.6.00.0000;DF;DF;3;3;67362;26/09/2026;NUNES MARQUES;Decisão;01/10/2026;06:01:26;2026;0601752-41.2026.6.00.0000;28/08/2026;#NULO#;DF;3;DF;3;28/08/2026;S;Por sorteio;202679;NUNES MARQUES;60;Juíz Auxiliar;12625;DR;DIREITO DE RESPOSTA;11593;Direito de Resposta;0;1;26/09/2026;Decisão;https://consultaunificadapje.tse.jus.br/#/public/resultado/0601752-41.2026.6.00.0000;2026-09-26;0;1;1
0601773-17.2026.6.00.0000|67882;01/10/2026;06:00:34;2026;0601773-17.2026.6.00.0000;DF;DF;3;3;67882;26/09/2026;NUNES MARQUES;Decisão;01/10/2026;06:01:26;2026;0601773-17.2026.6.00.0000;30/08/2026;#NULO#;DF;3;DF;3;30/08/2026;S;Por sorteio;202679;NUNES MARQUES;60;Juíz Auxiliar;12625;DR;DIREITO DE RESPOSTA;11593;Direito de Resposta;0;1;26/09/2026;Decisão;https://consultaunificadapje.tse.jus.br/#/public/resultado/0601773-17.2026.6.00.0000;2026-09-26;0;1;1
0601786-16.2026.6.00.0000|68222;01/10/2026;06:00:34;2026;0601786-16.2026.6.00.0000;DF;DF;3;3;68222;26/09/2026;NUNES MARQUES;Decisão;01/10/2026;06:01:26;2026;0601786-16.2026.6.00.0000;31/08/2026;#NULO#;DF;3;DF;3;31/08/2026;S;Por sorteio;202679;NUNES MARQUES;60;Juíz Auxiliar;11541;Rp;REPRESENTAÇÃO;11673;Propaganda Política - Propaganda Eleitoral - Rádio;0;1;26/09/2026;Decisão;https://consultaunificadapje.tse.jus.br/#/public/resultado/0601786-16.2026.6.00.0000;2026-09-26;1;0;1
0601806-07.2026.6.00.0000|67360;01/10/2026;06:00:34;2026;0601806-07.2026.6.00.0000;DF;DF;3;3;67360;26/09/2026;NUNES MARQUES;Decisão;01/10/2026;06:01:26;2026;0601806-07.2026.6.00.0000;01/09/2026;#NULO#;DF;3;DF;3;01/09/2026;S;Por sorteio;202679;NUNES MARQUES;60;Juíz Auxiliar;11541;Rp;REPRESENTAÇÃO;11679;Propaganda Política - Propaganda Eleitoral - Internet;0;1;26/09/2026;Decisão;https://consultaunificadapje.tse.jus.br/#/public/resultado/0601806-07.2026.6.00.0000;2026-09-26;1;0;1
0601829-50.2026.6.00.0000|68524;01/10/2026;06:00:34;2026;0601829-50.2026.6.00.0000;DF;DF;3;3;68524;26/09/2026;NUNES MARQUES;Decisão;01/10/2026;06:01:26;2026;0601829-50.2026.6.00.0000;02/09/2026;#NULO#;DF;3;DF;3;02/09/2026;S;Por sorteio;202679;NUNES MARQUES;78;Ministro;241;PetCiv;PETIÇÃO CÍVEL;12362;Autorização de Divulgação de Publicidade Institucional;0;1;26/09/2026;Decisão;https://consultaunificadapje.tse.jus.br/#/public/resultado/0601829-50.2026.6.00.0000;2026-09-26;0;0;0
0601882-31.2026.6.00.0000|67861;01/10/2026;06:00:34;2026;0601882-31.2026.6.00.0000;DF;DF;3;3;67861;26/09/2026;NUNES MARQUES;Decisão;01/10/2026;06:01:26;2026;0601882-31.2026.6.00.0000;06/09/2026;#NULO#;DF;3;DF;3;06/09/2026;S;Por sorteio;202679;NUNES MARQUES;60;Juíz Auxiliar;12625;DR;DIREITO DE RESPOSTA;11593;Direito de Resposta;0;1;26/09/2026;Decisão;https://consultaunificadapje.tse.jus.br/#/public/resultado/0601882-31.2026.6.00.0000;2026-09-26;0;1;1
0602011-36.2026.6.00.0000|67358;01/10/2026;06:00:34;2026;0602011-36.2026.6.00.0000;DF;DF;3;3;67358;26/09/2026;NUNES MARQUES;Decisão;01/10/2026;06:01:26;2026;0602011-36.2026.6.00.0000;13/09/2026;#NULO#;DF;3;DF;3;13/09/2026;S;Por sorteio;202679;NUNES MARQUES;60;Juíz Auxiliar;11541;Rp;REPRESENTAÇÃO;15429;Propaganda Política - Propaganda Eleitoral - Uso de Inteligência Artificial;0;1;26/09/2026;Decisão;https://consultaunificadapje.tse.jus.br/#/public/resultado/0602011-36.2026.6.00.0000;2026-09-26;1;0;1
0602026-05.2026.6.00.0000|67838;01/10/2026;06:00:34;2026;0602026-05.2026.6.00.0000;DF;DF;3;3;67838;26/09/2026;NUNES MARQUES;Acórdão;01/10/2026;06:01:26;2026;0602026-05.2026.6.00.0000;14/09/2026;#NULO#;DF;3;DF;3;14/09/2026;S;Por sorteio;202679;NUNES MARQUES;78;Ministro;1298;PA;PROCESSO ADMINISTRATIVO;11573;Requisição de Força Federal;0;1;26/09/2026;Acórdão;https://consultaunificadapje.tse.jus.br/#/public/resultado/0602026-05.2026.6.00.0000;2026-09-26;0;0;0
0602211-43.2026.6.00.0000|68153;01/10/2026;06:00:34;2026;0602211-43.2026.6.00.0000;DF;DF;3;3;68153;26/09/2026;FLORIANO DE AZEVEDO MARQUES;Decisão;01/10/2026;06:01:26;2026;0602211-43.2026.6.00.0000;23/09/2026;30/09/2026;DF;3;DF;3;23/09/2026;S;Por sorteio;233218;FLORIANO DE AZEVEDO MARQUES;13;Ministro;12134;TutCautAnt;TUTELA CAUTELAR ANTECEDENTE;11593;Direito de Resposta;0;1;26/09/2026;Decisão;https://consultaunificadapje.tse.jus.br/#/public/resultado/0602211-43.2026.6.00.0000;2026-09-26;0;0;0
0602220-05.2026.6.00.0000|68472;01/10/2026;06:00:34;2026;0602220-05.2026.6.00.0000;DF;DF;3;3;68472;26/09/2026;FLORIANO DE AZEVEDO MARQUES;Decisão;01/10/2026;06:01:26;2026;0602220-05.2026.6.00.0000;23/09/2026;30/09/2026;DF;3;DF;3;23/09/2026;S;Por sorteio;233218;FLORIANO DE AZEVEDO MARQUES;13;Ministro;12134;TutCautAnt;TUTELA CAUTELAR ANTECEDENTE;11593;Direito de Resposta;0;1;26/09/2026;Decisão;https://consultaunificadapje.tse.jus.br/#/public/resultado/0602220-05.2026.6.00.0000;2026-09-26;0;0;0
0601009-36.2026.6.07.0000|68456;01/10/2026;06:00:34;2026;0601009-36.2026.6.07.0000;DF;DF;2;3;68456;27/09/2026;DIAS TOFFOLI;Decisão;01/10/2026;06:01:26;2026;0601009-36.2026.6.07.0000;22/09/2026;#NULO#;DF;2;DF;3;22/09/2026;PP;Por prevenção;6276;DIAS TOFFOLI;3;Ministro;11550;RO-El;RECURSO ORDINÁRIO ELEITORAL;12044;Registro de Candidatura - DRAP Partido/Coligação;1;1;27/09/2026;Decisão;https://consultaunificadapje.tse.jus.br/#/public/resultado/0601009-36.2026.6.07.0000;2026-09-27;0;0;0
0601414-67.2026.6.00.0000|68137;01/10/2026;06:00:34;2026;0601414-67.2026.6.00.0000;DF;DF;3;3;68137;27/09/2026;DIAS TOFFOLI;Decisão;01/10/2026;06:01:26;2026;0601414-67.2026.6.00.0000;07/08/2026;#NULO#;DF;3;DF;3;07/08/2026;PD;Por dependência;6276;DIAS TOFFOLI;3;Ministro;11532;RCand;REGISTRO DE CANDIDATURA;11618;Registro de Candidatura - RRC - Candidato;0;9;27/09/2026;Decisão;https://consultaunificadapje.tse.jus.br/#/public/resultado/0601414-67.2026.6.00.0000;2026-09-27;0;0;0
0601595-08.2026.6.13.0000|67775;01/10/2026;06:00:34;2026;0601595-08.2026.6.13.0000;DF;MG;2;3;67775;27/09/2026;DIAS TOFFOLI;Decisão;01/10/2026;06:01:26;2026;0601595-08.2026.6.13.0000;25/09/2026;#NULO#;MG;2;DF;3;25/09/2026;S;Por sorteio;6276;DIAS TOFFOLI;3;Ministro;11550;RO-El;RECURSO ORDINÁRIO ELEITORAL;11598;Inelegibilidade - Condenação Criminal por órgão colegiado ou Transitada em Julgado;1;1;27/09/2026;Decisão;https://consultaunificadapje.tse.jus.br/#/public/resultado/0601595-08.2026.6.13.0000;2026-09-27;0;0;0
0602223-57.2026.6.00.0000|68458;01/10/2026;06:00:34;2026;0602223-57.2026.6.00.0000;DF;DF;3;3;68458;27/09/2026;DIAS TOFFOLI;Decisão;01/10/2026;06:01:26;2026;0602223-57.2026.6.00.0000;23/09/2026;#NULO#;DF;3;DF;3;23/09/2026;S;Por sorteio;6276;DIAS TOFFOLI;3;Ministro;120;MSCiv;MANDADO DE SEGURANÇA CÍVEL;11593;Direito de Resposta;0;1;27/09/2026;Decisão;https://consultaunificadapje.tse.jus.br/#/public/resultado/0602223-57.2026.6.00.0000;2026-09-27;0;0;0
0600187-95.2026.6.16.0000|68260;01/10/2026;06:00:34;2026;0600187-95.2026.6.16.0000;DF;PR;2;3;68260;28/09/2026;ANDRÉ MENDONÇA;Decisão;01/10/2026;06:01:26;2026;0600187-95.2026.6.16.0000;11/07/2026;#NULO#;PR;2;DF;3;11/07/2026;S;Por sorteio;223256;ANDRÉ MENDONÇA;14;Ministro;12626;AREspE;AGRAVO EM RECURSO ESPECIAL ELEITORAL;11667;Propaganda Política - Propaganda Eleitoral - Extemporânea/Antecipada;1;1;28/09/2026;Decisão;https://consultaunificadapje.tse.jus.br/#/public/resultado/0600187-95.2026.6.16.0000;2026-09-28;1;0;1
0600257-20.2026.6.23.0000|67667;01/10/2026;06:00:34;2026;0600257-20.2026.6.23.0000;DF;RR;2;3;67667;28/09/2026;RICARDO VILLAS BÔAS CUEVA;Acórdão;01/10/2026;06:01:26;2026;0600257-20.2026.6.23.0000;15/09/2026;#NULO#;RR;2;DF;3;15/09/2026;S;Por sorteio;301846;RICARDO VILLAS BÔAS CUEVA;4;Ministro;11549;REspEl;RECURSO ESPECIAL ELEITORAL;11637;Cargo - Senador;1;2;28/09/2026;Acórdão;https://consultaunificadapje.tse.jus.br/#/public/resultado/0600257-20.2026.6.23.0000;2026-09-28;0;0;0
0600587-17.2026.6.23.0000|68780;01/10/2026;06:00:34;2026;0600587-17.2026.6.23.0000;DF;RR;2;3;68780;28/09/2026;RICARDO VILLAS BÔAS CUEVA;Decisão;01/10/2026;06:01:26;2026;0600587-17.2026.6.23.0000;22/09/2026;#NULO#;RR;2;DF;3;22/09/2026;S;Por sorteio;301846;RICARDO VILLAS BÔAS CUEVA;4;Ministro;11550;RO-El;RECURSO ORDINÁRIO ELEITORAL;11618;Registro de Candidatura - RRC - Candidato;1;1;28/09/2026;Decisão;https://consultaunificadapje.tse.jus.br/#/public/resultado/0600587-17.2026.6.23.0000;2026-09-28;0;0;0
0600597-61.2026.6.23.0000|68016;01/10/2026;06:00:34;2026;0600597-61.2026.6.23.0000;DF;RR;2;3;68016;28/09/2026;RICARDO VILLAS BÔAS CUEVA;Decisão;01/10/2026;06:01:26;2026;0600597-61.2026.6.23.0000;22/09/2026;#NULO#;RR;2;DF;3;27/09/2026;S;Por sorteio;301846;RICARDO VILLAS BÔAS CUEVA;4;Ministro;11550;RO-El;RECURSO ORDINÁRIO ELEITORAL;11616;Impugnação ao Registro de Candidatura;1;1;28/09/2026;Decisão;https://consultaunificadapje.tse.jus.br/#/public/resultado/0600597-61.2026.6.23.0000;2026-09-28;0;0;0
0600841-34.2026.6.07.0000|68596;01/10/2026;06:00:34;2026;0600841-34.2026.6.07.0000;DF;DF;2;3;68596;28/09/2026;ANDRÉ MENDONÇA;Decisão;01/10/2026;06:01:26;2026;0600841-34.2026.6.07.0000;22/09/2026;#NULO#;DF;2;DF;3;22/09/2026;S;Por sorteio;223256;ANDRÉ MENDONÇA;14;Ministro;11549;REspEl;RECURSO ESPECIAL ELEITORAL;11600;Inelegibilidade - Desincompatibilização;1;1;28/09/2026;Decisão;https://consultaunificadapje.tse.jus.br/#/public/resultado/0600841-34.2026.6.07.0000;2026-09-28;0;0;0
0600881-11.2026.6.00.0000|68250;01/10/2026;06:00:34;2026;0600881-11.2026.6.00.0000;DF;DF;3;3;68250;28/09/2026;NUNES MARQUES;Decisão;01/10/2026;06:01:26;2026;0600881-11.2026.6.00.0000;21/05/2026;#NULO#;DF;3;DF;3;30/09/2026;S;Por sorteio;301846;RICARDO VILLAS BÔAS CUEVA;42;Ministro;11541;Rp;REPRESENTAÇÃO;12062;Captação ou Gasto Ilícito de Recursos Financeiros de Campanha Eleitoral;0;3;28/09/2026;Decisão;https://consultaunificadapje.tse.jus.br/#/public/resultado/0600881-11.2026.6.00.0000;2026-09-28;0;0;0
0600882-93.2026.6.00.0000|67906;01/10/2026;06:00:34;2026;0600882-93.2026.6.00.0000;DF;DF;3;3;67906;28/09/2026;NUNES MARQUES;Decisão;01/10/2026;06:01:26;2026;0600882-93.2026.6.00.0000;21/05/2026;#NULO#;DF;3;DF;3;30/09/2026;S;Por sorteio;301846;RICARDO VILLAS BÔAS CUEVA;42;Ministro;11541;Rp;REPRESENTAÇÃO;11778;Requerimento;0;3;28/09/2026;Decisão;https://consultaunificadapje.tse.jus.br/#/public/resultado/0600882-93.2026.6.00.0000;2026-09-28;0;0;0
0600947-88.2026.6.00.0000|67374;01/10/2026;06:00:34;2026;0600947-88.2026.6.00.0000;DF;DF;3;3;67374;28/09/2026;NUNES MARQUES;Decisão;01/10/2026;06:01:26;2026;0600947-88.2026.6.00.0000;03/06/2026;#NULO#;DF;3;DF;3;03/06/2026;S;Por sorteio;202679;NUNES MARQUES;60;Juíz Auxiliar;12630;RepEsp;REPRESENTAÇÃO ESPECIAL;12063;Conduta Vedada ao Agente Público;0;1;28/09/2026;Decisão;https://consultaunificadapje.tse.jus.br/#/public/resultado/0600947-88.2026.6.00.0000;2026-09-28;0;0;0
0601099-39.2026.6.00.0000|67867;01/10/2026;06:00:34;2026;0601099-39.2026.6.00.0000;DF;DF;3;3;67867;28/09/2026;NUNES MARQUES;Decisão;01/10/2026;06:01:26;2026;0601099-39.2026.6.00.0000;26/06/2026;#NULO#;DF;3;DF;3;26/06/2026;S;Por sorteio;202679;NUNES MARQUES;60;Juíz Auxiliar;11541;Rp;REPRESENTAÇÃO;11667;Propaganda Política - Propaganda Eleitoral - Extemporânea/Antecipada;0;1;28/09/2026;Decisão;https://consultaunificadapje.tse.jus.br/#/public/resultado/0601099-39.2026.6.00.0000;2026-09-28;1;0;1
0601102-91.2026.6.00.0000|68234;01/10/2026;06:00:34;2026;0601102-91.2026.6.00.0000;DF;DF;3;3;68234;28/09/2026;NUNES MARQUES;Decisão;01/10/2026;06:01:26;2026;0601102-91.2026.6.00.0000;26/06/2026;#NULO#;DF;3;DF;3;26/06/2026;S;Por sorteio;202679;NUNES MARQUES;60;Juíz Auxiliar;11541;Rp;REPRESENTAÇÃO;15429;Propaganda Política - Propaganda Eleitoral - Uso de Inteligência Artificial;0;1;28/09/2026;Decisão;https://consultaunificadapje.tse.jus.br/#/public/resultado/0601102-91.2026.6.00.0000;2026-09-28;1;0;1
0601233-66.2026.6.00.0000|68545;01/10/2026;06:00:34;2026;0601233-66.2026.6.00.0000;DF;DF;3;3;68545;28/09/2026;NUNES MARQUES;Decisão;01/10/2026;06:01:26;2026;0601233-66.2026.6.00.0000;08/07/2026;#NULO#;DF;3;DF;3;08/07/2026;S;Por sorteio;202679;NUNES MARQUES;60;Juíz Auxiliar;11541;Rp;REPRESENTAÇÃO;11667;Propaganda Política - Propaganda Eleitoral - Extemporânea/Antecipada;0;1;28/09/2026;Decisão;https://consultaunificadapje.tse.jus.br/#/public/resultado/0601233-66.2026.6.00.0000;2026-09-28;1;0;1
0601488-93.2026.6.19.0000|67670;01/10/2026;06:00:34;2026;0601488-93.2026.6.19.0000;DF;RJ;2;3;67670;28/09/2026;RICARDO VILLAS BÔAS CUEVA;Acórdão;01/10/2026;06:01:26;2026;0601488-93.2026.6.19.0000;14/09/2026;29/09/2026;RJ;2;DF;3;14/09/2026;S;Por sorteio;301846;RICARDO VILLAS BÔAS CUEVA;4;Ministro;11549;REspEl;RECURSO ESPECIAL ELEITORAL;11618;Registro de Candidatura - RRC - Candidato;1;2;28/09/2026;Acórdão;https://consultaunificadapje.tse.jus.br/#/public/resultado/0601488-93.2026.6.19.0000;2026-09-28;0;0;0
0601509-26.2026.6.17.0000|67421;01/10/2026;06:00:34;2026;0601509-26.2026.6.17.0000;DF;PE;2;3;67421;28/09/2026;ANDRÉ MENDONÇA;Decisão;01/10/2026;06:01:26;2026;0601509-26.2026.6.17.0000;21/09/2026;#NULO#;PE;2;DF;3;21/09/2026;S;Por sorteio;223256;ANDRÉ MENDONÇA;14;Ministro;11549;REspEl;RECURSO ESPECIAL ELEITORAL;11618;Registro de Candidatura - RRC - Candidato;1;1;28/09/2026;Decisão;https://consultaunificadapje.tse.jus.br/#/public/resultado/0601509-26.2026.6.17.0000;2026-09-28;0;0;0
0601601-75.2026.6.00.0000|68225;01/10/2026;06:00:34;2026;0601601-75.2026.6.00.0000;DF;DF;3;3;68225;28/09/2026;NUNES MARQUES;Decisão;01/10/2026;06:01:26;2026;0601601-75.2026.6.00.0000;17/08/2026;#NULO#;DF;3;DF;3;17/08/2026;S;Por sorteio;202679;NUNES MARQUES;60;Juíz Auxiliar;11541;Rp;REPRESENTAÇÃO;11651;Pesquisa Eleitoral - Registro de Pesquisa Eleitoral;0;1;28/09/2026;Decisão;https://consultaunificadapje.tse.jus.br/#/public/resultado/0601601-75.2026.6.00.0000;2026-09-28;0;0;0
0601685-76.2026.6.00.0000|67868;01/10/2026;06:00:34;2026;0601685-76.2026.6.00.0000;DF;DF;3;3;67868;28/09/2026;NUNES MARQUES;Decisão;01/10/2026;06:01:26;2026;0601685-76.2026.6.00.0000;24/08/2026;#NULO#;DF;3;DF;3;24/08/2026;S;Por sorteio;202679;NUNES MARQUES;60;Juíz Auxiliar;11541;Rp;REPRESENTAÇÃO;11651;Pesquisa Eleitoral - Registro de Pesquisa Eleitoral;0;1;28/09/2026;Decisão;https://consultaunificadapje.tse.jus.br/#/public/resultado/0601685-76.2026.6.00.0000;2026-09-28;0;0;0
0601776-69.2026.6.00.0000|68546;01/10/2026;06:00:34;2026;0601776-69.2026.6.00.0000;DF;DF;3;3;68546;28/09/2026;NUNES MARQUES;Decisão;01/10/2026;06:01:26;2026;0601776-69.2026.6.00.0000;30/08/2026;#NULO#;DF;3;DF;3;30/08/2026;S;Por sorteio;202679;NUNES MARQUES;60;Juíz Auxiliar;11541;Rp;REPRESENTAÇÃO;12638;Propaganda Política - Propaganda Eleitoral - Impulsionamento;0;1;28/09/2026;Decisão;https://consultaunificadapje.tse.jus.br/#/public/resultado/0601776-69.2026.6.00.0000;2026-09-28;1;0;1
0601798-30.2026.6.00.0000|67839;01/10/2026;06:00:34;2026;0601798-30.2026.6.00.0000;DF;DF;3;3;67839;28/09/2026;NUNES MARQUES;Decisão;01/10/2026;06:01:26;2026;0601798-30.2026.6.00.0000;01/09/2026;30/09/2026;DF;3;DF;3;01/09/2026;S;Por sorteio;202679;NUNES MARQUES;78;Ministro;241;PetCiv;PETIÇÃO CÍVEL;12362;Autorização de Divulgação de Publicidade Institucional;0;1;28/09/2026;Decisão;https://consultaunificadapje.tse.jus.br/#/public/resultado/0601798-30.2026.6.00.0000;2026-09-28;0;0;0
0601817-36.2026.6.00.0000|67857;01/10/2026;06:00:34;2026;0601817-36.2026.6.00.0000;DF;DF;3;3;67857;28/09/2026;NUNES MARQUES;Decisão;01/10/2026;06:01:26;2026;0601817-36.2026.6.00.0000;01/09/2026;#NULO#;DF;3;DF;3;01/09/2026;S;Por sorteio;202679;NUNES MARQUES;60;Juíz Auxiliar;12625;DR;DIREITO DE RESPOSTA;11634;Cargo - Presidente da República;0;1;28/09/2026;Decisão;https://consultaunificadapje.tse.jus.br/#/public/resultado/0601817-36.2026.6.00.0000;2026-09-28;0;1;1
0601962-92.2026.6.00.0000|67869;01/10/2026;06:00:34;2026;0601962-92.2026.6.00.0000;DF;DF;3;3;67869;28/09/2026;NUNES MARQUES;Decisão;01/10/2026;06:01:26;2026;0601962-92.2026.6.00.0000;11/09/2026;#NULO#;DF;3;DF;3;11/09/2026;S;Por sorteio;202679;NUNES MARQUES;60;Juíz Auxiliar;11541;Rp;REPRESENTAÇÃO;11662;Propaganda Política - Propaganda Eleitoral - Comício/Showmício;0;1;28/09/2026;Decisão;https://consultaunificadapje.tse.jus.br/#/public/resultado/0601962-92.2026.6.00.0000;2026-09-28;1;0;1
0602041-71.2026.6.00.0000|67353;01/10/2026;06:00:34;2026;0602041-71.2026.6.00.0000;DF;DF;3;3;67353;28/09/2026;NUNES MARQUES;Decisão;01/10/2026;06:01:26;2026;0602041-71.2026.6.00.0000;15/09/2026;#NULO#;DF;3;DF;3;15/09/2026;S;Por sorteio;202679;NUNES MARQUES;60;Juíz Auxiliar;11541;Rp;REPRESENTAÇÃO;11651;Pesquisa Eleitoral - Registro de Pesquisa Eleitoral;0;1;28/09/2026;Decisão;https://consultaunificadapje.tse.jus.br/#/public/resultado/0602041-71.2026.6.00.0000;2026-09-28;0;0;0
0602055-55.2026.6.00.0000|68501;01/10/2026;06:00:34;2026;0602055-55.2026.6.00.0000;DF;DF;3;3;68501;28/09/2026;FLORIANO DE AZEVEDO MARQUES;Decisão;01/10/2026;06:01:26;2026;0602055-55.2026.6.00.0000;16/09/2026;#NULO#;DF;3;DF;3;30/09/2026;S;Por sorteio;223256;ANDRÉ MENDONÇA;14;Ministro;12134;TutCautAnt;TUTELA CAUTELAR ANTECEDENTE;11778;Requerimento;0;5;29/09/2026;Despacho;https://consultaunificadapje.tse.jus.br/#/public/resultado/0602055-55.2026.6.00.0000;2026-09-28;0;0;0
0602062-47.2026.6.00.0000|67354;01/10/2026;06:00:34;2026;0602062-47.2026.6.00.0000;DF;DF;3;3;67354;28/09/2026;NUNES MARQUES;Decisão;01/10/2026;06:01:26;2026;0602062-47.2026.6.00.0000;16/09/2026;#NULO#;DF;3;DF;3;16/09/2026;S;Por sorteio;202679;NUNES MARQUES;60;Juíz Auxiliar;12625;DR;DIREITO DE RESPOSTA;11593;Direito de Resposta;0;1;28/09/2026;Decisão;https://consultaunificadapje.tse.jus.br/#/public/resultado/0602062-47.2026.6.00.0000;2026-09-28;0;1;1
0602076-31.2026.6.00.0000|67776;01/10/2026;06:00:34;2026;0602076-31.2026.6.00.0000;DF;DF;3;3;67776;28/09/2026;DIAS TOFFOLI;Decisão;01/10/2026;06:01:26;2026;0602076-31.2026.6.00.0000;17/09/2026;#NULO#;DF;3;DF;3;17/09/2026;S;Por sorteio;6276;DIAS TOFFOLI;3;Ministro;12134;TutCautAnt;TUTELA CAUTELAR ANTECEDENTE;11679;Propaganda Política - Propaganda Eleitoral - Internet;0;2;28/09/2026;Decisão;https://consultaunificadapje.tse.jus.br/#/public/resultado/0602076-31.2026.6.00.0000;2026-09-28;1;0;1
0602080-68.2026.6.00.0000|67880;01/10/2026;06:00:34;2026;0602080-68.2026.6.00.0000;DF;DF;3;3;67880;28/09/2026;NUNES MARQUES;Decisão;01/10/2026;06:01:26;2026;0602080-68.2026.6.00.0000;17/09/2026;#NULO#;DF;3;DF;3;17/09/2026;S;Por sorteio;202679;NUNES MARQUES;60;Juíz Auxiliar;11541;Rp;REPRESENTAÇÃO;11634;Cargo - Presidente da República;0;1;28/09/2026;Decisão;https://consultaunificadapje.tse.jus.br/#/public/resultado/0602080-68.2026.6.00.0000;2026-09-28;1;0;1
0602109-21.2026.6.00.0000|68231;01/10/2026;06:00:34;2026;0602109-21.2026.6.00.0000;DF;DF;3;3;68231;28/09/2026;NUNES MARQUES;Decisão;01/10/2026;06:01:26;2026;0602109-21.2026.6.00.0000;18/09/2026;#NULO#;DF;3;DF;3;18/09/2026;S;Por sorteio;202679;NUNES MARQUES;60;Juíz Auxiliar;12625;DR;DIREITO DE RESPOSTA;11593;Direito de Resposta;0;1;28/09/2026;Decisão;https://consultaunificadapje.tse.jus.br/#/public/resultado/0602109-21.2026.6.00.0000;2026-09-28;0;1;1
0602112-73.2026.6.00.0000|68459;01/10/2026;06:00:34;2026;0602112-73.2026.6.00.0000;DF;DF;3;3;68459;28/09/2026;DIAS TOFFOLI;Decisão;01/10/2026;06:01:26;2026;0602112-73.2026.6.00.0000;18/09/2026;#NULO#;DF;3;DF;3;18/09/2026;S;Por sorteio;6276;DIAS TOFFOLI;3;Ministro;12135;TutAntAnt;TUTELA ANTECIPADA ANTECEDENTE;11616;Impugnação ao Registro de Candidatura;0;2;28/09/2026;Decisão;https://consultaunificadapje.tse.jus.br/#/public/resultado/0602112-73.2026.6.00.0000;2026-09-28;0;0;0
0602148-18.2026.6.00.0000|68224;01/10/2026;06:00:34;2026;0602148-18.2026.6.00.0000;DF;DF;3;3;68224;28/09/2026;NUNES MARQUES;Decisão;01/10/2026;06:01:26;2026;0602148-18.2026.6.00.0000;20/09/2026;#NULO#;DF;3;DF;3;22/09/2026;S;Por sorteio;202679;NUNES MARQUES;60;Juíz Auxiliar;12625;DR;DIREITO DE RESPOSTA;11593;Direito de Resposta;0;1;28/09/2026;Decisão;https://consultaunificadapje.tse.jus.br/#/public/resultado/0602148-18.2026.6.00.0000;2026-09-28;0;1;1
0602230-49.2026.6.00.0000|67664;01/10/2026;06:00:34;2026;0602230-49.2026.6.00.0000;DF;DF;3;3;67664;28/09/2026;RICARDO VILLAS BÔAS CUEVA;Decisão;01/10/2026;06:01:26;2026;0602230-49.2026.6.00.0000;23/09/2026;#NULO#;DF;3;DF;3;23/09/2026;S;Por sorteio;301846;RICARDO VILLAS BÔAS CUEVA;42;Ministro;11527;AIJE;AÇÃO DE INVESTIGAÇÃO JUDICIAL ELEITORAL;11719;Abuso - De Poder Político/Autoridade;0;1;28/09/2026;Decisão;https://consultaunificadapje.tse.jus.br/#/public/resultado/0602230-49.2026.6.00.0000;2026-09-28;0;0;0
0602278-08.2026.6.00.0000|68025;01/10/2026;06:00:34;2026;0602278-08.2026.6.00.0000;DF;DF;3;3;68025;28/09/2026;RICARDO VILLAS BÔAS CUEVA;Decisão;01/10/2026;06:01:26;2026;0602278-08.2026.6.00.0000;25/09/2026;#NULO#;DF;3;DF;3;25/09/2026;S;Por sorteio;301846;RICARDO VILLAS BÔAS CUEVA;4;Ministro;241;PetCiv;PETIÇÃO CÍVEL;15591;Fundo Especial de Financiamento de Campanha (FEFC);0;1;28/09/2026;Decisão;https://consultaunificadapje.tse.jus.br/#/public/resultado/0602278-08.2026.6.00.0000;2026-09-28;0;0;0
0602296-29.2026.6.00.0000|68599;01/10/2026;06:00:34;2026;0602296-29.2026.6.00.0000;DF;DF;3;3;68599;28/09/2026;ANDRÉ MENDONÇA;Decisão;01/10/2026;06:01:26;2026;0602296-29.2026.6.00.0000;26/09/2026;#NULO#;DF;3;DF;3;26/09/2026;S;Por sorteio;223256;ANDRÉ MENDONÇA;14;Ministro;12134;TutCautAnt;TUTELA CAUTELAR ANTECEDENTE;11667;Propaganda Política - Propaganda Eleitoral - Extemporânea/Antecipada;0;1;28/09/2026;Decisão;https://consultaunificadapje.tse.jus.br/#/public/resultado/0602296-29.2026.6.00.0000;2026-09-28;1;0;1
0601246-37.2026.6.19.0000|68274;01/10/2026;06:00:34;2026;0601246-37.2026.6.19.0000;DF;RJ;2;3;68274;29/09/2026;ANDRÉ MENDONÇA;Decisão;01/10/2026;06:01:26;2026;0601246-37.2026.6.19.0000;21/09/2026;#NULO#;RJ;2;DF;3;21/09/2026;S;Por sorteio;223256;ANDRÉ MENDONÇA;14;Ministro;11549;REspEl;RECURSO ESPECIAL ELEITORAL;11591;Condição de Elegibilidade - Pleno Exercício dos Direitos Políticos;1;1;29/09/2026;Decisão;https://consultaunificadapje.tse.jus.br/#/public/resultado/0601246-37.2026.6.19.0000;2026-09-29;0;0;0
0601325-44.2026.6.00.0000|67790;01/10/2026;06:00:34;2026;0601325-44.2026.6.00.0000;DF;DF;3;3;67790;29/09/2026;DIAS TOFFOLI;Acórdão;01/10/2026;06:01:26;2026;0601325-44.2026.6.00.0000;27/07/2026;#NULO#;DF;3;DF;3;27/07/2026;S;Por sorteio;6276;DIAS TOFFOLI;3;Ministro;120;MSCiv;MANDADO DE SEGURANÇA CÍVEL;11765;Dissolução de Órgão de Direção Partidária;0;4;29/09/2026;Acórdão;https://consultaunificadapje.tse.jus.br/#/public/resultado/0601325-44.2026.6.00.0000;2026-09-29;0;0;0
0602105-53.2026.6.19.0000|69198;01/10/2026;06:00:34;2026;0602105-53.2026.6.19.0000;DF;RJ;2;3;69198;29/09/2026;DIAS TOFFOLI;Decisão;01/10/2026;06:01:26;2026;0602105-53.2026.6.19.0000;23/09/2026;29/09/2026;RJ;2;DF;3;23/09/2026;S;Por sorteio;6276;DIAS TOFFOLI;3;Ministro;11550;RO-El;RECURSO ORDINÁRIO ELEITORAL;15584;Notícia de Inelegibilidade;1;1;29/09/2026;Decisão;https://consultaunificadapje.tse.jus.br/#/public/resultado/0602105-53.2026.6.19.0000;2026-09-29;0;0;0
0602218-35.2026.6.00.0000|67341;01/10/2026;06:00:34;2026;0602218-35.2026.6.00.0000;DF;DF;3;3;67341;29/09/2026;NUNES MARQUES;Decisão;01/10/2026;06:01:26;2026;0602218-35.2026.6.00.0000;23/09/2026;#NULO#;DF;3;DF;3;23/09/2026;S;Por sorteio;202679;NUNES MARQUES;78;Ministro;241;PetCiv;PETIÇÃO CÍVEL;12364;Debate Eleitoral;0;1;29/09/2026;Decisão;https://consultaunificadapje.tse.jus.br/#/public/resultado/0602218-35.2026.6.00.0000;2026-09-29;0;0;0
0602260-84.2026.6.00.0000|68072;01/10/2026;06:00:34;2026;0602260-84.2026.6.00.0000;DF;DF;3;3;68072;29/09/2026;ANDRÉ MENDONÇA;Decisão;01/10/2026;06:01:26;2026;0602260-84.2026.6.00.0000;25/09/2026;#NULO#;DF;3;DF;3;25/09/2026;S;Por sorteio;223256;ANDRÉ MENDONÇA;72;Juiz Auxiliar;11541;Rp;REPRESENTAÇÃO;12637;Propaganda Política - Propaganda Eleitoral - Redes Sociais;0;3;29/09/2026;Decisão;https://consultaunificadapje.tse.jus.br/#/public/resultado/0602260-84.2026.6.00.0000;2026-09-29;1;0;1
0602330-04.2026.6.00.0000|67342;01/10/2026;06:00:34;2026;0602330-04.2026.6.00.0000;DF;DF;3;3;67342;29/09/2026;NUNES MARQUES;Decisão;01/10/2026;06:01:26;2026;0602330-04.2026.6.00.0000;27/09/2026;#NULO#;DF;3;DF;3;27/09/2026;S;Por sorteio;202679;NUNES MARQUES;78;Ministro;12059;SS-El;SUSPENSÃO DE SEGURANÇA - ELEITORAL;11720;Abuso - Uso Indevido de Meio de Comunicação Social;0;1;29/09/2026;Decisão;https://consultaunificadapje.tse.jus.br/#/public/resultado/0602330-04.2026.6.00.0000;2026-09-29;0;0;0
0602397-66.2026.6.00.0000|68824;01/10/2026;06:00:34;2026;0602397-66.2026.6.00.0000;DF;DF;3;3;68824;29/09/2026;ANDRÉ MENDONÇA;Decisão;01/10/2026;06:01:26;2026;0602397-66.2026.6.00.0000;28/09/2026;#NULO#;DF;3;DF;3;28/09/2026;S;Por sorteio;223256;ANDRÉ MENDONÇA;72;Juiz Auxiliar;11541;Rp;REPRESENTAÇÃO;12635;Propaganda Política - Propaganda Eleitoral - Divulgação de Notícia  Sabidamente Falsa;0;1;29/09/2026;Decisão;https://consultaunificadapje.tse.jus.br/#/public/resultado/0602397-66.2026.6.00.0000;2026-09-29;1;0;1
0602456-54.2026.6.00.0000|67901;01/10/2026;06:00:34;2026;0602456-54.2026.6.00.0000;DF;DF;3;3;67901;29/09/2026;ANDRÉ MENDONÇA;Decisão;01/10/2026;06:01:26;2026;0602456-54.2026.6.00.0000;29/09/2026;29/09/2026;DF;3;DF;3;29/09/2026;S;Por sorteio;223256;ANDRÉ MENDONÇA;14;Ministro;120;MSCiv;MANDADO DE SEGURANÇA CÍVEL;12364;Debate Eleitoral;0;1;29/09/2026;Decisão;https://consultaunificadapje.tse.jus.br/#/public/resultado/0602456-54.2026.6.00.0000;2026-09-29;0;0;0
0602682-36.2026.6.26.0000|68273;01/10/2026;06:00:34;2026;0602682-36.2026.6.26.0000;DF;SP;2;3;68273;29/09/2026;ANDRÉ MENDONÇA;Decisão;01/10/2026;06:01:26;2026;0602682-36.2026.6.26.0000;24/09/2026;#NULO#;SP;2;DF;3;24/09/2026;S;Por sorteio;223256;ANDRÉ MENDONÇA;14;Ministro;11550;RO-El;RECURSO ORDINÁRIO ELEITORAL;11592;Condição de Elegibilidade - Quitação Eleitoral;1;1;29/09/2026;Decisão;https://consultaunificadapje.tse.jus.br/#/public/resultado/0602682-36.2026.6.26.0000;2026-09-29;0;0;0
0602685-88.2026.6.26.0000|68165;01/10/2026;06:00:34;2026;0602685-88.2026.6.26.0000;DF;SP;2;3;68165;29/09/2026;DIAS TOFFOLI;Decisão;01/10/2026;06:01:26;2026;0602685-88.2026.6.26.0000;25/09/2026;#NULO#;SP;2;DF;3;25/09/2026;S;Por sorteio;6276;DIAS TOFFOLI;3;Ministro;11550;RO-El;RECURSO ORDINÁRIO ELEITORAL;11591;Condição de Elegibilidade - Pleno Exercício dos Direitos Políticos;1;1;29/09/2026;Decisão;https://consultaunificadapje.tse.jus.br/#/public/resultado/0602685-88.2026.6.26.0000;2026-09-29;0;0;0
0600012-69.2026.6.10.0000|68354;01/10/2026;06:00:34;2026;0600012-69.2026.6.10.0000;DF;MA;2;3;68354;30/09/2026;ANDRÉ MENDONÇA;Decisão;01/10/2026;06:01:26;2026;0600012-69.2026.6.10.0000;20/08/2026;#NULO#;MA;2;DF;3;20/08/2026;S;Por sorteio;223256;ANDRÉ MENDONÇA;14;Ministro;12626;AREspE;AGRAVO EM RECURSO ESPECIAL ELEITORAL;11667;Propaganda Política - Propaganda Eleitoral - Extemporânea/Antecipada;1;1;30/09/2026;Decisão;https://consultaunificadapje.tse.jus.br/#/public/resultado/0600012-69.2026.6.10.0000;2026-09-30;1;0;1
0600037-87.2026.6.17.0000|67997;01/10/2026;06:00:34;2026;0600037-87.2026.6.17.0000;DF;PE;2;3;67997;30/09/2026;SEBASTIÃO REIS JUNIOR;Decisão;01/10/2026;06:01:26;2026;0600037-87.2026.6.17.0000;21/08/2026;#NULO#;PE;2;DF;3;29/09/2026;S;Por sorteio;349772;SEBASTIÃO REIS JUNIOR;11;Ministro;12626;AREspE;AGRAVO EM RECURSO ESPECIAL ELEITORAL;11667;Propaganda Política - Propaganda Eleitoral - Extemporânea/Antecipada;1;1;30/09/2026;Decisão;https://consultaunificadapje.tse.jus.br/#/public/resultado/0600037-87.2026.6.17.0000;2026-09-30;1;0;1
0600085-24.2026.6.25.0000|68125;01/10/2026;06:00:34;2026;0600085-24.2026.6.25.0000;DF;SE;2;3;68125;30/09/2026;ANTONIO CARLOS FERREIRA;Acórdão;01/10/2026;06:01:26;2026;0600085-24.2026.6.25.0000;20/08/2026;30/09/2026;SE;2;DF;3;20/08/2026;S;Por sorteio;285510;ANTONIO CARLOS FERREIRA;11;Ministro;11549;REspEl;RECURSO ESPECIAL ELEITORAL;11667;Propaganda Política - Propaganda Eleitoral - Extemporânea/Antecipada;1;1;30/09/2026;Acórdão;https://consultaunificadapje.tse.jus.br/#/public/resultado/0600085-24.2026.6.25.0000;2026-09-30;1;0;1
0600118-53.2026.6.02.0000|67657;01/10/2026;06:00:34;2026;0600118-53.2026.6.02.0000;DF;AL;2;3;67657;30/09/2026;SEBASTIÃO REIS JUNIOR;Decisão;01/10/2026;06:01:26;2026;0600118-53.2026.6.02.0000;17/08/2026;#NULO#;AL;2;DF;3;29/09/2026;S;Por sorteio;349772;SEBASTIÃO REIS JUNIOR;11;Ministro;11549;REspEl;RECURSO ESPECIAL ELEITORAL;11667;Propaganda Política - Propaganda Eleitoral - Extemporânea/Antecipada;1;1;30/09/2026;Decisão;https://consultaunificadapje.tse.jus.br/#/public/resultado/0600118-53.2026.6.02.0000;2026-09-30;1;0;1
0600158-34.2026.6.20.0000|67658;01/10/2026;06:00:34;2026;0600158-34.2026.6.20.0000;DF;RN;2;3;67658;30/09/2026;SEBASTIÃO REIS JUNIOR;Decisão;01/10/2026;06:01:26;2026;0600158-34.2026.6.20.0000;20/08/2026;#NULO#;RN;2;DF;3;29/09/2026;S;Por sorteio;349772;SEBASTIÃO REIS JUNIOR;11;Ministro;12626;AREspE;AGRAVO EM RECURSO ESPECIAL ELEITORAL;11667;Propaganda Política - Propaganda Eleitoral - Extemporânea/Antecipada;1;1;30/09/2026;Decisão;https://consultaunificadapje.tse.jus.br/#/public/resultado/0600158-34.2026.6.20.0000;2026-09-30;1;0;1
0600170-56.2025.6.03.0000|68127;01/10/2026;06:00:34;2026;0600170-56.2025.6.03.0000;DF;AP;2;3;68127;30/09/2026;ANTONIO CARLOS FERREIRA;Acórdão;01/10/2026;06:01:26;2026;0600170-56.2025.6.03.0000;27/07/2026;#NULO#;AP;2;DF;3;27/07/2026;S;Por sorteio;285510;ANTONIO CARLOS FERREIRA;11;Ministro;12626;AREspE;AGRAVO EM RECURSO ESPECIAL ELEITORAL;11667;Propaganda Política - Propaganda Eleitoral - Extemporânea/Antecipada;1;1;30/09/2026;Acórdão;https://consultaunificadapje.tse.jus.br/#/public/resultado/0600170-56.2025.6.03.0000;2026-09-30;1;0;1
0600251-13.2026.6.23.0000|68126;01/10/2026;06:00:34;2026;0600251-13.2026.6.23.0000;DF;RR;2;3;68126;30/09/2026;ANTONIO CARLOS FERREIRA;Acórdão;01/10/2026;06:01:26;2026;0600251-13.2026.6.23.0000;01/09/2026;#NULO#;RR;2;DF;3;01/09/2026;S;Por sorteio;285510;ANTONIO CARLOS FERREIRA;11;Ministro;11550;RO-El;RECURSO ORDINÁRIO ELEITORAL;12395;Inelegibilidade - Aposentadoria Compulsória ou PAD (magistrados e membros do MP);1;1;30/09/2026;Acórdão;https://consultaunificadapje.tse.jus.br/#/public/resultado/0600251-13.2026.6.23.0000;2026-09-30;0;0;0
0600260-62.2026.6.09.0000|68440;01/10/2026;06:00:34;2026;0600260-62.2026.6.09.0000;DF;GO;2;3;68440;30/09/2026;ANTONIO CARLOS FERREIRA;Acórdão;01/10/2026;06:01:26;2026;0600260-62.2026.6.09.0000;22/07/2026;#NULO#;GO;2;DF;3;22/07/2026;S;Por sorteio;285510;ANTONIO CARLOS FERREIRA;11;Ministro;12626;AREspE;AGRAVO EM RECURSO ESPECIAL ELEITORAL;11667;Propaganda Política - Propaganda Eleitoral - Extemporânea/Antecipada;1;1;30/09/2026;Acórdão;https://consultaunificadapje.tse.jus.br/#/public/resultado/0600260-62.2026.6.09.0000;2026-09-30;1;0;1
0600316-08.2026.6.23.0000|67653;01/10/2026;06:00:34;2026;0600316-08.2026.6.23.0000;DF;RR;2;3;67653;30/09/2026;SEBASTIÃO REIS JUNIOR;Decisão;01/10/2026;06:01:26;2026;0600316-08.2026.6.23.0000;19/09/2026;#NULO#;RR;2;DF;3;29/09/2026;S;Por sorteio;349772;SEBASTIÃO REIS JUNIOR;11;Ministro;11550;RO-El;RECURSO ORDINÁRIO ELEITORAL;11616;Impugnação ao Registro de Candidatura;1;1;30/09/2026;Decisão;https://consultaunificadapje.tse.jus.br/#/public/resultado/0600316-08.2026.6.23.0000;2026-09-30;0;0;0
0600569-34.2026.6.18.0000|67652;01/10/2026;06:00:34;2026;0600569-34.2026.6.18.0000;DF;PI;2;3;67652;30/09/2026;SEBASTIÃO REIS JUNIOR;Decisão;01/10/2026;06:01:26;2026;0600569-34.2026.6.18.0000;27/09/2026;#NULO#;PI;2;DF;3;27/09/2026;S;Por sorteio;349772;SEBASTIÃO REIS JUNIOR;11;Ministro;11550;RO-El;RECURSO ORDINÁRIO ELEITORAL;11600;Inelegibilidade - Desincompatibilização;1;1;30/09/2026;Decisão;https://consultaunificadapje.tse.jus.br/#/public/resultado/0600569-34.2026.6.18.0000;2026-09-30;0;0;0
0600572-86.2026.6.18.0000|68005;01/10/2026;06:00:34;2026;0600572-86.2026.6.18.0000;DF;PI;2;3;68005;30/09/2026;SEBASTIÃO REIS JUNIOR;Decisão;01/10/2026;06:01:26;2026;0600572-86.2026.6.18.0000;21/09/2026;#NULO#;PI;2;DF;3;23/09/2026;S;Por sorteio;349772;SEBASTIÃO REIS JUNIOR;11;Ministro;11549;REspEl;RECURSO ESPECIAL ELEITORAL;12044;Registro de Candidatura - DRAP Partido/Coligação;1;1;30/09/2026;Decisão;https://consultaunificadapje.tse.jus.br/#/public/resultado/0600572-86.2026.6.18.0000;2026-09-30;0;0;0
0600632-81.2026.6.10.0000|68877;01/10/2026;06:00:34;2026;0600632-81.2026.6.10.0000;DF;MA;2;3;68877;30/09/2026;ANTONIO CARLOS FERREIRA;Acórdão;01/10/2026;06:01:26;2026;0600632-81.2026.6.10.0000;08/09/2026;30/09/2026;MA;2;DF;3;08/09/2026;S;Por sorteio;285510;ANTONIO CARLOS FERREIRA;11;Ministro;11549;REspEl;RECURSO ESPECIAL ELEITORAL;11618;Registro de Candidatura - RRC - Candidato;1;1;30/09/2026;Acórdão;https://consultaunificadapje.tse.jus.br/#/public/resultado/0600632-81.2026.6.10.0000;2026-09-30;0;0;0
0600647-28.2026.6.18.0000|68768;01/10/2026;06:00:34;2026;0600647-28.2026.6.18.0000;DF;PI;2;3;68768;30/09/2026;SEBASTIÃO REIS JUNIOR;Decisão;01/10/2026;06:01:26;2026;0600647-28.2026.6.18.0000;21/09/2026;#NULO#;PI;2;DF;3;23/09/2026;PP;Por prevenção;349772;SEBASTIÃO REIS JUNIOR;11;Ministro;11549;REspEl;RECURSO ESPECIAL ELEITORAL;12044;Registro de Candidatura - DRAP Partido/Coligação;1;1;30/09/2026;Decisão;https://consultaunificadapje.tse.jus.br/#/public/resultado/0600647-28.2026.6.18.0000;2026-09-30;0;0;0
0600650-80.2026.6.18.0000|68338;01/10/2026;06:00:34;2026;0600650-80.2026.6.18.0000;DF;PI;2;3;68338;30/09/2026;SEBASTIÃO REIS JUNIOR;Decisão;01/10/2026;06:01:26;2026;0600650-80.2026.6.18.0000;21/09/2026;#NULO#;PI;2;DF;3;21/09/2026;S;Por sorteio;349772;SEBASTIÃO REIS JUNIOR;11;Ministro;11549;REspEl;RECURSO ESPECIAL ELEITORAL;12044;Registro de Candidatura - DRAP Partido/Coligação;1;1;30/09/2026;Decisão;https://consultaunificadapje.tse.jus.br/#/public/resultado/0600650-80.2026.6.18.0000;2026-09-30;0;0;0
0600666-83.2026.6.09.0000|68442;01/10/2026;06:00:34;2026;0600666-83.2026.6.09.0000;DF;GO;2;3;68442;30/09/2026;ANTONIO CARLOS FERREIRA;Acórdão;01/10/2026;06:01:26;2026;0600666-83.2026.6.09.0000;30/08/2026;30/09/2026;GO;2;DF;3;30/08/2026;S;Por sorteio;285510;ANTONIO CARLOS FERREIRA;11;Ministro;11549;REspEl;RECURSO ESPECIAL ELEITORAL;11618;Registro de Candidatura - RRC - Candidato;1;1;30/09/2026;Acórdão;https://consultaunificadapje.tse.jus.br/#/public/resultado/0600666-83.2026.6.09.0000;2026-09-30;0;0;0
0600682-21.2026.6.06.0000|68340;01/10/2026;06:00:34;2026;0600682-21.2026.6.06.0000;DF;CE;2;3;68340;30/09/2026;SEBASTIÃO REIS JUNIOR;Decisão;01/10/2026;06:01:26;2026;0600682-21.2026.6.06.0000;17/09/2026;#NULO#;CE;2;DF;3;29/09/2026;S;Por sorteio;349772;SEBASTIÃO REIS JUNIOR;11;Ministro;11550;RO-El;RECURSO ORDINÁRIO ELEITORAL;11600;Inelegibilidade - Desincompatibilização;1;1;30/09/2026;Decisão;https://consultaunificadapje.tse.jus.br/#/public/resultado/0600682-21.2026.6.06.0000;2026-09-30;0;0;0
0600816-05.2026.6.04.0000|68449;01/10/2026;06:00:34;2026;0600816-05.2026.6.04.0000;DF;AM;2;3;68449;30/09/2026;FLORIANO DE AZEVEDO MARQUES;Decisão;01/10/2026;06:01:26;2026;0600816-05.2026.6.04.0000;14/09/2026;#NULO#;AM;2;DF;3;14/09/2026;S;Por sorteio;233218;FLORIANO DE AZEVEDO MARQUES;13;Ministro;11549;REspEl;RECURSO ESPECIAL ELEITORAL;11619;Registro de Candidatura - RRCI - Candidato Individual;1;2;30/09/2026;Decisão;https://consultaunificadapje.tse.jus.br/#/public/resultado/0600816-05.2026.6.04.0000;2026-09-30;0;0;0
0600821-42.2026.6.25.0000|68878;01/10/2026;06:00:34;2026;0600821-42.2026.6.25.0000;DF;SE;2;3;68878;30/09/2026;ANTONIO CARLOS FERREIRA;Acórdão;01/10/2026;06:01:26;2026;0600821-42.2026.6.25.0000;03/09/2026;#NULO#;SE;2;DF;3;03/09/2026;S;Por sorteio;285510;ANTONIO CARLOS FERREIRA;11;Ministro;11550;RO-El;RECURSO ORDINÁRIO ELEITORAL;11598;Inelegibilidade - Condenação Criminal por órgão colegiado ou Transitada em Julgado;1;1;30/09/2026;Acórdão;https://consultaunificadapje.tse.jus.br/#/public/resultado/0600821-42.2026.6.25.0000;2026-09-30;0;0;0
0600857-90.2026.6.14.0000|68879;01/10/2026;06:00:34;2026;0600857-90.2026.6.14.0000;DF;PA;2;3;68879;30/09/2026;ANTONIO CARLOS FERREIRA;Acórdão;01/10/2026;06:01:26;2026;0600857-90.2026.6.14.0000;07/09/2026;#NULO#;PA;2;DF;3;07/09/2026;S;Por sorteio;285510;ANTONIO CARLOS FERREIRA;11;Ministro;11549;REspEl;RECURSO ESPECIAL ELEITORAL;11618;Registro de Candidatura - RRC - Candidato;1;1;30/09/2026;Acórdão;https://consultaunificadapje.tse.jus.br/#/public/resultado/0600857-90.2026.6.14.0000;2026-09-30;0;0;0
0600911-89.2026.6.02.0000|68337;01/10/2026;06:00:34;2026;0600911-89.2026.6.02.0000;DF;AL;2;3;68337;30/09/2026;SEBASTIÃO REIS JUNIOR;Decisão;01/10/2026;06:01:26;2026;0600911-89.2026.6.02.0000;20/09/2026;#NULO#;AL;2;DF;3;20/09/2026;S;Por sorteio;349772;SEBASTIÃO REIS JUNIOR;11;Ministro;11549;REspEl;RECURSO ESPECIAL ELEITORAL;11593;Direito de Resposta;1;1;30/09/2026;Decisão;https://consultaunificadapje.tse.jus.br/#/public/resultado/0600911-89.2026.6.02.0000;2026-09-30;0;0;0
0600918-48.2026.6.14.0000|68767;01/10/2026;06:00:34;2026;0600918-48.2026.6.14.0000;DF;PA;2;3;68767;30/09/2026;DIAS TOFFOLI;Decisão;01/10/2026;06:01:26;2026;0600918-48.2026.6.14.0000;28/09/2026;#NULO#;PA;2;DF;3;28/09/2026;S;Por sorteio;6276;DIAS TOFFOLI;3;Ministro;11550;RO-El;RECURSO ORDINÁRIO ELEITORAL;11618;Registro de Candidatura - RRC - Candidato;1;1;30/09/2026;Decisão;https://consultaunificadapje.tse.jus.br/#/public/resultado/0600918-48.2026.6.14.0000;2026-09-30;0;0;0
0600925-35.2026.6.07.0000|68771;01/10/2026;06:00:34;2026;0600925-35.2026.6.07.0000;DF;DF;2;3;68771;30/09/2026;SEBASTIÃO REIS JUNIOR;Decisão;01/10/2026;06:01:26;2026;0600925-35.2026.6.07.0000;22/09/2026;#NULO#;DF;2;DF;3;25/09/2026;PP;Por prevenção;349772;SEBASTIÃO REIS JUNIOR;11;Ministro;11550;RO-El;RECURSO ORDINÁRIO ELEITORAL;12044;Registro de Candidatura - DRAP Partido/Coligação;1;1;30/09/2026;Decisão;https://consultaunificadapje.tse.jus.br/#/public/resultado/0600925-35.2026.6.07.0000;2026-09-30;0;0;0
0600962-62.2026.6.07.0000|68671;01/10/2026;06:00:34;2026;0600962-62.2026.6.07.0000;DF;DF;2;3;68671;30/09/2026;DIAS TOFFOLI;Acórdão;01/10/2026;06:01:26;2026;0600962-62.2026.6.07.0000;13/09/2026;#NULO#;DF;2;DF;3;13/09/2026;S;Por sorteio;6276;DIAS TOFFOLI;3;Ministro;11550;RO-El;RECURSO ORDINÁRIO ELEITORAL;11616;Impugnação ao Registro de Candidatura;1;1;30/09/2026;Acórdão;https://consultaunificadapje.tse.jus.br/#/public/resultado/0600962-62.2026.6.07.0000;2026-09-30;0;0;0
0601025-82.2026.6.00.0000|67834;01/10/2026;06:00:34;2026;0601025-82.2026.6.00.0000;DF;DF;3;3;67834;30/09/2026;NUNES MARQUES;Decisão;01/10/2026;06:01:26;2026;0601025-82.2026.6.00.0000;16/06/2026;#NULO#;DF;3;DF;3;16/06/2026;S;Por sorteio;202679;NUNES MARQUES;78;Ministro;241;PetCiv;PETIÇÃO CÍVEL;11764;Órgão de Direção Partidária;0;1;30/09/2026;Decisão;https://consultaunificadapje.tse.jus.br/#/public/resultado/0601025-82.2026.6.00.0000;2026-09-30;0;0;0
0601064-56.2026.6.26.0000|67756;01/10/2026;06:00:34;2026;0601064-56.2026.6.26.0000;DF;SP;2;3;67756;30/09/2026;ANTONIO CARLOS FERREIRA;Acórdão;01/10/2026;06:01:26;2026;0601064-56.2026.6.26.0000;04/09/2026;#NULO#;SP;2;DF;3;04/09/2026;S;Por sorteio;285510;ANTONIO CARLOS FERREIRA;11;Ministro;11549;REspEl;RECURSO ESPECIAL ELEITORAL;11616;Impugnação ao Registro de Candidatura;1;2;30/09/2026;Acórdão;https://consultaunificadapje.tse.jus.br/#/public/resultado/0601064-56.2026.6.26.0000;2026-09-30;0;0;0
0601130-64.2026.6.07.0000|68537;01/10/2026;06:00:34;2026;0601130-64.2026.6.07.0000;DF;DF;2;3;68537;30/09/2026;NUNES MARQUES;Decisão;01/10/2026;06:01:26;2026;0601130-64.2026.6.07.0000;27/08/2026;#NULO#;DF;2;DF;3;27/08/2026;S;Por sorteio;202679;NUNES MARQUES;60;Juíz Auxiliar;12561;NIP;NOTÍCIA DE IRREGULARIDADE EM PROPAGANDA ELEITORAL;11679;Propaganda Política - Propaganda Eleitoral - Internet;1;1;30/09/2026;Decisão;https://consultaunificadapje.tse.jus.br/#/public/resultado/0601130-64.2026.6.07.0000;2026-09-30;1;0;1
0601185-79.2026.6.19.0000|68463;01/10/2026;06:00:34;2026;0601185-79.2026.6.19.0000;DF;RJ;2;3;68463;30/09/2026;FLORIANO DE AZEVEDO MARQUES;Decisão;01/10/2026;06:01:26;2026;0601185-79.2026.6.19.0000;16/09/2026;#NULO#;RJ;2;DF;3;16/09/2026;S;Por sorteio;233218;FLORIANO DE AZEVEDO MARQUES;13;Ministro;11549;REspEl;RECURSO ESPECIAL ELEITORAL;11591;Condição de Elegibilidade - Pleno Exercício dos Direitos Políticos;1;2;30/09/2026;Decisão;https://consultaunificadapje.tse.jus.br/#/public/resultado/0601185-79.2026.6.19.0000;2026-09-30;0;0;0
0601311-37.2026.6.26.0000|68006;01/10/2026;06:00:34;2026;0601311-37.2026.6.26.0000;DF;SP;2;3;68006;30/09/2026;SEBASTIÃO REIS JUNIOR;Decisão;01/10/2026;06:01:26;2026;0601311-37.2026.6.26.0000;15/09/2026;#NULO#;SP;2;DF;3;29/09/2026;S;Por sorteio;349772;SEBASTIÃO REIS JUNIOR;11;Ministro;11550;RO-El;RECURSO ORDINÁRIO ELEITORAL;11618;Registro de Candidatura - RRC - Candidato;1;1;30/09/2026;Decisão;https://consultaunificadapje.tse.jus.br/#/public/resultado/0601311-37.2026.6.26.0000;2026-09-30;0;0;0
0601338-15.2026.6.19.0000|68004;01/10/2026;06:00:34;2026;0601338-15.2026.6.19.0000;DF;RJ;2;3;68004;30/09/2026;SEBASTIÃO REIS JUNIOR;Decisão;01/10/2026;06:01:26;2026;0601338-15.2026.6.19.0000;18/09/2026;#NULO#;RJ;2;DF;3;29/09/2026;S;Por sorteio;349772;SEBASTIÃO REIS JUNIOR;11;Ministro;11550;RO-El;RECURSO ORDINÁRIO ELEITORAL;11605;Inelegibilidade - Representação ou Ação de Investigação Judicial Eleitoral Jugada Procedente pela Justiça Eleitoral;1;1;30/09/2026;Decisão;https://consultaunificadapje.tse.jus.br/#/public/resultado/0601338-15.2026.6.19.0000;2026-09-30;0;0;0
0601376-70.2026.6.21.0000|68450;01/10/2026;06:00:34;2026;0601376-70.2026.6.21.0000;DF;RS;2;3;68450;30/09/2026;FLORIANO DE AZEVEDO MARQUES;Decisão;01/10/2026;06:01:26;2026;0601376-70.2026.6.21.0000;15/09/2026;#NULO#;RS;2;DF;3;15/09/2026;S;Por sorteio;233218;FLORIANO DE AZEVEDO MARQUES;13;Ministro;11549;REspEl;RECURSO ESPECIAL ELEITORAL;11618;Registro de Candidatura - RRC - Candidato;1;2;30/09/2026;Decisão;https://consultaunificadapje.tse.jus.br/#/public/resultado/0601376-70.2026.6.21.0000;2026-09-30;0;0;0
0601445-87.2026.6.00.0000|68216;01/10/2026;06:00:34;2026;0601445-87.2026.6.00.0000;DF;DF;3;3;68216;30/09/2026;NUNES MARQUES;Decisão;01/10/2026;06:01:26;2026;0601445-87.2026.6.00.0000;11/08/2026;#NULO#;DF;3;DF;3;11/08/2026;S;Por sorteio;202679;NUNES MARQUES;60;Juíz Auxiliar;11541;Rp;REPRESENTAÇÃO;11667;Propaganda Política - Propaganda Eleitoral - Extemporânea/Antecipada;0;2;30/09/2026;Decisão;https://consultaunificadapje.tse.jus.br/#/public/resultado/0601445-87.2026.6.00.0000;2026-09-30;1;0;1
0601445-87.2026.6.00.0000|68217;01/10/2026;06:00:34;2026;0601445-87.2026.6.00.0000;DF;DF;3;3;68217;30/09/2026;NUNES MARQUES;Decisão;01/10/2026;06:01:26;2026;0601445-87.2026.6.00.0000;11/08/2026;#NULO#;DF;3;DF;3;11/08/2026;S;Por sorteio;202679;NUNES MARQUES;60;Juíz Auxiliar;11541;Rp;REPRESENTAÇÃO;11667;Propaganda Política - Propaganda Eleitoral - Extemporânea/Antecipada;0;2;30/09/2026;Decisão;https://consultaunificadapje.tse.jus.br/#/public/resultado/0601445-87.2026.6.00.0000;2026-09-30;1;0;1
0601448-57.2026.6.21.0000|68146;01/10/2026;06:00:34;2026;0601448-57.2026.6.21.0000;DF;RS;2;3;68146;30/09/2026;FLORIANO DE AZEVEDO MARQUES;Decisão;01/10/2026;06:01:26;2026;0601448-57.2026.6.21.0000;18/09/2026;#NULO#;RS;2;DF;3;20/09/2026;S;Por sorteio;233218;FLORIANO DE AZEVEDO MARQUES;13;Ministro;11549;REspEl;RECURSO ESPECIAL ELEITORAL;11618;Registro de Candidatura - RRC - Candidato;1;2;30/09/2026;Decisão;https://consultaunificadapje.tse.jus.br/#/public/resultado/0601448-57.2026.6.21.0000;2026-09-30;0;0;0
0601595-68.2026.6.00.0000|68215;01/10/2026;06:00:34;2026;0601595-68.2026.6.00.0000;DF;DF;3;3;68215;30/09/2026;NUNES MARQUES;Decisão;01/10/2026;06:01:26;2026;0601595-68.2026.6.00.0000;17/08/2026;#NULO#;DF;3;DF;3;17/08/2026;S;Por sorteio;202679;NUNES MARQUES;60;Juíz Auxiliar;11541;Rp;REPRESENTAÇÃO;11651;Pesquisa Eleitoral - Registro de Pesquisa Eleitoral;0;1;30/09/2026;Decisão;https://consultaunificadapje.tse.jus.br/#/public/resultado/0601595-68.2026.6.00.0000;2026-09-30;0;0;0
0601597-38.2026.6.00.0000|67356;01/10/2026;06:00:34;2026;0601597-38.2026.6.00.0000;DF;DF;3;3;67356;30/09/2026;NUNES MARQUES;Decisão;01/10/2026;06:01:26;2026;0601597-38.2026.6.00.0000;17/08/2026;#NULO#;DF;3;DF;3;17/08/2026;S;Por sorteio;202679;NUNES MARQUES;60;Juíz Auxiliar;11541;Rp;REPRESENTAÇÃO;11651;Pesquisa Eleitoral - Registro de Pesquisa Eleitoral;0;1;30/09/2026;Decisão;https://consultaunificadapje.tse.jus.br/#/public/resultado/0601597-38.2026.6.00.0000;2026-09-30;0;0;0
0601609-52.2026.6.00.0000|67357;01/10/2026;06:00:34;2026;0601609-52.2026.6.00.0000;DF;DF;3;3;67357;30/09/2026;NUNES MARQUES;Decisão;01/10/2026;06:01:26;2026;0601609-52.2026.6.00.0000;17/08/2026;#NULO#;DF;3;DF;3;17/08/2026;S;Por sorteio;202679;NUNES MARQUES;60;Juíz Auxiliar;11541;Rp;REPRESENTAÇÃO;11651;Pesquisa Eleitoral - Registro de Pesquisa Eleitoral;0;1;30/09/2026;Decisão;https://consultaunificadapje.tse.jus.br/#/public/resultado/0601609-52.2026.6.00.0000;2026-09-30;0;0;0
0601652-32.2026.6.02.0000|67647;01/10/2026;06:00:34;2026;0601652-32.2026.6.02.0000;DF;AL;2;3;67647;30/09/2026;NUNES MARQUES;Acórdão;01/10/2026;06:01:26;2026;0601652-32.2026.6.02.0000;28/09/2026;#NULO#;AL;2;DF;3;28/09/2026;S;Por sorteio;202679;NUNES MARQUES;78;Ministro;1298;PA;PROCESSO ADMINISTRATIVO;11573;Requisição de Força Federal;1;1;30/09/2026;Acórdão;https://consultaunificadapje.tse.jus.br/#/public/resultado/0601652-32.2026.6.02.0000;2026-09-30;0;0;0
0601725-58.2026.6.00.0000|68536;01/10/2026;06:00:34;2026;0601725-58.2026.6.00.0000;DF;DF;3;3;68536;30/09/2026;NUNES MARQUES;Decisão;01/10/2026;06:01:26;2026;0601725-58.2026.6.00.0000;25/08/2026;#NULO#;DF;3;DF;3;25/08/2026;S;Por sorteio;202679;NUNES MARQUES;60;Juíz Auxiliar;11541;Rp;REPRESENTAÇÃO;11667;Propaganda Política - Propaganda Eleitoral - Extemporânea/Antecipada;0;1;30/09/2026;Decisão;https://consultaunificadapje.tse.jus.br/#/public/resultado/0601725-58.2026.6.00.0000;2026-09-30;1;0;1
0601742-94.2026.6.00.0000|68124;01/10/2026;06:00:34;2026;0601742-94.2026.6.00.0000;DF;DF;3;3;68124;30/09/2026;ANTONIO CARLOS FERREIRA;Acórdão;01/10/2026;06:01:26;2026;0601742-94.2026.6.00.0000;27/08/2026;#NULO#;DF;3;DF;3;29/09/2026;S;Por sorteio;349772;SEBASTIÃO REIS JUNIOR;11;Ministro;12375;Rcl;RECLAMAÇÃO;12044;Registro de Candidatura - DRAP Partido/Coligação;0;2;30/09/2026;Acórdão;https://consultaunificadapje.tse.jus.br/#/public/resultado/0601742-94.2026.6.00.0000;2026-09-30;0;0;0
0601788-83.2026.6.00.0000|68539;01/10/2026;06:00:34;2026;0601788-83.2026.6.00.0000;DF;DF;3;3;68539;30/09/2026;NUNES MARQUES;Decisão;01/10/2026;06:01:26;2026;0601788-83.2026.6.00.0000;31/08/2026;#NULO#;DF;3;DF;3;31/08/2026;S;Por sorteio;202679;NUNES MARQUES;60;Juíz Auxiliar;12625;DR;DIREITO DE RESPOSTA;11593;Direito de Resposta;0;1;30/09/2026;Decisão;https://consultaunificadapje.tse.jus.br/#/public/resultado/0601788-83.2026.6.00.0000;2026-09-30;0;1;1
0601789-68.2026.6.00.0000|68538;01/10/2026;06:00:34;2026;0601789-68.2026.6.00.0000;DF;DF;3;3;68538;30/09/2026;NUNES MARQUES;Decisão;01/10/2026;06:01:26;2026;0601789-68.2026.6.00.0000;31/08/2026;#NULO#;DF;3;DF;3;31/08/2026;S;Por sorteio;202679;NUNES MARQUES;60;Juíz Auxiliar;12625;DR;DIREITO DE RESPOSTA;11593;Direito de Resposta;0;1;30/09/2026;Decisão;https://consultaunificadapje.tse.jus.br/#/public/resultado/0601789-68.2026.6.00.0000;2026-09-30;0;1;1
0601807-89.2026.6.00.0000|68557;01/10/2026;06:00:34;2026;0601807-89.2026.6.00.0000;DF;DF;3;3;68557;30/09/2026;NUNES MARQUES;Decisão;01/10/2026;06:01:26;2026;0601807-89.2026.6.00.0000;01/09/2026;#NULO#;DF;3;DF;3;01/09/2026;S;Por sorteio;202679;NUNES MARQUES;60;Juíz Auxiliar;12625;DR;DIREITO DE RESPOSTA;11634;Cargo - Presidente da República;0;2;30/09/2026;Decisão;https://consultaunificadapje.tse.jus.br/#/public/resultado/0601807-89.2026.6.00.0000;2026-09-30;0;1;1
0601810-44.2026.6.00.0000|68541;01/10/2026;06:00:34;2026;0601810-44.2026.6.00.0000;DF;DF;3;3;68541;30/09/2026;NUNES MARQUES;Decisão;01/10/2026;06:01:26;2026;0601810-44.2026.6.00.0000;01/09/2026;#NULO#;DF;3;DF;3;01/09/2026;S;Por sorteio;202679;NUNES MARQUES;60;Juíz Auxiliar;12625;DR;DIREITO DE RESPOSTA;11593;Direito de Resposta;0;3;30/09/2026;Decisão;https://consultaunificadapje.tse.jus.br/#/public/resultado/0601810-44.2026.6.00.0000;2026-09-30;0;1;1
0601810-44.2026.6.00.0000|68542;01/10/2026;06:00:34;2026;0601810-44.2026.6.00.0000;DF;DF;3;3;68542;30/09/2026;NUNES MARQUES;Decisão;01/10/2026;06:01:26;2026;0601810-44.2026.6.00.0000;01/09/2026;#NULO#;DF;3;DF;3;01/09/2026;S;Por sorteio;202679;NUNES MARQUES;60;Juíz Auxiliar;12625;DR;DIREITO DE RESPOSTA;11593;Direito de Resposta;0;3;30/09/2026;Decisão;https://consultaunificadapje.tse.jus.br/#/public/resultado/0601810-44.2026.6.00.0000;2026-09-30;0;1;1
0601813-96.2026.6.00.0000|67859;01/10/2026;06:00:34;2026;0601813-96.2026.6.00.0000;DF;DF;3;3;67859;30/09/2026;NUNES MARQUES;Decisão;01/10/2026;06:01:26;2026;0601813-96.2026.6.00.0000;01/09/2026;#NULO#;DF;3;DF;3;01/09/2026;S;Por sorteio;202679;NUNES MARQUES;60;Juíz Auxiliar;12625;DR;DIREITO DE RESPOSTA;11593;Direito de Resposta;0;1;30/09/2026;Decisão;https://consultaunificadapje.tse.jus.br/#/public/resultado/0601813-96.2026.6.00.0000;2026-09-30;0;1;1
0601832-05.2026.6.00.0000|68214;01/10/2026;06:00:34;2026;0601832-05.2026.6.00.0000;DF;DF;3;3;68214;30/09/2026;NUNES MARQUES;Decisão;01/10/2026;06:01:26;2026;0601832-05.2026.6.00.0000;02/09/2026;#NULO#;DF;3;DF;3;02/09/2026;S;Por sorteio;202679;NUNES MARQUES;60;Juíz Auxiliar;12625;DR;DIREITO DE RESPOSTA;11593;Direito de Resposta;0;1;30/09/2026;Decisão;https://consultaunificadapje.tse.jus.br/#/public/resultado/0601832-05.2026.6.00.0000;2026-09-30;0;1;1
0601835-57.2026.6.00.0000|67860;01/10/2026;06:00:34;2026;0601835-57.2026.6.00.0000;DF;DF;3;3;67860;30/09/2026;NUNES MARQUES;Decisão;01/10/2026;06:01:26;2026;0601835-57.2026.6.00.0000;02/09/2026;#NULO#;DF;3;DF;3;02/09/2026;S;Por sorteio;202679;NUNES MARQUES;60;Juíz Auxiliar;12625;DR;DIREITO DE RESPOSTA;11593;Direito de Resposta;0;1;30/09/2026;Decisão;https://consultaunificadapje.tse.jus.br/#/public/resultado/0601835-57.2026.6.00.0000;2026-09-30;0;1;1
0601838-12.2026.6.00.0000|67355;01/10/2026;06:00:34;2026;0601838-12.2026.6.00.0000;DF;DF;3;3;67355;30/09/2026;NUNES MARQUES;Decisão;01/10/2026;06:01:26;2026;0601838-12.2026.6.00.0000;02/09/2026;#NULO#;DF;3;DF;3;02/09/2026;S;Por sorteio;202679;NUNES MARQUES;60;Juíz Auxiliar;12625;DR;DIREITO DE RESPOSTA;11634;Cargo - Presidente da República;0;1;30/09/2026;Decisão;https://consultaunificadapje.tse.jus.br/#/public/resultado/0601838-12.2026.6.00.0000;2026-09-30;0;1;1
0601840-79.2026.6.00.0000|68218;01/10/2026;06:00:34;2026;0601840-79.2026.6.00.0000;DF;DF;3;3;68218;30/09/2026;NUNES MARQUES;Decisão;01/10/2026;06:01:26;2026;0601840-79.2026.6.00.0000;02/09/2026;#NULO#;DF;3;DF;3;02/09/2026;S;Por sorteio;202679;NUNES MARQUES;60;Juíz Auxiliar;12625;DR;DIREITO DE RESPOSTA;11593;Direito de Resposta;0;1;30/09/2026;Decisão;https://consultaunificadapje.tse.jus.br/#/public/resultado/0601840-79.2026.6.00.0000;2026-09-30;0;1;1
0601841-64.2026.6.00.0000|67858;01/10/2026;06:00:34;2026;0601841-64.2026.6.00.0000;DF;DF;3;3;67858;30/09/2026;NUNES MARQUES;Decisão;01/10/2026;06:01:26;2026;0601841-64.2026.6.00.0000;02/09/2026;#NULO#;DF;3;DF;3;02/09/2026;S;Por sorteio;202679;NUNES MARQUES;60;Juíz Auxiliar;12625;DR;DIREITO DE RESPOSTA;11593;Direito de Resposta;0;1;30/09/2026;Decisão;https://consultaunificadapje.tse.jus.br/#/public/resultado/0601841-64.2026.6.00.0000;2026-09-30;0;1;1
0601931-72.2026.6.00.0000|68540;01/10/2026;06:00:34;2026;0601931-72.2026.6.00.0000;DF;DF;3;3;68540;30/09/2026;NUNES MARQUES;Decisão;01/10/2026;06:01:26;2026;0601931-72.2026.6.00.0000;09/09/2026;#NULO#;DF;3;DF;3;09/09/2026;S;Por sorteio;202679;NUNES MARQUES;60;Juíz Auxiliar;12625;DR;DIREITO DE RESPOSTA;11634;Cargo - Presidente da República;0;1;30/09/2026;Decisão;https://consultaunificadapje.tse.jus.br/#/public/resultado/0601931-72.2026.6.00.0000;2026-09-30;0;1;1
0602086-75.2026.6.00.0000|68203;01/10/2026;06:00:34;2026;0602086-75.2026.6.00.0000;DF;DF;3;3;68203;30/09/2026;NUNES MARQUES;Decisão;01/10/2026;06:01:26;2026;0602086-75.2026.6.00.0000;17/09/2026;#NULO#;DF;3;DF;3;18/09/2026;S;Por sorteio;202679;NUNES MARQUES;78;Ministro;241;PetCiv;PETIÇÃO CÍVEL;12362;Autorização de Divulgação de Publicidade Institucional;0;1;30/09/2026;Decisão;https://consultaunificadapje.tse.jus.br/#/public/resultado/0602086-75.2026.6.00.0000;2026-09-30;0;0;0
0602087-60.2026.6.00.0000|68522;01/10/2026;06:00:34;2026;0602087-60.2026.6.00.0000;DF;DF;3;3;68522;30/09/2026;NUNES MARQUES;Decisão;01/10/2026;06:01:26;2026;0602087-60.2026.6.00.0000;17/09/2026;#NULO#;DF;3;DF;3;18/09/2026;S;Por sorteio;202679;NUNES MARQUES;78;Ministro;241;PetCiv;PETIÇÃO CÍVEL;12362;Autorização de Divulgação de Publicidade Institucional;0;1;30/09/2026;Decisão;https://consultaunificadapje.tse.jus.br/#/public/resultado/0602087-60.2026.6.00.0000;2026-09-30;0;0;0
0602088-45.2026.6.00.0000|67835;01/10/2026;06:00:34;2026;0602088-45.2026.6.00.0000;DF;DF;3;3;67835;30/09/2026;NUNES MARQUES;Decisão;01/10/2026;06:01:26;2026;0602088-45.2026.6.00.0000;18/09/2026;#NULO#;DF;3;DF;3;18/09/2026;S;Por sorteio;202679;NUNES MARQUES;78;Ministro;241;PetCiv;PETIÇÃO CÍVEL;12362;Autorização de Divulgação de Publicidade Institucional;0;1;30/09/2026;Decisão;https://consultaunificadapje.tse.jus.br/#/public/resultado/0602088-45.2026.6.00.0000;2026-09-30;0;0;0
0602090-15.2026.6.00.0000|68528;01/10/2026;06:00:34;2026;0602090-15.2026.6.00.0000;DF;DF;3;3;68528;30/09/2026;NUNES MARQUES;Decisão;01/10/2026;06:01:26;2026;0602090-15.2026.6.00.0000;18/09/2026;#NULO#;DF;3;DF;3;18/09/2026;S;Por sorteio;202679;NUNES MARQUES;78;Ministro;241;PetCiv;PETIÇÃO CÍVEL;12362;Autorização de Divulgação de Publicidade Institucional;0;1;30/09/2026;Decisão;https://consultaunificadapje.tse.jus.br/#/public/resultado/0602090-15.2026.6.00.0000;2026-09-30;0;0;0
0602153-40.2026.6.00.0000|67836;01/10/2026;06:00:34;2026;0602153-40.2026.6.00.0000;DF;DF;3;3;67836;30/09/2026;NUNES MARQUES;Decisão;01/10/2026;06:01:26;2026;0602153-40.2026.6.00.0000;21/09/2026;#NULO#;DF;3;DF;3;21/09/2026;S;Por sorteio;202679;NUNES MARQUES;78;Ministro;241;PetCiv;PETIÇÃO CÍVEL;12362;Autorização de Divulgação de Publicidade Institucional;0;1;30/09/2026;Decisão;https://consultaunificadapje.tse.jus.br/#/public/resultado/0602153-40.2026.6.00.0000;2026-09-30;0;0;0
0602154-25.2026.6.00.0000|68520;01/10/2026;06:00:34;2026;0602154-25.2026.6.00.0000;DF;DF;3;3;68520;30/09/2026;NUNES MARQUES;Decisão;01/10/2026;06:01:26;2026;0602154-25.2026.6.00.0000;21/09/2026;#NULO#;DF;3;DF;3;21/09/2026;S;Por sorteio;202679;NUNES MARQUES;78;Ministro;241;PetCiv;PETIÇÃO CÍVEL;12362;Autorização de Divulgação de Publicidade Institucional;0;1;30/09/2026;Decisão;https://consultaunificadapje.tse.jus.br/#/public/resultado/0602154-25.2026.6.00.0000;2026-09-30;0;0;0
0602216-65.2026.6.00.0000|68144;01/10/2026;06:00:34;2026;0602216-65.2026.6.00.0000;DF;DF;3;3;68144;30/09/2026;FLORIANO DE AZEVEDO MARQUES;Decisão;01/10/2026;06:01:26;2026;0602216-65.2026.6.00.0000;23/09/2026;#NULO#;DF;3;DF;3;23/09/2026;S;Por sorteio;233218;FLORIANO DE AZEVEDO MARQUES;13;Ministro;12135;TutAntAnt;TUTELA ANTECIPADA ANTECEDENTE;11593;Direito de Resposta;0;1;30/09/2026;Decisão;https://consultaunificadapje.tse.jus.br/#/public/resultado/0602216-65.2026.6.00.0000;2026-09-30;0;0;0
0602226-86.2026.6.26.0000|68779;01/10/2026;06:00:34;2026;0602226-86.2026.6.26.0000;DF;SP;2;3;68779;30/09/2026;ANDRÉ MENDONÇA;Decisão;01/10/2026;06:01:26;2026;0602226-86.2026.6.26.0000;23/09/2026;#NULO#;SP;2;DF;3;23/09/2026;S;Por sorteio;223256;ANDRÉ MENDONÇA;14;Ministro;11550;RO-El;RECURSO ORDINÁRIO ELEITORAL;11616;Impugnação ao Registro de Candidatura;1;1;30/09/2026;Decisão;https://consultaunificadapje.tse.jus.br/#/public/resultado/0602226-86.2026.6.26.0000;2026-09-30;0;0;0
0602236-56.2026.6.00.0000|68001;01/10/2026;06:00:34;2026;0602236-56.2026.6.00.0000;DF;DF;3;3;68001;30/09/2026;SEBASTIÃO REIS JUNIOR;Decisão;01/10/2026;06:01:26;2026;0602236-56.2026.6.00.0000;24/09/2026;#NULO#;DF;3;DF;3;24/09/2026;S;Por sorteio;349772;SEBASTIÃO REIS JUNIOR;11;Ministro;11541;Rp;REPRESENTAÇÃO;15591;Fundo Especial de Financiamento de Campanha (FEFC);0;1;30/09/2026;Decisão;https://consultaunificadapje.tse.jus.br/#/public/resultado/0602236-56.2026.6.00.0000;2026-09-30;0;0;0
0602263-39.2026.6.00.0000|68650;01/10/2026;06:00:34;2026;0602263-39.2026.6.00.0000;DF;DF;3;3;68650;30/09/2026;ESTELA ARANHA;Decisão;01/10/2026;06:01:26;2026;0602263-39.2026.6.00.0000;25/09/2026;#NULO#;DF;3;DF;3;25/09/2026;S;Por sorteio;350140;ESTELA ARANHA;59;Juíz Auxiliar;11541;Rp;REPRESENTAÇÃO;12638;Propaganda Política - Propaganda Eleitoral - Impulsionamento;0;1;30/09/2026;Decisão;https://consultaunificadapje.tse.jus.br/#/public/resultado/0602263-39.2026.6.00.0000;2026-09-30;1;0;1
0602265-09.2026.6.00.0000|68308;01/10/2026;06:00:34;2026;0602265-09.2026.6.00.0000;DF;DF;3;3;68308;30/09/2026;ESTELA ARANHA;Decisão;01/10/2026;06:01:26;2026;0602265-09.2026.6.00.0000;25/09/2026;#NULO#;DF;3;DF;3;25/09/2026;S;Por sorteio;350140;ESTELA ARANHA;59;Juíz Auxiliar;11541;Rp;REPRESENTAÇÃO;12638;Propaganda Política - Propaganda Eleitoral - Impulsionamento;0;1;30/09/2026;Decisão;https://consultaunificadapje.tse.jus.br/#/public/resultado/0602265-09.2026.6.00.0000;2026-09-30;1;0;1
0602266-91.2026.6.00.0000|68649;01/10/2026;06:00:34;2026;0602266-91.2026.6.00.0000;DF;DF;3;3;68649;30/09/2026;ESTELA ARANHA;Decisão;01/10/2026;06:01:26;2026;0602266-91.2026.6.00.0000;25/09/2026;#NULO#;DF;3;DF;3;25/09/2026;S;Por sorteio;350140;ESTELA ARANHA;59;Juíz Auxiliar;11541;Rp;REPRESENTAÇÃO;12638;Propaganda Política - Propaganda Eleitoral - Impulsionamento;0;1;30/09/2026;Decisão;https://consultaunificadapje.tse.jus.br/#/public/resultado/0602266-91.2026.6.00.0000;2026-09-30;1;0;1
0602267-76.2026.6.00.0000|67631;01/10/2026;06:00:34;2026;0602267-76.2026.6.00.0000;DF;DF;3;3;67631;30/09/2026;ESTELA ARANHA;Decisão;01/10/2026;06:01:26;2026;0602267-76.2026.6.00.0000;25/09/2026;#NULO#;DF;3;DF;3;25/09/2026;S;Por sorteio;350140;ESTELA ARANHA;59;Juíz Auxiliar;11541;Rp;REPRESENTAÇÃO;12638;Propaganda Política - Propaganda Eleitoral - Impulsionamento;0;1;30/09/2026;Decisão;https://consultaunificadapje.tse.jus.br/#/public/resultado/0602267-76.2026.6.00.0000;2026-09-30;1;0;1
0602268-61.2026.6.00.0000|67966;01/10/2026;06:00:34;2026;0602268-61.2026.6.00.0000;DF;DF;3;3;67966;30/09/2026;ESTELA ARANHA;Decisão;01/10/2026;06:01:26;2026;0602268-61.2026.6.00.0000;25/09/2026;#NULO#;DF;3;DF;3;25/09/2026;S;Por sorteio;350140;ESTELA ARANHA;59;Juíz Auxiliar;11541;Rp;REPRESENTAÇÃO;12638;Propaganda Política - Propaganda Eleitoral - Impulsionamento;0;1;30/09/2026;Decisão;https://consultaunificadapje.tse.jus.br/#/public/resultado/0602268-61.2026.6.00.0000;2026-09-30;1;0;1
0602269-46.2026.6.00.0000|68639;01/10/2026;06:00:34;2026;0602269-46.2026.6.00.0000;DF;DF;3;3;68639;30/09/2026;ESTELA ARANHA;Decisão;01/10/2026;06:01:26;2026;0602269-46.2026.6.00.0000;25/09/2026;#NULO#;DF;3;DF;3;25/09/2026;S;Por sorteio;350140;ESTELA ARANHA;59;Juíz Auxiliar;11541;Rp;REPRESENTAÇÃO;12638;Propaganda Política - Propaganda Eleitoral - Impulsionamento;0;1;30/09/2026;Decisão;https://consultaunificadapje.tse.jus.br/#/public/resultado/0602269-46.2026.6.00.0000;2026-09-30;1;0;1
0602289-37.2026.6.00.0000|68521;01/10/2026;06:00:34;2026;0602289-37.2026.6.00.0000;DF;DF;3;3;68521;30/09/2026;NUNES MARQUES;Decisão;01/10/2026;06:01:26;2026;0602289-37.2026.6.00.0000;25/09/2026;#NULO#;DF;3;DF;3;25/09/2026;S;Por sorteio;202679;NUNES MARQUES;78;Ministro;241;PetCiv;PETIÇÃO CÍVEL;12362;Autorização de Divulgação de Publicidade Institucional;0;1;30/09/2026;Decisão;https://consultaunificadapje.tse.jus.br/#/public/resultado/0602289-37.2026.6.00.0000;2026-09-30;0;0;0
0602318-87.2026.6.00.0000|67646;01/10/2026;06:00:34;2026;0602318-87.2026.6.00.0000;DF;DF;3;3;67646;30/09/2026;NUNES MARQUES;Decisão;01/10/2026;06:01:26;2026;0602318-87.2026.6.00.0000;26/09/2026;#NULO#;DF;3;DF;3;27/09/2026;S;Por sorteio;202679;NUNES MARQUES;78;Ministro;12375;Rcl;RECLAMAÇÃO;11573;Requisição de Força Federal;0;1;30/09/2026;Decisão;https://consultaunificadapje.tse.jus.br/#/public/resultado/0602318-87.2026.6.00.0000;2026-09-30;0;0;0
0602335-26.2026.6.00.0000|67968;01/10/2026;06:00:34;2026;0602335-26.2026.6.00.0000;DF;DF;3;3;67968;30/09/2026;ESTELA ARANHA;Decisão;01/10/2026;06:01:26;2026;0602335-26.2026.6.00.0000;27/09/2026;#NULO#;DF;3;DF;3;27/09/2026;S;Por sorteio;350140;ESTELA ARANHA;59;Juíz Auxiliar;11541;Rp;REPRESENTAÇÃO;12638;Propaganda Política - Propaganda Eleitoral - Impulsionamento;0;1;30/09/2026;Decisão;https://consultaunificadapje.tse.jus.br/#/public/resultado/0602335-26.2026.6.00.0000;2026-09-30;1;0;1
0602367-31.2026.6.00.0000|68323;01/10/2026;06:00:34;2026;0602367-31.2026.6.00.0000;DF;DF;3;3;68323;30/09/2026;ESTELA ARANHA;Decisão;01/10/2026;06:01:26;2026;0602367-31.2026.6.00.0000;27/09/2026;#NULO#;DF;3;DF;3;27/09/2026;S;Por sorteio;350140;ESTELA ARANHA;59;Juíz Auxiliar;11541;Rp;REPRESENTAÇÃO;12638;Propaganda Política - Propaganda Eleitoral - Impulsionamento;0;1;30/09/2026;Decisão;https://consultaunificadapje.tse.jus.br/#/public/resultado/0602367-31.2026.6.00.0000;2026-09-30;1;0;1
0602370-83.2026.6.00.0000|67638;01/10/2026;06:00:34;2026;0602370-83.2026.6.00.0000;DF;DF;3;3;67638;30/09/2026;ESTELA ARANHA;Decisão;01/10/2026;06:01:26;2026;0602370-83.2026.6.00.0000;27/09/2026;#NULO#;DF;3;DF;3;28/09/2026;S;Por sorteio;350140;ESTELA ARANHA;59;Juíz Auxiliar;11541;Rp;REPRESENTAÇÃO;12635;Propaganda Política - Propaganda Eleitoral - Divulgação de Notícia  Sabidamente Falsa;0;1;30/09/2026;Decisão;https://consultaunificadapje.tse.jus.br/#/public/resultado/0602370-83.2026.6.00.0000;2026-09-30;1;0;1
0602371-68.2026.6.00.0000|67639;01/10/2026;06:00:34;2026;0602371-68.2026.6.00.0000;DF;DF;3;3;67639;30/09/2026;ESTELA ARANHA;Decisão;01/10/2026;06:01:26;2026;0602371-68.2026.6.00.0000;27/09/2026;#NULO#;DF;3;DF;3;27/09/2026;S;Por sorteio;350140;ESTELA ARANHA;59;Juíz Auxiliar;11541;Rp;REPRESENTAÇÃO;11675;Propaganda Política - Propaganda Eleitoral - Televisão;0;1;30/09/2026;Decisão;https://consultaunificadapje.tse.jus.br/#/public/resultado/0602371-68.2026.6.00.0000;2026-09-30;1;0;1
0602436-63.2026.6.00.0000|67963;01/10/2026;06:00:34;2026;0602436-63.2026.6.00.0000;DF;DF;3;3;67963;30/09/2026;ESTELA ARANHA;Decisão;01/10/2026;06:01:26;2026;0602436-63.2026.6.00.0000;28/09/2026;#NULO#;DF;3;DF;3;29/09/2026;S;Por sorteio;350140;ESTELA ARANHA;59;Juíz Auxiliar;11541;Rp;REPRESENTAÇÃO;11675;Propaganda Política - Propaganda Eleitoral - Televisão;0;1;30/09/2026;Decisão;https://consultaunificadapje.tse.jus.br/#/public/resultado/0602436-63.2026.6.00.0000;2026-09-30;1;0;1
0602438-33.2026.6.00.0000|68453;01/10/2026;06:00:34;2026;0602438-33.2026.6.00.0000;DF;DF;3;3;68453;30/09/2026;DIAS TOFFOLI;Decisão;01/10/2026;06:01:26;2026;0602438-33.2026.6.00.0000;28/09/2026;#NULO#;DF;3;DF;3;28/09/2026;PD;Por dependência;6276;DIAS TOFFOLI;3;Ministro;241;PetCiv;PETIÇÃO CÍVEL;11616;Impugnação ao Registro de Candidatura;0;1;30/09/2026;Decisão;https://consultaunificadapje.tse.jus.br/#/public/resultado/0602438-33.2026.6.00.0000;2026-09-30;0;0;0
0602458-24.2026.6.00.0000|68255;01/10/2026;06:00:34;2026;0602458-24.2026.6.00.0000;DF;DF;3;3;68255;30/09/2026;ANDRÉ MENDONÇA;Decisão;01/10/2026;06:01:26;2026;0602458-24.2026.6.00.0000;29/09/2026;#NULO#;DF;3;DF;3;29/09/2026;S;Por sorteio;223256;ANDRÉ MENDONÇA;14;Ministro;120;MSCiv;MANDADO DE SEGURANÇA CÍVEL;15146;Dissidência Partidária ou Federativa;0;1;30/09/2026;Decisão;https://consultaunificadapje.tse.jus.br/#/public/resultado/0602458-24.2026.6.00.0000;2026-09-30;0;0;0
0602460-91.2026.6.00.0000|69186;01/10/2026;06:00:34;2026;0602460-91.2026.6.00.0000;DF;DF;3;3;69186;30/09/2026;FLORIANO DE AZEVEDO MARQUES;Decisão;01/10/2026;06:01:26;2026;0602460-91.2026.6.00.0000;29/09/2026;#NULO#;DF;3;DF;3;29/09/2026;S;Por sorteio;233218;FLORIANO DE AZEVEDO MARQUES;13;Ministro;12134;TutCautAnt;TUTELA CAUTELAR ANTECEDENTE;11593;Direito de Resposta;0;1;30/09/2026;Decisão;https://consultaunificadapje.tse.jus.br/#/public/resultado/0602460-91.2026.6.00.0000;2026-09-30;0;0;0
0602461-76.2026.6.00.0000|67950;01/10/2026;06:00:34;2026;0602461-76.2026.6.00.0000;DF;DF;3;3;67950;30/09/2026;ESTELA ARANHA;Decisão;01/10/2026;06:01:26;2026;0602461-76.2026.6.00.0000;29/09/2026;#NULO#;DF;3;DF;3;29/09/2026;S;Por sorteio;350140;ESTELA ARANHA;59;Juíz Auxiliar;11541;Rp;REPRESENTAÇÃO;12635;Propaganda Política - Propaganda Eleitoral - Divulgação de Notícia  Sabidamente Falsa;0;1;30/09/2026;Decisão;https://consultaunificadapje.tse.jus.br/#/public/resultado/0602461-76.2026.6.00.0000;2026-09-30;1;0;1
0602463-46.2026.6.00.0000|67783;01/10/2026;06:00:34;2026;0602463-46.2026.6.00.0000;DF;DF;3;3;67783;30/09/2026;FLORIANO DE AZEVEDO MARQUES;Decisão;01/10/2026;06:01:26;2026;0602463-46.2026.6.00.0000;29/09/2026;#NULO#;DF;3;DF;3;29/09/2026;S;Por sorteio;233218;FLORIANO DE AZEVEDO MARQUES;13;Ministro;12134;TutCautAnt;TUTELA CAUTELAR ANTECEDENTE;11593;Direito de Resposta;0;1;30/09/2026;Decisão;https://consultaunificadapje.tse.jus.br/#/public/resultado/0602463-46.2026.6.00.0000;2026-09-30;0;0;0
0602506-52.2026.6.19.0000|67782;01/10/2026;06:00:34;2026;0602506-52.2026.6.19.0000;DF;RJ;2;3;67782;30/09/2026;FLORIANO DE AZEVEDO MARQUES;Decisão;01/10/2026;06:01:26;2026;0602506-52.2026.6.19.0000;14/09/2026;#NULO#;RJ;2;DF;3;14/09/2026;S;Por sorteio;233218;FLORIANO DE AZEVEDO MARQUES;13;Ministro;11549;REspEl;RECURSO ESPECIAL ELEITORAL;11592;Condição de Elegibilidade - Quitação Eleitoral;1;2;30/09/2026;Decisão;https://consultaunificadapje.tse.jus.br/#/public/resultado/0602506-52.2026.6.19.0000;2026-09-30;0;0;0
0602506-80.2026.6.00.0000|67855;01/10/2026;06:00:34;2026;0602506-80.2026.6.00.0000;DF;DF;3;3;67855;30/09/2026;NUNES MARQUES;Decisão;01/10/2026;06:01:26;2026;0602506-80.2026.6.00.0000;30/09/2026;#NULO#;DF;3;DF;3;30/09/2026;S;Por sorteio;202679;NUNES MARQUES;60;Juíz Auxiliar;11541;Rp;REPRESENTAÇÃO;12364;Debate Eleitoral;0;1;30/09/2026;Decisão;https://consultaunificadapje.tse.jus.br/#/public/resultado/0602506-80.2026.6.00.0000;2026-09-30;0;0;0
0602705-79.2026.6.26.0000|69176;01/10/2026;06:00:34;2026;0602705-79.2026.6.26.0000;DF;SP;2;3;69176;30/09/2026;FLORIANO DE AZEVEDO MARQUES;Decisão;01/10/2026;06:01:26;2026;0602705-79.2026.6.26.0000;21/09/2026;#NULO#;SP;2;DF;3;21/09/2026;S;Por sorteio;233218;FLORIANO DE AZEVEDO MARQUES;13;Ministro;11550;RO-El;RECURSO ORDINÁRIO ELEITORAL;11591;Condição de Elegibilidade - Pleno Exercício dos Direitos Políticos;1;1;30/09/2026;Decisão;https://consultaunificadapje.tse.jus.br/#/public/resultado/0602705-79.2026.6.26.0000;2026-09-30;0;0;0
0602710-04.2026.6.26.0000|68143;01/10/2026;06:00:34;2026;0602710-04.2026.6.26.0000;DF;SP;2;3;68143;30/09/2026;FLORIANO DE AZEVEDO MARQUES;Decisão;01/10/2026;06:01:26;2026;0602710-04.2026.6.26.0000;25/09/2026;#NULO#;SP;2;DF;3;25/09/2026;S;Por sorteio;233218;FLORIANO DE AZEVEDO MARQUES;13;Ministro;11550;RO-El;RECURSO ORDINÁRIO ELEITORAL;11591;Condição de Elegibilidade - Pleno Exercício dos Direitos Políticos;1;1;30/09/2026;Decisão;https://consultaunificadapje.tse.jus.br/#/public/resultado/0602710-04.2026.6.26.0000;2026-09-30;0;0;0
0602714-41.2026.6.26.0000|68130;01/10/2026;06:00:34;2026;0602714-41.2026.6.26.0000;DF;SP;2;3;68130;30/09/2026;FLORIANO DE AZEVEDO MARQUES;Decisão;01/10/2026;06:01:26;2026;0602714-41.2026.6.26.0000;25/09/2026;#NULO#;SP;2;DF;3;25/09/2026;S;Por sorteio;233218;FLORIANO DE AZEVEDO MARQUES;13;Ministro;11550;RO-El;RECURSO ORDINÁRIO ELEITORAL;11616;Impugnação ao Registro de Candidatura;1;1;30/09/2026;Decisão;https://consultaunificadapje.tse.jus.br/#/public/resultado/0602714-41.2026.6.26.0000;2026-09-30;0;0;0
0602742-09.2026.6.26.0000|68353;01/10/2026;06:00:34;2026;0602742-09.2026.6.26.0000;DF;SP;2;3;68353;30/09/2026;ANDRÉ MENDONÇA;Decisão;01/10/2026;06:01:26;2026;0602742-09.2026.6.26.0000;23/09/2026;#NULO#;SP;2;DF;3;23/09/2026;PP;Por prevenção;223256;ANDRÉ MENDONÇA;14;Ministro;11549;REspEl;RECURSO ESPECIAL ELEITORAL;11618;Registro de Candidatura - RRC - Candidato;1;1;30/09/2026;Decisão;https://consultaunificadapje.tse.jus.br/#/public/resultado/0602742-09.2026.6.26.0000;2026-09-30;0;0;0
0602743-91.2026.6.26.0000|67666;01/10/2026;06:00:34;2026;0602743-91.2026.6.26.0000;DF;SP;2;3;67666;30/09/2026;ANDRÉ MENDONÇA;Decisão;01/10/2026;06:01:26;2026;0602743-91.2026.6.26.0000;23/09/2026;#NULO#;SP;2;DF;3;23/09/2026;PP;Por prevenção;223256;ANDRÉ MENDONÇA;14;Ministro;11549;REspEl;RECURSO ESPECIAL ELEITORAL;11616;Impugnação ao Registro de Candidatura;1;1;30/09/2026;Decisão;https://consultaunificadapje.tse.jus.br/#/public/resultado/0602743-91.2026.6.26.0000;2026-09-30;0;0;0
0602758-60.2026.6.26.0000|68003;01/10/2026;06:00:34;2026;0602758-60.2026.6.26.0000;DF;SP;2;3;68003;30/09/2026;SEBASTIÃO REIS JUNIOR;Decisão;01/10/2026;06:01:26;2026;0602758-60.2026.6.26.0000;17/09/2026;#NULO#;SP;2;DF;3;29/09/2026;S;Por sorteio;349772;SEBASTIÃO REIS JUNIOR;11;Ministro;11549;REspEl;RECURSO ESPECIAL ELEITORAL;11616;Impugnação ao Registro de Candidatura;1;2;30/09/2026;Decisão;https://consultaunificadapje.tse.jus.br/#/public/resultado/0602758-60.2026.6.26.0000;2026-09-30;0;0;0
0602810-56.2026.6.26.0000|68019;01/10/2026;06:00:34;2026;0602810-56.2026.6.26.0000;DF;SP;2;3;68019;30/09/2026;ANDRÉ MENDONÇA;Acórdão;01/10/2026;06:01:26;2026;0602810-56.2026.6.26.0000;14/09/2026;#NULO#;SP;2;DF;3;15/09/2026;S;Por sorteio;223256;ANDRÉ MENDONÇA;14;Ministro;11549;REspEl;RECURSO ESPECIAL ELEITORAL;12044;Registro de Candidatura - DRAP Partido/Coligação;1;2;30/09/2026;Acórdão;https://consultaunificadapje.tse.jus.br/#/public/resultado/0602810-56.2026.6.26.0000;2026-09-30;0;0;0
0603004-56.2026.6.26.0000|68020;01/10/2026;06:00:34;2026;0603004-56.2026.6.26.0000;DF;SP;2;3;68020;30/09/2026;ANDRÉ MENDONÇA;Decisão;01/10/2026;06:01:26;2026;0603004-56.2026.6.26.0000;25/09/2026;#NULO#;SP;2;DF;3;25/09/2026;S;Por sorteio;223256;ANDRÉ MENDONÇA;14;Ministro;11549;REspEl;RECURSO ESPECIAL ELEITORAL;15590;RRC Indeferido em Função do Indeferimento do DRAP;1;1;30/09/2026;Decisão;https://consultaunificadapje.tse.jus.br/#/public/resultado/0603004-56.2026.6.26.0000;2026-09-30;0;0;0
0603606-32.2026.6.05.0000|68002;01/10/2026;06:00:34;2026;0603606-32.2026.6.05.0000;DF;BA;2;3;68002;30/09/2026;SEBASTIÃO REIS JUNIOR;Decisão;01/10/2026;06:01:26;2026;0603606-32.2026.6.05.0000;21/09/2026;#NULO#;BA;2;DF;3;21/09/2026;S;Por sorteio;349772;SEBASTIÃO REIS JUNIOR;11;Ministro;120;MSCiv;MANDADO DE SEGURANÇA CÍVEL;15591;Fundo Especial de Financiamento de Campanha (FEFC);1;1;30/09/2026;Decisão;https://consultaunificadapje.tse.jus.br/#/public/resultado/0603606-32.2026.6.05.0000;2026-09-30;0;0;0
