cnj;incluir_comparativo;motivo_inclusao_exclusao;categoria_triagem;campanha_autora;polo_ativo_formal;polo_passivo_formal;classe_pje;assunto_principal_pje;assuntos_pje;objeto_comunicacao;pedido_principal_codificado;desfecho_medida;atendido;grau_atendimento;status_procedimental;data_ultima_decisao_pje;tipo_ultima_decisao_pje;qtd_atos_bulk;data_ato_referencia;url_peca_oficial;tipo_peca_oficial;status_fonte;url_andamento;sinopse_curatorial;geracao_bulk;fonte_classificacao;grau_certeza_triagem
0600288-79.2026.6.00.0000;não;"A peça do TSE descreve desfile sobre Lula, mas julga apenas o interesse processual na produção antecipada de provas e extingue a ação sem mérito; não decide circulação.";prova sem resultado comparável;Flávio;PARTIDO LIBERAL (PL) - NACIONAL;LUIZ INACIO LULA DA SILVA;PAP;Cautelar Inominada - De Produção Antecipada de Provas;Abuso - De Poder Econômico | Abuso - De Poder Político/Autoridade | Cargo - Presidente da República | Cautelar Inominada - De Produção Antecipada de Provas;Desfile sobre a trajetória de Lula no Carnaval de 2026;produção antecipada de provas para apurar possível abuso;sem resultado comparável;;sem resultado comparável;inicial indeferida sem mérito;2026-06-19;Despacho;1;;;;"texto integral da exportação oficial de jurisprudência TSE/PJe; URL direta de peça indisponível nesta coleta";https://consultaunificadapje.tse.jus.br/#/public/resultado/0600288-79.2026.6.00.0000;"A peça do TSE descreve desfile sobre Lula, mas julga apenas o interesse processual na produção antecipada de provas e extingue a ação sem mérito; não decide circulação.";01/10/2026 06:00:34 BRT;texto integral da exportação oficial de jurisprudência TSE/PJe;alto
0600318-17.2026.6.00.0000;não;"A única peça manda identificar autoria e URLs; não julga a circulação.";processual;Lula;FEDERAÇÃO BRASIL DA ESPERANÇA (FE BRASIL) - NACIONAL;GILBERTO GOMES DA SILVA | PARTIDO LIBERAL (PL) - NACIONAL;Rp;Propaganda Política - Propaganda Eleitoral - Extemporânea/Antecipada;Propaganda Política - Propaganda Eleitoral - Extemporânea/Antecipada | Propaganda Política - Propaganda Eleitoral - Uso de Inteligência Artificial;Vídeo de IA do PL contra Lula;remoção do vídeo;sem resultado comparável;;sem resultado comparável;emenda da inicial;2026-06-14;Decisão;1;2026-06-14;https://consultaunificadapje.tse.jus.br/consulta-publica-unificada/documento?extensaoArquivo=text/html&path=tse/2026/6/14/16/24/56/d717f1131e4f58ae5e733ad734cd0f739351d8236e3757c131d44b2dab5153c7;Decisão;"texto integral da exportação oficial de jurisprudência TSE/PJe; URL de peça disponível";https://consultaunificadapje.tse.jus.br/#/public/resultado/0600318-17.2026.6.00.0000;"A única peça manda identificar autoria e URLs; não julga a circulação.";01/10/2026 06:00:34 BRT;texto integral da exportação oficial de jurisprudência TSE/PJe;alto
0600320-84.2026.6.00.0000;não;"A única peça exige prova da autoria ou ciência prévia de Flávio; não decide retirada.";processual;Lula;FEDERAÇÃO BRASIL DA ESPERANÇA (FE BRASIL) - NACIONAL;FLAVIO NANTES BOLSONARO | GILSON MACHADO GUIMARAES | GILSON MACHADO GUIMARAES NETO;Rp;Propaganda Política - Propaganda Eleitoral - Extemporânea/Antecipada;Propaganda Política - Propaganda Eleitoral - Extemporânea/Antecipada;Adesivos e outdoors pró-Flávio em Pernambuco;retirada de outdoors/postagens e cessação dos adesivos;sem resultado comparável;;sem resultado comparável;emenda da inicial;2026-06-14;Decisão;1;2026-06-14;https://consultaunificadapje.tse.jus.br/consulta-publica-unificada/documento?extensaoArquivo=text/html&path=tse/2026/6/14/16/24/56/4d9fffcf93499e789959050ab2b4efbab5803cb6ab744ad44311e59e01a28bb3;Decisão;"texto integral da exportação oficial de jurisprudência TSE/PJe; URL de peça disponível";https://consultaunificadapje.tse.jus.br/#/public/resultado/0600320-84.2026.6.00.0000;"A única peça exige prova da autoria ou ciência prévia de Flávio; não decide retirada.";01/10/2026 06:00:34 BRT;texto integral da exportação oficial de jurisprudência TSE/PJe;alto
0600468-95.2026.6.00.0000;sim;"Comunicação individualizada e resultado codificado; polos e peça oficial indicados.";comparável;Lula;FEDERAÇÃO BRASIL DA ESPERANÇA (FE BRASIL) - NACIONAL;CARLOS NANTES BOLSONARO | FLAVIO NANTES BOLSONARO | PARTIDO LIBERAL (PL) - NACIONAL;Rp;Propaganda Política - Propaganda Eleitoral - Extemporânea/Antecipada;Propaganda Política - Propaganda Eleitoral - Extemporânea/Antecipada | Propaganda Política - Propaganda Eleitoral - Uso de Inteligência Artificial;Três vídeos que associavam Lula a organizações criminosas;providência sobre a propaganda individualizada na sinopse;atendido;sim;atendimento documentado, extensão não discriminada;"efeito da decisão de referência; ver sinopse para estado do mérito";2026-09-14;Acórdão;2;2026-09-09;https://consultaunificadapje.tse.jus.br/consulta-publica-unificada/documento?extensaoArquivo=text/html&path=tse/2026/9/14/18/35/52/ef38ba9b753579025484a79dac886d3235cc53650c4829b3e53b2a56f67563be;Acórdão;"peça PJe verificada; ato no bulk";https://consultaunificadapje.tse.jus.br/#/public/resultado/0600468-95.2026.6.00.0000;A Federação Brasil da Esperança impugnou três vídeos divulgados no Instagram por Flávio Bolsonaro, Carlos Bolsonaro e o PL, com associação de Lula a organizações criminosas e imagens manipuladas. Em 0600468-95.2026.6.00.0000, a relatora ordenou a remoção em 24 horas e proibiu a republicação do material. Em 09/09, o Plenário referendou a liminar por maioria, vencido André Mendonça. A remoção permanece medida cautelar, sem conclusão de mérito registrada na base. Fontes: (decisão) (acórdão).;01/10/2026 06:00:34 BRT;"síntese e codificação editorial; peça oficial vinculada";codificação editorial, fonte oficial vinculada
0600689-78.2026.6.00.0000;sim;"Comunicação individualizada e resultado codificado; polos e peça oficial indicados.";comparável;Flávio;PARTIDO LIBERAL (PL) - NACIONAL;FEDERAÇÃO BRASIL DA ESPERANÇA (FE BRASIL) - NACIONAL | PARTIDO DOS TRABALHADORES (PT) - NACIONAL;Rp;Propaganda Política - Propaganda Eleitoral - Extemporânea/Antecipada;Propaganda Política - Propaganda Eleitoral - Extemporânea/Antecipada;Anúncio do PT contra Flávio: vídeo retirado e impulsionamento vedado;providência sobre a propaganda individualizada na sinopse;atendido;sim;parcial;"efeito da decisão de referência; ver sinopse para estado do mérito";2026-07-01;Acórdão;2;2026-06-26;https://consultaunificadapje.tse.jus.br/consulta-publica-unificada/documento?extensaoArquivo=text/html&path=tse/2026/7/1/15/7/37/869f028aa30d9e9e9e3dcaaaf83736212e922e5908bd52c9edaef1f309e8347e;Acórdão;"peça PJe verificada; ato no bulk";https://consultaunificadapje.tse.jus.br/#/public/resultado/0600689-78.2026.6.00.0000;"O PL impugnou vídeo do PT contra Flávio Bolsonaro impulsionado no Facebook. Segundo a inicial, a peça teve ao menos oito impulsionamentos em abril, com quase dois milhões de impressões. Em 0600689-78.2026.6.00.0000, a relatora mandou retirar o vídeo em 24 horas e impedir nova difusão paga, em tutela parcial. Retificou o polo passivo para a Federação Brasil da Esperança, pois o PT integra a federação. O Plenário referendou a medida por unanimidade em 25/06; o mérito permaneceu aberto. Fontes: (decisão) (acórdão).";01/10/2026 06:00:34 BRT;"síntese e codificação editorial; peça oficial vinculada";codificação editorial, fonte oficial vinculada
0600690-63.2026.6.00.0000;sim;"Comunicação individualizada e resultado codificado; polos e peça oficial indicados.";comparável;Flávio;PARTIDO LIBERAL (PL) - NACIONAL;FEDERAÇÃO BRASIL DA ESPERANÇA (FE BRASIL) - NACIONAL | PARTIDO DOS TRABALHADORES (PT) - NACIONAL;Rp;Propaganda Política - Propaganda Eleitoral - Extemporânea/Antecipada;Propaganda Política - Propaganda Eleitoral - Extemporânea/Antecipada;Vídeo do PT sobre Flávio e o Pix: retirada liminar referendada;providência sobre a propaganda individualizada na sinopse;atendido;sim;parcial;"efeito da decisão de referência; ver sinopse para estado do mérito";2026-07-01;Acórdão;2;2026-07-01;https://consultaunificadapje.tse.jus.br/consulta-publica-unificada/documento?extensaoArquivo=text/html&path=tse/2026/7/1/15/7/37/f985a29dbfbb483e899994bbcb0bdb4a5aff4225bcd0f033e8b8f1e8807b5156;Acórdão;"peça PJe verificada; ato no bulk";https://consultaunificadapje.tse.jus.br/#/public/resultado/0600690-63.2026.6.00.0000;"O PL contestou vídeo do PT intitulado “Será que Flávio Bolsonaro quer acabar com o Pix?”, impulsionado no Facebook. Segundo a inicial, houve ao menos 14 impulsionamentos em abril e mais de três milhões de impressões. Na representação 0600690-63.2026.6.00.0000, a relatora deferiu parcialmente a tutela para retirar o vídeo em 24 horas e impedir novo impulsionamento de conteúdo idêntico. Em sessão de 25/06, o Plenário referendou a liminar por maioria: a retirada e a vedação do impulsionamento permaneceram; o ministro Floriano de Azevedo Marques divergiu em parte, para permitir a veiculação orgânica. O referendo não encerrou o mérito da representação. Fontes: (decisão) (acórdão).";01/10/2026 06:00:34 BRT;"síntese e codificação editorial; peça oficial vinculada";codificação editorial, fonte oficial vinculada
0600695-85.2026.6.00.0000;sim;"Comunicação individualizada e resultado codificado; polos e peça oficial indicados.";comparável;Lula;FEDERAÇÃO BRASIL DA ESPERANÇA (FE BRASIL) - NACIONAL;PARTIDO LIBERAL (PL) - NACIONAL;Rp;Propaganda Política - Propaganda Eleitoral - Extemporânea/Antecipada;Propaganda Política - Propaganda Eleitoral - Extemporânea/Antecipada | Propaganda Política - Propaganda Eleitoral - Uso de Inteligência Artificial;Vídeo manipulado contra Lula: retirada de conteúdo sintético;providência sobre a propaganda individualizada na sinopse;atendido;sim;atendimento documentado, extensão não discriminada;"efeito da decisão de referência; ver sinopse para estado do mérito";2026-06-22;Decisão;1;2026-06-22;https://consultaunificadapje.tse.jus.br/consulta-publica-unificada/documento?extensaoArquivo=text/html&path=tse/2026/6/22/11/38/25/888c89a1624cfef98215b700f21c59fe10862106c2139710622e00bddad0201d;Decisão;"peça PJe verificada; ato no bulk";https://consultaunificadapje.tse.jus.br/#/public/resultado/0600695-85.2026.6.00.0000;A Federação Brasil da Esperança contestou vídeo publicado pelo PL no Instagram, com manipulação de imagens e mensagem negativa contra Lula. Em 0600695-85.2026.6.00.0000, a relatora deferiu liminar monocrática para retirar a publicação em 24 horas e impedir a republicação de material idêntico. A medida atingiu o vídeo indicado e não resolveu definitivamente a representação. Fonte: (decisão).;01/10/2026 06:00:34 BRT;"síntese e codificação editorial; peça oficial vinculada";codificação editorial, fonte oficial vinculada
0600697-55.2026.6.00.0000;sim;"Comunicação individualizada e resultado codificado; polos e peça oficial indicados.";comparável;Flávio;PARTIDO LIBERAL (PL) - NACIONAL;FEDERAÇÃO BRASIL DA ESPERANÇA (FE BRASIL) - NACIONAL | PARTIDO DOS TRABALHADORES (PT) - NACIONAL;Rp;Propaganda Política - Propaganda Eleitoral - Extemporânea/Antecipada;Propaganda Política - Propaganda Eleitoral - Extemporânea/Antecipada;Vídeo “Bolsonarismo, nunca mais”: remoção de anúncio pago;providência sobre a propaganda individualizada na sinopse;atendido;sim;parcial;"efeito da decisão de referência; ver sinopse para estado do mérito";2026-07-01;Acórdão;2;2026-06-26;https://consultaunificadapje.tse.jus.br/consulta-publica-unificada/documento?extensaoArquivo=text/html&path=tse/2026/7/1/15/7/40/d6de927fd878c0193cf232c6928b7f49f9b96e3a704869d17a5a140112a8d415;Acórdão;"peça PJe verificada; ato no bulk";https://consultaunificadapje.tse.jus.br/#/public/resultado/0600697-55.2026.6.00.0000;"O PL questionou vídeo impulsionado pelo PT no Facebook e no Instagram, com a mensagem “Este ano tem eleição. Bolsonarismo, nunca mais”. Segundo a inicial, a peça teve ao menos 13 impulsionamentos e mais de três milhões de impressões. Em 0600697-55.2026.6.00.0000, a relatora determinou liminarmente a remoção dos vídeos e vedou nova difusão paga de conteúdo idêntico. Retificou o polo passivo para a Federação Brasil da Esperança. O Plenário referendou parcialmente a tutela por unanimidade em 25/06; o mérito não foi concluído. Fontes: (decisão) (acórdão).";01/10/2026 06:00:34 BRT;"síntese e codificação editorial; peça oficial vinculada";codificação editorial, fonte oficial vinculada
0600698-40.2026.6.00.0000;sim;"Comunicação individualizada e resultado codificado; polos e peça oficial indicados.";comparável;Flávio;PARTIDO LIBERAL (PL) - NACIONAL;FEDERAÇÃO BRASIL DA ESPERANÇA (FE BRASIL) - NACIONAL | PARTIDO DOS TRABALHADORES (PT) - NACIONAL;Rp;Propaganda Política - Propaganda Eleitoral - Extemporânea/Antecipada;Propaganda Política - Propaganda Eleitoral - Extemporânea/Antecipada;Vídeo “As mentiras da família Bolsonaro”: remoção de anúncio pago;providência sobre a propaganda individualizada na sinopse;atendido;sim;parcial;"efeito da decisão de referência; ver sinopse para estado do mérito";2026-07-01;Acórdão;2;2026-06-26;https://consultaunificadapje.tse.jus.br/consulta-publica-unificada/documento?extensaoArquivo=text/html&path=tse/2026/7/1/15/7/39/371c41968268d9b92946d7dacc22bdf41f5d24f1ab12e7e7352fbec54bf6f413;Acórdão;"peça PJe verificada; ato no bulk";https://consultaunificadapje.tse.jus.br/#/public/resultado/0600698-40.2026.6.00.0000;"O PL contestou vídeo impulsionado pelo PT que associava preços dos combustíveis a decisões atribuídas à família Bolsonaro e usava a expressão “Bolsonarismo nunca mais”. Segundo a inicial, houve ao menos 15 impulsionamentos, com mais de 4,5 milhões de impressões. Em 0600698-40.2026.6.00.0000, a relatora ordenou a remoção do vídeo em 24 horas, vedou nova difusão patrocinada e substituiu o PT pela Federação Brasil da Esperança no polo passivo. O Plenário referendou parcialmente a tutela por unanimidade em 25/06; a decisão não encerrou a ação. Fontes: (decisão) (acórdão).";01/10/2026 06:00:34 BRT;"síntese e codificação editorial; peça oficial vinculada";codificação editorial, fonte oficial vinculada
0600781-56.2026.6.00.0000;sim;"Comunicação individualizada e resultado codificado; polos e peça oficial indicados.";comparável;Lula;FEDERAÇÃO BRASIL DA ESPERANÇA (FE BRASIL) - NACIONAL;PARTIDO LIBERAL (PL) - NACIONAL;Rp;Propaganda Política - Propaganda Eleitoral - Extemporânea/Antecipada;Propaganda Política - Propaganda Eleitoral - Extemporânea/Antecipada;Anúncio do PL que associava Lula ao caso INSS;providência sobre a propaganda individualizada na sinopse;atendido;sim;parcial;"efeito da decisão de referência; ver sinopse para estado do mérito";2026-07-01;Acórdão;2;2026-06-26;https://consultaunificadapje.tse.jus.br/consulta-publica-unificada/documento?extensaoArquivo=text/html&path=tse/2026/7/1/15/7/41/8c5ac9df0f79f74c8e77945791d8c47f62354612553c27734daad0dd46c34a7f;Acórdão;"peça PJe verificada; ato no bulk";https://consultaunificadapje.tse.jus.br/#/public/resultado/0600781-56.2026.6.00.0000;"A Federação Brasil da Esperança questionou o impulsionamento pago, pelo PL, de montagem que associava Lula ao chamado “Careca do INSS”. Na representação 0600781-56.2026.6.00.0000, a relatora considerou, em exame preliminar, irregular usar anúncios pagos para difundir crítica negativa. Como os anúncios já estavam inativos, proibiu nova divulgação impulsionada dos vídeos ou de peças substancialmente idênticas. O Plenário referendou por unanimidade essa tutela parcial em 25/06; não julgou definitivamente a representação. Fontes: (decisão) (acórdão).";01/10/2026 06:00:34 BRT;"síntese e codificação editorial; peça oficial vinculada";codificação editorial, fonte oficial vinculada
0600782-41.2026.6.00.0000;sim;"Comunicação individualizada e resultado codificado; polos e peça oficial indicados.";comparável;Lula;FEDERAÇÃO BRASIL DA ESPERANÇA (FE BRASIL) - NACIONAL;PARTIDO LIBERAL (PL) - NACIONAL;Rp;Propaganda Política - Propaganda Eleitoral - Extemporânea/Antecipada;Propaganda Política - Propaganda Eleitoral - Extemporânea/Antecipada;Vídeo editado sobre uso da máquina pública: impulsionamento restringido;providência sobre a propaganda individualizada na sinopse;atendido;sim;parcial;"efeito da decisão de referência; ver sinopse para estado do mérito";2026-07-01;Acórdão;2;2026-06-26;https://consultaunificadapje.tse.jus.br/consulta-publica-unificada/documento?extensaoArquivo=text/html&path=tse/2026/7/1/15/8/0/a62ab232bba89f7594583cb93caf6e056ce1b262168c7526fe9f2e03c1eb453c;Acórdão;"peça PJe verificada; ato no bulk";https://consultaunificadapje.tse.jus.br/#/public/resultado/0600782-41.2026.6.00.0000;"A Federação Brasil da Esperança contestou vídeo impulsionado pelo PL no Facebook e no Instagram, editado com recursos de inteligência artificial e crítico a Lula por suposto uso da máquina pública. Em 0600782-41.2026.6.00.0000, a relatora vedou nova difusão paga do material ou de versões substancialmente iguais. Os anúncios já estavam inativos e não havia URL indicada para remoção; a medida incidiu sobre o impulsionamento. O Plenário referendou a liminar parcial por unanimidade em 25/06, sem encerrar o mérito. Fontes: (decisão) (acórdão).";01/10/2026 06:00:34 BRT;"síntese e codificação editorial; peça oficial vinculada";codificação editorial, fonte oficial vinculada
0600783-26.2026.6.00.0000;sim;"Comunicação individualizada e resultado codificado; polos e peça oficial indicados.";comparável;Lula;FEDERAÇÃO BRASIL DA ESPERANÇA (FE BRASIL) - NACIONAL;PARTIDO LIBERAL (PL) - NACIONAL;Rp;Propaganda Política - Propaganda Eleitoral - Extemporânea/Antecipada;Propaganda Política - Propaganda Eleitoral - Extemporânea/Antecipada | Propaganda Política - Propaganda Eleitoral - Uso de Inteligência Artificial;Anúncios sobre educação: proibição de nova difusão paga;providência sobre a propaganda individualizada na sinopse;atendido;sim;atendimento documentado, extensão não discriminada;"efeito da decisão de referência; ver sinopse para estado do mérito";2026-07-01;Acórdão;2;2026-06-26;https://consultaunificadapje.tse.jus.br/consulta-publica-unificada/documento?extensaoArquivo=text/html&path=tse/2026/7/1/15/7/59/0e8ac62f7ef66fc9ae26e9fca32fd3b649e8c4a99446deb5b9c792a47ea7cd39;Acórdão;"peça PJe verificada; ato no bulk";https://consultaunificadapje.tse.jus.br/#/public/resultado/0600783-26.2026.6.00.0000;"A Federação Brasil da Esperança impugnou anúncios pagos do PL com recortes de falas e manchetes sobre políticas educacionais do governo Lula. Na representação 0600783-26.2026.6.00.0000, a relatora considerou plausível a irregularidade do impulsionamento de crítica negativa, sem exigir laudo técnico como requisito da petição inicial. Os anúncios estavam inativos; a tutela proibiu novo impulsionamento de vídeos idênticos ou substancialmente semelhantes. O Plenário referendou-a por unanimidade em 25/06. A decisão é cautelar. Fontes: (decisão) (acórdão).";01/10/2026 06:00:34 BRT;"síntese e codificação editorial; peça oficial vinculada";codificação editorial, fonte oficial vinculada
0600785-93.2026.6.00.0000;sim;"Comunicação individualizada e resultado codificado; polos e peça oficial indicados.";comparável;Lula;FEDERAÇÃO BRASIL DA ESPERANÇA (FE BRASIL) - NACIONAL;PARTIDO LIBERAL (PL) - NACIONAL;Rp;Propaganda Política - Propaganda Eleitoral - Extemporânea/Antecipada;Propaganda Política - Propaganda Eleitoral - Extemporânea/Antecipada | Propaganda Política - Propaganda Eleitoral - Uso de Inteligência Artificial;Anúncio sobre impostos e Haddad: limite ao impulsionamento;providência sobre a propaganda individualizada na sinopse;atendido;sim;parcial;"efeito da decisão de referência; ver sinopse para estado do mérito";2026-07-01;Acórdão;2;2026-06-26;https://consultaunificadapje.tse.jus.br/consulta-publica-unificada/documento?extensaoArquivo=text/html&path=tse/2026/7/1/15/7/42/5143060af2db62801b0f2bf1864a1a115d21e576bbce032ebbe886f8e6d95fc2;Acórdão;"peça PJe verificada; ato no bulk";https://consultaunificadapje.tse.jus.br/#/public/resultado/0600785-93.2026.6.00.0000;"A Federação Brasil da Esperança questionou anúncio pago do PL que retratava Fernando Haddad com barras de ouro e criticava impostos do governo Lula. Em 0600785-93.2026.6.00.0000, a relatora entendeu, em juízo preliminar, que o impulsionamento de crítica negativa ao adversário era vedado. Como os anúncios estavam inativos, determinou a abstenção de nova difusão paga do material ou de conteúdo substancialmente idêntico. O Plenário confirmou por unanimidade a liminar parcial em 25/06; não se trata de proibição geral da crítica orgânica. Fontes: (decisão) (acórdão).";01/10/2026 06:00:34 BRT;"síntese e codificação editorial; peça oficial vinculada";codificação editorial, fonte oficial vinculada
0600947-88.2026.6.00.0000;não;"O ZIP PJe classifica como RepEsp por conduta vedada; o inteiro teor não foi obtido nesta coleta. Exclusão provisória do comparativo de conteúdo; verificar peça antes de afirmar exaustividade.";triagem pendente de inteiro teor;Flávio;PARTIDO LIBERAL (PL) - NACIONAL;LUIZ INACIO LULA DA SILVA;RepEsp;Conduta Vedada ao Agente Público;Cargo - Presidente da República | Conduta Vedada ao Agente Público;Conduta vedada a agente público;pedido a conferir no inteiro teor;sem resultado comparável;;sem resultado comparável;teor não conferido;2026-09-28;Decisão;1;;;;"metadados do ZIP Processual 2026/PJe; inteiro teor não acessado; URL direta de peça indisponível nesta coleta";https://consultaunificadapje.tse.jus.br/#/public/resultado/0600947-88.2026.6.00.0000;"O ZIP PJe classifica como RepEsp por conduta vedada; o inteiro teor não foi obtido nesta coleta. Exclusão provisória do comparativo de conteúdo; verificar peça antes de afirmar exaustividade.";01/10/2026 06:00:34 BRT;"metadados do ZIP Processual 2026/PJe; inteiro teor não acessado";provisório
0600950-43.2026.6.00.0000;sim;"Comunicação individualizada e resultado codificado; polos e peça oficial indicados.";comparável;Lula;FEDERAÇÃO BRASIL DA ESPERANÇA (FE BRASIL) - NACIONAL;FLAVIO NANTES BOLSONARO | PARTIDO LIBERAL (PL) - NACIONAL;Rp;Propaganda Política - Propaganda Eleitoral - Extemporânea/Antecipada;Propaganda Política - Propaganda Eleitoral - Extemporânea/Antecipada | Propaganda Política - Propaganda Eleitoral - Uso de Inteligência Artificial;Vídeo em várias plataformas: Plenário substitui indeferimento por remoção;providência sobre a propaganda individualizada na sinopse;atendido;sim;atendimento documentado, extensão não discriminada;"efeito da decisão de referência; ver sinopse para estado do mérito";2026-08-04;Decisão;1;2026-09-09;https://consultaunificadapje.tse.jus.br/consulta-publica-unificada/documento?extensaoArquivo=text/html&path=tse/2026/9/9/1/25/13/288f0f99aa8b3d4ef8d3bd8fcff41adf3a380012e6a4cf822a2ba056e04d9e4a;Certidão de julgamento;"certidão PJe verificada; outro ato presente no bulk";https://consultaunificadapje.tse.jus.br/#/public/resultado/0600950-43.2026.6.00.0000;A representação 0600950-43.2026.6.00.0000 discutiu vídeo de ataque na disputa presidencial e alegado uso de IA. O vídeo impugnado, intitulado “Os rastros da trilha do Master”, teria sido produzido com ferramentas de IA e estruturado a partir de recortes descontextualizados sobre o Caso Master, a EBAL, o Credcesta, o INSS, bem como personagens políticos ligados ao PT. A decisão inicial preservara as publicações por não ver ilicitude manifesta. Na sessão virtual de 04 a 08/09, conforme certidão emitida em 09/09, o Plenário, por maioria, não a referendou e determinou remoção em 24 horas, proibição de republicação substancialmente idêntica e comunicação a Facebook, TikTok, YouTube e Instagram, com medidas coercitivas pelo descumprimento. O alcance é cautelar e circunscrito às publicações indicadas. Fontes: (decisão) (certidão de julgamento).;01/10/2026 06:00:34 BRT;"síntese e codificação editorial; peça oficial vinculada";codificação editorial, fonte oficial vinculada
0600955-65.2026.6.00.0000;sim;"Comunicação individualizada e resultado codificado; polos e peça oficial indicados.";comparável;Lula;FEDERAÇÃO BRASIL DA ESPERANÇA (FE BRASIL) - NACIONAL;FLAVIO NANTES BOLSONARO;Rp;Propaganda Política - Propaganda Eleitoral - Extemporânea/Antecipada;Propaganda Política - Propaganda Eleitoral - Extemporânea/Antecipada | Propaganda Política - Propaganda Eleitoral - Uso de Inteligência Artificial;Montagem satírica sobre Lula e crime organizado: remoção negada;providência sobre a propaganda individualizada na sinopse;não atendido;não;não atendido;"efeito da decisão de referência; ver sinopse para estado do mérito";2026-08-04;Decisão;1;2026-08-04;https://consultaunificadapje.tse.jus.br/consulta-publica-unificada/documento?extensaoArquivo=text/html&path=tse/2026/8/4/15/44/23/a84196aeeae49ba63853588ec7ae22ca2947e10620361632dec3320eea5fe8fc;Decisão;"peça PJe verificada; ato no bulk";https://consultaunificadapje.tse.jus.br/#/public/resultado/0600955-65.2026.6.00.0000;A Federação Brasil da Esperança pediu a retirada de três publicações de Flávio Bolsonaro no X sobre falas de Lula a respeito do crime organizado. Uma delas usava montagem audiovisual com a frase “Trump, deixe nossos bandidos em paz”. Em 0600955-65.2026.6.00.0000, André Mendonça negou monocraticamente a liminar em 04/08: considerou a montagem ostensivamente satírica e não identificou, naquele exame, falsidade manifesta ou descontextualização grave. A suficiência da identificação do uso de IA e a licitude final ficaram para o mérito. Fonte: (decisão).;01/10/2026 06:00:34 BRT;"síntese e codificação editorial; peça oficial vinculada";codificação editorial, fonte oficial vinculada
0600958-20.2026.6.00.0000;não;"O ZIP PJe classifica como RepEsp por conduta vedada; o inteiro teor não foi obtido nesta coleta. Exclusão provisória do comparativo de conteúdo; verificar peça antes de afirmar exaustividade.";triagem pendente de inteiro teor;Flávio;PARTIDO LIBERAL (PL) - NACIONAL;LUIZ INACIO LULA DA SILVA;RepEsp;Conduta Vedada ao Agente Público;Cargo - Presidente da República | Conduta Vedada ao Agente Público;Conduta vedada a agente público;pedido a conferir no inteiro teor;sem resultado comparável;;sem resultado comparável;teor não conferido;2026-09-17;Despacho;1;;;;"metadados do ZIP Processual 2026/PJe; inteiro teor não acessado; URL direta de peça indisponível nesta coleta";https://consultaunificadapje.tse.jus.br/#/public/resultado/0600958-20.2026.6.00.0000;"O ZIP PJe classifica como RepEsp por conduta vedada; o inteiro teor não foi obtido nesta coleta. Exclusão provisória do comparativo de conteúdo; verificar peça antes de afirmar exaustividade.";01/10/2026 06:00:34 BRT;"metadados do ZIP Processual 2026/PJe; inteiro teor não acessado";provisório
0600963-42.2026.6.00.0000;sim;"Comunicação individualizada e resultado codificado; polos e peça oficial indicados.";comparável;Flávio;PARTIDO LIBERAL (PL) - NACIONAL;DARIO CARNEVALLI DURIGAN | LUIZ INACIO LULA DA SILVA;Rp;Propaganda Política - Propaganda Eleitoral - Extemporânea/Antecipada;Propaganda Política - Propaganda Eleitoral - Extemporânea/Antecipada;Declarações sobre o Pix: negativa liminar referendada;providência sobre a propaganda individualizada na sinopse;não atendido;não;não atendido;"efeito da decisão de referência; ver sinopse para estado do mérito";2026-08-13;Acórdão;2;2026-08-13;https://consultaunificadapje.tse.jus.br/consulta-publica-unificada/documento?extensaoArquivo=text/html&path=tse/2026/8/13/16/32/14/885b323a8ff60a37635f4894078ba1999c124701a6de9c8e593762e526547de7;Acórdão;"peça PJe verificada; ato no bulk";https://consultaunificadapje.tse.jus.br/#/public/resultado/0600963-42.2026.6.00.0000;"O PL pediu a retirada de falas de Lula e do ministro Dario Durigan sobre a posição da família Bolsonaro em relação ao Pix. Em 0600963-42.2026.6.00.0000, o relator indeferiu a tutela de urgência por entender, no exame preliminar, que se tratava de crítica política sem falsidade manifesta ou pedido explícito de não voto. Em sessão de 25/06, o Plenário referendou a negativa por unanimidade; o conteúdo não foi retirado por essa medida. A representação prosseguiu para contraditório e análise de mérito. Fontes: (decisão) (acórdão).";01/10/2026 06:00:34 BRT;"síntese e codificação editorial; peça oficial vinculada";codificação editorial, fonte oficial vinculada
0600966-94.2026.6.00.0000;sim;"Comunicação individualizada e resultado codificado; polos e peça oficial indicados.";comparável;Flávio;PARTIDO LIBERAL (PL) - NACIONAL;EDSON ANTONIO EDINHO DA SILVA | FABIANO E SILVA LEITAO DUARTE | GLEISI HELENA HOFFMANN | LEONEL GUTERRES RADDE | LUIZ LINDBERGH FARIAS FILHO | MARCELO RIBEIRO FREIXO | NATALIA BASTOS BONAVIDES | PARTIDO DOS TRABALHADORES (PT) - NACIONAL | ROGERIO CORREIA DE MOURA BAPTISTA;Rp;Propaganda Política - Propaganda Eleitoral - Extemporânea/Antecipada;Propaganda Política - Propaganda Eleitoral - Extemporânea/Antecipada;Vídeos do PT que associavam Flávio ao tarifaço;providência sobre a propaganda individualizada na sinopse;atendido;sim;atendimento documentado, extensão não discriminada;"efeito da decisão de referência; ver sinopse para estado do mérito";2026-09-26;Decisão;1;2026-09-26;https://consultaunificadapje.tse.jus.br/consulta-publica-unificada/documento?extensaoArquivo=text/html&path=tse/2026/9/26/16/28/32/4edab64f82e68090b802b6bd7411de327e564b92dd2a483f948b12b31b4a3c3e;Decisão;"peça PJe verificada; ato no bulk";https://consultaunificadapje.tse.jus.br/#/public/resultado/0600966-94.2026.6.00.0000;A campanha de Flávio Bolsonaro apresentou o pedido contra a de Lula em 0600966-94.2026.6.00.0000. Em decisão monocrática, o TSE determinou a remoção, em 24 horas, de vídeos que associavam falsamente Flávio Bolsonaro ao tarifaço norte-americano e ordenou a abstenção de republicação ou adulteração do material. A medida cautelar foi fundada no viés eleitoral, na possível manipulação do contexto e no risco de dano à honra e à imagem do pré-candidato, com submissão posterior ao referendo do colegiado. A última decisão foi indexada em 26/09/2026. Fonte: (decisão).;01/10/2026 06:00:34 BRT;"síntese e codificação editorial; peça oficial vinculada";codificação editorial, fonte oficial vinculada
0600973-86.2026.6.00.0000;sim;"Comunicação individualizada e resultado codificado; polos e peça oficial indicados.";comparável;Lula;FEDERAÇÃO BRASIL DA ESPERANÇA (FE BRASIL) - NACIONAL;FLAVIO NANTES BOLSONARO;Rp;Propaganda Política - Propaganda Eleitoral - Extemporânea/Antecipada;Propaganda Política - Propaganda Eleitoral - Extemporânea/Antecipada;Vídeo sobre crime organizado: reversão colegiada da negativa liminar;providência sobre a propaganda individualizada na sinopse;atendido;sim;atendimento documentado, extensão não discriminada;"efeito da decisão de referência; ver sinopse para estado do mérito";2026-09-17;Acórdão;2;2026-09-09;https://consultaunificadapje.tse.jus.br/consulta-publica-unificada/documento?extensaoArquivo=text/html&path=tse/2026/9/17/18/30/7/48cf5eb1efd7140745dc8d6b525d4de40b0ac7f621dcbf1688f1b9715fbea644;Acórdão;"peça PJe verificada; ato no bulk";https://consultaunificadapje.tse.jus.br/#/public/resultado/0600973-86.2026.6.00.0000;"Em 0600973-86.2026.6.00.0000, manifestação de Flávio Bolsonaro sobre criminalidade havia sido tratada monocraticamente como crítica política sem ilicitude evidente. O Plenário, por maioria, deixou de referendar o indeferimento e ordenou a retirada do vídeo do Instagram em 24 horas, além de impedir sua republicação ou difusão substancialmente idêntica. O registro mostra alteração real da medida urgente; não informa desfecho definitivo da representação. Fontes: (decisão) (acórdão).";01/10/2026 06:00:34 BRT;"síntese e codificação editorial; peça oficial vinculada";codificação editorial, fonte oficial vinculada
0600976-41.2026.6.00.0000;sim;"Comunicação individualizada e resultado codificado; polos e peça oficial indicados.";comparável;Lula;FEDERAÇÃO BRASIL DA ESPERANÇA (FE BRASIL) - NACIONAL;PARTIDO LIBERAL (PL) - NACIONAL;Rp;Propaganda Política - Propaganda Eleitoral - Impulsionamento;Propaganda Política - Propaganda Eleitoral - Impulsionamento | Propaganda Política - Propaganda Eleitoral - Internet;Impulsionamento pago de ataque ao adversário: anúncio inativado;providência sobre a propaganda individualizada na sinopse;atendido;sim;parcial;"efeito da decisão de referência; ver sinopse para estado do mérito";2026-06-30;Acórdão;2;2026-06-26;https://consultaunificadapje.tse.jus.br/consulta-publica-unificada/documento?extensaoArquivo=text/html&path=tse/2026/6/30/14/49/5/c2e84d5d94a2f5f75af036c0efd5a750de0c5e76f2c90a6c86327b52905bbcf2;Acórdão;"peça PJe verificada; ato no bulk";https://consultaunificadapje.tse.jus.br/#/public/resultado/0600976-41.2026.6.00.0000;A Federação Brasil da Esperança contestou anúncio pago do PL com conteúdo predominantemente negativo sobre Lula. Em 0600976-41.2026.6.00.0000, o TSE determinou liminarmente a interrupção do impulsionamento em 24 horas, a inativação do anúncio pela Meta e a preservação dos dados de veiculação. O Plenário referendou a medida parcial por unanimidade em 25/06. A restrição incidiu sobre a ampliação paga do alcance, sem decidir que toda crítica publicada organicamente seria ilícita. Fontes: (decisão) (acórdão).;01/10/2026 06:00:34 BRT;"síntese e codificação editorial; peça oficial vinculada";codificação editorial, fonte oficial vinculada
0601014-53.2026.6.00.0000;sim;"Comunicação individualizada e resultado codificado; polos e peça oficial indicados.";comparável;Lula;FEDERAÇÃO BRASIL DA ESPERANÇA (FE BRASIL) - NACIONAL;CLUBE DOS CAVALEIROS DE AMERICANA | FLAVIO NANTES BOLSONARO;Rp;Propaganda Política - Propaganda Eleitoral - Extemporânea/Antecipada;Propaganda Política - Propaganda Eleitoral - Extemporânea/Antecipada;Vídeo exibido na Festa do Peão de Americana;providência sobre a propaganda individualizada na sinopse;não atendido;não;não atendido;"efeito da decisão de referência; ver sinopse para estado do mérito";2026-09-26;Decisão;1;2026-09-26;https://consultaunificadapje.tse.jus.br/consulta-publica-unificada/documento?extensaoArquivo=text/html&path=tse/2026/9/26/16/28/33/b50bd64ae7437d397543d130af978c0828008aa17a8c11b03e8ab7ac556ff0bd;Decisão;"peça PJe verificada; ato no bulk";https://consultaunificadapje.tse.jus.br/#/public/resultado/0601014-53.2026.6.00.0000;A campanha de Lula apresentou o pedido contra a de Flávio Bolsonaro em 0601014-53.2026.6.00.0000. O TSE julgou improcedente a representação porque o vídeo exibido na Festa do Peão de Americana não continha pedido explícito de voto nem referência inequívoca ao pleito, à candidatura ou ao cargo pretendido, configurando manifestação de crítica política. Com isso, foram afastadas a caracterização da propaganda antecipada e a aplicação de multa. A última decisão foi indexada em 26/09/2026. Fonte: (decisão).;01/10/2026 06:00:34 BRT;"síntese e codificação editorial; peça oficial vinculada";codificação editorial, fonte oficial vinculada
0601015-38.2026.6.00.0000;sim;"Comunicação individualizada e resultado codificado; polos e peça oficial indicados.";comparável;Lula;FEDERAÇÃO BRASIL DA ESPERANÇA (FE BRASIL) - NACIONAL;FLAVIO NANTES BOLSONARO;Rp;Propaganda Política - Propaganda Eleitoral - Extemporânea/Antecipada;Propaganda Política - Propaganda Eleitoral - Extemporânea/Antecipada;Acusação de lobby de Lula pelo PCC e CV: retirada liminar deferida pelo Plenário;providência sobre a propaganda individualizada na sinopse;atendido;sim;parcial;"efeito da decisão de referência; ver sinopse para estado do mérito";2026-08-26;Acórdão;2;2026-08-26;https://consultaunificadapje.tse.jus.br/consulta-publica-unificada/documento?extensaoArquivo=text/html&path=tse/2026/8/26/18/15/12/11d1357487a1cdead5b3772912df571170b8703f9a860c65783ff07a9f5056f6;Acórdão;"peça PJe verificada; ato no bulk";https://consultaunificadapje.tse.jus.br/#/public/resultado/0601015-38.2026.6.00.0000;"A Federação Brasil da Esperança impugnou duas publicações de Flávio Bolsonaro no X que afirmavam que Lula fizera “lobby” em favor do PCC e do Comando Vermelho durante viagem aos Estados Unidos. Em 0601015-38.2026.6.00.0000, o relator negou inicialmente a retirada. Na sessão virtual de 12 a 14/08, o Plenário, por maioria, não referendou integralmente a negativa e deferiu parcialmente a tutela: determinou a remoção das duas publicações em 24 horas, proibiu a republicação dessa imputação sem substrato fático mínimo e mandou oficiar a plataforma X. André Mendonça ficou vencido; as demais manifestações impugnadas permaneceram fora da ordem. A medida é cautelar, sem julgamento final do mérito. Fontes: (decisão) (acórdão).";01/10/2026 06:00:34 BRT;"síntese e codificação editorial; peça oficial vinculada";codificação editorial, fonte oficial vinculada
0601016-23.2026.6.00.0000;sim;"Comunicação individualizada e resultado codificado; polos e peça oficial indicados.";comparável;Lula;FEDERAÇÃO BRASIL DA ESPERANÇA (FE BRASIL) - NACIONAL;FLAVIO NANTES BOLSONARO;Rp;Propaganda Política - Propaganda Eleitoral - Extemporânea/Antecipada;Propaganda Política - Propaganda Eleitoral - Extemporânea/Antecipada;Vídeo de Flávio que associava Lula ao PCC e CV: remoção parcial em referendo;providência sobre a propaganda individualizada na sinopse;atendido;sim;parcial;"efeito da decisão de referência; ver sinopse para estado do mérito";2026-08-24;Acórdão;2;2026-08-15;https://consultaunificadapje.tse.jus.br/consulta-publica-unificada/documento?extensaoArquivo=text/html&path=tse/2026/8/24/17/59/20/71c70ea9c630e73023fc2fbdbddbd289e697dd5ca6dc70a1cab269ff86f1ef7f;Acórdão;"peça PJe verificada; ato no bulk";https://consultaunificadapje.tse.jus.br/#/public/resultado/0601016-23.2026.6.00.0000;A Federação Brasil da Esperança impugnou vídeo de Flávio Bolsonaro no X que atribuía pessoalmente a Lula atuação como defensor do PCC e do Comando Vermelho. Em 0601016-23.2026.6.00.0000, a liminar foi inicialmente negada. Na sessão virtual de 12 a 14/08, o Plenário, por maioria, não referendou integralmente a negativa e deferiu parcialmente a tutela: determinou a remoção da publicação indicada e vedou republicações substancialmente idênticas dessa imputação, mantendo as demais manifestações impugnadas. A medida é cautelar, sem encerrar o mérito. Fontes: (acórdão) (andamento).;01/10/2026 06:00:34 BRT;"síntese e codificação editorial; peça oficial vinculada";codificação editorial, fonte oficial vinculada
0601048-28.2026.6.00.0000;sim;"Comunicação individualizada e resultado codificado; polos e peça oficial indicados.";comparável;Lula;FEDERAÇÃO BRASIL DA ESPERANÇA (FE BRASIL) - NACIONAL;PARTIDO LIBERAL (PL) - NACIONAL;Rp;Propaganda Política - Propaganda Eleitoral - Extemporânea/Antecipada;Propaganda Política - Propaganda Eleitoral - Extemporânea/Antecipada | Propaganda Política - Propaganda Eleitoral - Uso de Inteligência Artificial;Anúncio pago do PL com conteúdo negativo contra Lula;providência sobre a propaganda individualizada na sinopse;atendido;sim;atendimento documentado, extensão não discriminada;"efeito da decisão de referência; ver sinopse para estado do mérito";2026-08-17;Decisão;1;2026-08-17;https://consultaunificadapje.tse.jus.br/consulta-publica-unificada/documento?extensaoArquivo=text/html&path=tse/2026/8/17/17/45/24/bb6628ea185510c0eb76d0a358f7fefbd271ea4cb571c222e75d54f5c2ab10d6;Decisão;"peça PJe verificada; ato no bulk";https://consultaunificadapje.tse.jus.br/#/public/resultado/0601048-28.2026.6.00.0000;A campanha de Lula apresentou o pedido contra a de Flávio Bolsonaro em 0601048-28.2026.6.00.0000. Em decisão monocrática liminar, o relator reconheceu que o impulsionamento pago de propaganda negativa é vedado, ainda que críticas políticas sejam permitidas na pré-campanha. Determinou ao PL a interrupção do anúncio em 24 horas, proibiu novo impulsionamento equivalente e ordenou à Meta sua inativação e a preservação dos dados da contratação. A última decisão foi indexada em 17/08/2026. Fonte: (decisão).;01/10/2026 06:00:34 BRT;"síntese e codificação editorial; peça oficial vinculada";codificação editorial, fonte oficial vinculada
0601049-13.2026.6.00.0000;sim;"Comunicação individualizada e resultado codificado; polos e peça oficial indicados.";comparável;Lula;FEDERAÇÃO BRASIL DA ESPERANÇA (FE BRASIL) - NACIONAL;PARTIDO LIBERAL (PL) - NACIONAL;Rp;Propaganda Política - Propaganda Eleitoral - Extemporânea/Antecipada;Propaganda Política - Propaganda Eleitoral - Extemporânea/Antecipada | Propaganda Política - Propaganda Eleitoral - Uso de Inteligência Artificial;Vídeo pago “Estrelas da Investigação”: vedação ao impulsionamento negativo;providência sobre a propaganda individualizada na sinopse;atendido;sim;parcial;"efeito da decisão de referência; ver sinopse para estado do mérito";2026-08-19;Acórdão;2;2026-08-15;https://consultaunificadapje.tse.jus.br/consulta-publica-unificada/documento?extensaoArquivo=text/html&path=tse/2026/8/19/14/27/18/c28fb2748255b411bf7a6ed90cb8f1fca646a0cce2d25e9fcd71f0251bcdd96f;Acórdão;"peça PJe verificada; ato no bulk";https://consultaunificadapje.tse.jus.br/#/public/resultado/0601049-13.2026.6.00.0000;A Federação Brasil da Esperança impugnou o impulsionamento, pelo PL, de vídeo que relacionava Lula, o governo e o PT a pessoas investigadas e à criminalidade. No processo 0601049-13.2026.6.00.0000, o Plenário referendou por unanimidade tutela parcial contra a ampliação paga da propaganda predominantemente negativa. A decisão distingue a crítica política veiculada organicamente do uso de recursos para aumentar artificialmente seu alcance. Fontes: (decisão) (acórdão).;01/10/2026 06:00:34 BRT;"síntese e codificação editorial; peça oficial vinculada";codificação editorial, fonte oficial vinculada
0601053-50.2026.6.00.0000;sim;"Comunicação individualizada e resultado codificado; polos e peça oficial indicados.";comparável;Lula;FEDERAÇÃO BRASIL DA ESPERANÇA (FE BRASIL) - NACIONAL;FLAVIO NANTES BOLSONARO;Rp;Propaganda Política - Propaganda Eleitoral - Extemporânea/Antecipada;Propaganda Política - Propaganda Eleitoral - Extemporânea/Antecipada | Propaganda Política - Propaganda Eleitoral - Uso de Inteligência Artificial;Vídeo sintético com barcos identificados como facções e PT;providência sobre a propaganda individualizada na sinopse;não atendido;não;não atendido;"efeito da decisão de referência; ver sinopse para estado do mérito";2026-08-04;Decisão;1;2026-08-04;https://consultaunificadapje.tse.jus.br/consulta-publica-unificada/documento?extensaoArquivo=text/html&path=tse/2026/8/4/15/44/17/eec2dcac42ec2bbae9836ba1901c149738b12697df01415c56862ed0ce0704f6;Decisão;"peça PJe verificada; ato no bulk";https://consultaunificadapje.tse.jus.br/#/public/resultado/0601053-50.2026.6.00.0000;"A Federação Brasil da Esperança pediu remoção de vídeo divulgado por Flávio Bolsonaro no Instagram, produzido com inteligência artificial e mostrando barcos com referências ao CV, ao PCC e ao PT. Em 0601053-50.2026.6.00.0000, a relatora indeferiu a tutela de urgência por não ver demonstrada, no exame preliminar, falsidade manifesta ou grave descontextualização. O conteúdo permaneceu acessível; a regularidade do uso de IA e da propaganda ficou para decisão posterior. Fonte: (decisão).";01/10/2026 06:00:34 BRT;"síntese e codificação editorial; peça oficial vinculada";codificação editorial, fonte oficial vinculada
0601091-62.2026.6.00.0000;não;A providência é probatória e financeira, sem julgamento de publicação ou direito de resposta.;outra matéria;Flávio;PARTIDO LIBERAL (PL) - NACIONAL;FEDERAÇÃO BRASIL DA ESPERANÇA (FE BRASIL) - NACIONAL;TutCautAnt;Propaganda Política - Propaganda Eleitoral - Extemporânea/Antecipada;Propaganda Política - Propaganda Eleitoral - Extemporânea/Antecipada;Recursos do Fundo Partidário e mobilização digital;preservação/exibição de documentos;sem resultado comparável;;sem resultado comparável;cautelar probatória;2026-09-19;Decisão;4;2026-09-19;https://consultaunificadapje.tse.jus.br/consulta-publica-unificada/documento?extensaoArquivo=text/html&path=tse/2026/9/19/19/13/4/76401a14e0d841b383d26c618234a9f1342ed56c2513332efc5bab72c48bc8f0;Decisão;"texto integral da exportação oficial de jurisprudência TSE/PJe; URL de peça disponível";https://consultaunificadapje.tse.jus.br/#/public/resultado/0601091-62.2026.6.00.0000;A providência é probatória e financeira, sem julgamento de publicação ou direito de resposta.;01/10/2026 06:00:34 BRT;texto integral da exportação oficial de jurisprudência TSE/PJe;alto
0601095-02.2026.6.00.0000;não;"A decisão trata de limites de gastos institucionais e manda apresentar dados contábeis; não julga a circulação de uma peça de propaganda individualizada.";comunicação institucional sem resultado comparável;Flávio;PARTIDO LIBERAL (PL) - NACIONAL;LUIZ INACIO LULA DA SILVA | SIDONIO CARDOSO PALMEIRA;RepEsp;Conduta Vedada ao Agente Público;Cargo - Presidente da República | Conduta Vedada ao Agente Público;Gasto agregado em publicidade institucional federal no primeiro semestre de 2026;documentos contábeis e medidas sobre empenhos de publicidade;sem resultado comparável;;sem resultado comparável;"produção documental; mérito pendente";2026-09-23;Despacho;1;;;;"texto integral da exportação oficial de jurisprudência TSE/PJe; URL direta de peça indisponível nesta coleta";https://consultaunificadapje.tse.jus.br/#/public/resultado/0601095-02.2026.6.00.0000;"A decisão trata de limites de gastos institucionais e manda apresentar dados contábeis; não julga a circulação de uma peça de propaganda individualizada.";01/10/2026 06:00:34 BRT;texto integral da exportação oficial de jurisprudência TSE/PJe;alto
0601181-70.2026.6.00.0000;sim;"A decisão examina conteúdo de vídeo determinado e nega a remoção; mérito final pendente.";comparável;Flávio;PARTIDO LIBERAL (PL) - NACIONAL;LUIZ INACIO LULA DA SILVA;Rp;Propaganda Política - Propaganda Eleitoral - Extemporânea/Antecipada;Propaganda Política - Propaganda Eleitoral - Extemporânea/Antecipada;Vídeo do discurso de Lula em Itajaí/SC em 26/06/2026;"remoção do vídeo específico; abstenção futura genérica";não atendido;não;não atendido;liminar indeferida e referendada;2026-09-11;Acórdão;2;2026-09-09;https://consultaunificadapje.tse.jus.br/consulta-publica-unificada/documento?extensaoArquivo=text/html&path=tse/2026/9/11/14/22/13/e467e3501c49dfe375288acca854404886dd001ad1967c1b202164fa1cc74e6c;Acórdão;"inteiro teor HTML da Consulta Unificada PJe/TSE; URL de peça disponível";https://consultaunificadapje.tse.jus.br/#/public/resultado/0601181-70.2026.6.00.0000;O PL pediu a retirada do vídeo do discurso de Lula em evento oficial de Itajaí/SC, de 26/06, alegando propaganda antecipada e conteúdo discriminatório. André Mendonça negou a liminar: examinou as passagens indicadas, não identificou ilicitude manifesta e considerou desproporcional remover o discurso inteiro. O Plenário referendou a negativa por unanimidade. O mérito permaneceu aberto.;01/10/2026 06:00:34 BRT;inteiro teor HTML da Consulta Unificada PJe/TSE;alto
0601239-73.2026.6.00.0000;sim;"Comunicação individualizada e resultado codificado; polos e peça oficial indicados.";comparável;Lula;FEDERAÇÃO BRASIL DA ESPERANÇA (FE BRASIL) - NACIONAL;FLAVIO NANTES BOLSONARO;Rp;Propaganda Política - Propaganda Eleitoral - Uso de Inteligência Artificial;Propaganda Política - Propaganda Eleitoral - Extemporânea/Antecipada | Propaganda Política - Propaganda Eleitoral - Uso de Inteligência Artificial;Deepfake contra Lula retirado em liminar;providência sobre a propaganda individualizada na sinopse;atendido;sim;atendimento documentado, extensão não discriminada;"efeito da decisão de referência; ver sinopse para estado do mérito";2026-09-17;Decisão;1;2026-09-17;https://consultaunificadapje.tse.jus.br/consulta-publica-unificada/documento?extensaoArquivo=text/html&path=tse/2026/9/17/18/32/10/11ed9b69a761e7393d9058251b4979f3b0eb16bd2ad1198c76d2c3e536cd154c;Decisão;"peça PJe verificada; ato no bulk";https://consultaunificadapje.tse.jus.br/#/public/resultado/0601239-73.2026.6.00.0000;A campanha de Lula apresentou o pedido contra a de Flávio Bolsonaro em 0601239-73.2026.6.00.0000. O relator entendeu que a divulgação de conteúdo político-eleitoral produzido por deepfake para degradar a imagem de pré-candidato é objetivamente vedada pelo art. 9º-C, § 1º, da Resolução TSE nº 23.610/2019, ainda que identificada como gerada por inteligência artificial. Foi determinada, em decisão monocrática e precária, a remoção do vídeo em 24 horas, a proibição de republicação e a comunicação ao provedor. A última decisão foi indexada em 17/09/2026. Fonte: (decisão).;01/10/2026 06:00:34 BRT;"síntese e codificação editorial; peça oficial vinculada";codificação editorial, fonte oficial vinculada
0601250-05.2026.6.00.0000;sim;"Comunicação individualizada e resultado codificado; polos e peça oficial indicados.";comparável;Lula;FEDERAÇÃO BRASIL DA ESPERANÇA (FE BRASIL) - NACIONAL;FLAVIO NANTES BOLSONARO;Rp;Propaganda Política - Propaganda Eleitoral - Extemporânea/Antecipada;Propaganda Política - Propaganda Eleitoral - Extemporânea/Antecipada;Live com a “Carta aos brasileiros” de Jair Bolsonaro;providência sobre a propaganda individualizada na sinopse;não atendido;não;não atendido;"efeito da decisão de referência; ver sinopse para estado do mérito";2026-09-17;Acórdão;2;2026-09-09;https://consultaunificadapje.tse.jus.br/consulta-publica-unificada/documento?extensaoArquivo=text/html&path=tse/2026/9/17/18/32/52/3c11968fada6b2e6b42817de329353bc59c4aedd57d87caf55b7c95bfb78acd8;Acórdão;"peça PJe verificada; ato no bulk";https://consultaunificadapje.tse.jus.br/#/public/resultado/0601250-05.2026.6.00.0000;A campanha de Lula apresentou o pedido contra a de Flávio Bolsonaro em 0601250-05.2026.6.00.0000. Em decisão monocrática, o TSE indeferiu a tutela de urgência por não identificar, em análise sumária, probabilidade do direito quanto à propaganda antecipada, prevalecendo a liberdade de expressão diante da ausência de pedido explícito de votos ou desequilíbrio na disputa. Foi determinada a submissão da decisão ao referendo da Corte, além da citação do representado e posterior manifestação da Procuradoria-Geral Eleitoral. Por unanimidade, o TSE referendou a decisão do relator que indeferiu o pedido liminar. Com isso, foi mantido o indeferimento da tutela provisória, sem concessão da medida requerida. A última decisão foi indexada em 09/09/2026. Fontes: (decisão) (acórdão).;01/10/2026 06:00:34 BRT;"síntese e codificação editorial; peça oficial vinculada";codificação editorial, fonte oficial vinculada
0601274-33.2026.6.00.0000;sim;"Comunicação individualizada e resultado codificado; polos e peça oficial indicados.";comparável;Flávio;PARTIDO LIBERAL (PL) - NACIONAL;LUIZ INACIO LULA DA SILVA;RepEsp;Conduta Vedada ao Agente Público;Cargo - Presidente da República | Conduta Vedada ao Agente Público;Uso do Palácio do Planalto em vídeos dos perfis de Lula;tutela por conduta vedada relativa à comunicação descrita na sinopse;não atendido;não;não atendido;"efeito da decisão de referência; ver sinopse para estado do mérito";2026-09-11;Acórdão;4;2026-09-09;https://consultaunificadapje.tse.jus.br/consulta-publica-unificada/documento?extensaoArquivo=text/html&path=tse/2026/9/11/14/23/9/9c98cd43873103c924c5c3cafdf3f9ebbc3678316483994289c22e8b13b20816;Acórdão;"peça PJe verificada; ato no bulk";https://consultaunificadapje.tse.jus.br/#/public/resultado/0601274-33.2026.6.00.0000;A campanha de Flávio Bolsonaro apresentou o pedido contra a de Lula em 0601274-33.2026.6.00.0000. O relator indeferiu monocraticamente a tutela de urgência por não identificar, neste momento, probabilidade do direito suficiente quanto ao uso eleitoral de bens públicos, destacando o risco de controle judicial prévio sobre a comunicação presidencial. A remoção dos conteúdos foi afastada provisoriamente, mas foram determinadas diligências à Presidência e à Secom, além da citação do representado e posterior submissão ao Plenário. Em cognição sumária, o TSE concluiu que reuniões administrativas e publicações em perfis pessoais não evidenciaram finalidade eleitoral nem publicidade institucional vedada, à luz dos arts. 73, I e VI, “b”, da Lei nº 9.504/1997. A tutela de urgência foi mantida indeferida e referendada por unanimidade, sem prejuízo da necessária instrução probatória. A última decisão foi indexada em 08/09/2026. Fontes: (decisão) (decisão) (acórdão).;01/10/2026 06:00:34 BRT;"síntese e codificação editorial; peça oficial vinculada";codificação editorial, fonte oficial vinculada
0601303-83.2026.6.00.0000;sim;"Comunicação individualizada e resultado codificado; polos e peça oficial indicados.";comparável;Lula;FEDERAÇÃO BRASIL DA ESPERANÇA (FE BRASIL) - NACIONAL;EDUARDO NANTES BOLSONARO | FLAVIO NANTES BOLSONARO | GUSTAVO GAYER MACHADO DE ARAUJO | JULIA PEDROSO ZANATTA;Rp;Propaganda Política - Propaganda Eleitoral - Extemporânea/Antecipada;Propaganda Política - Propaganda Eleitoral - Extemporânea/Antecipada;Publicações sobre Smartmatic e urnas eletrônicas;providência sobre a propaganda individualizada na sinopse;atendido;sim;parcial;"efeito da decisão de referência; ver sinopse para estado do mérito";2026-09-26;Despacho;1;2026-09-09;https://consultaunificadapje.tse.jus.br/consulta-publica-unificada/documento?extensaoArquivo=text/html&path=tse/2026/9/9/1/25/48/26241ed77fbe34599c955b261083ae1ccfe66407a12dc784944e050071b532dc;Certidão de julgamento;"certidão PJe verificada; outro ato presente no bulk";https://consultaunificadapje.tse.jus.br/#/public/resultado/0601303-83.2026.6.00.0000;A campanha de Lula apresentou o pedido contra a de Flávio Bolsonaro em 0601303-83.2026.6.00.0000. Em decisão monocrática, o TSE deferiu parcialmente a tutela de urgência por identificar conteúdo capaz de pôr em dúvida, sem base apresentada, a segurança do sistema eletrônico de votação e a credibilidade da Justiça Eleitoral. Determinou a remoção das publicações de Eduardo Bolsonaro, a abstenção de novas divulgações e a atuação das plataformas contra reproduções idênticas ou modificadas, submetendo a medida a referendo do colegiado. Por maioria, o TSE referendou a liminar que havia sido deferida parcialmente, nos termos do voto do relator, mantendo seus efeitos cautelares. Ficaram vencidos os Ministros Floriano de Azevedo Marques e Estela Aranha. O resultado da sessão virtual de 04 a 08/09 consta da certidão de 09/09/2026. Fontes: (decisão) (certidão de julgamento).;01/10/2026 06:00:34 BRT;"síntese e codificação editorial; peça oficial vinculada";codificação editorial, fonte oficial vinculada
0601315-97.2026.6.00.0000;sim;"Comunicação individualizada e resultado codificado; polos e peça oficial indicados.";comparável;Lula;FEDERAÇÃO BRASIL DA ESPERANÇA (FE BRASIL) - NACIONAL;FLAVIO NANTES BOLSONARO | PARTIDO LIBERAL (PL) - NACIONAL;Rp;Propaganda Política - Propaganda Eleitoral - Extemporânea/Antecipada;Propaganda Política - Propaganda Eleitoral - Extemporânea/Antecipada | Propaganda Política - Propaganda Eleitoral - Uso de Inteligência Artificial;Vídeo de convenção com imagem sintética de Bolsonaro: tese sobre deepfake;providência sobre a propaganda individualizada na sinopse;não atendido;não;não atendido;"efeito da decisão de referência; ver sinopse para estado do mérito";;;0;2026-09-01;https://consultaunificadapje.tse.jus.br/consulta-publica-unificada/documento?extensaoArquivo=text/html&path=tse/2026/9/1/22/26/17/976befd03bfb522f74b25d240f808158818419a60d96ba7363c590c3a2f926df;Certidão de julgamento;"certidão PJe verificada; ato ausente do bulk oficial";https://consultaunificadapje.tse.jus.br/#/public/resultado/0601315-97.2026.6.00.0000;"A Federação Brasil da Esperança pediu a retirada de vídeo exibido na convenção do PL com recriação de imagem e voz de Jair Bolsonaro. No processo 0601315-97.2026.6.00.0000, o Plenário definiu que deepfake pressupõe conteúdo sintético ou manipulado com realismo, destinado a criar ou alterar imagem, voz ou manifestação; a vedação exige que o conteúdo seja propaganda eleitoral. Por maioria, indeferiu a tutela: a transmissão digital da convenção não converte, por si, apoio dirigido aos convencionais em propaganda antecipada. É decisão colegiada sobre tutela, com tese expressa; não é julgamento definitivo de toda controvérsia. Fonte: (certidão de julgamento).";01/10/2026 06:00:34 BRT;"síntese e codificação editorial; peça oficial vinculada";codificação editorial, fonte oficial vinculada
0601374-85.2026.6.00.0000;sim;"Comunicação individualizada e resultado codificado; polos e peça oficial indicados.";comparável;Flávio;PARTIDO LIBERAL (PL) - NACIONAL;LUIZ INACIO LULA DA SILVA;RepEsp;Conduta Vedada ao Agente Público;Cargo - Presidente da República | Conduta Vedada ao Agente Público;Nota da SECOM com crítica à família Bolsonaro publicada em perfil político;tutela por conduta vedada relativa à comunicação descrita na sinopse;atendido;sim;atendimento documentado, extensão não discriminada;"efeito da decisão de referência; ver sinopse para estado do mérito";2026-09-17;Decisão;1;2026-09-17;https://consultaunificadapje.tse.jus.br/consulta-publica-unificada/documento?extensaoArquivo=text/html&path=tse/2026/9/17/18/32/10/aa9cdbdc93c7e70b606bf6d640e82bd6ddbb5b79987e38ae19ec686862fb66ac;Decisão;"peça PJe verificada; ato no bulk";https://consultaunificadapje.tse.jus.br/#/public/resultado/0601374-85.2026.6.00.0000;O PL impugnou material produzido pela SECOM sobre tarifas comerciais, divulgado no perfil de Lula e contendo expressões críticas a adversários. No processo 0601374-85.2026.6.00.0000, o TSE determinou em liminar monocrática a remoção da publicação em 24 horas, a abstenção de nova divulgação e a prestação de informações pela SECOM e pelo provedor. A configuração definitiva de conduta vedada segue em exame. Fonte: (decisão).;01/10/2026 06:00:34 BRT;"síntese e codificação editorial; peça oficial vinculada";codificação editorial, fonte oficial vinculada
0601410-30.2026.6.00.0000;não;Único ato decide conexão e prevenção, sem decidir circulação.;processual;Lula;FEDERAÇÃO BRASIL DA ESPERANÇA (FE BRASIL) - NACIONAL;PARTIDO LIBERAL (PL) - NACIONAL;Rp;Propaganda Política - Propaganda Eleitoral - Extemporânea/Antecipada;Propaganda Política - Propaganda Eleitoral - Extemporânea/Antecipada;Portal Direita Já e programa de influenciadores do PL;medidas contra portal e impulsionamento;sem resultado comparável;;sem resultado comparável;conexão/prevenção;2026-08-26;Decisão;1;2026-08-26;https://consultaunificadapje.tse.jus.br/consulta-publica-unificada/documento?extensaoArquivo=text/html&path=tse/2026/8/26/18/55/47/8e028d089bb2e39919cdde2b4285f83eaec68a8d3c9ad9146feff557474f965f;Decisão;"texto integral da exportação oficial de jurisprudência TSE/PJe; URL de peça disponível";https://consultaunificadapje.tse.jus.br/#/public/resultado/0601410-30.2026.6.00.0000;Único ato decide conexão e prevenção, sem decidir circulação.;01/10/2026 06:00:34 BRT;texto integral da exportação oficial de jurisprudência TSE/PJe;alto
0601627-73.2026.6.00.0000;sim;"Comunicação individualizada e resultado codificado; polos e peça oficial indicados.";comparável;Flávio;ALFREDO GASPAR DE MENDONCA NETO | FLAVIO NANTES BOLSONARO;COLIGAÇÃO BRASIL PRONTO PRA MAIS | FEDERAÇÃO BRASIL DA ESPERANÇA (FE BRASIL) - NACIONAL | PARTIDO DOS TRABALHADORES (PT) - NACIONAL;Rp;Propaganda Política - Propaganda Eleitoral - Extemporânea/Antecipada;Propaganda Política - Propaganda Eleitoral - Extemporânea/Antecipada;Vídeo que imputava estupro a candidatos da oposição;providência sobre a propaganda individualizada na sinopse;atendido;sim;atendimento documentado, extensão não discriminada;"efeito da decisão de referência; ver sinopse para estado do mérito";2026-09-01;Despacho;1;2026-08-28;https://consultaunificadapje.tse.jus.br/consulta-publica-unificada/documento?extensaoArquivo=text/html&path=tse/2026/8/28/19/7/28/ed5e957c6ac0004f25a099b32966b95f354e93c00bc4b0b8c234f17c9c813756;Decisão;"peça PJe verificada; ato no bulk";https://consultaunificadapje.tse.jus.br/#/public/resultado/0601627-73.2026.6.00.0000;A campanha de Flávio Bolsonaro apresentou o pedido contra a de Lula em 0601627-73.2026.6.00.0000. Em tutela de urgência e cognição sumária, o relator entendeu que o vídeo e a legenda associavam os candidatos a estupro de vulnerável como fato verdadeiro, sem suporte fático mínimo, excedendo a crítica político-eleitoral legítima. Determinou a remoção da URL pelo PT, pela FE Brasil, pela coligação e pelo X em 24 horas, mas indeferiu, por ora, a remoção genérica de reproduções não individualizadas e a cientificação preventiva de outros provedores. A última decisão foi indexada em 28/08/2026. Fonte: (decisão).;01/10/2026 06:00:34 BRT;"síntese e codificação editorial; peça oficial vinculada";codificação editorial, fonte oficial vinculada
0601686-61.2026.6.00.0000;sim;"Comunicação individualizada e resultado codificado; polos e peça oficial indicados.";comparável;Flávio;ALFREDO GASPAR DE MENDONCA NETO | FLAVIO NANTES BOLSONARO;COLIGAÇÃO BRASIL PRONTO PRA MAIS | FEDERAÇÃO BRASIL DA ESPERANÇA (FE BRASIL) - NACIONAL | PARTIDO DOS TRABALHADORES (PT) - NACIONAL;Rp;Propaganda Política - Propaganda Eleitoral - Divulgação de Notícia  Sabidamente Falsa;Cargo - Presidente da República | Cargo - Vice-Presidente da República | Propaganda Política - Propaganda Eleitoral - Divulgação de Notícia  Sabidamente Falsa | Propaganda Política - Propaganda Eleitoral - Redes Sociais;Imputações criminais em publicações do PT;providência sobre a propaganda individualizada na sinopse;atendido;sim;atendimento documentado, extensão não discriminada;"efeito da decisão de referência; ver sinopse para estado do mérito";2026-09-17;Decisão;1;2026-09-17;https://consultaunificadapje.tse.jus.br/consulta-publica-unificada/documento?extensaoArquivo=text/html&path=tse/2026/9/17/18/32/43/b14156aa39ac5fc815c5ac45e54489dabb602cd8d59a90804902bf518900becc;Decisão;"peça PJe verificada; ato no bulk";https://consultaunificadapje.tse.jus.br/#/public/resultado/0601686-61.2026.6.00.0000;A campanha de Flávio Bolsonaro apresentou o pedido contra a de Lula em 0601686-61.2026.6.00.0000. O relator entendeu, em análise liminar, que as afirmações ultrapassaram a crítica política e imputaram condutas criminosas sem suporte probatório mínimo, justificando a intervenção judicial. Determinou a remoção das publicações no Instagram e no X e a abstenção de republicação, mas indeferiu, por ora, a preservação genérica de registros e a cientificação preventiva ampla de outros provedores. A última decisão foi indexada em 17/09/2026. Fonte: (decisão).;01/10/2026 06:00:34 BRT;"síntese e codificação editorial; peça oficial vinculada";codificação editorial, fonte oficial vinculada
0601690-98.2026.6.00.0000;sim;"Comunicação individualizada e resultado codificado; polos e peça oficial indicados.";comparável;Flávio;ALFREDO GASPAR DE MENDONCA NETO | FLAVIO NANTES BOLSONARO;COLIGAÇÃO BRASIL PRONTO PRA MAIS | EDSON ANTONIO EDINHO DA SILVA | FABIANO E SILVA LEITAO DUARTE | FEDERAÇÃO BRASIL DA ESPERANÇA (FE BRASIL) - NACIONAL | LUIZ LINDBERGH FARIAS FILHO | PARTIDO DOS TRABALHADORES (PT) - ESTADUAL | PARTIDO DOS TRABALHADORES (PT) - NACIONAL | ROGERIO CORREIA DE MOURA BAPTISTA;Rp;Propaganda Política - Propaganda Eleitoral - Divulgação de Notícia  Sabidamente Falsa;Cargo - Presidente da República | Cargo - Vice-Presidente da República | Propaganda Política - Propaganda Eleitoral - Divulgação de Notícia  Sabidamente Falsa | Propaganda Política - Propaganda Eleitoral - Uso de Inteligência Artificial;Acusação de estupro contra candidato a vice: retirada de publicações;providência sobre a propaganda individualizada na sinopse;atendido;sim;parcial;"efeito da decisão de referência; ver sinopse para estado do mérito";2026-09-11;Acórdão;2;2026-09-09;https://consultaunificadapje.tse.jus.br/consulta-publica-unificada/documento?extensaoArquivo=text/html&path=tse/2026/9/11/14/22/49/bdb5bef2a4ed9440885b018f8c4ab943469293927a03e31335584aa2d3a1b8c0;Acórdão;"peça PJe verificada; ato no bulk";https://consultaunificadapje.tse.jus.br/#/public/resultado/0601690-98.2026.6.00.0000;"Flávio Bolsonaro, seu candidato a vice e a coligação contestaram publicações que atribuíam ao vice o estupro de uma menina de 13 anos. Em 0601690-98.2026.6.00.0000, o relator determinou liminarmente a retirada das publicações especificadas, por considerar insuficiente o suporte para imputação criminal tão grave. O Plenário referendou parcialmente a medida por unanimidade em 09/09. O efeito imediato foi retirar os conteúdos indicados; a representação ainda não recebeu julgamento definitivo no recorte consultado. Fontes: (decisão) (acórdão).";01/10/2026 06:00:34 BRT;"síntese e codificação editorial; peça oficial vinculada";codificação editorial, fonte oficial vinculada
0601740-27.2026.6.00.0000;sim;"Comunicação individualizada e resultado codificado; polos e peça oficial indicados.";comparável;Flávio;FLAVIO NANTES BOLSONARO;LUIZ INACIO LULA DA SILVA;RepEsp;Conduta Vedada ao Agente Público;Cargo - Presidente da República | Conduta Vedada ao Agente Público;Entrevista de Lula gravada no Palácio da Alvorada;tutela por conduta vedada relativa à comunicação descrita na sinopse;não atendido;não;não atendido;"efeito da decisão de referência; ver sinopse para estado do mérito";2026-09-26;Decisão;1;2026-09-26;https://consultaunificadapje.tse.jus.br/consulta-publica-unificada/documento?extensaoArquivo=text/html&path=tse/2026/9/26/16/28/20/60c81d6ab680a4913eea7823ea480d41d7e7690ecc7a1296d03c1c6b54952fec;Decisão;"peça PJe verificada; ato no bulk";https://consultaunificadapje.tse.jus.br/#/public/resultado/0601740-27.2026.6.00.0000;A campanha de Flávio Bolsonaro apresentou o pedido contra a de Lula em 0601740-27.2026.6.00.0000. Em decisão monocrática, o TSE indeferiu a tutela de urgência por entender necessária a formação do contraditório e a apuração do uso de servidores, equipamentos, serviços ou recursos públicos na entrevista. Determinou diligências à Presidência e à Secom, mantendo afastadas, por ora, as medidas inibitórias e a preservação cautelar da mídia. A última decisão foi indexada em 26/09/2026. Fonte: (decisão).;01/10/2026 06:00:34 BRT;"síntese e codificação editorial; peça oficial vinculada";codificação editorial, fonte oficial vinculada
0601749-86.2026.6.00.0000;sim;"Comunicação individualizada e resultado codificado; polos e peça oficial indicados.";comparável;Flávio;FLAVIO NANTES BOLSONARO;COLIGAÇÃO BRASIL PRONTO PRA MAIS | GERALDO JOSE RODRIGUES ALCKMIN FILHO | LUIZ INACIO LULA DA SILVA;Rp;Propaganda Política - Propaganda Eleitoral - Omissão de Informações Obrigatórias;Cargo - Presidente da República | Cargo - Vice-Presidente da República | Propaganda Política - Propaganda Eleitoral - Horário Eleitoral Gratuito/Inserções de Propaganda | Propaganda Política - Propaganda Eleitoral - Omissão de Informações Obrigatórias;Nome do candidato a vice ilegível em propaganda de Lula;providência sobre a propaganda individualizada na sinopse;atendido;sim;parcial;"efeito da decisão de referência; ver sinopse para estado do mérito";2026-09-16;Acórdão;2;2026-09-09;https://consultaunificadapje.tse.jus.br/consulta-publica-unificada/documento?extensaoArquivo=text/html&path=tse/2026/9/16/17/55/20/aa543a228e7772850c79dd980631f43aa69642ef47589ec6eddbe30af46ffdaf;Acórdão;"peça PJe verificada; ato no bulk";https://consultaunificadapje.tse.jus.br/#/public/resultado/0601749-86.2026.6.00.0000;A campanha de Flávio Bolsonaro apresentou o pedido contra a de Lula em 0601749-86.2026.6.00.0000. Em decisão monocrática, o TSE reconheceu, em cognição sumária, a aparente violação ao art. 36, § 4º, da Lei nº 9.504/1997 e ao art. 12 da Res.-TSE nº 23.610/2019, pois a propaganda de Lula não indicava Alckmin. Determinou-se a abstenção de nova veiculação da peça impugnada até sua adequação, sem impor ordem genérica para propagandas futuras e deixando a análise de eventual multa para após o contraditório. O TSE, por unanimidade, referendou a liminar parcialmente deferida, nos termos do voto do relator. Permaneceram mantidos os efeitos da tutela no alcance em que concedida, sem detalhamento das medidas específicas no texto fornecido. A última decisão foi indexada em 09/09/2026. Fontes: (decisão) (acórdão).;01/10/2026 06:00:34 BRT;"síntese e codificação editorial; peça oficial vinculada";codificação editorial, fonte oficial vinculada
0601752-41.2026.6.00.0000;não;"Extinção por ilegitimidade ativa do PL; nenhuma resposta concedida ou mérito analisado.";extinção sem mérito;Flávio;PARTIDO LIBERAL (PL) - NACIONAL;GLOBO COMUNICACAO E PARTICIPACOES S/A | LUIZ INACIO LULA DA SILVA;DR;Direito de Resposta;Cargo - Presidente da República | Direito de Resposta;Entrevista de Lula ao Jornal Nacional sobre gestão de Jair Bolsonaro;direito de resposta do PL;sem resultado comparável;;sem resultado comparável;extinção integral sem mérito;2026-09-26;Decisão;1;;;;"texto integral da exportação oficial de jurisprudência TSE/PJe; URL direta de peça indisponível nesta coleta";https://consultaunificadapje.tse.jus.br/#/public/resultado/0601752-41.2026.6.00.0000;"Extinção por ilegitimidade ativa do PL; nenhuma resposta concedida ou mérito analisado.";01/10/2026 06:00:34 BRT;texto integral da exportação oficial de jurisprudência TSE/PJe;alto
0601755-93.2026.6.00.0000;sim;"Comunicação individualizada e resultado codificado; polos e peça oficial indicados.";comparável;Flávio;FLAVIO NANTES BOLSONARO;COLIGAÇÃO BRASIL PRONTO PRA MAIS | LUIZ INACIO LULA DA SILVA;DR;Direito de Resposta;Cargo - Presidente da República | Direito de Resposta;Inserção televisiva com acusações contra Flávio Bolsonaro suspensa;direito de resposta sobre o conteúdo descrito na sinopse;atendido;sim;atendimento documentado, extensão não discriminada;"efeito da decisão de referência; ver sinopse para estado do mérito";2026-09-11;Acórdão;2;2026-09-09;https://consultaunificadapje.tse.jus.br/consulta-publica-unificada/documento?extensaoArquivo=text/html&path=tse/2026/9/11/18/7/58/310e0c24078156baa32335b9e2cf16ded13645b0adaa9df3f1996afd9c8372a3;Acórdão;"peça PJe verificada; ato no bulk";https://consultaunificadapje.tse.jus.br/#/public/resultado/0601755-93.2026.6.00.0000;"Flávio Bolsonaro pediu direito de resposta e a suspensão de uma inserção da campanha de Lula que apresentava acusações graves contra ele sob o formato de “currículo”. Em 0601755-93.2026.6.00.0000, a relatora suspendeu cautelarmente a veiculação da peça na televisão; o Plenário referendou a liminar por unanimidade em 09/09. A ordem interrompeu aquela inserção, sem decidir definitivamente o direito de resposta. Fontes: (decisão) (acórdão).";01/10/2026 06:00:34 BRT;"síntese e codificação editorial; peça oficial vinculada";codificação editorial, fonte oficial vinculada
0601757-63.2026.6.00.0000;não;"A peça identifica o discurso, mas o único ato é de admissibilidade da AIJE e citação; não concede ou nega medida sobre circulação do discurso.";comunicação sem resultado comparável;Lula;COLIGAÇÃO BRASIL PRONTO PRA MAIS;ALFREDO GASPAR DE MENDONCA NETO | FLAVIO NANTES BOLSONARO;AIJE;Abuso - De Poder Econômico;Abuso - De Poder Econômico | Cargo - Presidente da República | Cargo - Vice-Presidente da República;Discurso de Flávio no palco da Festa do Peão de Barretos;cassação/inelegibilidade por alegado abuso econômico;sem resultado comparável;;sem resultado comparável;admissibilidade e citação;2026-09-07;Decisão;1;;;;"texto integral da exportação oficial de jurisprudência TSE/PJe; URL direta de peça indisponível nesta coleta";https://consultaunificadapje.tse.jus.br/#/public/resultado/0601757-63.2026.6.00.0000;"A peça identifica o discurso, mas o único ato é de admissibilidade da AIJE e citação; não concede ou nega medida sobre circulação do discurso.";01/10/2026 06:00:34 BRT;texto integral da exportação oficial de jurisprudência TSE/PJe;alto
0601763-70.2026.6.00.0000;sim;"Comunicação individualizada e resultado codificado; polos e peça oficial indicados.";comparável;Flávio;FLAVIO NANTES BOLSONARO;COLIGAÇÃO BRASIL PRONTO PRA MAIS | GERALDO JOSE RODRIGUES ALCKMIN FILHO | LUIZ INACIO LULA DA SILVA;Rp;Propaganda Política - Propaganda Eleitoral - Horário Eleitoral Gratuito/Inserções de Propaganda;Cargo - Presidente da República | Cargo - Vice-Presidente da República | Propaganda Política - Propaganda Eleitoral - Horário Eleitoral Gratuito/Inserções de Propaganda | Propaganda Política - Propaganda Eleitoral - Rádio | Propaganda Política - Propaganda Eleitoral - Televisão;Peça conexa no rádio: suspensão parcial da veiculação;providência sobre a propaganda individualizada na sinopse;atendido;sim;parcial;"efeito da decisão de referência; ver sinopse para estado do mérito";2026-09-14;Acórdão;2;2026-09-09;https://consultaunificadapje.tse.jus.br/consulta-publica-unificada/documento?extensaoArquivo=text/html&path=tse/2026/9/14/18/35/52/ac51cbe2a15913ced9ff7a6250a3f52a8d4a87c3c8754f9faca601c1b96733cb;Acórdão;"peça PJe verificada; ato no bulk";https://consultaunificadapje.tse.jus.br/#/public/resultado/0601763-70.2026.6.00.0000;"A disputa sobre a mesma inserção também chegou ao TSE em 0601763-70.2026.6.00.0000, com pedido relativo à transmissão no rádio e na televisão. A relatora deferiu parte da liminar para suspender a versão radiofônica; quanto à televisão, considerou a medida já tratada no processo anterior. O Plenário confirmou por unanimidade a decisão parcial em 09/09. Os dois processos são conexos e não representam controvérsias independentes. A suspensão é provisória. Fontes: (decisão) (acórdão).";01/10/2026 06:00:34 BRT;"síntese e codificação editorial; peça oficial vinculada";codificação editorial, fonte oficial vinculada
0601765-40.2026.6.00.0000;sim;"Comunicação individualizada e resultado codificado; polos e peça oficial indicados.";comparável;Flávio;FLAVIO NANTES BOLSONARO;COLIGAÇÃO BRASIL PRONTO PRA MAIS | GERALDO JOSE RODRIGUES ALCKMIN FILHO | LUIZ INACIO LULA DA SILVA;Rp;Cargo - Presidente da República;Cargo - Presidente da República | Cargo - Vice-Presidente da República | Propaganda Política - Propaganda Eleitoral - Horário Eleitoral Gratuito/Inserções de Propaganda | Propaganda Política - Propaganda Eleitoral - Impulsionamento;Site crítico divulgado no horário eleitoral de Lula;providência sobre a propaganda individualizada na sinopse;não atendido;não;não atendido;"efeito da decisão de referência; ver sinopse para estado do mérito";2026-09-11;Decisão;1;2026-09-11;https://consultaunificadapje.tse.jus.br/consulta-publica-unificada/documento?extensaoArquivo=text/html&path=tse/2026/9/11/18/7/13/f627ecd441ca1f663a25967f5fb1fdad5cd92d217e9d0ce60853a5a806629bd6;Decisão;"peça PJe verificada; ato no bulk";https://consultaunificadapje.tse.jus.br/#/public/resultado/0601765-40.2026.6.00.0000;A campanha de Flávio Bolsonaro apresentou o pedido contra a de Lula em 0601765-40.2026.6.00.0000. O TSE indeferiu a tutela de urgência por não vislumbrar probabilidade do direito, entendendo, em análise preliminar, que a vedação ao impulsionamento de conteúdo na internet não se estende automaticamente à propaganda gratuita que indica site por link ou QR Code. Também considerou que parte do pedido já estava prejudicada, pois a inserção questionada havia sido suspensa em outra representação. A última decisão foi indexada em 11/09/2026. Fonte: (decisão).;01/10/2026 06:00:34 BRT;"síntese e codificação editorial; peça oficial vinculada";codificação editorial, fonte oficial vinculada
0601766-25.2026.6.00.0000;não;"Conteúdo retirado em outro CNJ; liminar perdeu objeto e direito de resposta ficou pendente.";perda de objeto;Flávio;FLAVIO NANTES BOLSONARO;COLIGAÇÃO BRASIL PRONTO PRA MAIS | GERALDO JOSE RODRIGUES ALCKMIN FILHO | LUIZ INACIO LULA DA SILVA;DR;Cargo - Presidente da República;Cargo - Presidente da República | Direito de Resposta;Inserção Currículo de Flávio da tarde de 29/08;direito de resposta e suspensão;sem resultado comparável;;sem resultado comparável;liminar prejudicada;2026-09-11;Acórdão;2;;;;"texto integral da exportação oficial de jurisprudência TSE/PJe; URL direta de peça indisponível nesta coleta";https://consultaunificadapje.tse.jus.br/#/public/resultado/0601766-25.2026.6.00.0000;"Conteúdo retirado em outro CNJ; liminar perdeu objeto e direito de resposta ficou pendente.";01/10/2026 06:00:34 BRT;texto integral da exportação oficial de jurisprudência TSE/PJe;alto
0601767-10.2026.6.00.0000;sim;"Comunicação individualizada e resultado codificado; polos e peça oficial indicados.";comparável;Flávio;FLAVIO NANTES BOLSONARO;COLIGAÇÃO BRASIL PRONTO PRA MAIS | LUIZ INACIO LULA DA SILVA;DR;Direito de Resposta;Cargo - Presidente da República | Direito de Resposta;Propaganda que aproximava Flávio do caso Banco Master;direito de resposta sobre o conteúdo descrito na sinopse;não atendido;não;não atendido;"efeito da decisão de referência; ver sinopse para estado do mérito";2026-09-01;Decisão;1;2026-09-09;https://consultaunificadapje.tse.jus.br/consulta-publica-unificada/documento?extensaoArquivo=text/html&path=tse/2026/9/9/1/29/12/50b94a3773ca927d392c0e5ca4d9a5631e0d23a9aca0e5df45024c65d2a80b13;Certidão de julgamento;"certidão PJe verificada; outro ato presente no bulk";https://consultaunificadapje.tse.jus.br/#/public/resultado/0601767-10.2026.6.00.0000;A campanha de Flávio Bolsonaro apresentou o pedido contra a de Lula em 0601767-10.2026.6.00.0000. O relator indeferiu monocraticamente a tutela de urgência porque a propaganda, embora aproximasse o candidato do escândalo do Banco Master, não imputou de plano sua autoria ou participação nas fraudes nem revelou falsidade objetiva manifesta. Assim, foi mantida, por ora, a veiculação do conteúdo impugnado, com prosseguimento do processo para defesa e parecer da Procuradoria-Geral Eleitoral. Por unanimidade, o TSE referendou o indeferimento da liminar, nos termos do voto do relator. O resultado da sessão virtual de 04 a 08/09 consta da certidão de 09/09/2026. Fontes: (decisão) (certidão de julgamento).;01/10/2026 06:00:34 BRT;"síntese e codificação editorial; peça oficial vinculada";codificação editorial, fonte oficial vinculada
0601768-92.2026.6.00.0000;sim;"Comunicação individualizada e resultado codificado; polos e peça oficial indicados.";comparável;Flávio;FLAVIO NANTES BOLSONARO;COLIGAÇÃO BRASIL PRONTO PRA MAIS | LUIZ INACIO LULA DA SILVA;DR;Direito de Resposta;Cargo - Presidente da República | Direito de Resposta;Pedido de resposta a crítica sobre Flávio Bolsonaro e Banco Master;direito de resposta sobre o conteúdo descrito na sinopse;não atendido;não;não atendido;"efeito da decisão de referência; ver sinopse para estado do mérito";2026-09-01;Decisão;1;2026-09-09;https://consultaunificadapje.tse.jus.br/consulta-publica-unificada/documento?extensaoArquivo=text/html&path=tse/2026/9/9/1/26/18/7b9e6abd03c8b6dc5f530b3776aca8fc33182e76bc96c681a8fb8fb461d5b49d;Certidão de julgamento;"certidão PJe verificada; outro ato presente no bulk";https://consultaunificadapje.tse.jus.br/#/public/resultado/0601768-92.2026.6.00.0000;"Flávio Bolsonaro pediu providência urgente contra inserção da campanha de Lula que o relacionava ao Banco Master. Em 0601768-92.2026.6.00.0000, o relator indeferiu a liminar em decisão registrada no PJe em 01/09. Na sessão virtual de 04 a 08/09, conforme certidão emitida em 09/09, o Plenário referendou por unanimidade esse indeferimento; a peça não foi suspensa por essa medida. O resultado é cautelar e não equivale a rejeição definitiva do direito de resposta. Fontes: (decisão) (certidão de julgamento).";01/10/2026 06:00:34 BRT;"síntese e codificação editorial; peça oficial vinculada";codificação editorial, fonte oficial vinculada
0601773-17.2026.6.00.0000;sim;"Comunicação individualizada e resultado codificado; polos e peça oficial indicados.";comparável;Lula;COLIGAÇÃO BRASIL PRONTO PRA MAIS;FLAVIO NANTES BOLSONARO | GLOBO COMUNICACAO E PARTICIPACOES S/A;DR;Direito de Resposta;Cargo - Presidente da República | Direito de Resposta;Entrevista televisiva com referências a terceiros;direito de resposta sobre o conteúdo descrito na sinopse;não atendido;não;não atendido;"efeito da decisão de referência; ver sinopse para estado do mérito";2026-09-26;Decisão;1;2026-09-26;https://consultaunificadapje.tse.jus.br/consulta-publica-unificada/documento?extensaoArquivo=text/html&path=tse/2026/9/26/16/28/19/37d1ec491f1915d73feb2fecbfe2ec99216add4df6cee887fe88072054e8d674;Decisão;"peça PJe verificada; ato no bulk";https://consultaunificadapje.tse.jus.br/#/public/resultado/0601773-17.2026.6.00.0000;A campanha de Lula apresentou o pedido contra a de Flávio Bolsonaro em 0601773-17.2026.6.00.0000. O TSE entendeu que a coligação não tinha legitimidade quanto às referências exclusivas a terceiros e que as demais declarações, proferidas em entrevista jornalística, não configuravam fato manifestamente inverídico nem grave ofensa pessoal. Assim, extinguiu parcialmente o processo, sem resolução do mérito, e julgou improcedente o pedido nos itens remanescentes. A última decisão foi indexada em 26/09/2026. Fonte: (decisão).;01/10/2026 06:00:34 BRT;"síntese e codificação editorial; peça oficial vinculada";codificação editorial, fonte oficial vinculada
0601780-09.2026.6.00.0000;não;"As decisões tratam de redistribuição e exigem emenda para identificar candidato beneficiário; não julgam comunicação específica.";financiamento sem resultado comparável;Lula;COLIGAÇÃO BRASIL PRONTO PRA MAIS;INSTITUTO ALVARO VALLE DE ESTUDOS POLITICOS E SOCIAIS - INSTITUTO ALVARO VALLE | PARTIDO LIBERAL (PL) - NACIONAL;TutCautAnt;Captação ou Gasto Ilícito de Recursos Financeiros de Campanha Eleitoral;Captação ou Gasto Ilícito de Recursos Financeiros de Campanha Eleitoral | Cautelar Inominada - Preparatória;Alegado desvio de recursos de fundação partidária ligada ao PL;provas e medida cautelar para futura AIJE;sem resultado comparável;;sem resultado comparável;competência e emenda inicial;2026-09-19;Decisão;2;;;;"texto integral da exportação oficial de jurisprudência TSE/PJe; URL direta de peça indisponível nesta coleta";https://consultaunificadapje.tse.jus.br/#/public/resultado/0601780-09.2026.6.00.0000;"As decisões tratam de redistribuição e exigem emenda para identificar candidato beneficiário; não julgam comunicação específica.";01/10/2026 06:00:34 BRT;texto integral da exportação oficial de jurisprudência TSE/PJe;alto
0601781-91.2026.6.00.0000;não;A peça exige texto de resposta e abre contraditório, sem decidir o pedido.;processual;Flávio;FLAVIO NANTES BOLSONARO;COLIGAÇÃO BRASIL PRONTO PRA MAIS | LUIZ INACIO LULA DA SILVA;DR;Direito de Resposta;Cargo - Presidente da República | Direito de Resposta;Inserções Currículo de Flávio de 30/08;direito de resposta;sem resultado comparável;;sem resultado comparável;instrução inicial;2026-09-02;Decisão;1;;;;"texto integral da exportação oficial de jurisprudência TSE/PJe; URL direta de peça indisponível nesta coleta";https://consultaunificadapje.tse.jus.br/#/public/resultado/0601781-91.2026.6.00.0000;A peça exige texto de resposta e abre contraditório, sem decidir o pedido.;01/10/2026 06:00:34 BRT;texto integral da exportação oficial de jurisprudência TSE/PJe;alto
0601786-16.2026.6.00.0000;sim;"Comunicação individualizada e resultado codificado; polos e peça oficial indicados.";comparável;Flávio;FLAVIO NANTES BOLSONARO;COLIGAÇÃO BRASIL PRONTO PRA MAIS | GERALDO JOSE RODRIGUES ALCKMIN FILHO | LUIZ INACIO LULA DA SILVA;Rp;Propaganda Política - Propaganda Eleitoral - Rádio;Cargo - Presidente da República | Cargo - Vice-Presidente da República | Propaganda Política - Propaganda Eleitoral - Horário Eleitoral Gratuito/Inserções de Propaganda | Propaganda Política - Propaganda Eleitoral - Rádio;Inserções de rádio suspensas por possível falsidade;providência sobre a propaganda individualizada na sinopse;atendido;sim;atendimento documentado, extensão não discriminada;"efeito da decisão de referência; ver sinopse para estado do mérito";2026-09-26;Decisão;1;2026-09-26;https://consultaunificadapje.tse.jus.br/consulta-publica-unificada/documento?extensaoArquivo=text/html&path=tse/2026/9/26/16/29/34/579875cab6b5bc96fbc613fbab465339d0bb1fc8412c39c3e17964bb6ad0c415;Decisão;"peça PJe verificada; ato no bulk";https://consultaunificadapje.tse.jus.br/#/public/resultado/0601786-16.2026.6.00.0000;A campanha de Flávio Bolsonaro apresentou o pedido contra a de Lula em 0601786-16.2026.6.00.0000. Em decisão monocrática, o TSE reconheceu, em análise preliminar, a plausibilidade de conteúdo apto a induzir o eleitor a erro e o perigo de dano pela veiculação reiterada em período eleitoral. Determinou a suspensão imediata da propaganda “Foi o Flávio Bolsonaro” e proibiu nova divulgação até o julgamento do mérito, sem antecipar a análise definitiva. A última decisão foi indexada em 26/09/2026. Fonte: (decisão).;01/10/2026 06:00:34 BRT;"síntese e codificação editorial; peça oficial vinculada";codificação editorial, fonte oficial vinculada
0601788-83.2026.6.00.0000;não;Os metadados oficiais identificam campanhas em polos opostos e um ato em 30/09, mas não informam o pedido concreto nem o resultado. Peça ainda inacessível nesta conferência.;triagem pendente de inteiro teor;Flávio;FLAVIO NANTES BOLSONARO;COLIGAÇÃO BRASIL PRONTO PRA MAIS | LUIZ INACIO LULA DA SILVA;DR;Direito de Resposta;Cargo - Presidente da República | Direito de Resposta;Conteúdo de pedido de direito de resposta ainda não individualizado nesta coleta;A conferir no inteiro teor da peça;sem resultado comparável;;sem resultado comparável;"uma Decisão de 30/09/2026 no extrato; resultado da medida não conferido";2026-09-30;Decisão;1;2026-09-30;;;"metadados dos ZIPs oficiais Processual 2026; inteiro teor não acessado; URL direta de peça indisponível nesta coleta";https://consultaunificadapje.tse.jus.br/#/public/resultado/0601788-83.2026.6.00.0000;Há um ato oficial em 30/09, com o pedido e o resultado pendentes de conferência da peça.;01/10/2026 06:00:34 BRT;"metadados dos ZIPs oficiais Processual 2026; inteiro teor não acessado";provisório
0601789-68.2026.6.00.0000;não;Os metadados oficiais identificam campanhas em polos opostos e um ato em 30/09, mas não informam o pedido concreto nem o resultado. Peça ainda inacessível nesta conferência.;triagem pendente de inteiro teor;Flávio;FLAVIO NANTES BOLSONARO;LUIZ INACIO LULA DA SILVA;DR;Direito de Resposta;Cargo - Presidente da República | Direito de Resposta;Conteúdo de pedido de direito de resposta ainda não individualizado nesta coleta;A conferir no inteiro teor da peça;sem resultado comparável;;sem resultado comparável;"uma Decisão de 30/09/2026 no extrato; resultado da medida não conferido";2026-09-30;Decisão;1;2026-09-30;;;"metadados dos ZIPs oficiais Processual 2026; inteiro teor não acessado; URL direta de peça indisponível nesta coleta";https://consultaunificadapje.tse.jus.br/#/public/resultado/0601789-68.2026.6.00.0000;Há um ato oficial em 30/09, com o pedido e o resultado pendentes de conferência da peça.;01/10/2026 06:00:34 BRT;"metadados dos ZIPs oficiais Processual 2026; inteiro teor não acessado";provisório
0601806-07.2026.6.00.0000;sim;"Comunicação individualizada e resultado codificado; polos e peça oficial indicados.";comparável;Flávio;FLAVIO NANTES BOLSONARO;COLIGAÇÃO BRASIL PRONTO PRA MAIS | GERALDO JOSE RODRIGUES ALCKMIN FILHO | LUIZ INACIO LULA DA SILVA;Rp;Propaganda Política - Propaganda Eleitoral - Internet;Cargo - Presidente da República | Propaganda Política - Propaganda Eleitoral - Divulgação de Notícia  Sabidamente Falsa | Propaganda Política - Propaganda Eleitoral - Internet;Título que associava Flávio a milícia e corrupção;providência sobre a propaganda individualizada na sinopse;atendido;sim;parcial;"efeito da decisão de referência; ver sinopse para estado do mérito";2026-09-26;Decisão;1;2026-09-26;https://consultaunificadapje.tse.jus.br/consulta-publica-unificada/documento?extensaoArquivo=text/html&path=tse/2026/9/26/16/28/26/3e2ae78fd6d82cf040350c7c420071a0ce70035b3a8041353105b5bcd62f7630;Decisão;"peça PJe verificada; ato no bulk";https://consultaunificadapje.tse.jus.br/#/public/resultado/0601806-07.2026.6.00.0000;A campanha de Flávio Bolsonaro apresentou o pedido contra a de Lula em 0601806-07.2026.6.00.0000. O relator deferiu parcialmente a tutela para retirar e impedir a republicação do título que associava Flávio Bolsonaro a “rachadinha, milícia e corrupção”, por exceder os limites da crítica eleitoral com imputação pessoal não suficientemente amparada. Foram mantidas, por ora, as demais publicações e indeferidas a remoção integral do conteúdo e a suspensão do domínio. A última decisão foi indexada em 26/09/2026. Fonte: (decisão).;01/10/2026 06:00:34 BRT;"síntese e codificação editorial; peça oficial vinculada";codificação editorial, fonte oficial vinculada
0601808-74.2026.6.00.0000;não;A peça exige texto de resposta e abre contraditório, sem decidir o pedido.;processual;Flávio;FLAVIO NANTES BOLSONARO;COLIGAÇÃO BRASIL PRONTO PRA MAIS | LUIZ INACIO LULA DA SILVA;DR;Direito de Resposta;Cargo - Presidente da República | Direito de Resposta;Inserções Currículo de Flávio de 31/08;direito de resposta;sem resultado comparável;;sem resultado comparável;instrução inicial;2026-09-14;Despacho;1;;;;"texto integral da exportação oficial de jurisprudência TSE/PJe; URL direta de peça indisponível nesta coleta";https://consultaunificadapje.tse.jus.br/#/public/resultado/0601808-74.2026.6.00.0000;A peça exige texto de resposta e abre contraditório, sem decidir o pedido.;01/10/2026 06:00:34 BRT;texto integral da exportação oficial de jurisprudência TSE/PJe;alto
0601811-29.2026.6.00.0000;não;O HTML é despacho que apenas intima os adversários a responder em 48 horas.;processual;Flávio;FLAVIO NANTES BOLSONARO;COLIGAÇÃO BRASIL PRONTO PRA MAIS | GERALDO JOSE RODRIGUES ALCKMIN FILHO | LUIZ INACIO LULA DA SILVA;Rp;Propaganda Política - Propaganda Eleitoral - Omissão de Informações Obrigatórias;Cargo - Presidente da República | Cargo - Vice-Presidente da República | Propaganda Política - Propaganda Eleitoral - Omissão de Informações Obrigatórias;Omissão de informações em propaganda presidencial;tutela de urgência;sem resultado comparável;;sem resultado comparável;despacho de manifestação;2026-09-03;Decisão;1;2026-09-03;https://consultaunificadapje.tse.jus.br/consulta-publica-unificada/documento?extensaoArquivo=text/html&path=tse/2026/9/3/16/10/39/b7de68b27a5e93d63260eae4fd8863e3803c9e4f84e905cd600d7957e2a08c50;Despacho (rotulado Decisão no bulk);"inteiro teor HTML da Consulta Unificada PJe/TSE; URL de peça disponível";https://consultaunificadapje.tse.jus.br/#/public/resultado/0601811-29.2026.6.00.0000;O HTML é despacho que apenas intima os adversários a responder em 48 horas.;01/10/2026 06:00:34 BRT;inteiro teor HTML da Consulta Unificada PJe/TSE;alto
0601813-96.2026.6.00.0000;não;Os metadados oficiais identificam campanhas em polos opostos e um ato em 30/09, mas não informam o pedido concreto nem o resultado. Peça ainda inacessível nesta conferência.;triagem pendente de inteiro teor;Flávio;FLAVIO NANTES BOLSONARO;COLIGAÇÃO BRASIL PRONTO PRA MAIS | LUIZ INACIO LULA DA SILVA;DR;Direito de Resposta;Cargo - Presidente da República | Direito de Resposta;Conteúdo de pedido de direito de resposta ainda não individualizado nesta coleta;A conferir no inteiro teor da peça;sem resultado comparável;;sem resultado comparável;"uma Decisão de 30/09/2026 no extrato; resultado da medida não conferido";2026-09-30;Decisão;1;2026-09-30;;;"metadados dos ZIPs oficiais Processual 2026; inteiro teor não acessado; URL direta de peça indisponível nesta coleta";https://consultaunificadapje.tse.jus.br/#/public/resultado/0601813-96.2026.6.00.0000;Há um ato oficial em 30/09, com o pedido e o resultado pendentes de conferência da peça.;01/10/2026 06:00:34 BRT;"metadados dos ZIPs oficiais Processual 2026; inteiro teor não acessado";provisório
0601817-36.2026.6.00.0000;sim;"Resposta negada em duas publicações e concedida na terceira; texto e veiculação pendentes.";comparável;Flávio;FLAVIO NANTES BOLSONARO;COLIGAÇÃO BRASIL PRONTO PRA MAIS | GERALDO JOSE RODRIGUES ALCKMIN FILHO | LUIZ INACIO LULA DA SILVA;DR;Cargo - Presidente da República;Cargo - Presidente da República | Direito de Resposta;Três publicações em opiordosbolsonaros.com.br;direito de resposta sobre três publicações;atendido;sim;parcial;parcialmente procedente;2026-09-28;Decisão;1;2026-09-28;https://consultaunificadapje.tse.jus.br/consulta-publica-unificada/documento?extensaoArquivo=text/html&path=tse/2026/9/28/18/11/45/2dcef3544e4ff72280c79e9699a401990a35889be5e94313636d638e253ccec5;Decisão;"inteiro teor HTML da Consulta Unificada PJe/TSE; URL de peça disponível";https://consultaunificadapje.tse.jus.br/#/public/resultado/0601817-36.2026.6.00.0000;Flávio Bolsonaro pediu direito de resposta sobre três publicações do site ligado à campanha de Lula. Nunes Marques julgou o pedido parcialmente procedente: negou resposta a duas publicações e a concedeu quanto à apresentação da trajetória pessoal de Flávio como marcada por milícia e corrupção na terceira. O texto e as condições de veiculação ainda dependem de decisão integrativa.;01/10/2026 06:00:34 BRT;inteiro teor HTML da Consulta Unificada PJe/TSE;alto
0601838-12.2026.6.00.0000;não;Os metadados oficiais identificam campanhas em polos opostos e um ato em 30/09, mas não informam o pedido concreto nem o resultado. Peça ainda inacessível nesta conferência.;triagem pendente de inteiro teor;Flávio;FLAVIO NANTES BOLSONARO;COLIGAÇÃO BRASIL PRONTO PRA MAIS | GERALDO JOSE RODRIGUES ALCKMIN FILHO | LUIZ INACIO LULA DA SILVA;DR;Cargo - Presidente da República;Cargo - Presidente da República | Cargo - Vice-Presidente da República | Direito de Resposta;Conteúdo de pedido de direito de resposta ainda não individualizado nesta coleta;A conferir no inteiro teor da peça;sem resultado comparável;;sem resultado comparável;"uma Decisão de 30/09/2026 no extrato; resultado da medida não conferido";2026-09-30;Decisão;1;2026-09-30;;;"metadados dos ZIPs oficiais Processual 2026; inteiro teor não acessado; URL direta de peça indisponível nesta coleta";https://consultaunificadapje.tse.jus.br/#/public/resultado/0601838-12.2026.6.00.0000;Há um ato oficial em 30/09, com o pedido e o resultado pendentes de conferência da peça.;01/10/2026 06:00:34 BRT;"metadados dos ZIPs oficiais Processual 2026; inteiro teor não acessado";provisório
0601845-04.2026.6.00.0000;sim;"Comunicação individualizada e resultado codificado; polos e peça oficial indicados.";comparável;Flávio;FLAVIO NANTES BOLSONARO;COLIGAÇÃO BRASIL PRONTO PRA MAIS | LUIZ INACIO LULA DA SILVA;DR;Direito de Resposta;Cargo - Presidente da República | Direito de Resposta;Programa de TV sobre Flávio e o caso Banco Master;direito de resposta sobre o conteúdo descrito na sinopse;não atendido;não;não atendido;"efeito da decisão de referência; ver sinopse para estado do mérito";2026-09-11;Decisão;1;2026-09-11;https://consultaunificadapje.tse.jus.br/consulta-publica-unificada/documento?extensaoArquivo=text/html&path=tse/2026/9/11/19/14/51/af0c1ad5a381ab2a74690d9034f18560a3a692d45b4501df1ac260f0743997cb;Decisão;"peça PJe verificada; ato no bulk";https://consultaunificadapje.tse.jus.br/#/public/resultado/0601845-04.2026.6.00.0000;A campanha de Flávio Bolsonaro apresentou o pedido contra a de Lula em 0601845-04.2026.6.00.0000. Em decisão monocrática, o TSE indeferiu a liminar por não identificar, em análise preliminar, ilicitude eleitoral flagrante nem perigo de dano concreto que justificasse restringir previamente a liberdade de expressão. Foi determinada a juntada do texto da resposta em 24 horas, prosseguindo-se com a citação dos requeridos e a análise do mérito. A última decisão foi indexada em 11/09/2026. Fonte: (decisão).;01/10/2026 06:00:34 BRT;"síntese e codificação editorial; peça oficial vinculada";codificação editorial, fonte oficial vinculada
0601849-41.2026.6.00.0000;sim;"Comunicação individualizada e resultado codificado; polos e peça oficial indicados.";comparável;Lula;COLIGAÇÃO BRASIL PRONTO PRA MAIS;FLAVIO NANTES BOLSONARO | PARTIDO LIBERAL (PL) - NACIONAL;DR;Direito de Resposta;Cargo - Presidente da República | Direito de Resposta;Vídeo do portal Dia Dia Notícias usado na TV;direito de resposta sobre o conteúdo descrito na sinopse;não atendido;não;não atendido;"efeito da decisão de referência; ver sinopse para estado do mérito";2026-09-17;Decisão;1;2026-09-17;https://consultaunificadapje.tse.jus.br/consulta-publica-unificada/documento?extensaoArquivo=text/html&path=tse/2026/9/17/18/32/38/237045e56b306b0c58feb51adcaafc576b0c34df383cea3ec72c6bee353859f5;Decisão;"peça PJe verificada; ato no bulk";https://consultaunificadapje.tse.jus.br/#/public/resultado/0601849-41.2026.6.00.0000;A campanha de Lula apresentou o pedido contra a de Flávio Bolsonaro em 0601849-41.2026.6.00.0000. O relator indeferiu monocraticamente a tutela de urgência porque a alegada falsidade do conteúdo e o cumprimento do dever de verificação prévia dependem do contraditório, não podendo ser presumidos pela ausência de comprovação inicial. Determinou-se à representante a juntada da mídia e da transcrição da propaganda em um dia, para posterior citação dos representados e prosseguimento do feito. A última decisão foi indexada em 17/09/2026. Fonte: (decisão).;01/10/2026 06:00:34 BRT;"síntese e codificação editorial; peça oficial vinculada";codificação editorial, fonte oficial vinculada
0601850-26.2026.6.00.0000;sim;"Comunicação individualizada e resultado codificado; polos e peça oficial indicados.";comparável;Lula;COLIGAÇÃO BRASIL PRONTO PRA MAIS;FLAVIO NANTES BOLSONARO | PARTIDO LIBERAL (PL) - NACIONAL;DR;Direito de Resposta;Cargo - Presidente da República | Direito de Resposta;Vídeo do portal Dia Dia Notícias nas redes de Flávio;direito de resposta sobre o conteúdo descrito na sinopse;não atendido;não;não atendido;"efeito da decisão de referência; ver sinopse para estado do mérito";2026-09-17;Decisão;1;2026-09-17;https://consultaunificadapje.tse.jus.br/consulta-publica-unificada/documento?extensaoArquivo=text/html&path=tse/2026/9/17/18/32/39/5fc95b5e6e65ebb0672b961b12238b8852ea17e4756bfad9feafdc25d32ded67;Decisão;"peça PJe verificada; ato no bulk";https://consultaunificadapje.tse.jus.br/#/public/resultado/0601850-26.2026.6.00.0000;A campanha de Lula apresentou o pedido contra a de Flávio Bolsonaro em 0601850-26.2026.6.00.0000. O relator indeferiu monocraticamente a tutela de urgência porque não havia probabilidade do direito demonstrada: a ausência de prova da verificação prévia da informação não permite presumir sua falsidade antes do contraditório. Foi determinada a citação dos requeridos para defesa, com posterior manifestação da Procuradoria-Geral Eleitoral. A última decisão foi indexada em 17/09/2026. Fonte: (decisão).;01/10/2026 06:00:34 BRT;"síntese e codificação editorial; peça oficial vinculada";codificação editorial, fonte oficial vinculada
0601862-40.2026.6.00.0000;sim;"Comunicação individualizada e resultado codificado; polos e peça oficial indicados.";comparável;Lula;COLIGAÇÃO BRASIL PRONTO PRA MAIS;FLAVIO NANTES BOLSONARO | PARTIDO LIBERAL (PL) - NACIONAL;DR;Direito de Resposta;Cargo - Presidente da República | Direito de Resposta;Novo uso do vídeo do portal Dia Dia Notícias na TV;direito de resposta sobre o conteúdo descrito na sinopse;não atendido;não;não atendido;"efeito da decisão de referência; ver sinopse para estado do mérito";2026-09-17;Decisão;1;2026-09-17;https://consultaunificadapje.tse.jus.br/consulta-publica-unificada/documento?extensaoArquivo=text/html&path=tse/2026/9/17/18/32/39/443913c44db933050f010ad31d0ff1c6554eca4abc1383baa28bf6f42f6c4bdf;Decisão;"peça PJe verificada; ato no bulk";https://consultaunificadapje.tse.jus.br/#/public/resultado/0601862-40.2026.6.00.0000;A campanha de Lula apresentou o pedido contra a de Flávio Bolsonaro em 0601862-40.2026.6.00.0000. O relator indeferiu monocraticamente a tutela de urgência porque a ausência, antes da defesa, de comprovação da verificação prévia da informação não permite presumir sua falsidade, sendo indispensável o contraditório. Determinou-se a regularização da mídia da propaganda para posterior citação dos representados e prosseguimento do feito. A última decisão foi indexada em 17/09/2026. Fonte: (decisão).;01/10/2026 06:00:34 BRT;"síntese e codificação editorial; peça oficial vinculada";codificação editorial, fonte oficial vinculada
0601866-77.2026.6.00.0000;sim;"Comunicação individualizada e resultado codificado; polos e peça oficial indicados.";comparável;Flávio;FLAVIO NANTES BOLSONARO;COLIGAÇÃO BRASIL PRONTO PRA MAIS | GERALDO JOSE RODRIGUES ALCKMIN FILHO | LUIZ INACIO LULA DA SILVA;Rp;Propaganda Política - Propaganda Eleitoral - Divulgação de Notícia  Sabidamente Falsa;Cargo - Presidente da República | Cargo - Vice-Presidente da República | Propaganda Política - Propaganda Eleitoral - Divulgação de Notícia  Sabidamente Falsa | Propaganda Política - Propaganda Eleitoral - Horário Eleitoral Gratuito/Inserções de Propaganda;Bloco eleitoral de 4/9 contestado por montagem;providência sobre a propaganda individualizada na sinopse;não atendido;não;não atendido;"efeito da decisão de referência; ver sinopse para estado do mérito";2026-09-11;Decisão;1;2026-09-11;https://consultaunificadapje.tse.jus.br/consulta-publica-unificada/documento?extensaoArquivo=text/html&path=tse/2026/9/11/19/14/38/1af5d17ef1aa24df6b021f629f8ed7e233dd739217ad3b382639180c9b42d335;Decisão;"peça PJe verificada; ato no bulk";https://consultaunificadapje.tse.jus.br/#/public/resultado/0601866-77.2026.6.00.0000;A campanha de Flávio Bolsonaro apresentou o pedido contra a de Lula em 0601866-77.2026.6.00.0000. A relatora indeferiu monocraticamente a liminar por não identificar ilicitude eleitoral flagrante nem perigo de dano concreto, destacando que a crítica político-ideológica e os recursos dramáticos da propaganda são protegidos pela liberdade de expressão. Foi mantida, por ora, a veiculação do conteúdo, sem prejuízo de exame aprofundado após o contraditório. A última decisão foi indexada em 11/09/2026. Fonte: (decisão).;01/10/2026 06:00:34 BRT;"síntese e codificação editorial; peça oficial vinculada";codificação editorial, fonte oficial vinculada
0601868-47.2026.6.00.0000;sim;"Comunicação individualizada e resultado codificado; polos e peça oficial indicados.";comparável;Flávio;FLAVIO NANTES BOLSONARO;COLIGAÇÃO BRASIL PRONTO PRA MAIS | LUIZ INACIO LULA DA SILVA;DR;Cargo - Presidente da República;Cargo - Presidente da República | Direito de Resposta;Bloco de 4/9 com recortes de falas de Bolsonaro;direito de resposta sobre o conteúdo descrito na sinopse;não atendido;não;não atendido;"efeito da decisão de referência; ver sinopse para estado do mérito";2026-09-11;Decisão;1;2026-09-11;https://consultaunificadapje.tse.jus.br/consulta-publica-unificada/documento?extensaoArquivo=text/html&path=tse/2026/9/11/19/14/51/9918829b5a5bd1ea5db2326b6abddad045d7e09c583860d9dd0ead6de829fb35;Decisão;"peça PJe verificada; ato no bulk";https://consultaunificadapje.tse.jus.br/#/public/resultado/0601868-47.2026.6.00.0000;A campanha de Flávio Bolsonaro apresentou o pedido contra a de Lula em 0601868-47.2026.6.00.0000. Em decisão monocrática, a relatora indeferiu a suspensão imediata da propaganda por não identificar probabilidade do direito nem perigo concreto e irreversível, ressaltando o risco de restrição prévia à liberdade de expressão. Determinou, contudo, que o requerente apresente o texto da resposta em 24 horas, prosseguindo-se com a citação dos requeridos e a análise do mérito pelo Plenário. A última decisão foi indexada em 11/09/2026. Fonte: (decisão).;01/10/2026 06:00:34 BRT;"síntese e codificação editorial; peça oficial vinculada";codificação editorial, fonte oficial vinculada
0601871-02.2026.6.00.0000;sim;"Comunicação individualizada e resultado codificado; polos e peça oficial indicados.";comparável;Flávio;FLAVIO NANTES BOLSONARO;COLIGAÇÃO BRASIL PRONTO PRA MAIS | GERALDO JOSE RODRIGUES ALCKMIN FILHO | LUIZ INACIO LULA DA SILVA;Rp;Propaganda Política - Propaganda Eleitoral - Divulgação de Notícia  Sabidamente Falsa;Cargo - Presidente da República | Cargo - Vice-Presidente da República | Propaganda Política - Propaganda Eleitoral - Divulgação de Notícia  Sabidamente Falsa | Propaganda Política - Propaganda Eleitoral - Horário Eleitoral Gratuito/Inserções de Propaganda;Inserções de rádio e TV de 5/9 sobre Flávio;providência sobre a propaganda individualizada na sinopse;não atendido;não;não atendido;"efeito da decisão de referência; ver sinopse para estado do mérito";2026-09-11;Decisão;1;2026-09-11;https://consultaunificadapje.tse.jus.br/consulta-publica-unificada/documento?extensaoArquivo=text/html&path=tse/2026/9/11/19/14/57/bcc3f8c19cb9e0100cc5d20cf93e7146d930bfdbc5620ba58a5a3f803b3d6635;Decisão;"peça PJe verificada; ato no bulk";https://consultaunificadapje.tse.jus.br/#/public/resultado/0601871-02.2026.6.00.0000;A campanha de Flávio Bolsonaro apresentou o pedido contra a de Lula em 0601871-02.2026.6.00.0000. A relatora indeferiu a liminar por não identificar, em cognição sumária, ilicitude eleitoral flagrante nem perigo concreto e irreversível, destacando que as expressões impugnadas configuram, por ora, crítica política e juízos de valor. A propaganda permanece no ar até o exame aprofundado após o contraditório. A última decisão foi indexada em 11/09/2026. Fonte: (decisão).;01/10/2026 06:00:34 BRT;"síntese e codificação editorial; peça oficial vinculada";codificação editorial, fonte oficial vinculada
0601872-84.2026.6.00.0000;sim;"Comunicação individualizada e resultado codificado; polos e peça oficial indicados.";comparável;Flávio;FLAVIO NANTES BOLSONARO;COLIGAÇÃO BRASIL PRONTO PRA MAIS | GERALDO JOSE RODRIGUES ALCKMIN FILHO | LUIZ INACIO LULA DA SILVA;Rp;Propaganda Política - Propaganda Eleitoral - Horário Eleitoral Gratuito/Inserções de Propaganda;Cargo - Presidente da República | Cargo - Vice-Presidente da República | Propaganda Política - Propaganda Eleitoral - Horário Eleitoral Gratuito/Inserções de Propaganda | Propaganda Política - Propaganda Eleitoral - Rádio | Propaganda Política - Propaganda Eleitoral - Televisão;Crítica política em inserções de 5/9;providência sobre a propaganda individualizada na sinopse;não atendido;não;não atendido;"efeito da decisão de referência; ver sinopse para estado do mérito";2026-09-11;Decisão;1;2026-09-11;https://consultaunificadapje.tse.jus.br/consulta-publica-unificada/documento?extensaoArquivo=text/html&path=tse/2026/9/11/19/14/52/079a1805400956f0fd4911c76d887a8bdc25833c81102b408adc2c924c134629;Decisão;"peça PJe verificada; ato no bulk";https://consultaunificadapje.tse.jus.br/#/public/resultado/0601872-84.2026.6.00.0000;A campanha de Flávio Bolsonaro apresentou o pedido contra a de Lula em 0601872-84.2026.6.00.0000. O TSE indeferiu a tutela de urgência por não identificar, em cognição sumária, probabilidade do direito ou perigo de dano irreversível, entendendo que as expressões impugnadas configuram predominantemente juízos de valor e crítica política. A propaganda permanece no ar até o exame definitivo, após o contraditório. A última decisão foi indexada em 11/09/2026. Fonte: (decisão).;01/10/2026 06:00:34 BRT;"síntese e codificação editorial; peça oficial vinculada";codificação editorial, fonte oficial vinculada
0601876-24.2026.6.00.0000;sim;"Comunicação individualizada e resultado codificado; polos e peça oficial indicados.";comparável;Flávio;FLAVIO NANTES BOLSONARO;COLIGAÇÃO BRASIL PRONTO PRA MAIS | LUIZ INACIO LULA DA SILVA;DR;Direito de Resposta;Cargo - Presidente da República | Direito de Resposta;Pedido de resposta a inserção de rádio de 5/9;direito de resposta sobre o conteúdo descrito na sinopse;não atendido;não;não atendido;"efeito da decisão de referência; ver sinopse para estado do mérito";2026-09-11;Decisão;1;2026-09-11;https://consultaunificadapje.tse.jus.br/consulta-publica-unificada/documento?extensaoArquivo=text/html&path=tse/2026/9/11/19/14/56/4096e27ffffb91e96b30ec51bf8f7b012e8791de2bf9b6b8408fa0f0f3660477;Decisão;"peça PJe verificada; ato no bulk";https://consultaunificadapje.tse.jus.br/#/public/resultado/0601876-24.2026.6.00.0000;A campanha de Flávio Bolsonaro apresentou o pedido contra a de Lula em 0601876-24.2026.6.00.0000. Em decisão monocrática, o TSE indeferiu a suspensão imediata da propaganda por entender que a retirada liminar poderia restringir previamente a liberdade de expressão, sem probabilidade do direito ou dano irreversível demonstrados. Determinou a juntada do texto da resposta em 24 horas e o prosseguimento do contraditório. A última decisão foi indexada em 11/09/2026. Fonte: (decisão).;01/10/2026 06:00:34 BRT;"síntese e codificação editorial; peça oficial vinculada";codificação editorial, fonte oficial vinculada
0601877-09.2026.6.00.0000;sim;"Comunicação individualizada e resultado codificado; polos e peça oficial indicados.";comparável;Flávio;FLAVIO NANTES BOLSONARO;GERALDO JOSE RODRIGUES ALCKMIN FILHO | LUIZ INACIO LULA DA SILVA;DR;Direito de Resposta;Cargo - Presidente da República | Direito de Resposta;Outra inserção de rádio de 5/9 questionada por Flávio;direito de resposta sobre o conteúdo descrito na sinopse;não atendido;não;não atendido;"efeito da decisão de referência; ver sinopse para estado do mérito";2026-09-11;Decisão;1;2026-09-11;https://consultaunificadapje.tse.jus.br/consulta-publica-unificada/documento?extensaoArquivo=text/html&path=tse/2026/9/11/19/14/57/3622136d63c17b8cc76780968e40ccf7f84856011d9825ba1658952736271e43;Decisão;"peça PJe verificada; ato no bulk";https://consultaunificadapje.tse.jus.br/#/public/resultado/0601877-09.2026.6.00.0000;A campanha de Flávio Bolsonaro apresentou o pedido contra a de Lula em 0601877-09.2026.6.00.0000. A relatora indeferiu monocraticamente a tutela de urgência por não identificar, em análise inicial, probabilidade do direito ou perigo concreto que justificasse restringir previamente a liberdade de expressão. Determinou ao requerente a juntada do texto da resposta em 24 horas, prosseguindo o feito para contraditório e julgamento do mérito. A última decisão foi indexada em 11/09/2026. Fonte: (decisão).;01/10/2026 06:00:34 BRT;"síntese e codificação editorial; peça oficial vinculada";codificação editorial, fonte oficial vinculada
0601878-91.2026.6.00.0000;sim;"Comunicação individualizada e resultado codificado; polos e peça oficial indicados.";comparável;Flávio;FLAVIO NANTES BOLSONARO;COLIGAÇÃO BRASIL PRONTO PRA MAIS | LUIZ INACIO LULA DA SILVA;DR;Direito de Resposta;Cargo - Presidente da República | Direito de Resposta;Inserção de TV de 5/9 questionada por Flávio;direito de resposta sobre o conteúdo descrito na sinopse;não atendido;não;não atendido;"efeito da decisão de referência; ver sinopse para estado do mérito";2026-09-11;Decisão;1;2026-09-11;https://consultaunificadapje.tse.jus.br/consulta-publica-unificada/documento?extensaoArquivo=text/html&path=tse/2026/9/11/19/14/56/ee1ef0c8ad641e083adf2f5e6f4f40bea03a006f8e4c697d74e017f9f0547ac9;Decisão;"peça PJe verificada; ato no bulk";https://consultaunificadapje.tse.jus.br/#/public/resultado/0601878-91.2026.6.00.0000;A campanha de Flávio Bolsonaro apresentou o pedido contra a de Lula em 0601878-91.2026.6.00.0000. A relatora indeferiu monocraticamente a liminar por não identificar, em análise inicial, probabilidade do direito ou ilicitude eleitoral flagrante, ressaltando o risco de restrição prévia à liberdade de expressão. Foi determinado ao requerente que apresente o texto da resposta em 24 horas, prosseguindo-se com a citação dos representados e a análise definitiva do pedido. A última decisão foi indexada em 11/09/2026. Fonte: (decisão).;01/10/2026 06:00:34 BRT;"síntese e codificação editorial; peça oficial vinculada";codificação editorial, fonte oficial vinculada
0601879-76.2026.6.00.0000;sim;"Comunicação individualizada e resultado codificado; polos e peça oficial indicados.";comparável;Flávio;FLAVIO NANTES BOLSONARO;COLIGAÇÃO BRASIL PRONTO PRA MAIS | LUIZ INACIO LULA DA SILVA;DR;Direito de Resposta;Cargo - Presidente da República | Direito de Resposta;Outra inserção de TV de 5/9 questionada por Flávio;direito de resposta sobre o conteúdo descrito na sinopse;não atendido;não;não atendido;"efeito da decisão de referência; ver sinopse para estado do mérito";2026-09-11;Decisão;1;2026-09-11;https://consultaunificadapje.tse.jus.br/consulta-publica-unificada/documento?extensaoArquivo=text/html&path=tse/2026/9/11/19/14/57/cf3522f7a97abf3215af3ceefeb7a24260b4c56d66d724937fb82a9d678071f9;Decisão;"peça PJe verificada; ato no bulk";https://consultaunificadapje.tse.jus.br/#/public/resultado/0601879-76.2026.6.00.0000;A campanha de Flávio Bolsonaro apresentou o pedido contra a de Lula em 0601879-76.2026.6.00.0000. Em decisão monocrática, o TSE indeferiu a tutela de urgência por não identificar, em exame preliminar, probabilidade do direito nem dano concreto e irreversível, ressaltando o risco de restrição prévia à liberdade de expressão. Determinou ao requerente a juntada do texto da resposta em 24 horas, para prosseguimento do pedido. A última decisão foi indexada em 11/09/2026. Fonte: (decisão).;01/10/2026 06:00:34 BRT;"síntese e codificação editorial; peça oficial vinculada";codificação editorial, fonte oficial vinculada
0601880-61.2026.6.00.0000;sim;"Comunicação individualizada e resultado codificado; polos e peça oficial indicados.";comparável;Flávio;FLAVIO NANTES BOLSONARO;GERALDO JOSE RODRIGUES ALCKMIN FILHO | LUIZ INACIO LULA DA SILVA;RepEsp;Conduta Vedada ao Agente Público;Cargo - Presidente da República | Cargo - Vice-Presidente da República | Conduta Vedada ao Agente Público;Vídeo no Palácio da Alvorada divulgado em canais de campanha;tutela por conduta vedada relativa à comunicação descrita na sinopse;atendido;sim;atendimento documentado, extensão não discriminada;"efeito da decisão de referência; ver sinopse para estado do mérito";2026-09-22;Decisão;1;2026-09-22;https://consultaunificadapje.tse.jus.br/consulta-publica-unificada/documento?extensaoArquivo=text/html&path=tse/2026/9/22/16/16/13/ff6e65222b26b1040690462e3e8372988918a5933a3ab24571a84ad158188ed6;Decisão;"peça PJe verificada; ato no bulk";https://consultaunificadapje.tse.jus.br/#/public/resultado/0601880-61.2026.6.00.0000;"Flávio Bolsonaro questionou vídeo gravado por Lula no ambiente da Presidência e posteriormente publicado em canais oficiais de sua campanha. No processo 0601880-61.2026.6.00.0000, Nunes Marques determinou, liminarmente, a remoção das URLs em YouTube, Instagram, Facebook e X e vedou o uso do material na propaganda gratuita. Requisitou dados sobre servidores, equipamentos e custeio da produção. A medida é monocrática e provisória; a decisão não resolve em definitivo a imputação de conduta vedada. Fonte: (decisão).";01/10/2026 06:00:34 BRT;"síntese e codificação editorial; peça oficial vinculada";codificação editorial, fonte oficial vinculada
0601882-31.2026.6.00.0000;sim;"Comunicação individualizada e resultado codificado; polos e peça oficial indicados.";comparável;Flávio;FLAVIO NANTES BOLSONARO;COLIGAÇÃO BRASIL PRONTO PRA MAIS | LUIZ INACIO LULA DA SILVA;DR;Direito de Resposta;Cargo - Presidente da República | Direito de Resposta;Crítica a Flávio em bloco de rádio de 5/9;direito de resposta sobre o conteúdo descrito na sinopse;não atendido;não;não atendido;"efeito da decisão de referência; ver sinopse para estado do mérito";2026-09-26;Decisão;1;2026-09-26;https://consultaunificadapje.tse.jus.br/consulta-publica-unificada/documento?extensaoArquivo=text/html&path=tse/2026/9/26/16/28/26/7e0d1015b30f2f69a5b49b9ea2c79d2a47c070db6e61193ba4222082c0fd7a42;Decisão;"peça PJe verificada; ato no bulk";https://consultaunificadapje.tse.jus.br/#/public/resultado/0601882-31.2026.6.00.0000;A campanha de Flávio Bolsonaro apresentou o pedido contra a de Lula em 0601882-31.2026.6.00.0000. O TSE indeferiu monocraticamente a tutela de urgência porque, em cognição sumária, a propaganda não imputou pessoalmente ao candidato conduta concreta desonrosa, e a expressão hostil inseriu-se na crítica política. A veiculação foi mantida, sem prejuízo do regular contraditório e do julgamento de mérito. A última decisão foi indexada em 26/09/2026. Fonte: (decisão).;01/10/2026 06:00:34 BRT;"síntese e codificação editorial; peça oficial vinculada";codificação editorial, fonte oficial vinculada
0601883-16.2026.6.00.0000;sim;"Comunicação individualizada e resultado codificado; polos e peça oficial indicados.";comparável;Flávio;FLAVIO NANTES BOLSONARO;COLIGAÇÃO BRASIL PRONTO PRA MAIS | LUIZ INACIO LULA DA SILVA;DR;Direito de Resposta;Cargo - Presidente da República | Direito de Resposta;Duas peças de TV de 5/9 questionadas por Flávio;direito de resposta sobre o conteúdo descrito na sinopse;não atendido;não;não atendido;"efeito da decisão de referência; ver sinopse para estado do mérito";2026-09-11;Decisão;1;2026-09-11;https://consultaunificadapje.tse.jus.br/consulta-publica-unificada/documento?extensaoArquivo=text/html&path=tse/2026/9/11/19/16/9/3fe808a9aaf89a2858d39943ccf74b32f59f424dcd93394b2434be71421845b2;Decisão;"peça PJe verificada; ato no bulk";https://consultaunificadapje.tse.jus.br/#/public/resultado/0601883-16.2026.6.00.0000;A campanha de Flávio Bolsonaro apresentou o pedido contra a de Lula em 0601883-16.2026.6.00.0000. A relatora indeferiu monocraticamente a suspensão imediata das propagandas, pois não identificou, em cognição inicial, probabilidade do direito nem dano irreversível que justificasse restringir previamente a liberdade de expressão. Determinou-se o prosseguimento do feito, com juntada do texto da resposta, citação dos requeridos e posterior manifestação da Procuradoria-Geral Eleitoral. A última decisão foi indexada em 11/09/2026. Fonte: (decisão).;01/10/2026 06:00:34 BRT;"síntese e codificação editorial; peça oficial vinculada";codificação editorial, fonte oficial vinculada
0601889-23.2026.6.00.0000;sim;"Comunicação individualizada e resultado codificado; polos e peça oficial indicados.";comparável;Flávio;FLAVIO NANTES BOLSONARO;COLIGAÇÃO BRASIL PRONTO PRA MAIS | LUIZ INACIO LULA DA SILVA;DR;Cargo - Presidente da República;Cargo - Presidente da República | Direito de Resposta;Inserção de TV de 6/9 questionada por Flávio;direito de resposta sobre o conteúdo descrito na sinopse;não atendido;não;não atendido;"efeito da decisão de referência; ver sinopse para estado do mérito";2026-09-11;Decisão;1;2026-09-11;https://consultaunificadapje.tse.jus.br/consulta-publica-unificada/documento?extensaoArquivo=text/html&path=tse/2026/9/11/19/14/51/6a621e2a95845a9ae027fdc126e8e477d1a0c1b87eef514d6c34b416b35659d6;Decisão;"peça PJe verificada; ato no bulk";https://consultaunificadapje.tse.jus.br/#/public/resultado/0601889-23.2026.6.00.0000;A campanha de Flávio Bolsonaro apresentou o pedido contra a de Lula em 0601889-23.2026.6.00.0000. A relatora indeferiu monocraticamente a suspensão imediata da propaganda, pois não identificou probabilidade do direito nem ilicitude eleitoral clara, devendo prevalecer, por ora, a liberdade de expressão e o debate político. Determinou ao requerente a juntada do texto da resposta em 24 horas, com posterior citação dos requeridos e prosseguimento do pedido de direito de resposta. A última decisão foi indexada em 11/09/2026. Fonte: (decisão).;01/10/2026 06:00:34 BRT;"síntese e codificação editorial; peça oficial vinculada";codificação editorial, fonte oficial vinculada
0601890-08.2026.6.00.0000;sim;"Comunicação individualizada e resultado codificado; polos e peça oficial indicados.";comparável;Flávio;FLAVIO NANTES BOLSONARO;COLIGAÇÃO BRASIL PRONTO PRA MAIS | LUIZ INACIO LULA DA SILVA;DR;Direito de Resposta;Cargo - Presidente da República | Direito de Resposta;Inserção de rádio de 6/9 questionada por Flávio;direito de resposta sobre o conteúdo descrito na sinopse;não atendido;não;não atendido;"efeito da decisão de referência; ver sinopse para estado do mérito";2026-09-11;Decisão;1;2026-09-11;https://consultaunificadapje.tse.jus.br/consulta-publica-unificada/documento?extensaoArquivo=text/html&path=tse/2026/9/11/19/14/58/2224cb86d045fc9db2f90f8dd739ad4240a9c22a40300465ff2c084c81db3aac;Decisão;"peça PJe verificada; ato no bulk";https://consultaunificadapje.tse.jus.br/#/public/resultado/0601890-08.2026.6.00.0000;A campanha de Flávio Bolsonaro apresentou o pedido contra a de Lula em 0601890-08.2026.6.00.0000. Em decisão monocrática, a relatora indeferiu a tutela de urgência por não identificar probabilidade do direito, ilicitude eleitoral manifesta ou dano concreto que justificasse restringir previamente a liberdade de expressão. A propaganda permaneceu no ar, sem prejuízo do prosseguimento do pedido de direito de resposta, condicionado à juntada do texto pretendido. A última decisão foi indexada em 11/09/2026. Fonte: (decisão).;01/10/2026 06:00:34 BRT;"síntese e codificação editorial; peça oficial vinculada";codificação editorial, fonte oficial vinculada
0601892-75.2026.6.00.0000;sim;"Comunicação individualizada e resultado codificado; polos e peça oficial indicados.";comparável;Flávio;FLAVIO NANTES BOLSONARO;COLIGAÇÃO BRASIL PRONTO PRA MAIS | LUIZ INACIO LULA DA SILVA;DR;Direito de Resposta;Cargo - Presidente da República | Direito de Resposta;Outra inserção de rádio de 6/9 sobre Flávio;direito de resposta sobre o conteúdo descrito na sinopse;não atendido;não;não atendido;"efeito da decisão de referência; ver sinopse para estado do mérito";2026-09-11;Decisão;1;2026-09-11;https://consultaunificadapje.tse.jus.br/consulta-publica-unificada/documento?extensaoArquivo=text/html&path=tse/2026/9/11/19/14/50/8220c05062582cd0467c5b984cab2aae48fc2057a6691089eed5b23778aa813e;Decisão;"peça PJe verificada; ato no bulk";https://consultaunificadapje.tse.jus.br/#/public/resultado/0601892-75.2026.6.00.0000;A campanha de Flávio Bolsonaro apresentou o pedido contra a de Lula em 0601892-75.2026.6.00.0000. A relatora indeferiu monocraticamente a suspensão da inserção por não identificar, em cognição inicial, probabilidade do direito ou ilicitude eleitoral manifesta, ressaltando o risco de restrição prévia à liberdade de expressão. A propaganda permaneceu no ar, e o requerente foi intimado a juntar o texto da resposta em 24 horas, sob pena de extinção, prosseguindo-se com a citação dos requeridos e a manifestação da Procuradoria-Geral Eleitoral. A última decisão foi indexada em 11/09/2026. Fonte: (decisão).;01/10/2026 06:00:34 BRT;"síntese e codificação editorial; peça oficial vinculada";codificação editorial, fonte oficial vinculada
0601894-45.2026.6.00.0000;sim;"Comunicação individualizada e resultado codificado; polos e peça oficial indicados.";comparável;Lula;COLIGAÇÃO BRASIL PRONTO PRA MAIS;ELEICAO 2026 FLAVIO NANTES BOLSONARO PRESIDENTE | FLAVIO NANTES BOLSONARO | PARTIDO LIBERAL (PL) - NACIONAL;DR;Direito de Resposta;Cargo - Presidente da República | Direito de Resposta;Peça de rádio de 5/9 sobre suposto currículo falso;direito de resposta sobre o conteúdo descrito na sinopse;não atendido;não;não atendido;"efeito da decisão de referência; ver sinopse para estado do mérito";2026-09-11;Decisão;1;2026-09-11;https://consultaunificadapje.tse.jus.br/consulta-publica-unificada/documento?extensaoArquivo=text/html&path=tse/2026/9/11/19/15/8/a24a62f53ccd1d5910c8f0bd4feef128d8c10a5a0aebb487a6c8054d0c0c6338;Decisão;"peça PJe verificada; ato no bulk";https://consultaunificadapje.tse.jus.br/#/public/resultado/0601894-45.2026.6.00.0000;A campanha de Lula apresentou o pedido contra a de Flávio Bolsonaro em 0601894-45.2026.6.00.0000. A relatora indeferiu monocraticamente a liminar, por entender que a retirada imediata da propaganda poderia restringir previamente a liberdade de expressão, sem demonstração suficiente de probabilidade do direito ou dano irreversível. Determinou à autora a juntada do texto da resposta em 24 horas, prosseguindo-se com a citação dos requeridos e a análise do mérito. A última decisão foi indexada em 11/09/2026. Fonte: (decisão).;01/10/2026 06:00:34 BRT;"síntese e codificação editorial; peça oficial vinculada";codificação editorial, fonte oficial vinculada
0601895-30.2026.6.00.0000;sim;"Comunicação individualizada e resultado codificado; polos e peça oficial indicados.";comparável;Lula;COLIGAÇÃO BRASIL PRONTO PRA MAIS;ELEICAO 2026 FLAVIO NANTES BOLSONARO PRESIDENTE | FLAVIO NANTES BOLSONARO | PARTIDO LIBERAL (PL) - NACIONAL;DR;Direito de Resposta;Cargo - Presidente da República | Direito de Resposta;Peça de rádio de 6/9 sobre suposto currículo falso;direito de resposta sobre o conteúdo descrito na sinopse;não atendido;não;não atendido;"efeito da decisão de referência; ver sinopse para estado do mérito";2026-09-11;Decisão;1;2026-09-11;https://consultaunificadapje.tse.jus.br/consulta-publica-unificada/documento?extensaoArquivo=text/html&path=tse/2026/9/11/19/15/3/cc70254faf032345ff1d6897fb343c99320b1353e36764ed884c142afc331b12;Decisão;"peça PJe verificada; ato no bulk";https://consultaunificadapje.tse.jus.br/#/public/resultado/0601895-30.2026.6.00.0000;A campanha de Lula apresentou o pedido contra a de Flávio Bolsonaro em 0601895-30.2026.6.00.0000. O TSE indeferiu a liminar por não identificar, neste exame inicial, probabilidade do direito nem dano concreto e irreversível que justificasse a retirada imediata da propaganda, ressaltando a cautela contra censura prévia. Determinou, contudo, que a autora junte o texto da resposta em 24 horas, prosseguindo-se com a citação dos requeridos e a análise do mérito. A última decisão foi indexada em 11/09/2026. Fonte: (decisão).;01/10/2026 06:00:34 BRT;"síntese e codificação editorial; peça oficial vinculada";codificação editorial, fonte oficial vinculada
0601902-22.2026.6.00.0000;sim;"Comunicação individualizada e resultado codificado; polos e peça oficial indicados.";comparável;Lula;COLIGAÇÃO BRASIL PRONTO PRA MAIS;ELEICAO 2026 FLAVIO NANTES BOLSONARO PRESIDENTE | FLAVIO NANTES BOLSONARO | PARTIDO LIBERAL (PL) - NACIONAL;DR;Direito de Resposta;Cargo - Presidente da República | Direito de Resposta;Peça de rádio de 7/9 sobre suposto currículo falso;direito de resposta sobre o conteúdo descrito na sinopse;não atendido;não;não atendido;"efeito da decisão de referência; ver sinopse para estado do mérito";2026-09-11;Decisão;1;2026-09-11;https://consultaunificadapje.tse.jus.br/consulta-publica-unificada/documento?extensaoArquivo=text/html&path=tse/2026/9/11/19/15/4/bac3dd3d0e1013f47e2b0aa84d03fc0482d055bca36d283fdbd270b1793a6a8a;Decisão;"peça PJe verificada; ato no bulk";https://consultaunificadapje.tse.jus.br/#/public/resultado/0601902-22.2026.6.00.0000;A campanha de Lula apresentou o pedido contra a de Flávio Bolsonaro em 0601902-22.2026.6.00.0000. Em decisão monocrática, o TSE indeferiu a liminar por não identificar, de plano, ilicitude eleitoral flagrante nem perigo concreto que justificasse restringir a liberdade de expressão. Determinou à autora a juntada do texto da resposta em 24 horas, prosseguindo-se com a citação dos requeridos e a análise de mérito. A última decisão foi indexada em 11/09/2026. Fonte: (decisão).;01/10/2026 06:00:34 BRT;"síntese e codificação editorial; peça oficial vinculada";codificação editorial, fonte oficial vinculada
0601904-89.2026.6.00.0000;não;"A peça descreve o desfile e sua transmissão, mas o único ato é de admissibilidade da AIJE e citação; não decide medida sobre o conteúdo.";comunicação sem resultado comparável;Flávio;ALFREDO GASPAR DE MENDONCA NETO | FLAVIO NANTES BOLSONARO;GERALDO JOSE RODRIGUES ALCKMIN FILHO | LUIZ INACIO LULA DA SILVA | MARCELO RIBEIRO FREIXO | RODRIGO NEVES BARRETO | ROSANGELA DA SILVA;AIJE;Abuso - De Poder Político/Autoridade;Abuso - De Poder Político/Autoridade | Abuso - Uso Indevido de Meio de Comunicação Social | Abuso do poder econômico | Cargo - Presidente da República | Cargo - Vice-Presidente da República;Desfile carnavalesco sobre Lula transmitido em TV;cassação/inelegibilidade por alegado abuso político/econômico e uso de mídia;sem resultado comparável;;sem resultado comparável;admissibilidade e citação;2026-09-18;Decisão;1;;;;"texto integral da exportação oficial de jurisprudência TSE/PJe; URL direta de peça indisponível nesta coleta";https://consultaunificadapje.tse.jus.br/#/public/resultado/0601904-89.2026.6.00.0000;"A peça descreve o desfile e sua transmissão, mas o único ato é de admissibilidade da AIJE e citação; não decide medida sobre o conteúdo.";01/10/2026 06:00:34 BRT;texto integral da exportação oficial de jurisprudência TSE/PJe;alto
0601908-29.2026.6.00.0000;sim;"Comunicação individualizada e resultado codificado; polos e peça oficial indicados.";comparável;Flávio;FLAVIO NANTES BOLSONARO;COLIGAÇÃO BRASIL PRONTO PRA MAIS | LUIZ INACIO LULA DA SILVA;DR;Direito de Resposta;Cargo - Presidente da República | Direito de Resposta;Inserção de rádio de 7/9 questionada por Flávio;direito de resposta sobre o conteúdo descrito na sinopse;não atendido;não;não atendido;"efeito da decisão de referência; ver sinopse para estado do mérito";2026-09-11;Decisão;1;2026-09-11;https://consultaunificadapje.tse.jus.br/consulta-publica-unificada/documento?extensaoArquivo=text/html&path=tse/2026/9/11/19/14/44/8e69411be692fd8cd6a337a2a302c98655515b6bce68b4d3111ed1a6cbe5dc13;Decisão;"peça PJe verificada; ato no bulk";https://consultaunificadapje.tse.jus.br/#/public/resultado/0601908-29.2026.6.00.0000;A campanha de Flávio Bolsonaro apresentou o pedido contra a de Lula em 0601908-29.2026.6.00.0000. O TSE entendeu que a retirada imediata da propaganda poderia restringir previamente a liberdade de expressão, pois não estavam demonstradas, de plano, a probabilidade do direito nem dano irreversível ao processo eleitoral. Indeferiu a liminar, determinando ao requerente a juntada do texto da resposta em 24 horas para prosseguimento do feito. A última decisão foi indexada em 11/09/2026. Fonte: (decisão).;01/10/2026 06:00:34 BRT;"síntese e codificação editorial; peça oficial vinculada";codificação editorial, fonte oficial vinculada
0601911-81.2026.6.00.0000;sim;"Comunicação individualizada e resultado codificado; polos e peça oficial indicados.";comparável;Flávio;FLAVIO NANTES BOLSONARO;COLIGAÇÃO BRASIL PRONTO PRA MAIS | LUIZ INACIO LULA DA SILVA;DR;Direito de Resposta;Cargo - Presidente da República | Direito de Resposta;Inserção de TV de 7/9 questionada por Flávio;direito de resposta sobre o conteúdo descrito na sinopse;não atendido;não;não atendido;"efeito da decisão de referência; ver sinopse para estado do mérito";2026-09-11;Decisão;1;2026-09-11;https://consultaunificadapje.tse.jus.br/consulta-publica-unificada/documento?extensaoArquivo=text/html&path=tse/2026/9/11/19/14/45/2eff1c2ac4d027a44c3e104d6abbd7f60c125d6b9fbb5112e6048a7ad577ccdd;Decisão;"peça PJe verificada; ato no bulk";https://consultaunificadapje.tse.jus.br/#/public/resultado/0601911-81.2026.6.00.0000;A campanha de Flávio Bolsonaro apresentou o pedido contra a de Lula em 0601911-81.2026.6.00.0000. Em decisão monocrática, a relatora indeferiu a suspensão imediata da propaganda por não identificar, em análise preliminar, ilicitude flagrante ou probabilidade do direito, ressaltando o risco de restrição prévia à liberdade de expressão. A propaganda foi mantida por ora, e o requerente foi intimado a apresentar o texto da resposta em 24 horas, prosseguindo-se com o contraditório e a análise do mérito. A última decisão foi indexada em 11/09/2026. Fonte: (decisão).;01/10/2026 06:00:34 BRT;"síntese e codificação editorial; peça oficial vinculada";codificação editorial, fonte oficial vinculada
0601912-66.2026.6.00.0000;sim;"Comunicação individualizada e resultado codificado; polos e peça oficial indicados.";comparável;Flávio;FLAVIO NANTES BOLSONARO;COLIGAÇÃO BRASIL PRONTO PRA MAIS | LUIZ INACIO LULA DA SILVA;DR;Direito de Resposta;Cargo - Presidente da República | Direito de Resposta;Outra inserção de rádio de 7/9 sobre Flávio;direito de resposta sobre o conteúdo descrito na sinopse;não atendido;não;não atendido;"efeito da decisão de referência; ver sinopse para estado do mérito";2026-09-11;Decisão;1;2026-09-11;https://consultaunificadapje.tse.jus.br/consulta-publica-unificada/documento?extensaoArquivo=text/html&path=tse/2026/9/11/19/14/44/6ea554814a422087da2a999f39145669e87f68dcc9d04505e481307e3fdcb4c1;Decisão;"peça PJe verificada; ato no bulk";https://consultaunificadapje.tse.jus.br/#/public/resultado/0601912-66.2026.6.00.0000;A campanha de Flávio Bolsonaro apresentou o pedido contra a de Lula em 0601912-66.2026.6.00.0000. Em decisão monocrática, a relatora indeferiu a liminar por não vislumbrar, em análise inicial, probabilidade do direito nem perigo de dano concreto e irreversível, destacando o risco de restrição prévia à liberdade de expressão. Determinou a juntada do texto da resposta em 24 horas e o prosseguimento do feito para contraditório, parecer da Procuradoria-Geral Eleitoral e julgamento do mérito. A última decisão foi indexada em 11/09/2026. Fonte: (decisão).;01/10/2026 06:00:34 BRT;"síntese e codificação editorial; peça oficial vinculada";codificação editorial, fonte oficial vinculada
0601913-51.2026.6.00.0000;sim;"Comunicação individualizada e resultado codificado; polos e peça oficial indicados.";comparável;Flávio;FLAVIO NANTES BOLSONARO;COLIGAÇÃO BRASIL PRONTO PRA MAIS | LUIZ INACIO LULA DA SILVA;DR;Direito de Resposta;Cargo - Presidente da República | Direito de Resposta;Outra inserção de TV de 7/9 sobre Flávio;direito de resposta sobre o conteúdo descrito na sinopse;não atendido;não;não atendido;"efeito da decisão de referência; ver sinopse para estado do mérito";2026-09-11;Decisão;1;2026-09-11;https://consultaunificadapje.tse.jus.br/consulta-publica-unificada/documento?extensaoArquivo=text/html&path=tse/2026/9/11/19/14/45/1b0c9dbf575fb95e28868ca58101521a8170b58b2a0368d5daa8b0f0d110710e;Decisão;"peça PJe verificada; ato no bulk";https://consultaunificadapje.tse.jus.br/#/public/resultado/0601913-51.2026.6.00.0000;"A campanha de Flávio Bolsonaro apresentou o pedido contra a de Lula em 0601913-51.2026.6.00.0000. A relatora indeferiu a liminar por não identificar, em cognição inicial, probabilidade clara de ilícito eleitoral ou dano irreversível, ressaltando o risco de restrição prévia à liberdade de expressão. A propaganda não foi retirada do ar; o requerente foi intimado a apresentar, em 24 horas, o texto da resposta para prosseguimento do feito. A última decisão foi indexada em 11/09/2026. Fonte: (decisão).";01/10/2026 06:00:34 BRT;"síntese e codificação editorial; peça oficial vinculada";codificação editorial, fonte oficial vinculada
0601926-50.2026.6.00.0000;sim;"Comunicação individualizada e resultado codificado; polos e peça oficial indicados.";comparável;Flávio;FLAVIO NANTES BOLSONARO;COLIGAÇÃO BRASIL PRONTO PRA MAIS | LUIZ INACIO LULA DA SILVA;DR;Direito de Resposta;Cargo - Presidente da República | Direito de Resposta;Inserção de TV de 8/9 questionada por Flávio;direito de resposta sobre o conteúdo descrito na sinopse;não atendido;não;não atendido;"efeito da decisão de referência; ver sinopse para estado do mérito";2026-09-11;Decisão;1;2026-09-11;https://consultaunificadapje.tse.jus.br/consulta-publica-unificada/documento?extensaoArquivo=text/html&path=tse/2026/9/11/19/14/45/ed01fe28a79e2008fdb49d962db458530ea978680ffab0d75bc124aa557a304f;Decisão;"peça PJe verificada; ato no bulk";https://consultaunificadapje.tse.jus.br/#/public/resultado/0601926-50.2026.6.00.0000;A campanha de Flávio Bolsonaro apresentou o pedido contra a de Lula em 0601926-50.2026.6.00.0000. A relatora indeferiu monocraticamente a tutela de urgência por não identificar ilicitude eleitoral flagrante nem probabilidade do direito, ressaltando o risco de restrição prévia à liberdade de expressão. A propaganda permaneceu no ar, com determinação para que o requerente juntasse o texto da resposta antes da citação dos representados e do prosseguimento do pedido. A última decisão foi indexada em 11/09/2026. Fonte: (decisão).;01/10/2026 06:00:34 BRT;"síntese e codificação editorial; peça oficial vinculada";codificação editorial, fonte oficial vinculada
0601927-35.2026.6.00.0000;sim;"Comunicação individualizada e resultado codificado; polos e peça oficial indicados.";comparável;Flávio;FLAVIO NANTES BOLSONARO;COLIGAÇÃO BRASIL PRONTO PRA MAIS | LUIZ INACIO LULA DA SILVA;DR;Cargo - Presidente da República;Cargo - Presidente da República | Direito de Resposta;Inserção de rádio de 8/9 questionada por Flávio;direito de resposta sobre o conteúdo descrito na sinopse;não atendido;não;não atendido;"efeito da decisão de referência; ver sinopse para estado do mérito";2026-09-11;Decisão;1;2026-09-11;https://consultaunificadapje.tse.jus.br/consulta-publica-unificada/documento?extensaoArquivo=text/html&path=tse/2026/9/11/19/14/44/1c2518ee577ba032ad63fffa80b704cea5753bad8e59d17b7f013a6ce51a1a54;Decisão;"peça PJe verificada; ato no bulk";https://consultaunificadapje.tse.jus.br/#/public/resultado/0601927-35.2026.6.00.0000;A campanha de Flávio Bolsonaro apresentou o pedido contra a de Lula em 0601927-35.2026.6.00.0000. A relatora indeferiu monocraticamente a tutela de urgência, pois não identificou, em cognição sumária, probabilidade do direito nem perigo de dano irreversível que justificassem restringir previamente a liberdade de expressão. Determinou ao requerente a juntada do texto da resposta em 24 horas, prosseguindo-se com a citação dos representados e a análise colegiada do mérito. A última decisão foi indexada em 11/09/2026. Fonte: (decisão).;01/10/2026 06:00:34 BRT;"síntese e codificação editorial; peça oficial vinculada";codificação editorial, fonte oficial vinculada
0601928-20.2026.6.00.0000;sim;"Comunicação individualizada e resultado codificado; polos e peça oficial indicados.";comparável;Flávio;FLAVIO NANTES BOLSONARO;COLIGAÇÃO BRASIL PRONTO PRA MAIS | GERALDO JOSE RODRIGUES ALCKMIN FILHO | LUIZ INACIO LULA DA SILVA;Rp;Propaganda Política - Propaganda Eleitoral - Truncagem, Montagem, Utilização de Gravação Externa, Computação Gráfica, Desenho Animado ou Efeito Especial;Cargo - Presidente da República | Cargo - Vice-Presidente da República | Propaganda Política - Propaganda Eleitoral - Divulgação de Notícia  Sabidamente Falsa | Propaganda Política - Propaganda Eleitoral - Horário Eleitoral Gratuito/Inserções de Propaganda | Propaganda Política - Propaganda Eleitoral - Truncagem, Montagem, Utilização de Gravação Externa, Computação Gráfica, Desenho Animado ou Efeito Especial;Montagem em inserção de TV de 9/9;providência sobre a propaganda individualizada na sinopse;não atendido;não;não atendido;"efeito da decisão de referência; ver sinopse para estado do mérito";2026-09-11;Decisão;1;2026-09-11;https://consultaunificadapje.tse.jus.br/consulta-publica-unificada/documento?extensaoArquivo=text/html&path=tse/2026/9/11/19/14/38/c3a39663907337454e58b7ee99634851124b89b71123c030831c4bbdc8870a4e;Decisão;"peça PJe verificada; ato no bulk";https://consultaunificadapje.tse.jus.br/#/public/resultado/0601928-20.2026.6.00.0000;A campanha de Flávio Bolsonaro apresentou o pedido contra a de Lula em 0601928-20.2026.6.00.0000. A relatora indeferiu a liminar por não identificar ilicitude eleitoral flagrante nem probabilidade do direito, entendendo que a propaganda, em análise preliminar, se insere na crítica político-ideológica protegida pela liberdade de expressão. Foi mantida a veiculação do conteúdo, sem prejuízo do exame aprofundado no julgamento da representação. A última decisão foi indexada em 11/09/2026. Fonte: (decisão).;01/10/2026 06:00:34 BRT;"síntese e codificação editorial; peça oficial vinculada";codificação editorial, fonte oficial vinculada
0601929-05.2026.6.00.0000;sim;"Comunicação individualizada e resultado codificado; polos e peça oficial indicados.";comparável;Flávio;FLAVIO NANTES BOLSONARO;COLIGAÇÃO BRASIL PRONTO PRA MAIS | LUIZ INACIO LULA DA SILVA;DR;Direito de Resposta;Cargo - Presidente da República | Direito de Resposta;Outra inserção de rádio de 8/9 sobre Flávio;direito de resposta sobre o conteúdo descrito na sinopse;não atendido;não;não atendido;"efeito da decisão de referência; ver sinopse para estado do mérito";2026-09-11;Decisão;1;2026-09-11;https://consultaunificadapje.tse.jus.br/consulta-publica-unificada/documento?extensaoArquivo=text/html&path=tse/2026/9/11/19/14/38/318290d5124a7c68a1c694c8da93483075574c086f49855d98427770146dcbd0;Decisão;"peça PJe verificada; ato no bulk";https://consultaunificadapje.tse.jus.br/#/public/resultado/0601929-05.2026.6.00.0000;A campanha de Flávio Bolsonaro apresentou o pedido contra a de Lula em 0601929-05.2026.6.00.0000. A relatora indeferiu monocraticamente a tutela de urgência, pois a suspensão imediata poderia configurar restrição prévia à liberdade de expressão e não se demonstrou probabilidade do direito nem dano irreversível. A propaganda permaneceu no ar por ora, determinando-se ao requerente a apresentação do texto da resposta em 24 horas para prosseguimento do feito. A última decisão foi indexada em 11/09/2026. Fonte: (decisão).;01/10/2026 06:00:34 BRT;"síntese e codificação editorial; peça oficial vinculada";codificação editorial, fonte oficial vinculada
0601930-87.2026.6.00.0000;sim;"Comunicação individualizada e resultado codificado; polos e peça oficial indicados.";comparável;Flávio;FLAVIO NANTES BOLSONARO;COLIGAÇÃO BRASIL PRONTO PRA MAIS | LUIZ INACIO LULA DA SILVA;DR;Direito de Resposta;Cargo - Presidente da República | Direito de Resposta;Outra inserção de TV de 8/9 sobre Flávio;direito de resposta sobre o conteúdo descrito na sinopse;não atendido;não;não atendido;"efeito da decisão de referência; ver sinopse para estado do mérito";2026-09-11;Decisão;1;2026-09-11;https://consultaunificadapje.tse.jus.br/consulta-publica-unificada/documento?extensaoArquivo=text/html&path=tse/2026/9/11/19/14/50/664937efd98260504da410c2e545cb9ede2e6fdfbc8db713b8a0ef98c20aac02;Decisão;"peça PJe verificada; ato no bulk";https://consultaunificadapje.tse.jus.br/#/public/resultado/0601930-87.2026.6.00.0000;A campanha de Flávio Bolsonaro apresentou o pedido contra a de Lula em 0601930-87.2026.6.00.0000. Em decisão monocrática, o TSE indeferiu a tutela de urgência por não identificar, em cognição sumária, probabilidade do direito ou ilicitude eleitoral flagrante que justificasse restrição prévia à propaganda. Determinou ao requerente a juntada do texto da resposta em 24 horas e o prosseguimento do feito para contraditório e julgamento do mérito. A última decisão foi indexada em 11/09/2026. Fonte: (decisão).;01/10/2026 06:00:34 BRT;"síntese e codificação editorial; peça oficial vinculada";codificação editorial, fonte oficial vinculada
0601931-72.2026.6.00.0000;não;Os metadados oficiais identificam campanhas em polos opostos e um ato em 30/09, mas não informam o pedido concreto nem o resultado. Peça ainda inacessível nesta conferência.;triagem pendente de inteiro teor;Flávio;FLAVIO NANTES BOLSONARO;COLIGAÇÃO BRASIL PRONTO PRA MAIS | LUIZ INACIO LULA DA SILVA;DR;Cargo - Presidente da República;Cargo - Presidente da República | Direito de Resposta;Conteúdo de pedido de direito de resposta ainda não individualizado nesta coleta;A conferir no inteiro teor da peça;sem resultado comparável;;sem resultado comparável;"uma Decisão de 30/09/2026 no extrato; resultado da medida não conferido";2026-09-30;Decisão;1;2026-09-30;;;"metadados dos ZIPs oficiais Processual 2026; inteiro teor não acessado; URL direta de peça indisponível nesta coleta";https://consultaunificadapje.tse.jus.br/#/public/resultado/0601931-72.2026.6.00.0000;Há um ato oficial em 30/09, com o pedido e o resultado pendentes de conferência da peça.;01/10/2026 06:00:34 BRT;"metadados dos ZIPs oficiais Processual 2026; inteiro teor não acessado";provisório
0601937-79.2026.6.00.0000;sim;"Comunicação individualizada e resultado codificado; polos e peça oficial indicados.";comparável;Lula;COLIGAÇÃO BRASIL PRONTO PRA MAIS;ELEICAO 2026 FLAVIO NANTES BOLSONARO PRESIDENTE | FLAVIO NANTES BOLSONARO | PARTIDO LIBERAL (PL) - NACIONAL;DR;Direito de Resposta;Cargo - Presidente da República | Direito de Resposta;Peça de rádio de 8/9 sobre suposto currículo falso;direito de resposta sobre o conteúdo descrito na sinopse;não atendido;não;não atendido;"efeito da decisão de referência; ver sinopse para estado do mérito";2026-09-11;Decisão;1;2026-09-11;https://consultaunificadapje.tse.jus.br/consulta-publica-unificada/documento?extensaoArquivo=text/html&path=tse/2026/9/11/19/15/4/7c648aca4e5c5d3de7a066b288fb6374f7de8da263be7e65aa1d87a377e9165b;Decisão;"peça PJe verificada; ato no bulk";https://consultaunificadapje.tse.jus.br/#/public/resultado/0601937-79.2026.6.00.0000;A campanha de Lula apresentou o pedido contra a de Flávio Bolsonaro em 0601937-79.2026.6.00.0000. Em decisão monocrática, a relatora indeferiu a liminar por não identificar, neste momento, probabilidade do direito ou dano concreto que justificasse restringir previamente a liberdade de expressão, sem antecipar o mérito do direito de resposta. A propaganda não foi suspensa, e a autora foi intimada a apresentar, em 24 horas, o texto da resposta pretendida, sob pena de extinção. A última decisão foi indexada em 11/09/2026. Fonte: (decisão).;01/10/2026 06:00:34 BRT;"síntese e codificação editorial; peça oficial vinculada";codificação editorial, fonte oficial vinculada
0601943-86.2026.6.00.0000;sim;"Comunicação individualizada e resultado codificado; polos e peça oficial indicados.";comparável;Flávio;FLAVIO NANTES BOLSONARO;COLIGAÇÃO BRASIL PRONTO PRA MAIS | GERALDO JOSE RODRIGUES ALCKMIN FILHO | LUIZ INACIO LULA DA SILVA;Rp;Propaganda Política - Propaganda Eleitoral - Divulgação de Notícia  Sabidamente Falsa;Cargo - Presidente da República | Cargo - Vice-Presidente da República | Propaganda Política - Propaganda Eleitoral - Divulgação de Notícia  Sabidamente Falsa | Propaganda Política - Propaganda Eleitoral - Horário Eleitoral Gratuito/Inserções de Propaganda;Inserções de rádio e TV de 9/9 questionadas por Flávio;providência sobre a propaganda individualizada na sinopse;não atendido;não;não atendido;"efeito da decisão de referência; ver sinopse para estado do mérito";2026-09-11;Decisão;1;2026-09-11;https://consultaunificadapje.tse.jus.br/consulta-publica-unificada/documento?extensaoArquivo=text/html&path=tse/2026/9/11/19/14/38/91930267f094197c4f05bfa4e1cdd95ac5d110a4cb099908726b6844befe0dd7;Decisão;"peça PJe verificada; ato no bulk";https://consultaunificadapje.tse.jus.br/#/public/resultado/0601943-86.2026.6.00.0000;A campanha de Flávio Bolsonaro apresentou o pedido contra a de Lula em 0601943-86.2026.6.00.0000. Em decisão monocrática, o TSE indeferiu a liminar por não identificar, de plano, ilicitude eleitoral flagrante ou probabilidade do direito, reconhecendo que as expressões questionadas poderiam constituir crítica política e juízos de valor. Foi mantida, por ora, a veiculação da propaganda, sem prejuízo de exame aprofundado após o contraditório. A última decisão foi indexada em 11/09/2026. Fonte: (decisão).;01/10/2026 06:00:34 BRT;"síntese e codificação editorial; peça oficial vinculada";codificação editorial, fonte oficial vinculada
0601944-71.2026.6.00.0000;sim;"Comunicação individualizada e resultado codificado; polos e peça oficial indicados.";comparável;Flávio;FLAVIO NANTES BOLSONARO;COLIGAÇÃO BRASIL PRONTO PRA MAIS | LUIZ INACIO LULA DA SILVA;DR;Direito de Resposta;Cargo - Presidente da República | Direito de Resposta;Inserções de 9 e 10/9 questionadas por Flávio;direito de resposta sobre o conteúdo descrito na sinopse;não atendido;não;não atendido;"efeito da decisão de referência; ver sinopse para estado do mérito";2026-09-11;Decisão;1;2026-09-11;https://consultaunificadapje.tse.jus.br/consulta-publica-unificada/documento?extensaoArquivo=text/html&path=tse/2026/9/11/19/14/38/48ddb11511494a87cf0b9ff952520078ef4c4c83cacc14ef3776cb9de477c0e0;Decisão;"peça PJe verificada; ato no bulk";https://consultaunificadapje.tse.jus.br/#/public/resultado/0601944-71.2026.6.00.0000;A campanha de Flávio Bolsonaro apresentou o pedido contra a de Lula em 0601944-71.2026.6.00.0000. A relatora indeferiu a suspensão imediata da propaganda por não identificar, em cognição inicial, probabilidade do direito nem dano irreversível que justificasse restrição prévia à crítica política. Determinou ao candidato que apresente o texto da resposta em 24 horas, sob pena de extinção, para prosseguimento do feito com citação dos representados. A última decisão foi indexada em 11/09/2026. Fonte: (decisão).;01/10/2026 06:00:34 BRT;"síntese e codificação editorial; peça oficial vinculada";codificação editorial, fonte oficial vinculada
0601947-26.2026.6.00.0000;sim;"Comunicação individualizada e resultado codificado; polos e peça oficial indicados.";comparável;Flávio;FLAVIO NANTES BOLSONARO;COLIGAÇÃO BRASIL PRONTO PRA MAIS | LUIZ INACIO LULA DA SILVA;DR;Direito de Resposta;Cargo - Presidente da República | Direito de Resposta;Recortes de falas de Bolsonaro em peça de TV de 9/9;direito de resposta sobre o conteúdo descrito na sinopse;não atendido;não;não atendido;"efeito da decisão de referência; ver sinopse para estado do mérito";2026-09-11;Decisão;1;2026-09-11;https://consultaunificadapje.tse.jus.br/consulta-publica-unificada/documento?extensaoArquivo=text/html&path=tse/2026/9/11/19/14/38/a112709462687871e49570b588aea2f266777b151d232face3a8aa2e4717fdaa;Decisão;"peça PJe verificada; ato no bulk";https://consultaunificadapje.tse.jus.br/#/public/resultado/0601947-26.2026.6.00.0000;A campanha de Flávio Bolsonaro apresentou o pedido contra a de Lula em 0601947-26.2026.6.00.0000. Em decisão monocrática, a relatora indeferiu a liminar por não vislumbrar probabilidade do direito nem perigo concreto, ressaltando o risco de restrição prévia à liberdade de expressão. Foi determinada a juntada do texto da resposta em 24 horas, com prosseguimento do feito para contraditório e julgamento do mérito. A última decisão foi indexada em 11/09/2026. Fonte: (decisão).;01/10/2026 06:00:34 BRT;"síntese e codificação editorial; peça oficial vinculada";codificação editorial, fonte oficial vinculada
0601962-92.2026.6.00.0000;sim;"Comunicação individualizada e resultado codificado; polos e peça oficial indicados.";comparável;Flávio;FLAVIO NANTES BOLSONARO;COLIGAÇÃO BRASIL PRONTO PRA MAIS | GERALDO JOSE RODRIGUES ALCKMIN FILHO | LUIZ INACIO LULA DA SILVA;Rp;Propaganda Política - Propaganda Eleitoral - Comício/Showmício;Cargo - Presidente da República | Cargo - Vice-Presidente da República | Propaganda Política - Propaganda Eleitoral - Comício/Showmício | Propaganda Política - Propaganda Eleitoral - Inobservância do Limite Legal | Propaganda Política - Propaganda Eleitoral - Internet | Propaganda Política - Propaganda Eleitoral - Omissão de Informações Obrigatórias | Propaganda Política - Propaganda Eleitoral - Redes Sociais;Vídeo com ataques à Justiça Eleitoral e painéis externos;providência sobre a propaganda individualizada na sinopse;atendido;sim;parcial;"efeito da decisão de referência; ver sinopse para estado do mérito";2026-09-28;Decisão;1;2026-09-28;https://consultaunificadapje.tse.jus.br/consulta-publica-unificada/documento?extensaoArquivo=text/html&path=tse/2026/9/28/18/19/1/6054c87e0e5136f3a4aced9b97bb6a4f5f9094ef62b7f75331990d9d87b7ff0d;Decisão;"peça PJe verificada; ato no bulk";https://consultaunificadapje.tse.jus.br/#/public/resultado/0601962-92.2026.6.00.0000;A campanha de Flávio Bolsonaro apresentou o pedido contra a de Lula em 0601962-92.2026.6.00.0000. Em decisão monocrática, o relator deferiu parcialmente a tutela para determinar a remoção, em 24 horas, do vídeo com ataques à Justiça Eleitoral e a abstenção de sua republicação, além do uso de painéis com efeito outdoor. A ordem alcança reproduções idênticas ou modificadas, sem antecipar o julgamento definitivo da representação. A última decisão foi indexada em 28/09/2026. Fonte: (decisão).;01/10/2026 06:00:34 BRT;"síntese e codificação editorial; peça oficial vinculada";codificação editorial, fonte oficial vinculada
0602025-20.2026.6.00.0000;sim;"Comunicação individualizada e resultado codificado; polos e peça oficial indicados.";comparável;Flávio;FLAVIO NANTES BOLSONARO;COLIGAÇÃO BRASIL PRONTO PRA MAIS | LUIZ INACIO LULA DA SILVA;Rp;Propaganda Política - Propaganda Eleitoral - Impulsionamento;Cargo - Presidente da República | Propaganda Política - Propaganda Eleitoral - Impulsionamento | Propaganda Política - Propaganda Eleitoral - Internet | Propaganda Política - Propaganda Eleitoral - Redes Sociais;Impulsionamento pago de crítica negativa com multa;providência sobre a propaganda individualizada na sinopse;atendido;sim;atendimento documentado, extensão não discriminada;"efeito da decisão de referência; ver sinopse para estado do mérito";2026-09-25;Decisão;1;2026-09-25;https://consultaunificadapje.tse.jus.br/consulta-publica-unificada/documento?extensaoArquivo=text/html&path=tse/2026/9/25/18/42/47/dc178756b3bdfe7ea644e2698acc466f6e9cec8551aedab142a21a1a756b7f99;Decisão;"peça PJe verificada; ato no bulk";https://consultaunificadapje.tse.jus.br/#/public/resultado/0602025-20.2026.6.00.0000;A campanha de Flávio Bolsonaro apresentou o pedido contra a de Lula em 0602025-20.2026.6.00.0000. Em decisão monocrática, o TSE entendeu que o impulsionamento remunerado destinado a ampliar propaganda eleitoral negativa viola o art. 57-C, § 3º, da Lei nº 9.504/1997, embora críticas políticas possam circular organicamente. A representação foi julgada procedente, com multa de R$ 15.000,00 e determinação de não reativar ou contratar novo impulsionamento das peças examinadas, afastada a ordem genérica sobre conteúdos futuros. A última decisão foi indexada em 25/09/2026. Fonte: (decisão).;01/10/2026 06:00:34 BRT;"síntese e codificação editorial; peça oficial vinculada";codificação editorial, fonte oficial vinculada
0602062-47.2026.6.00.0000;sim;"Comunicação individualizada e resultado codificado; polos e peça oficial indicados.";comparável;Lula;COLIGAÇÃO BRASIL PRONTO PRA MAIS;FLAVIO NANTES BOLSONARO | PARTIDO LIBERAL (PL) - NACIONAL;DR;Direito de Resposta;Cargo - Presidente da República | Direito de Resposta;Pedido de resposta a críticas em propaganda gratuita;direito de resposta sobre o conteúdo descrito na sinopse;não atendido;não;não atendido;"efeito da decisão de referência; ver sinopse para estado do mérito";2026-09-28;Decisão;1;2026-09-28;https://consultaunificadapje.tse.jus.br/consulta-publica-unificada/documento?extensaoArquivo=text/html&path=tse/2026/9/28/18/11/54/25fde80f6b2739873c257998d5747a1502ea2254fc9c36b48ea52646fe4505ff;Decisão;"peça PJe verificada; ato no bulk";https://consultaunificadapje.tse.jus.br/#/public/resultado/0602062-47.2026.6.00.0000;A campanha de Lula apresentou o pedido contra a de Flávio Bolsonaro em 0602062-47.2026.6.00.0000. Em decisão monocrática, o TSE indeferiu a tutela de urgência porque não ficou demonstrada, em exame preliminar, falsidade objetiva, grave descontextualização ou ofensa juridicamente relevante nas críticas políticas. O pedido de resposta seguirá para contraditório, com citação dos requeridos e posterior manifestação da Procuradoria-Geral Eleitoral. A última decisão foi indexada em 28/09/2026. Fonte: (decisão).;01/10/2026 06:00:34 BRT;"síntese e codificação editorial; peça oficial vinculada";codificação editorial, fonte oficial vinculada
0602080-68.2026.6.00.0000;sim;"Comunicação individualizada e resultado codificado; polos e peça oficial indicados.";comparável;Flávio;FLAVIO NANTES BOLSONARO;COLIGAÇÃO BRASIL PRONTO PRA MAIS | GERALDO JOSE RODRIGUES ALCKMIN FILHO | LUIZ INACIO LULA DA SILVA;Rp;Cargo - Presidente da República;Cargo - Presidente da República | Propaganda Política - Propaganda Eleitoral - Divulgação de Notícia  Sabidamente Falsa | Propaganda Política - Propaganda Eleitoral - Horário Eleitoral Gratuito/Inserções de Propaganda | Propaganda Política - Propaganda Eleitoral - Televisão;Chapa de Lula ilegível em peça de TV;providência sobre a propaganda individualizada na sinopse;atendido;sim;parcial;"efeito da decisão de referência; ver sinopse para estado do mérito";2026-09-28;Decisão;1;2026-09-28;https://consultaunificadapje.tse.jus.br/consulta-publica-unificada/documento?extensaoArquivo=text/html&path=tse/2026/9/28/18/11/54/04fe03b296aa1c63e5363d7039527a424e0737f80cb78cdcde165bf56cf7c3be;Decisão;"peça PJe verificada; ato no bulk";https://consultaunificadapje.tse.jus.br/#/public/resultado/0602080-68.2026.6.00.0000;A campanha de Flávio Bolsonaro apresentou o pedido contra a de Lula em 0602080-68.2026.6.00.0000. O relator deferiu parcialmente a tutela, pois os nomes dos candidatos não foram exibidos de forma clara e legível, em afronta ao art. 36, § 4º, da Lei nº 9.504/1997. Determinou-se a abstenção de novas veiculações até o saneamento do vício, sem censura definitiva do conteúdo da propaganda. A última decisão foi indexada em 28/09/2026. Fonte: (decisão).;01/10/2026 06:00:34 BRT;"síntese e codificação editorial; peça oficial vinculada";codificação editorial, fonte oficial vinculada
0602099-74.2026.6.00.0000;não;Exame da tutela reservado para depois de defesa e parecer do Ministério Público.;processual;Lula;COLIGAÇÃO BRASIL PRONTO PRA MAIS;FLAVIO NANTES BOLSONARO | PARTIDO LIBERAL (PL) - NACIONAL;DR;Direito de Resposta;Direito de Resposta;Publicações impugnadas pela coligação de Lula;direito de resposta e tutela;sem resultado comparável;;sem resultado comparável;tutela reservada;2026-09-23;Decisão;1;2026-09-23;https://consultaunificadapje.tse.jus.br/consulta-publica-unificada/documento?extensaoArquivo=text/html&path=tse/2026/9/23/16/6/31/3dde15c32004c6c34e70b934c7e7423e66284cd71b4309d9ea8ec21d22f1afa8;Decisão;"inteiro teor HTML da Consulta Unificada PJe/TSE; URL de peça disponível";https://consultaunificadapje.tse.jus.br/#/public/resultado/0602099-74.2026.6.00.0000;Exame da tutela reservado para depois de defesa e parecer do Ministério Público.;01/10/2026 06:00:34 BRT;inteiro teor HTML da Consulta Unificada PJe/TSE;alto
0602109-21.2026.6.00.0000;sim;"Comunicação individualizada e resultado codificado; polos e peça oficial indicados.";comparável;Lula;COLIGAÇÃO BRASIL PRONTO PRA MAIS;FLAVIO NANTES BOLSONARO | PARTIDO LIBERAL (PL) - NACIONAL | VALDEMAR COSTA NETO;DR;Direito de Resposta;Cargo - Presidente da República | Direito de Resposta;Publicação do PL contestada pela coligação de Lula;direito de resposta sobre o conteúdo descrito na sinopse;não atendido;não;não atendido;"efeito da decisão de referência; ver sinopse para estado do mérito";2026-09-28;Decisão;1;2026-09-28;https://consultaunificadapje.tse.jus.br/consulta-publica-unificada/documento?extensaoArquivo=text/html&path=tse/2026/9/28/18/11/54/37cca9396804bbf6bdd2d1c449b71178d66a668c49f010e143ec4c6498ddfa4a;Decisão;"peça PJe verificada; ato no bulk";https://consultaunificadapje.tse.jus.br/#/public/resultado/0602109-21.2026.6.00.0000;A campanha de Lula apresentou o pedido contra a de Flávio Bolsonaro em 0602109-21.2026.6.00.0000. O relator indeferiu monocraticamente a tutela de urgência por ausência de probabilidade do direito, considerando que a publicação se insere no debate político e não configura, de plano, desinformação deliberada. Assim, foi afastada a remoção imediata do conteúdo, com submissão da decisão ao referendo do Plenário e prosseguimento do feito. A última decisão foi indexada em 28/09/2026. Fonte: (decisão).;01/10/2026 06:00:34 BRT;"síntese e codificação editorial; peça oficial vinculada";codificação editorial, fonte oficial vinculada
0602111-88.2026.6.00.0000;sim;"Comunicação individualizada e resultado codificado; polos e peça oficial indicados.";comparável;Lula;COLIGAÇÃO BRASIL PRONTO PRA MAIS;PARTIDO LIBERAL (PL) - NACIONAL;DR;Direito de Resposta;Direito de Resposta;Vídeo do PL sobre fatos públicos;direito de resposta sobre o conteúdo descrito na sinopse;não atendido;não;não atendido;"efeito da decisão de referência; ver sinopse para estado do mérito";2026-09-25;Decisão;1;2026-09-25;https://consultaunificadapje.tse.jus.br/consulta-publica-unificada/documento?extensaoArquivo=text/html&path=tse/2026/9/25/16/49/10/006ca5f9697db2b64d21303aea0384876c29433578c1889c5d0084d9bba013b8;Decisão;"peça PJe verificada; ato no bulk";https://consultaunificadapje.tse.jus.br/#/public/resultado/0602111-88.2026.6.00.0000;A campanha de Lula apresentou o pedido contra a de Flávio Bolsonaro em 0602111-88.2026.6.00.0000. Em decisão monocrática, a relatora indeferiu a liminar de remoção por entender que o conteúdo se insere, por ora, na crítica política e na rememoração de fatos públicos, sem ilicitude eleitoral flagrante ou dano concreto que justificasse restrição prévia à liberdade de expressão. A publicação permanece disponível provisoriamente, enquanto prosseguem a citação do partido, a defesa, o parecer da Procuradoria-Geral Eleitoral e a análise do direito de resposta. A última decisão foi indexada em 25/09/2026. Fonte: (decisão).;01/10/2026 06:00:34 BRT;"síntese e codificação editorial; peça oficial vinculada";codificação editorial, fonte oficial vinculada
0602114-43.2026.6.00.0000;sim;"Comunicação individualizada e resultado codificado; polos e peça oficial indicados.";comparável;Lula;COLIGAÇÃO BRASIL PRONTO PRA MAIS;FLAVIO NANTES BOLSONARO | PARTIDO LIBERAL (PL) - NACIONAL;DR;Direito de Resposta;Cargo - Presidente da República | Direito de Resposta;Vídeo do PL alegadamente manipulado;direito de resposta sobre o conteúdo descrito na sinopse;não atendido;não;não atendido;"efeito da decisão de referência; ver sinopse para estado do mérito";2026-09-25;Decisão;1;2026-09-25;https://consultaunificadapje.tse.jus.br/consulta-publica-unificada/documento?extensaoArquivo=text/html&path=tse/2026/9/25/16/50/19/402dd7abeecba27505d18ef14430a67f5fcf74b8dec2fac45c51ccc6c2c57e4e;Decisão;"peça PJe verificada; ato no bulk";https://consultaunificadapje.tse.jus.br/#/public/resultado/0602114-43.2026.6.00.0000;A campanha de Lula apresentou o pedido contra a de Flávio Bolsonaro em 0602114-43.2026.6.00.0000. A relatora indeferiu monocraticamente a tutela de urgência porque a alegada manipulação e a ilicitude eleitoral não estavam demonstradas de forma clara em cognição sumária, e a retirada poderia restringir previamente a liberdade de expressão. A publicação permaneceu no ar, prosseguindo o processo com citação do requerido e manifestação da Procuradoria-Geral Eleitoral. A última decisão foi indexada em 25/09/2026. Fonte: (decisão).;01/10/2026 06:00:34 BRT;"síntese e codificação editorial; peça oficial vinculada";codificação editorial, fonte oficial vinculada
0602117-95.2026.6.00.0000;sim;"Comunicação individualizada e resultado codificado; polos e peça oficial indicados.";comparável;Lula;COLIGAÇÃO BRASIL PRONTO PRA MAIS;FLAVIO NANTES BOLSONARO | PARTIDO LIBERAL (PL) - NACIONAL;DR;Direito de Resposta;Cargo - Presidente da República | Direito de Resposta;Propaganda sobre suposto esquema de corrupção;direito de resposta sobre o conteúdo descrito na sinopse;não atendido;não;não atendido;"efeito da decisão de referência; ver sinopse para estado do mérito";2026-09-25;Decisão;1;2026-09-25;https://consultaunificadapje.tse.jus.br/consulta-publica-unificada/documento?extensaoArquivo=text/html&path=tse/2026/9/25/16/49/28/5388f6d1ba0091c79270b465bd0ca60e8d9a22fc4f3ed3568dd90fd70835e563;Decisão;"peça PJe verificada; ato no bulk";https://consultaunificadapje.tse.jus.br/#/public/resultado/0602117-95.2026.6.00.0000;A campanha de Lula apresentou o pedido contra a de Flávio Bolsonaro em 0602117-95.2026.6.00.0000. Em decisão monocrática, o TSE indeferiu a tutela de urgência por entender que a propaganda estava amparada em reportagens e investigações de interesse público, sem ilicitude eleitoral flagrante ou perigo irreversível. A retirada imediata foi afastada para preservar a liberdade de expressão e evitar restrição prévia, permanecendo o pedido de direito de resposta para análise após o contraditório. A última decisão foi indexada em 25/09/2026. Fonte: (decisão).;01/10/2026 06:00:34 BRT;"síntese e codificação editorial; peça oficial vinculada";codificação editorial, fonte oficial vinculada
0602139-56.2026.6.00.0000;sim;"Comunicação individualizada e resultado codificado; polos e peça oficial indicados.";comparável;Flávio;FLAVIO NANTES BOLSONARO;LUIZ INACIO LULA DA SILVA | S/A RADIO TUPI;DR;Direito de Resposta;Cargo - Presidente da República | Direito de Resposta;Entrevista sobre suposto vínculo com milicianos;direito de resposta sobre o conteúdo descrito na sinopse;não atendido;não;não atendido;"efeito da decisão de referência; ver sinopse para estado do mérito";2026-09-25;Decisão;1;2026-09-25;https://consultaunificadapje.tse.jus.br/consulta-publica-unificada/documento?extensaoArquivo=text/html&path=tse/2026/9/25/16/52/42/b47c5164098964e09ac9ce135793c8df49233a5a2b85ada6f12652c04992ab0d;Decisão;"peça PJe verificada; ato no bulk";https://consultaunificadapje.tse.jus.br/#/public/resultado/0602139-56.2026.6.00.0000;A campanha de Flávio Bolsonaro apresentou o pedido contra a de Lula em 0602139-56.2026.6.00.0000. Em decisão monocrática, a relatora indeferiu a liminar por não identificar, em cognição inicial, probabilidade do direito nem perigo concreto que justificassem a retirada do conteúdo, ressaltando o risco de restrição prévia à liberdade de expressão. Determinou ao requerente a juntada do texto da resposta em 24 horas, com posterior citação dos requeridos e submissão da decisão ao Plenário. A última decisão foi indexada em 25/09/2026. Fonte: (decisão).;01/10/2026 06:00:34 BRT;"síntese e codificação editorial; peça oficial vinculada";codificação editorial, fonte oficial vinculada
0602140-41.2026.6.00.0000;sim;"Comunicação individualizada e resultado codificado; polos e peça oficial indicados.";comparável;Lula;COLIGAÇÃO BRASIL PRONTO PRA MAIS;ALFREDO GASPAR DE MENDONCA NETO | FLAVIO NANTES BOLSONARO | MARIO LUIS FRIAS;AIJE;Abuso - De Poder Econômico;Abuso - De Poder Econômico | Abuso - De Poder Político/Autoridade | Abuso - Uso Indevido de Meio de Comunicação Social | Cargo - Deputado Federal | Cargo - Presidente da República | Cargo - Vice-Presidente da República;Publicações coordenadas e links comerciais em AIJE;tutela em AIJE sobre a rede de comunicação descrita na sinopse;atendido;sim;parcial;"efeito da decisão de referência; ver sinopse para estado do mérito";2026-09-27;Despacho;1;2026-09-22;https://consultaunificadapje.tse.jus.br/consulta-publica-unificada/documento?extensaoArquivo=text/html&path=tse/2026/9/22/8/32/22/75c01095268e6b3f5293893f18defb3fd5dc2239e233db7e67d216b234a3e98a;Decisão;"peça PJe verificada; ato no bulk";https://consultaunificadapje.tse.jus.br/#/public/resultado/0602140-41.2026.6.00.0000;A campanha de Lula apresentou o pedido contra a de Flávio Bolsonaro em 0602140-41.2026.6.00.0000. Em decisão monocrática, o TSE deferiu parcialmente a tutela de urgência diante de indícios de rede coordenada de publicações e possível burla às regras de impulsionamento, determinando a preservação e o fornecimento de dados pelas plataformas e a suspensão de endereços comerciais. Foram indeferidas as demais medidas liminares, fixada multa diária de R$ 50 mil por descumprimento e determinada a apresentação de defesa pelos investigados. A última decisão foi indexada em 22/09/2026. Fonte: (decisão).;01/10/2026 06:00:34 BRT;"síntese e codificação editorial; peça oficial vinculada";codificação editorial, fonte oficial vinculada
0602144-78.2026.6.00.0000;sim;"Comunicação individualizada e resultado codificado; polos e peça oficial indicados.";comparável;Lula;COLIGAÇÃO BRASIL PRONTO PRA MAIS;FLAVIO NANTES BOLSONARO | PARTIDO LIBERAL (PL) - NACIONAL;Rp;Propaganda Política - Propaganda Eleitoral - Omissão de Informações Obrigatórias;Cargo - Presidente da República | Propaganda Política - Propaganda Eleitoral - Omissão de Informações Obrigatórias | Propaganda Política - Propaganda Eleitoral - Televisão;Nome do vice ilegível em inserções de Flávio;providência sobre a propaganda individualizada na sinopse;atendido;sim;atendimento documentado, extensão não discriminada;"efeito da decisão de referência; ver sinopse para estado do mérito";2026-09-25;Decisão;1;2026-09-25;https://consultaunificadapje.tse.jus.br/consulta-publica-unificada/documento?extensaoArquivo=text/html&path=tse/2026/9/25/16/51/46/0c92886d67d8d9202f971ad723a0c31394a63b6944b529f8257eb8b9f9e67665;Decisão;"peça PJe verificada; ato no bulk";https://consultaunificadapje.tse.jus.br/#/public/resultado/0602144-78.2026.6.00.0000;A campanha de Lula apresentou o pedido contra a de Flávio Bolsonaro em 0602144-78.2026.6.00.0000. Em decisão monocrática, a relatora reconheceu, em cognição sumária, a violação objetiva ao dever de identificação clara e legível do candidato a vice nas inserções majoritárias. Determinou a abstenção de novas veiculações até a adequação da propaganda e indeferiu a notificação do pool de emissoras para fornecer mapas de transmissão. A última decisão foi indexada em 25/09/2026. Fonte: (decisão).;01/10/2026 06:00:34 BRT;"síntese e codificação editorial; peça oficial vinculada";codificação editorial, fonte oficial vinculada
0602148-18.2026.6.00.0000;sim;"Comunicação individualizada e resultado codificado; polos e peça oficial indicados.";comparável;Lula;COLIGAÇÃO BRASIL PRONTO PRA MAIS;FLAVIO NANTES BOLSONARO | PARTIDO LIBERAL (PL) - NACIONAL;DR;Direito de Resposta;Cargo - Presidente da República | Direito de Resposta;Direito de resposta sobre crítica política ao PT;direito de resposta sobre o conteúdo descrito na sinopse;não atendido;não;não atendido;"efeito da decisão de referência; ver sinopse para estado do mérito";2026-09-28;Decisão;1;2026-09-28;https://consultaunificadapje.tse.jus.br/consulta-publica-unificada/documento?extensaoArquivo=text/html&path=tse/2026/9/28/18/11/45/c3b83ef4b9beee33baf2f9a8ee6478fbdebb8f284aeee5a7467f0d33ed4c68c8;Decisão;"peça PJe verificada; ato no bulk";https://consultaunificadapje.tse.jus.br/#/public/resultado/0602148-18.2026.6.00.0000;A campanha de Lula apresentou o pedido contra a de Flávio Bolsonaro em 0602148-18.2026.6.00.0000. O TSE indeferiu monocraticamente a tutela de urgência por não identificar afirmação factual objetiva e manifestamente falsa nem associação pessoal do partido ou de seus integrantes a organizações criminosas, mas apenas crítica política. Determinou a regularização da mídia e da transcrição da propaganda para prosseguimento do feito. A última decisão foi indexada em 28/09/2026. Fonte: (decisão).;01/10/2026 06:00:34 BRT;"síntese e codificação editorial; peça oficial vinculada";codificação editorial, fonte oficial vinculada
0602161-17.2026.6.00.0000;sim;"Comunicação individualizada e resultado codificado; polos e peça oficial indicados.";comparável;Lula;COLIGAÇÃO BRASIL PRONTO PRA MAIS;FLAVIO NANTES BOLSONARO | PARTIDO LIBERAL (PL) - NACIONAL;Rp;Propaganda Política - Propaganda Eleitoral - Horário Eleitoral Gratuito/Inserções de Propaganda;Cargo - Presidente da República | Propaganda Política - Propaganda Eleitoral - Horário Eleitoral Gratuito/Inserções de Propaganda | Propaganda Política - Propaganda Eleitoral - Televisão;Outra inserção sem identificação legível do vice;providência sobre a propaganda individualizada na sinopse;atendido;sim;atendimento documentado, extensão não discriminada;"efeito da decisão de referência; ver sinopse para estado do mérito";2026-09-25;Decisão;1;2026-09-25;https://consultaunificadapje.tse.jus.br/consulta-publica-unificada/documento?extensaoArquivo=text/html&path=tse/2026/9/25/16/52/5/d66ba54bdb429df146ae3b84c55f2e1d1ce227db075740f588a9af4fa84959e7;Decisão;"peça PJe verificada; ato no bulk";https://consultaunificadapje.tse.jus.br/#/public/resultado/0602161-17.2026.6.00.0000;A campanha de Lula apresentou o pedido contra a de Flávio Bolsonaro em 0602161-17.2026.6.00.0000. Em tutela de urgência monocrática, o TSE reconheceu aparente violação ao art. 36, § 4º, da Lei nº 9.504/1997 e ao art. 12 da Res.-TSE nº 23.610/2019, que exigem a identificação clara e legível do vice quando divulgado o titular da chapa. Determinou-se a abstenção de novas veiculações da inserção até sua adequação, mas foi indeferida a notificação do pool de emissoras para fornecimento de mapas de mídia. A última decisão foi indexada em 25/09/2026. Fonte: (decisão).;01/10/2026 06:00:34 BRT;"síntese e codificação editorial; peça oficial vinculada";codificação editorial, fonte oficial vinculada
0602197-59.2026.6.00.0000;sim;"Comunicação individualizada e resultado codificado; polos e peça oficial indicados.";comparável;Lula;COLIGAÇÃO BRASIL PRONTO PRA MAIS;FLAVIO NANTES BOLSONARO;Rp;Propaganda Política - Propaganda Eleitoral - Impulsionamento;Cargo - Presidente da República | Propaganda Política - Propaganda Eleitoral - Impulsionamento | Propaganda Política - Propaganda Eleitoral - Internet | Propaganda Política - Propaganda Eleitoral - Redes Sociais;Anúncio pago que associava Lula à pobreza;providência sobre a propaganda individualizada na sinopse;atendido;sim;atendimento documentado, extensão não discriminada;"efeito da decisão de referência; ver sinopse para estado do mérito";2026-09-25;Decisão;1;2026-09-25;https://consultaunificadapje.tse.jus.br/consulta-publica-unificada/documento?extensaoArquivo=text/html&path=tse/2026/9/25/16/53/16/5960985b65345e9ea3a6d9a77c3017194bc6305018018c1c16525938613a431f;Decisão;"peça PJe verificada; ato no bulk";https://consultaunificadapje.tse.jus.br/#/public/resultado/0602197-59.2026.6.00.0000;A campanha de Lula apresentou o pedido contra a de Flávio Bolsonaro em 0602197-59.2026.6.00.0000. Em decisão liminar, a relatora entendeu que o anúncio impulsionado, ao associar adversário à pobreza e à miséria, veiculou propaganda negativa, e não promoção da candidatura, modalidade vedada pela legislação eleitoral. Determinou-se a suspensão do impulsionamento e a remoção do conteúdo em 24 horas, inclusive pelo provedor, além da proibição de republicação ou difusão de material substancialmente idêntico. A última decisão foi indexada em 25/09/2026. Fonte: (decisão).;01/10/2026 06:00:34 BRT;"síntese e codificação editorial; peça oficial vinculada";codificação editorial, fonte oficial vinculada
0602198-44.2026.6.00.0000;sim;"Comunicação individualizada e resultado codificado; polos e peça oficial indicados.";comparável;Lula;COLIGAÇÃO BRASIL PRONTO PRA MAIS | LUIZ INACIO LULA DA SILVA;FLAVIO NANTES BOLSONARO;Rp;Propaganda Política - Propaganda Eleitoral - Impulsionamento;Cargo - Presidente da República | Propaganda Política - Propaganda Eleitoral - Impulsionamento | Propaganda Política - Propaganda Eleitoral - Internet | Propaganda Política - Propaganda Eleitoral - Redes Sociais;Anúncio pago com crítica negativa a Lula;providência sobre a propaganda individualizada na sinopse;atendido;sim;atendimento documentado, extensão não discriminada;"efeito da decisão de referência; ver sinopse para estado do mérito";2026-09-25;Decisão;1;2026-09-25;https://consultaunificadapje.tse.jus.br/consulta-publica-unificada/documento?extensaoArquivo=text/html&path=tse/2026/9/25/16/49/46/c9b04dd2be91da8141b67301c06d545c3c9b165124e8261388c05ecc8502670b;Decisão;"peça PJe verificada; ato no bulk";https://consultaunificadapje.tse.jus.br/#/public/resultado/0602198-44.2026.6.00.0000;A campanha de Lula apresentou o pedido contra a de Flávio Bolsonaro em 0602198-44.2026.6.00.0000. A relatora deferiu liminar por entender que o impulsionamento pago só pode promover ou beneficiar candidatura ou agremiação, sendo vedado conteúdo negativo ou meramente crítico contra adversário. Determinou a suspensão e remoção do anúncio em 24 horas, sob pena de multa, inclusive pelo provedor. A última decisão foi indexada em 25/09/2026. Fonte: (decisão).;01/10/2026 06:00:34 BRT;"síntese e codificação editorial; peça oficial vinculada";codificação editorial, fonte oficial vinculada
0602199-29.2026.6.00.0000;sim;"Comunicação individualizada e resultado codificado; polos e peça oficial indicados.";comparável;Lula;COLIGAÇÃO BRASIL PRONTO PRA MAIS | LUIZ INACIO LULA DA SILVA;FLAVIO NANTES BOLSONARO;Rp;Propaganda Política - Propaganda Eleitoral - Impulsionamento;Cargo - Presidente da República | Propaganda Política - Propaganda Eleitoral - Impulsionamento | Propaganda Política - Propaganda Eleitoral - Internet | Propaganda Política - Propaganda Eleitoral - Redes Sociais;Outro anúncio pago com crítica negativa a Lula;providência sobre a propaganda individualizada na sinopse;atendido;sim;atendimento documentado, extensão não discriminada;"efeito da decisão de referência; ver sinopse para estado do mérito";2026-09-25;Decisão;1;2026-09-25;https://consultaunificadapje.tse.jus.br/consulta-publica-unificada/documento?extensaoArquivo=text/html&path=tse/2026/9/25/16/48/15/30f5cadb16a6ff99339c82fdae378c027a4a43196085baa966e0b944b9007161;Decisão;"peça PJe verificada; ato no bulk";https://consultaunificadapje.tse.jus.br/#/public/resultado/0602199-29.2026.6.00.0000;A campanha de Lula apresentou o pedido contra a de Flávio Bolsonaro em 0602199-29.2026.6.00.0000. O TSE entendeu que o impulsionamento eleitoral somente pode promover ou beneficiar candidatura ou agremiação, sendo vedado conteúdo negativo ou crítico contra adversários. Em decisão liminar monocrática, determinou a suspensão e a remoção do anúncio em 24 horas, sob pena de multa, além de impedir sua republicação impulsionada. A última decisão foi indexada em 25/09/2026. Fonte: (decisão).;01/10/2026 06:00:34 BRT;"síntese e codificação editorial; peça oficial vinculada";codificação editorial, fonte oficial vinculada
0602200-14.2026.6.00.0000;sim;"Comunicação individualizada e resultado codificado; polos e peça oficial indicados.";comparável;Lula;COLIGAÇÃO BRASIL PRONTO PRA MAIS | LUIZ INACIO LULA DA SILVA;FLAVIO NANTES BOLSONARO;Rp;Propaganda Política - Propaganda Eleitoral - Impulsionamento;Cargo - Presidente da República | Propaganda Política - Propaganda Eleitoral - Impulsionamento | Propaganda Política - Propaganda Eleitoral - Internet | Propaganda Política - Propaganda Eleitoral - Redes Sociais;Quarto anúncio pago com crítica negativa a Lula;providência sobre a propaganda individualizada na sinopse;atendido;sim;atendimento documentado, extensão não discriminada;"efeito da decisão de referência; ver sinopse para estado do mérito";2026-09-25;Decisão;1;2026-09-25;https://consultaunificadapje.tse.jus.br/consulta-publica-unificada/documento?extensaoArquivo=text/html&path=tse/2026/9/25/16/48/54/7acbfa3a229eec5fb2ad503d06437aace4aff443c40f57a2acebf396470ca108;Decisão;"peça PJe verificada; ato no bulk";https://consultaunificadapje.tse.jus.br/#/public/resultado/0602200-14.2026.6.00.0000;A campanha de Lula apresentou o pedido contra a de Flávio Bolsonaro em 0602200-14.2026.6.00.0000. O TSE entendeu que o impulsionamento somente pode promover ou beneficiar candidaturas, sendo vedado conteúdo negativo ou meramente crítico a adversários. Em decisão liminar monocrática, determinou a suspensão e a remoção do anúncio em 24 horas, sob pena de multa, além de impedir sua republicação. A última decisão foi indexada em 25/09/2026. Fonte: (decisão).;01/10/2026 06:00:34 BRT;"síntese e codificação editorial; peça oficial vinculada";codificação editorial, fonte oficial vinculada
0602230-49.2026.6.00.0000;não;"A decisão exige que o autor individualize matérias/URLs e esclareça pedidos repetidos; nenhuma medida sobre circulação foi apreciada.";comunicação sem resultado comparável;Flávio;FLAVIO NANTES BOLSONARO;GERALDO JOSE RODRIGUES ALCKMIN FILHO | LUIZ INACIO LULA DA SILVA;AIJE;Abuso - De Poder Político/Autoridade;Abuso - De Poder Político/Autoridade | Cargo - Presidente da República | Cargo - Vice-Presidente da República;Mais de 20 episódios de comunicação institucional/digital da campanha de Lula;remoção de matérias e preservação de conteúdos a especificar;sem resultado comparável;;sem resultado comparável;emenda e citação;2026-09-28;Decisão;1;;;;"texto integral da exportação oficial de jurisprudência TSE/PJe; URL direta de peça indisponível nesta coleta";https://consultaunificadapje.tse.jus.br/#/public/resultado/0602230-49.2026.6.00.0000;"A decisão exige que o autor individualize matérias/URLs e esclareça pedidos repetidos; nenhuma medida sobre circulação foi apreciada.";01/10/2026 06:00:34 BRT;texto integral da exportação oficial de jurisprudência TSE/PJe;alto
0602238-26.2026.6.00.0000;sim;"Comunicação individualizada e resultado codificado; polos e peça oficial indicados.";comparável;Flávio;FLAVIO NANTES BOLSONARO;LUIZ LINDBERGH FARIAS FILHO | PARTIDO DOS TRABALHADORES (PT) - NACIONAL | ROGERIO CORREIA DE MOURA BAPTISTA;Rp;Propaganda Política - Propaganda Eleitoral - Divulgação de Notícia  Sabidamente Falsa;Cargo - Deputado Federal | Cargo - Presidente da República | Propaganda Política - Propaganda Eleitoral - Divulgação de Notícia  Sabidamente Falsa | Propaganda Política - Propaganda Eleitoral - Internet | Propaganda Política - Propaganda Eleitoral - Redes Sociais;Publicação sobre suposta rachadinha;providência sobre a propaganda individualizada na sinopse;não atendido;não;não atendido;"efeito da decisão de referência; ver sinopse para estado do mérito";2026-09-25;Decisão;1;2026-09-25;https://consultaunificadapje.tse.jus.br/consulta-publica-unificada/documento?extensaoArquivo=text/html&path=tse/2026/9/25/16/53/41/f190ec924fad65d88144ddc6e16fc9869be6f5460056531047285e4469620141;Decisão;"peça PJe verificada; ato no bulk";https://consultaunificadapje.tse.jus.br/#/public/resultado/0602238-26.2026.6.00.0000;A campanha de Flávio Bolsonaro apresentou o pedido contra a de Lula em 0602238-26.2026.6.00.0000. A relatora indeferiu a liminar por não identificar, em cognição inicial, probabilidade do direito nem perigo de dano concreto, considerando o conteúdo predominantemente crítico e a ausência de ilicitude eleitoral flagrante. Foi mantida, por ora, a publicação, sem prejuízo da análise aprofundada após o contraditório. A última decisão foi indexada em 25/09/2026. Fonte: (decisão).;01/10/2026 06:00:34 BRT;"síntese e codificação editorial; peça oficial vinculada";codificação editorial, fonte oficial vinculada
0602243-48.2026.6.00.0000;sim;"Comunicação individualizada e resultado codificado; polos e peça oficial indicados.";comparável;Flávio;FLAVIO NANTES BOLSONARO;PARTIDO DOS TRABALHADORES (PT) - NACIONAL;Rp;Propaganda Política - Propaganda Eleitoral - Redes Sociais;Propaganda Política - Propaganda Eleitoral - Divulgação de Notícia  Sabidamente Falsa | Propaganda Política - Propaganda Eleitoral - Internet | Propaganda Política - Propaganda Eleitoral - Redes Sociais;Publicação sobre o caso “Dark Horse”;providência sobre a propaganda individualizada na sinopse;não atendido;não;não atendido;"efeito da decisão de referência; ver sinopse para estado do mérito";2026-09-25;Decisão;1;2026-09-25;https://consultaunificadapje.tse.jus.br/consulta-publica-unificada/documento?extensaoArquivo=text/html&path=tse/2026/9/25/16/53/53/15c46576ff173f356617e89df6ed4f44dc51a15f974a47f108db490cd3688dbd;Decisão;"peça PJe verificada; ato no bulk";https://consultaunificadapje.tse.jus.br/#/public/resultado/0602243-48.2026.6.00.0000;A campanha de Flávio Bolsonaro apresentou o pedido contra a de Lula em 0602243-48.2026.6.00.0000. A relatora indeferiu monocraticamente a tutela de urgência por não identificar, em análise preliminar, ilicitude eleitoral flagrante nem perigo concreto ao processo eleitoral. Considerou a imputação relacionada ao caso “Dark Horse” amparada em informações públicas e a expressão “candidato a vassalo dos Estados Unidos” uma opinião política metafórica, mantendo a publicação até exame posterior com contraditório. A última decisão foi indexada em 25/09/2026. Fonte: (decisão).;01/10/2026 06:00:34 BRT;"síntese e codificação editorial; peça oficial vinculada";codificação editorial, fonte oficial vinculada
0602245-18.2026.6.00.0000;sim;"Comunicação individualizada e resultado codificado; polos e peça oficial indicados.";comparável;Flávio;FLAVIO NANTES BOLSONARO;FELIX, FLORIANO, RONDON E RIBEIRO ADVOGADOS ASSOCIADOS | FERNANDO HADDAD | GLEISI HELENA HOFFMANN | PARTIDO DOS TRABALHADORES (PT) - NACIONAL | PAULO ROBERTO SEVERO PIMENTA | ROGERIO CORREIA DE MOURA BAPTISTA;Rp;Propaganda Política - Propaganda Eleitoral - Redes Sociais;Cargo - Deputado Federal | Cargo - Governador | Cargo - Senador | Propaganda Política - Propaganda Eleitoral - Internet | Propaganda Política - Propaganda Eleitoral - Redes Sociais | Propaganda Política - Propaganda Eleitoral - Uso de Inteligência Artificial;Publicação com alegação de uso de inteligência artificial;providência sobre a propaganda individualizada na sinopse;não atendido;não;não atendido;"efeito da decisão de referência; ver sinopse para estado do mérito";2026-09-25;Decisão;1;2026-09-25;https://consultaunificadapje.tse.jus.br/consulta-publica-unificada/documento?extensaoArquivo=text/html&path=tse/2026/9/25/16/51/8/0e9b309899c72a14961c5c0d97917887cf5e71cb32e815030db8c19575aa1e12;Decisão;"peça PJe verificada; ato no bulk";https://consultaunificadapje.tse.jus.br/#/public/resultado/0602245-18.2026.6.00.0000;A campanha de Flávio Bolsonaro apresentou o pedido contra a de Lula em 0602245-18.2026.6.00.0000. O TSE indeferiu a tutela de urgência porque não identificou, em cognição sumária, ilicitude eleitoral flagrante, emprego inequívoco de inteligência artificial ou perigo de dano concreto que justificasse restringir previamente a liberdade de expressão. A publicação permaneceu no ar, sem prejuízo do prosseguimento da representação e de análise posterior após o contraditório. A última decisão foi indexada em 25/09/2026. Fonte: (decisão).;01/10/2026 06:00:34 BRT;"síntese e codificação editorial; peça oficial vinculada";codificação editorial, fonte oficial vinculada
0602261-69.2026.6.00.0000;sim;"Comunicação individualizada e resultado codificado; polos e peça oficial indicados.";comparável;Lula;COLIGAÇÃO BRASIL PRONTO PRA MAIS;FLAVIO NANTES BOLSONARO | PARTIDO LIBERAL (PL) - NACIONAL;Rp;Propaganda Política - Propaganda Eleitoral - Impulsionamento;Cargo - Presidente da República | Propaganda Política - Propaganda Eleitoral - Impulsionamento | Propaganda Política - Propaganda Eleitoral - Internet | Propaganda Política - Propaganda Eleitoral - Redes Sociais;Anúncio pago negativo contra Lula;providência sobre a propaganda individualizada na sinopse;atendido;sim;atendimento documentado, extensão não discriminada;"efeito da decisão de referência; ver sinopse para estado do mérito";2026-09-25;Decisão;1;2026-09-25;https://consultaunificadapje.tse.jus.br/consulta-publica-unificada/documento?extensaoArquivo=text/html&path=tse/2026/9/25/16/48/36/a81a030d3d281ac68e169a3d44c7610bf0dc3ba85830258b12fa765a46bf5dcf;Decisão;"peça PJe verificada; ato no bulk";https://consultaunificadapje.tse.jus.br/#/public/resultado/0602261-69.2026.6.00.0000;A campanha de Lula apresentou o pedido contra a de Flávio Bolsonaro em 0602261-69.2026.6.00.0000. A relatora entendeu que o anúncio impulsionado não promovia a candidatura contratante, mas veiculava conteúdo negativo contra adversário, finalidade proibida pela legislação eleitoral. Foi deferida liminar para suspender o impulsionamento, remover o anúncio em 24 horas e impedir sua republicação ou difusão mediante impulsionamento. A última decisão foi indexada em 25/09/2026. Fonte: (decisão).;01/10/2026 06:00:34 BRT;"síntese e codificação editorial; peça oficial vinculada";codificação editorial, fonte oficial vinculada
0602263-39.2026.6.00.0000;não;Os metadados oficiais identificam campanhas em polos opostos e um ato em 30/09, mas não informam o pedido concreto nem o resultado. Peça ainda inacessível nesta conferência.;triagem pendente de inteiro teor;Lula;COLIGAÇÃO BRASIL PRONTO PRA MAIS;FLAVIO NANTES BOLSONARO;Rp;Propaganda Política - Propaganda Eleitoral - Impulsionamento;Cargo - Presidente da República | Propaganda Política - Propaganda Eleitoral - Impulsionamento | Propaganda Política - Propaganda Eleitoral - Internet | Propaganda Política - Propaganda Eleitoral - Redes Sociais;Impulsionamento de conteúdo ainda não individualizado nesta coleta;A conferir no inteiro teor da peça;sem resultado comparável;;sem resultado comparável;"uma Decisão de 30/09/2026 no extrato; resultado da medida não conferido";2026-09-30;Decisão;1;2026-09-30;;;"metadados dos ZIPs oficiais Processual 2026; inteiro teor não acessado; URL direta de peça indisponível nesta coleta";https://consultaunificadapje.tse.jus.br/#/public/resultado/0602263-39.2026.6.00.0000;Há um ato oficial em 30/09, com o pedido e o resultado pendentes de conferência da peça.;01/10/2026 06:00:34 BRT;"metadados dos ZIPs oficiais Processual 2026; inteiro teor não acessado";provisório
0602265-09.2026.6.00.0000;não;Os metadados oficiais identificam campanhas em polos opostos e um ato em 30/09, mas não informam o pedido concreto nem o resultado. Peça ainda inacessível nesta conferência.;triagem pendente de inteiro teor;Lula;COLIGAÇÃO BRASIL PRONTO PRA MAIS;FLAVIO NANTES BOLSONARO;Rp;Propaganda Política - Propaganda Eleitoral - Impulsionamento;Cargo - Presidente da República | Propaganda Política - Propaganda Eleitoral - Impulsionamento | Propaganda Política - Propaganda Eleitoral - Internet | Propaganda Política - Propaganda Eleitoral - Redes Sociais;Impulsionamento de conteúdo ainda não individualizado nesta coleta;A conferir no inteiro teor da peça;sem resultado comparável;;sem resultado comparável;"uma Decisão de 30/09/2026 no extrato; resultado da medida não conferido";2026-09-30;Decisão;1;2026-09-30;;;"metadados dos ZIPs oficiais Processual 2026; inteiro teor não acessado; URL direta de peça indisponível nesta coleta";https://consultaunificadapje.tse.jus.br/#/public/resultado/0602265-09.2026.6.00.0000;Há um ato oficial em 30/09, com o pedido e o resultado pendentes de conferência da peça.;01/10/2026 06:00:34 BRT;"metadados dos ZIPs oficiais Processual 2026; inteiro teor não acessado";provisório
0602266-91.2026.6.00.0000;sim;A decisão oficial examinou anúncio individualizado e concedeu a medida cautelar pedida pela coligação autora.;comparável;Lula;COLIGAÇÃO BRASIL PRONTO PRA MAIS;FLAVIO NANTES BOLSONARO;Rp;Propaganda Política - Propaganda Eleitoral - Impulsionamento;Cargo - Presidente da República | Propaganda Política - Propaganda Eleitoral - Impulsionamento | Propaganda Política - Propaganda Eleitoral - Internet | Propaganda Política - Propaganda Eleitoral - Redes Sociais;Card impulsionado na Meta com frase atribuída a Lula, ID 1602795500889120;suspensão do impulsionamento, retirada do anúncio em 24 horas e proibição de republicação impulsionada;atendido;sim;integral na medida cautelar;"liminar concedida em 30/09/2026; mérito final não documentado neste corte";2026-09-30;Decisão;1;2026-09-30;https://consultaunificadapje.tse.jus.br/consulta-publica-unificada/documento?extensaoArquivo=text/html&path=tse/2026/9/30/14/7/58/83a92c463214866219fec386f83db097e676606df4bc82ebe7436dd6adead3ed;Decisão;"HTML integral da decisão na Consulta Unificada PJe/TSE; URL de peça disponível";https://consultaunificadapje.tse.jus.br/#/public/resultado/0602266-91.2026.6.00.0000;a Coligação Brasil Pronto Pra Mais pediu a suspensão do anúncio impulsionado na Meta de ID 1602795500889120. O card atribuiu a Lula a frase “Se o produto está caro, não compre” e redirecionava ao portal Direita Já. Estela Aranha concedeu a liminar em 30/09. Determinou a retirada em 24 horas e vedou a republicação impulsionada. O mérito final não está documentado neste corte.;01/10/2026 06:00:34 BRT;HTML integral da decisão na Consulta Unificada PJe/TSE;alto
0602267-76.2026.6.00.0000;sim;A decisão oficial examinou anúncio individualizado e concedeu a medida cautelar pedida pela coligação autora.;comparável;Lula;COLIGAÇÃO BRASIL PRONTO PRA MAIS;FLAVIO NANTES BOLSONARO;Rp;Propaganda Política - Propaganda Eleitoral - Impulsionamento;Cargo - Presidente da República | Propaganda Política - Propaganda Eleitoral - Impulsionamento | Propaganda Política - Propaganda Eleitoral - Internet | Propaganda Política - Propaganda Eleitoral - Redes Sociais;Card impulsionado na Meta com frase atribuída a Lula, ID 2583356005464653;suspensão do impulsionamento, retirada do anúncio em 24 horas e proibição de republicação impulsionada;atendido;sim;integral na medida cautelar;"liminar concedida em 30/09/2026; mérito final não documentado neste corte";2026-09-30;Decisão;1;2026-09-30;https://consultaunificadapje.tse.jus.br/consulta-publica-unificada/documento?extensaoArquivo=text/html&path=tse/2026/9/30/14/4/59/5c34b44f0fb1dc8a2938f786585fe9d51ddd90f18fb948b2e63d6621141d07a2;Decisão;"HTML integral da decisão na Consulta Unificada PJe/TSE; URL de peça disponível";https://consultaunificadapje.tse.jus.br/#/public/resultado/0602267-76.2026.6.00.0000;a Coligação Brasil Pronto Pra Mais pediu a suspensão do anúncio impulsionado na Meta de ID 2583356005464653. O card atribuiu a Lula a frase “Brasil será um dos países mais respeitados no mundo do crime organizado” e redirecionava ao portal Direita Já. Estela Aranha concedeu a liminar em 30/09. Determinou a retirada em 24 horas e vedou a republicação impulsionada. O mérito final não está documentado neste corte.;01/10/2026 06:00:34 BRT;HTML integral da decisão na Consulta Unificada PJe/TSE;alto
0602268-61.2026.6.00.0000;sim;A decisão oficial examinou anúncio individualizado e concedeu a medida cautelar pedida pela coligação autora.;comparável;Lula;COLIGAÇÃO BRASIL PRONTO PRA MAIS;FLAVIO NANTES BOLSONARO;Rp;Propaganda Política - Propaganda Eleitoral - Impulsionamento;Cargo - Presidente da República | Propaganda Política - Propaganda Eleitoral - Impulsionamento | Propaganda Política - Propaganda Eleitoral - Internet | Propaganda Política - Propaganda Eleitoral - Redes Sociais;Card impulsionado na Meta com frase atribuída a Lula, ID 4591714467783820;suspensão do impulsionamento, retirada do anúncio em 24 horas e proibição de republicação impulsionada;atendido;sim;integral na medida cautelar;"liminar concedida em 30/09/2026; mérito final não documentado neste corte";2026-09-30;Decisão;1;2026-09-30;https://consultaunificadapje.tse.jus.br/consulta-publica-unificada/documento?extensaoArquivo=text/html&path=tse/2026/9/30/14/8/32/99c66c94f94f8e21aec6a307d18eb2ba33768d7e2ce1e6c46e7c4c8d30932d14;Decisão;"HTML integral da decisão na Consulta Unificada PJe/TSE; URL de peça disponível";https://consultaunificadapje.tse.jus.br/#/public/resultado/0602268-61.2026.6.00.0000;a Coligação Brasil Pronto Pra Mais pediu a suspensão do anúncio impulsionado na Meta de ID 4591714467783820. O card atribuiu a Lula a frase “Eu sei que rico não compra telefone roubado, mas eu sei que os pobres compram” e redirecionava ao portal Direita Já. Estela Aranha concedeu a liminar em 30/09. Determinou a retirada em 24 horas e vedou a republicação impulsionada. O mérito final não está documentado neste corte.;01/10/2026 06:00:34 BRT;HTML integral da decisão na Consulta Unificada PJe/TSE;alto
0602269-46.2026.6.00.0000;sim;A decisão oficial examinou anúncio individualizado e concedeu a medida cautelar pedida pela coligação autora.;comparável;Lula;COLIGAÇÃO BRASIL PRONTO PRA MAIS;FLAVIO NANTES BOLSONARO;Rp;Propaganda Política - Propaganda Eleitoral - Impulsionamento;Cargo - Presidente da República | Propaganda Política - Propaganda Eleitoral - Impulsionamento | Propaganda Política - Propaganda Eleitoral - Internet | Propaganda Política - Propaganda Eleitoral - Redes Sociais;Card impulsionado na Meta com frase atribuída a Lula, ID 1583770822580329;suspensão do impulsionamento, retirada do anúncio em 24 horas e proibição de republicação impulsionada;atendido;sim;integral na medida cautelar;"liminar concedida em 30/09/2026; mérito final não documentado neste corte";2026-09-30;Decisão;1;2026-09-30;https://consultaunificadapje.tse.jus.br/consulta-publica-unificada/documento?extensaoArquivo=text/html&path=tse/2026/9/30/14/6/33/74ff0dc62026722e27d88258d5924fb7a019858510692c58224e578ddd0b94a2;Decisão;"HTML integral da decisão na Consulta Unificada PJe/TSE; URL de peça disponível";https://consultaunificadapje.tse.jus.br/#/public/resultado/0602269-46.2026.6.00.0000;a Coligação Brasil Pronto Pra Mais pediu a suspensão do anúncio impulsionado na Meta de ID 1583770822580329. O card atribuiu a Lula a frase “Eu sei que rico não compra telefone roubado, mas eu sei que os pobres compram” e redirecionava ao portal Direita Já. Estela Aranha concedeu a liminar em 30/09. Determinou a retirada em 24 horas e vedou a republicação impulsionada. O mérito final não está documentado neste corte.;01/10/2026 06:00:34 BRT;HTML integral da decisão na Consulta Unificada PJe/TSE;alto
0602273-83.2026.6.00.0000;sim;"Comunicação individualizada e resultado codificado; polos e peça oficial indicados.";comparável;Flávio;FLAVIO NANTES BOLSONARO;FABIANO E SILVA LEITAO DUARTE | LEONEL GUTERRES RADDE | MORETH ADVOCACIA | NATALIA BASTOS BONAVIDES | PARTIDO DOS TRABALHADORES (PT) - NACIONAL;Rp;Propaganda Política - Propaganda Eleitoral - Internet;Cargo - Presidente da República | Propaganda Política - Propaganda Eleitoral - Divulgação de Notícia  Sabidamente Falsa | Propaganda Política - Propaganda Eleitoral - Internet | Propaganda Política - Propaganda Eleitoral - Truncagem, Montagem, Utilização de Gravação Externa, Computação Gráfica, Desenho Animado ou Efeito Especial;Publicação crítica no Instagram preservada;providência sobre a propaganda individualizada na sinopse;não atendido;não;não atendido;"efeito da decisão de referência; ver sinopse para estado do mérito";2026-09-25;Decisão;1;2026-09-25;https://consultaunificadapje.tse.jus.br/consulta-publica-unificada/documento?extensaoArquivo=text/html&path=tse/2026/9/25/16/50/44/c7156a6b5906570dffc03fd56a2004c8a16f7df7c3147c0580bc99f31bc85fdc;Decisão;"peça PJe verificada; ato no bulk";https://consultaunificadapje.tse.jus.br/#/public/resultado/0602273-83.2026.6.00.0000;A campanha de Flávio Bolsonaro apresentou o pedido contra a de Lula em 0602273-83.2026.6.00.0000. Em decisão monocrática, o TSE indeferiu a retirada liminar da publicação porque, em análise preliminar, o conteúdo foi considerado predominantemente crítico e opinativo, sem ilicitude flagrante ou fato objetivamente falso demonstrado. Ausentes a probabilidade do direito e o perigo de dano concreto, manteve-se o conteúdo no ar, sem prejuízo do exame de mérito após o contraditório. A última decisão foi indexada em 25/09/2026. Fonte: (decisão).;01/10/2026 06:00:34 BRT;"síntese e codificação editorial; peça oficial vinculada";codificação editorial, fonte oficial vinculada
0602367-31.2026.6.00.0000;sim;A decisão oficial examinou anúncio individualizado e concedeu a medida cautelar pedida por Flávio Bolsonaro.;comparável;Flávio;FLAVIO NANTES BOLSONARO;COLIGAÇÃO BRASIL PRONTO PRA MAIS | LUIZ INACIO LULA DA SILVA;Rp;Propaganda Política - Propaganda Eleitoral - Impulsionamento;Cargo - Presidente da República | Propaganda Política - Propaganda Eleitoral - Impulsionamento | Propaganda Política - Propaganda Eleitoral - Internet | Propaganda Política - Propaganda Eleitoral - Redes Sociais;Anúncio impulsionado na Meta, ID 1371178328334122;suspensão do anúncio, retirada em 24 horas, abstenção de republicação impulsionada e multa ao final;atendido;sim;integral na medida cautelar;"liminar concedida em 30/09/2026; mérito final não documentado neste corte";2026-09-30;Decisão;1;2026-09-30;https://consultaunificadapje.tse.jus.br/consulta-publica-unificada/documento?extensaoArquivo=text/html&path=tse/2026/9/30/14/9/46/5c8ec4002995d4915fd9927b1374bd006f592bdd6c23806418e8529e22ffb8a3;Decisão;"HTML integral da decisão na Consulta Unificada PJe/TSE; URL de peça disponível";https://consultaunificadapje.tse.jus.br/#/public/resultado/0602367-31.2026.6.00.0000;"Flávio Bolsonaro pediu a suspensão do anúncio impulsionado na Meta de ID 1371178328334122, a proibição de novas veiculações e multa ao final. Estela Aranha concedeu a liminar em 30/09. Determinou a retirada em 24 horas e vedou a republicação impulsionada. O resultado é cautelar; o mérito final não está documentado neste corte.";01/10/2026 06:00:34 BRT;HTML integral da decisão na Consulta Unificada PJe/TSE;alto
0602370-83.2026.6.00.0000;sim;A decisão oficial examinou vídeo individualizado e negou a retirada cautelar pedida pelo autor, sem julgar o mérito final.;comparável;Flávio;FLAVIO NANTES BOLSONARO;COLIGAÇÃO BRASIL PRONTO PRA MAIS | FABIANO E SILVA LEITAO DUARTE | HUMBERTO SERGIO COSTA LIMA | PARTIDO DOS TRABALHADORES (PT) - NACIONAL | ROGERIO CORREIA DE MOURA BAPTISTA;Rp;Propaganda Política - Propaganda Eleitoral - Divulgação de Notícia  Sabidamente Falsa;Cargo - Presidente da República | Propaganda Política - Propaganda Eleitoral - Divulgação de Notícia  Sabidamente Falsa | Propaganda Política - Propaganda Eleitoral - Internet | Propaganda Política - Propaganda Eleitoral - Redes Sociais;Vídeo no Instagram que vinculava Flávio Bolsonaro a personagens e fatos criminais;retirada cautelar do vídeo, preservação de registros e multa final;não atendido;não;não atendido;"liminar de retirada negada em 30/09/2026; exame posterior após contraditório";2026-09-30;Decisão;1;2026-09-30;https://consultaunificadapje.tse.jus.br/consulta-publica-unificada/documento?extensaoArquivo=text/html&path=tse/2026/9/30/14/9/11/7cafe5c320213ae0a0ed14b7ad8e12133c2e789a7e6dd762f31008e4f58b0f18;Decisão;"HTML integral da decisão na Consulta Unificada PJe/TSE; URL de peça disponível";https://consultaunificadapje.tse.jus.br/#/public/resultado/0602370-83.2026.6.00.0000;Flávio Bolsonaro pediu a retirada urgente de vídeo no Instagram que associava sua imagem a Adriano da Nóbrega, Rodrigo Bacellar, Comando Vermelho e Banco Master. Também requereu preservação de registros e multa ao final. Estela Aranha negou a retirada cautelar em 30/09 por não identificar, no exame inicial, ilicitude flagrante ou probabilidade do direito. A análise do mérito ficou para depois do contraditório.;01/10/2026 06:00:34 BRT;HTML integral da decisão na Consulta Unificada PJe/TSE;alto
0602371-68.2026.6.00.0000;sim;A decisão oficial proibiu nova exibição até a identificação legal do vice, mas reservou a controvérsia sobre o conteúdo para após o contraditório. O atendimento parcial conta como atendimento.;comparável;Lula;COLIGAÇÃO BRASIL PRONTO PRA MAIS;FLAVIO NANTES BOLSONARO | PARTIDO LIBERAL (PL) - NACIONAL;Rp;Propaganda Política - Propaganda Eleitoral - Televisão;Cargo - Presidente da República | Propaganda Política - Propaganda Eleitoral - Divulgação de Notícia  Sabidamente Falsa | Propaganda Política - Propaganda Eleitoral - Televisão;Propaganda de TV de 26/09 sem identificação do vice e com imagens contestadas;suspensão e proibição de nova exibição da propaganda televisiva, com multas ao final;atendido;sim;parcial;"liminar parcialmente concedida em 30/09/2026; mérito do conteúdo pendente";2026-09-30;Decisão;1;2026-09-30;https://consultaunificadapje.tse.jus.br/consulta-publica-unificada/documento?extensaoArquivo=text/html&path=tse/2026/9/30/14/9/30/0e93d9061254a7a1d36a32064c6c879128affb8684ec3d45acf6b1f12d246145;Decisão;"HTML integral da decisão na Consulta Unificada PJe/TSE; URL de peça disponível";https://consultaunificadapje.tse.jus.br/#/public/resultado/0602371-68.2026.6.00.0000;a Coligação Brasil Pronto Pra Mais contestou propaganda de TV de 26/09 por omitir o nome do vice Alfredo Gaspar e por imagens que, segundo ela, associavam Lula e o PT a organizações criminosas. Estela Aranha concedeu parcialmente a liminar em 30/09. Proibiu nova exibição até a correção da identificação do vice, mas deixou a alegação sobre o conteúdo para exame após o contraditório. O mérito final não está documentado neste corte.;01/10/2026 06:00:34 BRT;HTML integral da decisão na Consulta Unificada PJe/TSE;alto
0602436-63.2026.6.00.0000;sim;A decisão oficial proibiu nova exibição até identificar o vice, mas não concedeu o pedido de mapa das transmissões. O atendimento parcial conta como atendimento.;comparável;Lula;COLIGAÇÃO BRASIL PRONTO PRA MAIS;FLAVIO NANTES BOLSONARO | PARTIDO LIBERAL (PL) - NACIONAL;Rp;Propaganda Política - Propaganda Eleitoral - Televisão;Cargo - Presidente da República | Propaganda Política - Propaganda Eleitoral - Omissão de Informações Obrigatórias | Propaganda Política - Propaganda Eleitoral - Televisão;Inserções de TV de 27/09 sem identificação do vice;suspensão de novas exibições, informações de veiculação e multa ao final;atendido;sim;parcial;"liminar parcialmente concedida em 30/09/2026; mérito final não documentado neste corte";2026-09-30;Decisão;1;2026-09-30;https://consultaunificadapje.tse.jus.br/consulta-publica-unificada/documento?extensaoArquivo=text/html&path=tse/2026/9/30/14/8/51/92743bd6e3012c3cd0fa963dd4c4099b162d01e54ae80c7d1e22fd9dc64fa730;Decisão;"HTML integral da decisão na Consulta Unificada PJe/TSE; URL de peça disponível";https://consultaunificadapje.tse.jus.br/#/public/resultado/0602436-63.2026.6.00.0000;a Coligação Brasil Pronto Pra Mais contestou inserções de TV de 27/09 por omitir o nome do vice Alfredo Gaspar. Estela Aranha concedeu parcialmente a liminar em 30/09. Impediu nova veiculação até a adequação da peça, mas não determinou que o pool de emissoras apresentasse mapa de transmissões. O mérito final não está documentado neste corte.;01/10/2026 06:00:34 BRT;HTML integral da decisão na Consulta Unificada PJe/TSE;alto
