DT_GERACAO;HH_GERACAO;ANO_ELEICAO;NR_PROCESSO;DT_AUTUACAO;DT_BAIXA;SG_UF_TRIBUNAL_ORIGEM;NR_INSTANCIA_ORIGEM;SG_UF_TRIBUNAL;NR_INSTANCIA;DT_DISTRIBUICAO;CD_TIPO_DISTRIBUICAO;DS_TIPO_DISTRIBUICAO;CD_RELATOR;NM_RELATOR;CD_TIPO_CARGO_RELATOR;DS_TIPO_CARGO_RELATOR;CD_CLASSE;SG_CLASSE;DS_CLASSE;CD_ASSUNTO_PRINCIPAL;DS_ASSUNTO_PRINCIPAL;ST_RECURSAL;QT_DECISOES;DT_ULTIMA_DECISAO;TP_ULTIMA_DECISAO;DS_URL_PROCESSO;CD_ASSUNTOS_OFICIAIS;DS_ASSUNTOS_OFICIAIS;PARTES_POLO_ATIVO;PARTES_POLO_PASSIVO;PARTES_INTERESSADAS;QT_ATOS_RECORTE;DT_PRIMEIRO_ATO_ISO;DT_ULTIMO_ATO_ISO;FL_PROPAGANDA_OFICIAL;FL_DIREITO_RESPOSTA;FL_RECORTE_COMUNICACAO
01/10/2026;06:01:26;2026;0600002-46.2026.6.20.0000;29/05/2026;20/08/2026;RN;2;DF;3;29/05/2026;S;Por sorteio;223256;ANDRÉ MENDONÇA;14;Ministro;11549;REspEl;RECURSO ESPECIAL ELEITORAL;11651;Pesquisa Eleitoral - Registro de Pesquisa Eleitoral;1;1;14/08/2026;Decisão;https://consultaunificadapje.tse.jus.br/#/public/resultado/0600002-46.2026.6.20.0000;11651 | 60022;Pesquisa Eleitoral - Registro de Pesquisa Eleitoral | Representação;RECORRENTE: UNIAO BRASIL (UNIÃO) - ESTADUAL;RECORRIDO: INSPPE - INSTITUTO POTIGUAR DE PESQUISAS ESTATISTICAS LTDA;REPRESENTANTE: Procuradoria Regional Eleitoral | TERCEIRO INTERESSADO: PROCURADORIA REGIONAL ELEITORAL / RN;1;2026-08-14;2026-08-14;0;0;0
01/10/2026;06:01:26;2026;0600004-08.2026.6.19.0238;11/03/2026;19/06/2026;RJ;1;DF;3;11/03/2026;S;Por sorteio;350140;ESTELA ARANHA;59;Juíz Auxiliar;11541;Rp;REPRESENTAÇÃO;11667;Propaganda Política - Propaganda Eleitoral - Extemporânea/Antecipada;1;1;14/06/2026;Decisão;https://consultaunificadapje.tse.jus.br/#/public/resultado/0600004-08.2026.6.19.0238;11667;Propaganda Política - Propaganda Eleitoral - Extemporânea/Antecipada;;REPRESENTADO: GREMIO RECREATIVO ESCOLA DE SAMBA ACADEMICOS DE NITEROI;REPRESENTANTE: Procuradoria Regional Eleitoral no Rio de Janeiro | TERCEIRO INTERESSADO: Procuradoria Regional Eleitoral1.;1;2026-06-14;2026-06-14;1;0;1
01/10/2026;06:01:26;2026;0600005-74.2026.6.13.0071;21/07/2026;#NULO#;MG;1;DF;3;21/07/2026;S;Por sorteio;301846;RICARDO VILLAS BÔAS CUEVA;4;Ministro;11549;REspEl;RECURSO ESPECIAL ELEITORAL;11618;Registro de Candidatura - RRC - Candidato;1;4;25/09/2026;Acórdão;https://consultaunificadapje.tse.jus.br/#/public/resultado/0600005-74.2026.6.13.0071;11591 | 11618 | 11778;Condição de Elegibilidade - Pleno Exercício dos Direitos Políticos | Registro de Candidatura - RRC - Candidato | Requerimento;RECORRENTE: GILBERTO PEREIRA GOMES;;REPRESENTANTE: Procuradoria Regional Eleitoral | TERCEIRO INTERESSADO: PROCURADOR REGIONAL ELEITORAL;2;2026-08-03;2026-09-25;0;0;0
01/10/2026;06:01:26;2026;0600012-69.2026.6.10.0000;20/08/2026;#NULO#;MA;2;DF;3;20/08/2026;S;Por sorteio;223256;ANDRÉ MENDONÇA;14;Ministro;12626;AREspE;AGRAVO EM RECURSO ESPECIAL ELEITORAL;11667;Propaganda Política - Propaganda Eleitoral - Extemporânea/Antecipada;1;1;30/09/2026;Decisão;https://consultaunificadapje.tse.jus.br/#/public/resultado/0600012-69.2026.6.10.0000;11667 | 60022;Propaganda Política - Propaganda Eleitoral - Extemporânea/Antecipada | Representação;AGRAVANTE: CARLOS ORLEANS BRAIDE BRANDAO | AGRAVANTE: CARLOS ORLEANS BRANDAO JUNIOR | AGRAVANTE: VINICIUS CESAR FERRO CASTRO;AGRAVADO: PARTIDO SOCIALISTA BRASILEIRO (PSB) - ESTADUAL;REPRESENTANTE: MINISTERIO PUBLICO DA UNIAO | TERCEIRO INTERESSADO: PROCURADORIA REGIONAL ELEITORAL;1;2026-09-30;2026-09-30;1;0;1
01/10/2026;06:01:26;2026;0600017-04.2026.6.24.0000;01/06/2026;23/06/2026;SC;2;DF;3;01/06/2026;S;Por sorteio;223256;ANDRÉ MENDONÇA;72;Juiz Auxiliar;11541;Rp;REPRESENTAÇÃO;11667;Propaganda Política - Propaganda Eleitoral - Extemporânea/Antecipada;1;1;02/06/2026;Decisão;https://consultaunificadapje.tse.jus.br/#/public/resultado/0600017-04.2026.6.24.0000;11667;Propaganda Política - Propaganda Eleitoral - Extemporânea/Antecipada;REPRESENTANTE: PARTIDO DOS TRABALHADORES (PT) - ESTADUAL;REPRESENTADO: ANTIDIO ALEIXO LUNELLI | SOCIEDADE: BESSA NETO & BRUSTOLIN ADVOCACIA;REPRESENTANTE: MINISTERIO PUBLICO ELEITORAL DO ESTADO DE SANTA CATARINA | TERCEIRO INTERESSADO: PROCURADOR REGIONAL ELEITORAL - SC;1;2026-06-02;2026-06-02;1;0;1
01/10/2026;06:01:26;2026;0600022-93.2025.6.14.0079;12/02/2026;16/08/2026;PA;1;DF;3;10/06/2026;S;Por sorteio;6276;DIAS TOFFOLI;3;Ministro;12626;AREspE;AGRAVO EM RECURSO ESPECIAL ELEITORAL;11667;Propaganda Política - Propaganda Eleitoral - Extemporânea/Antecipada;1;1;14/07/2026;Decisão;https://consultaunificadapje.tse.jus.br/#/public/resultado/0600022-93.2025.6.14.0079;11667 | 60022;Propaganda Política - Propaganda Eleitoral - Extemporânea/Antecipada | Representação;AGRAVANTE: ERALDO SORGE SEBASTIAO PIMENTA | REPRESENTANTE: MINISTERIO PUBLICO DO ESTADO DO PARÁ;AGRAVADO: Ministério Público Eleitoral | AGRAVADO: PROMOTOR ELEITORAL DO ESTADO DO PARÁ;TERCEIRO INTERESSADO: PROCURADORIA REGIONAL ELEITORAL DO PARÁ;1;2026-07-14;2026-07-14;1;0;1
01/10/2026;06:01:26;2026;0600024-93.2026.6.24.0000;30/03/2026;18/06/2026;SC;2;DF;3;31/03/2026;S;Por sorteio;350140;ESTELA ARANHA;59;Juíz Auxiliar;11541;Rp;REPRESENTAÇÃO;11651;Pesquisa Eleitoral - Registro de Pesquisa Eleitoral;1;1;14/06/2026;Decisão;https://consultaunificadapje.tse.jus.br/#/public/resultado/0600024-93.2026.6.24.0000;11651;Pesquisa Eleitoral - Registro de Pesquisa Eleitoral;REPRESENTANTE: PARTIDO LIBERAL (PL) - ESTADUAL;REPRESENTADA: ATLASINTEL TECNOLOGIA DE DADOS LTDA;REPRESENTANTE: MINISTERIO PUBLICO ELEITORAL DO ESTADO DE SANTA CATARINA | TERCEIRO INTERESSADO: PROCURADOR REGIONAL ELEITORAL - SC;1;2026-06-14;2026-06-14;0;0;0
01/10/2026;06:01:26;2026;0600025-79.2025.6.09.0146;10/06/2026;23/09/2026;GO;1;DF;3;11/06/2026;S;Por sorteio;202679;NUNES MARQUES;78;Ministro;193;PAP;PRODUÇÃO ANTECIPADA DA PROVA;11778;Requerimento;1;1;14/09/2026;Decisão;https://consultaunificadapje.tse.jus.br/#/public/resultado/0600025-79.2025.6.09.0146;11778;Requerimento;REQUERENTE: FEDERAÇÃO PSDB CIDADANIA - NACIONAL;REQUERENTE: ESTADO DE GOIAS;REPRESENTANTE: MINISTERIO PUBLICO DA UNIAO | TERCEIRO INTERESSADO: Procurador Regional Eleitoral de Goiás;1;2026-09-14;2026-09-14;0;0;0
01/10/2026;06:01:26;2026;0600030-69.2026.6.00.0000;30/01/2026;#NULO#;DF;3;DF;3;13/02/2026;S;Por sorteio;350140;ESTELA ARANHA;59;Juíz Auxiliar;11541;Rp;REPRESENTAÇÃO;11650;Pesquisa Eleitoral - Divulgação de Pesquisa Eleitoral Sem Prévio Registro;0;1;30/01/2026;Decisão;https://consultaunificadapje.tse.jus.br/#/public/resultado/0600030-69.2026.6.00.0000;11631 | 11650;Cargo - Deputado Federal | Pesquisa Eleitoral - Divulgação de Pesquisa Eleitoral Sem Prévio Registro;REPRESENTANTE: LUIZ LINDBERGH FARIAS FILHO;REPRESENTADO: DATA HARVEST SOLUTIONS, S. DE R. L. DE C. V.;;1;2026-01-30;2026-01-30;0;0;0
01/10/2026;06:01:26;2026;0600036-10.2026.6.24.0000;06/05/2026;23/06/2026;SC;2;DF;3;06/05/2026;S;Por sorteio;350140;ESTELA ARANHA;59;Juíz Auxiliar;11541;Rp;REPRESENTAÇÃO;11667;Propaganda Política - Propaganda Eleitoral - Extemporânea/Antecipada;1;1;14/06/2026;Decisão;https://consultaunificadapje.tse.jus.br/#/public/resultado/0600036-10.2026.6.24.0000;11667;Propaganda Política - Propaganda Eleitoral - Extemporânea/Antecipada;REPRESENTANTE: PARTIDO SOCIALISMO E LIBERDADE (PSOL) - ESTADUAL | SOCIEDADE: MONGUILHOTT SOCIEDADE INDIVIDUAL DE ADVOCACIA;REPRESENTADO: GILIARD ELIEZER BATISTA TORQUATO | REPRESENTADO: JORGE SEIF JUNIOR;REPRESENTANTE: MINISTERIO PUBLICO ELEITORAL DO ESTADO DE SANTA CATARINA | TERCEIRO INTERESSADO: PROCURADOR REGIONAL ELEITORAL - SC;1;2026-06-14;2026-06-14;1;0;1
01/10/2026;06:01:26;2026;0600037-87.2026.6.17.0000;21/08/2026;#NULO#;PE;2;DF;3;29/09/2026;S;Por sorteio;349772;SEBASTIÃO REIS JUNIOR;11;Ministro;12626;AREspE;AGRAVO EM RECURSO ESPECIAL ELEITORAL;11667;Propaganda Política - Propaganda Eleitoral - Extemporânea/Antecipada;1;1;30/09/2026;Decisão;https://consultaunificadapje.tse.jus.br/#/public/resultado/0600037-87.2026.6.17.0000;11667 | 60022;Propaganda Política - Propaganda Eleitoral - Extemporânea/Antecipada | Representação;AGRAVANTE: FACEBOOK SERVIÇOS ONLINE DO BRASIL LTDA. | AGRAVANTE: SILENO SOUZA GUEDES;AGRAVADO: PARTIDO SOCIAL DEMOCRÁTICO (PSD) - ESTADUAL;REPRESENTANTE: Procuradoria Regional Eleitoral | TERCEIRO INTERESSADO: MINISTERIO PUBLICO DA UNIAO;1;2026-09-30;2026-09-30;1;0;1
01/10/2026;06:01:26;2026;0600042-71.2026.6.22.0000;18/08/2026;29/09/2026;RO;2;DF;3;18/08/2026;S;Por sorteio;6276;DIAS TOFFOLI;3;Ministro;11550;RO-El;RECURSO ORDINÁRIO ELEITORAL;11778;Requerimento;1;1;25/09/2026;Decisão;https://consultaunificadapje.tse.jus.br/#/public/resultado/0600042-71.2026.6.22.0000;11598 | 11618 | 11778;Inelegibilidade - Condenação Criminal por órgão colegiado ou Transitada em Julgado | Registro de Candidatura - RRC - Candidato | Requerimento;AGRAVANTE: ACIR MARCOS GURGACZ;;REPRESENTANTE: Ministério Público Eleitoral | TERCEIRO INTERESSADO: Procuradoria Regional Eleitoral de Rondônia;1;2026-09-25;2026-09-25;0;0;0
01/10/2026;06:01:26;2026;0600046-55.2026.6.06.0000;12/09/2026;#NULO#;CE;2;DF;3;29/09/2026;S;Por sorteio;349772;SEBASTIÃO REIS JUNIOR;11;Ministro;12626;AREspE;AGRAVO EM RECURSO ESPECIAL ELEITORAL;11667;Propaganda Política - Propaganda Eleitoral - Extemporânea/Antecipada;1;1;19/09/2026;Decisão;https://consultaunificadapje.tse.jus.br/#/public/resultado/0600046-55.2026.6.06.0000;11667 | 60022;Propaganda Política - Propaganda Eleitoral - Extemporânea/Antecipada | Representação;AGRAVANTE: PARTIDO SOCIALISTA BRASILEIRO (PSB) - ESTADUAL | AGRAVANTE: PARTIDO SOCIALISTA BRASILEIRO (PSB) - MUNICIPAL;AGRAVADO: FRANCISCO PEDRO GONCALVES DE SOUZA XIMENES;REPRESENTANTE: Procuradoria Regional Eleitoral | TERCEIRO INTERESSADO: FACEBOOK SERVIÇOS ONLINE DO BRASIL LTDA. | TERCEIRO INTERESSADO: PROCURADORIA REGIONAL ELEITORAL DO CEARÁ;1;2026-09-19;2026-09-19;1;0;1
01/10/2026;06:01:26;2026;0600057-40.2026.6.22.0000;19/08/2026;03/09/2026;RO;2;DF;3;19/08/2026;S;Por sorteio;233218;FLORIANO DE AZEVEDO MARQUES;13;Ministro;11550;RO-El;RECURSO ORDINÁRIO ELEITORAL;11591;Condição de Elegibilidade - Pleno Exercício dos Direitos Políticos;1;1;02/09/2026;Decisão;https://consultaunificadapje.tse.jus.br/#/public/resultado/0600057-40.2026.6.22.0000;11591 | 11618 | 11778;Condição de Elegibilidade - Pleno Exercício dos Direitos Políticos | Registro de Candidatura - RRC - Candidato | Requerimento;AGRAVANTE: PARTIDO SOCIALISTA BRASILEIRO (PSB) - ESTADUAL | RECORRENTE: Ministério Público Eleitoral;RECORRIDO: NATAN DONADON;TERCEIRO INTERESSADO: Procuradoria Regional Eleitoral de Rondônia;1;2026-09-02;2026-09-02;0;0;0
01/10/2026;06:01:26;2026;0600076-03.2026.6.20.0000;02/06/2026;11/08/2026;RN;2;DF;3;02/06/2026;S;Por sorteio;6276;DIAS TOFFOLI;3;Ministro;12626;AREspE;AGRAVO EM RECURSO ESPECIAL ELEITORAL;11667;Propaganda Política - Propaganda Eleitoral - Extemporânea/Antecipada;1;1;27/07/2026;Decisão;https://consultaunificadapje.tse.jus.br/#/public/resultado/0600076-03.2026.6.20.0000;11667 | 60022;Propaganda Política - Propaganda Eleitoral - Extemporânea/Antecipada | Representação;AGRAVANTE: PARTIDO LIBERAL (PL) - ESTADUAL;AGRAVADA: NATALIA BASTOS BONAVIDES;REPRESENTANTE: Procuradoria Regional Eleitoral | TERCEIRO INTERESSADO: PROCURADORIA REGIONAL ELEITORAL / RN;1;2026-07-27;2026-07-27;1;0;1
01/10/2026;06:01:26;2026;0600081-16.2025.6.18.0000;23/09/2025;26/02/2026;PI;2;DF;3;23/09/2025;S;Por sorteio;223256;ANDRÉ MENDONÇA;14;Ministro;12626;AREspE;AGRAVO EM RECURSO ESPECIAL ELEITORAL;11667;Propaganda Política - Propaganda Eleitoral - Extemporânea/Antecipada;1;2;12/02/2026;Acórdão;https://consultaunificadapje.tse.jus.br/#/public/resultado/0600081-16.2025.6.18.0000;11667 | 60022;Propaganda Política - Propaganda Eleitoral - Extemporânea/Antecipada | Representação;AGRAVANTE: PARTIDO LIBERAL (PL) - ESTADUAL | AGRAVANTE: TIAGO MAXIMIANO JUNQUEIRA;AGRAVADA: FEDERAÇÃO BRASIL DA ESPERANÇA (FE BRASIL) - ESTADUAL / PI | AGRAVADO: FEDERAÇÃO BRASIL DA ESPERANÇA (FE BRASIL) - NACIONAL | AGRAVADO: PARTIDO DOS TRABALHADORES (PT) - ESTADUAL;REPRESENTANTE: Procuradoria Regional Eleitoral do Piauí | TERCEIRO INTERESSADO: MINISTERIO PUBLICO DA UNIAO;2;2025-11-05;2026-02-12;1;0;1
01/10/2026;06:01:26;2026;0600085-24.2026.6.25.0000;20/08/2026;30/09/2026;SE;2;DF;3;20/08/2026;S;Por sorteio;285510;ANTONIO CARLOS FERREIRA;11;Ministro;11549;REspEl;RECURSO ESPECIAL ELEITORAL;11667;Propaganda Política - Propaganda Eleitoral - Extemporânea/Antecipada;1;1;30/09/2026;Acórdão;https://consultaunificadapje.tse.jus.br/#/public/resultado/0600085-24.2026.6.25.0000;11667 | 15429 | 60022;Propaganda Política - Propaganda Eleitoral - Extemporânea/Antecipada | Propaganda Política - Propaganda Eleitoral - Uso de Inteligência Artificial | Representação;RECORRENTE: CARLOS BATISTA ALVES NETO;RECORRIDO: PARTIDO LIBERAL (PL) - ESTADUAL;TERCEIRO INTERESSADO: FACEBOOK SERVIÇOS ONLINE DO BRASIL LTDA. | TERCEIRO INTERESSADO: GOOGLE BRASIL INTERNET LTDA.;1;2026-09-30;2026-09-30;1;0;1
01/10/2026;06:01:26;2026;0600094-79.2026.6.00.0000;04/02/2026;#NULO#;DF;3;DF;3;10/02/2026;S;Por sorteio;350140;ESTELA ARANHA;59;Juíz Auxiliar;11541;Rp;REPRESENTAÇÃO;11667;Propaganda Política - Propaganda Eleitoral - Extemporânea/Antecipada;0;6;11/09/2026;Despacho;https://consultaunificadapje.tse.jus.br/#/public/resultado/0600094-79.2026.6.00.0000;11667;Propaganda Política - Propaganda Eleitoral - Extemporânea/Antecipada;REPRESENTANTE: KIM PATROCA KATAGUIRI | REPRESENTANTE: PARTIDO MISSÃO (MISSÃO) - NACIONAL;REPRESENTADA: GREMIO RECREATIVO ESCOLA DE SAMBA ACADEMICOS DE NITEROI | REPRESENTADO: LUIZ INACIO LULA DA SILVA | REPRESENTADO: PARTIDO DOS TRABALHADORES (PT) - NACIONAL;;1;2026-06-14;2026-06-14;1;0;1
01/10/2026;06:01:26;2026;0600098-24.2026.6.07.0000;03/08/2026;#NULO#;DF;2;DF;3;03/08/2026;S;Por sorteio;350140;ESTELA ARANHA;7;Ministro;11549;REspEl;RECURSO ESPECIAL ELEITORAL;12638;Propaganda Política - Propaganda Eleitoral - Impulsionamento;1;2;16/09/2026;Despacho;https://consultaunificadapje.tse.jus.br/#/public/resultado/0600098-24.2026.6.07.0000;12638 | 60022;Propaganda Política - Propaganda Eleitoral - Impulsionamento | Representação;RECORRENTE: FEDERAÇÃO UNIÃO PROGRESSISTA - NACIONAL | RECORRENTE: FEDERAÇÃO UNIÃO PROGRESSISTA - REGIONAL / DF;RECORRIDO: RICARDO GARCIA CAPPELLI;REPRESENTANTE: Procuradoria Regional Eleitoral | TERCEIRO INTERESSADO: Ministério Público Eleitoral DF;1;2026-09-14;2026-09-14;1;0;1
01/10/2026;06:01:26;2026;0600099-74.2026.6.01.0000;28/08/2026;#NULO#;AC;2;DF;3;28/08/2026;S;Por sorteio;6276;DIAS TOFFOLI;3;Ministro;11549;REspEl;RECURSO ESPECIAL ELEITORAL;11667;Propaganda Política - Propaganda Eleitoral - Extemporânea/Antecipada;1;1;07/09/2026;Decisão;https://consultaunificadapje.tse.jus.br/#/public/resultado/0600099-74.2026.6.01.0000;11667 | 60022;Propaganda Política - Propaganda Eleitoral - Extemporânea/Antecipada | Representação;RECORRENTE: ANDRE KAMAI DA SILVA SOARES;RECORRIDO: MARCIO MIGUEL BITTAR;REPRESENTANTE: MINISTERIO PUBLICO DA UNIAO | SOCIEDADE: TOZZINI,FREIRE,TEIXEIRA,E SILVA ADVOGADOS | TERCEIRO INTERESSADO: FACEBOOK SERVIÇOS ONLINE DO BRASIL LTDA. | TERCEIRO INTERESSADO: Procuradoria Regional Eleitoral do Acre;1;2026-09-07;2026-09-07;1;0;1
01/10/2026;06:01:26;2026;0600100-21.2026.6.06.0000;10/09/2026;#NULO#;CE;2;DF;3;10/09/2026;S;Por sorteio;301846;RICARDO VILLAS BÔAS CUEVA;4;Ministro;11550;RO-El;RECURSO ORDINÁRIO ELEITORAL;11605;Inelegibilidade - Representação ou Ação de Investigação Judicial Eleitoral Jugada Procedente pela Justiça Eleitoral;1;2;14/09/2026;Decisão;https://consultaunificadapje.tse.jus.br/#/public/resultado/0600100-21.2026.6.06.0000;11605 | 11618 | 11778;Inelegibilidade - Representação ou Ação de Investigação Judicial Eleitoral Jugada Procedente pela Justiça Eleitoral | Registro de Candidatura - RRC - Candidato | Requerimento;RECORRENTE: LUIZ ALVES NORONHA JUNIOR;RECORRIDO: Ministério Público Eleitoral | REPRESENTANTE: Procuradoria Regional Eleitoral;REPRESENTANTE: Procuradoria Regional Eleitoral | TERCEIRO INTERESSADO: PROCURADORIA REGIONAL ELEITORAL DO CEARÁ;1;2026-09-14;2026-09-14;0;0;0
01/10/2026;06:01:26;2026;0600104-31.2026.6.07.0000;07/08/2026;#NULO#;DF;2;DF;3;07/08/2026;S;Por sorteio;223256;ANDRÉ MENDONÇA;14;Ministro;11549;REspEl;RECURSO ESPECIAL ELEITORAL;12638;Propaganda Política - Propaganda Eleitoral - Impulsionamento;1;1;14/09/2026;Decisão;https://consultaunificadapje.tse.jus.br/#/public/resultado/0600104-31.2026.6.07.0000;11679 | 12637 | 12638 | 60022;Propaganda Política - Propaganda Eleitoral - Impulsionamento | Propaganda Política - Propaganda Eleitoral - Internet | Propaganda Política - Propaganda Eleitoral - Redes Sociais | Representação;RECORRENTE: FEDERAÇÃO UNIÃO PROGRESSISTA - NACIONAL | RECORRENTE: FEDERAÇÃO UNIÃO PROGRESSISTA - REGIONAL / DF;RECORRIDO: RICARDO GARCIA CAPPELLI;REPRESENTANTE: Procuradoria Regional Eleitoral | TERCEIRO INTERESSADO: Ministério Público Eleitoral DF;1;2026-09-14;2026-09-14;1;0;1
01/10/2026;06:01:26;2026;0600114-75.2026.6.07.0000;17/08/2026;#NULO#;DF;2;DF;3;17/08/2026;S;Por sorteio;223256;ANDRÉ MENDONÇA;14;Ministro;11549;REspEl;RECURSO ESPECIAL ELEITORAL;12638;Propaganda Política - Propaganda Eleitoral - Impulsionamento;1;1;14/09/2026;Decisão;https://consultaunificadapje.tse.jus.br/#/public/resultado/0600114-75.2026.6.07.0000;11679 | 12637 | 12638 | 60022;Propaganda Política - Propaganda Eleitoral - Impulsionamento | Propaganda Política - Propaganda Eleitoral - Internet | Propaganda Política - Propaganda Eleitoral - Redes Sociais | Representação;RECORRENTE: FEDERAÇÃO UNIÃO PROGRESSISTA - NACIONAL | RECORRENTE: FEDERAÇÃO UNIÃO PROGRESSISTA - REGIONAL / DF;RECORRIDO: RICARDO GARCIA CAPPELLI;REPRESENTANTE: Procuradoria Regional Eleitoral | TERCEIRO INTERESSADO: Ministério Público Eleitoral DF;1;2026-09-14;2026-09-14;1;0;1
01/10/2026;06:01:26;2026;0600116-72.2026.6.06.0000;10/07/2026;08/09/2026;CE;2;DF;3;10/07/2026;S;Por sorteio;202679;NUNES MARQUES;78;Ministro;1298;PA;PROCESSO ADMINISTRATIVO;11573;Requisição de Força Federal;1;1;31/08/2026;Acórdão;https://consultaunificadapje.tse.jus.br/#/public/resultado/0600116-72.2026.6.06.0000;11573;Requisição de Força Federal;LITISCONSORTE: TRIBUNAL REGIONAL ELEITORAL DO CEARÁ | REPRESENTANTE: ADVOCACIA GERAL DA UNIAO | REQUERENTE: TRIBUNAL REGIONAL ELEITORAL DO CEARA;;REPRESENTANTE: Procuradoria Regional Eleitoral | TERCEIRO INTERESSADO: PROCURADORIA REGIONAL ELEITORAL DO CEARÁ;1;2026-08-31;2026-08-31;0;0;0
01/10/2026;06:01:26;2026;0600118-53.2026.6.02.0000;17/08/2026;#NULO#;AL;2;DF;3;29/09/2026;S;Por sorteio;349772;SEBASTIÃO REIS JUNIOR;11;Ministro;11549;REspEl;RECURSO ESPECIAL ELEITORAL;11667;Propaganda Política - Propaganda Eleitoral - Extemporânea/Antecipada;1;1;30/09/2026;Decisão;https://consultaunificadapje.tse.jus.br/#/public/resultado/0600118-53.2026.6.02.0000;11667 | 15429 | 60022;Propaganda Política - Propaganda Eleitoral - Extemporânea/Antecipada | Propaganda Política - Propaganda Eleitoral - Uso de Inteligência Artificial | Representação;RECORRENTE: FACEBOOK SERVIÇOS ONLINE DO BRASIL LTDA. | RECORRENTE: YASMIN BATISTA DE ALENCAR SILVEIRA;RECORRIDA: FEDERAÇÃO PSDB CIDADANIA - NACIONAL;REPRESENTANTE: MINISTERIO PUBLICO DA UNIAO | TERCEIRO INTERESSADO: MINISTÉRIO PÚBLICO ELEITORAL;1;2026-09-30;2026-09-30;1;0;1
01/10/2026;06:01:26;2026;0600118-57.2026.6.27.0000;13/07/2026;09/09/2026;TO;2;DF;3;13/07/2026;S;Por sorteio;202679;NUNES MARQUES;78;Ministro;1298;PA;PROCESSO ADMINISTRATIVO;11573;Requisição de Força Federal;1;1;28/08/2026;Acórdão;https://consultaunificadapje.tse.jus.br/#/public/resultado/0600118-57.2026.6.27.0000;11573;Requisição de Força Federal;INTERESSADO: TRIBUNAL REGIONAL ELEITORAL DE TOCANTINS | LITISCONSORTE: JUÍZO DA 005ª ZONA ELEITORAL DE MIRACEMA DO TOCANTINS TO;;TERCEIRO INTERESSADO: INFOX TECNOLOGIA DA INFORMACAO LTDA;1;2026-08-28;2026-08-28;0;0;0
01/10/2026;06:01:26;2026;0600118-74.2026.6.12.0000;03/06/2026;25/06/2026;MS;2;DF;3;03/06/2026;S;Por sorteio;202679;NUNES MARQUES;60;Juíz Auxiliar;11541;Rp;REPRESENTAÇÃO;11667;Propaganda Política - Propaganda Eleitoral - Extemporânea/Antecipada;1;1;22/06/2026;Decisão;https://consultaunificadapje.tse.jus.br/#/public/resultado/0600118-74.2026.6.12.0000;11667;Propaganda Política - Propaganda Eleitoral - Extemporânea/Antecipada;REPRESENTANTE: FEDERAÇÃO BRASIL DA ESPERANÇA (FE BRASIL) - ESTADUAL / MA | REPRESENTANTE: FEDERAÇÃO BRASIL DA ESPERANÇA (FE BRASIL) - NACIONAL | REPRESENTANTE: FEDERAÇÃO BRASIL DA ESPERANÇA (FÉ BRASIL) - ESTADUAL / MS | REPRESENTANTE: PARTIDO VERDE (PV) - ESTADUAL;REPRESENTADO: RODOLFO OLIVEIRA NOGUEIRA;REPRESENTANTE: Procuradoria Regional Eleitoral | TERCEIRO INTERESSADO: PROCURADORIA DA REPUBLICA NO MATO GROSSO DO SUL;1;2026-06-22;2026-06-22;1;0;1
01/10/2026;06:01:26;2026;0600120-27.2026.6.27.0000;13/07/2026;09/09/2026;TO;2;DF;3;13/07/2026;S;Por sorteio;202679;NUNES MARQUES;78;Ministro;1298;PA;PROCESSO ADMINISTRATIVO;11573;Requisição de Força Federal;1;1;28/08/2026;Acórdão;https://consultaunificadapje.tse.jus.br/#/public/resultado/0600120-27.2026.6.27.0000;11573;Requisição de Força Federal;INTERESSADO: TRIBUNAL REGIONAL ELEITORAL DE TOCANTINS | LITISCONSORTE: JUÍZO DA 023ª ZONA ELEITORAL DE PEDRO AFONSO TO | REPRESENTANTE: Procuradoria 23ª Zona Eleitoral | REQUERENTE: PRESIDENTE DO TRIBUNAL REGIONAL ELEITORAL DE TOCANTINS;;TERCEIRO INTERESSADO: INFOX TECNOLOGIA DA INFORMACAO LTDA;1;2026-08-28;2026-08-28;0;0;0
01/10/2026;06:01:26;2026;0600120-82.2026.6.07.0000;07/08/2026;#NULO#;DF;2;DF;3;07/08/2026;S;Por sorteio;223256;ANDRÉ MENDONÇA;14;Ministro;11549;REspEl;RECURSO ESPECIAL ELEITORAL;11679;Propaganda Política - Propaganda Eleitoral - Internet;1;1;14/09/2026;Decisão;https://consultaunificadapje.tse.jus.br/#/public/resultado/0600120-82.2026.6.07.0000;11679 | 12637 | 12638 | 60022;Propaganda Política - Propaganda Eleitoral - Impulsionamento | Propaganda Política - Propaganda Eleitoral - Internet | Propaganda Política - Propaganda Eleitoral - Redes Sociais | Representação;RECORRENTE: FEDERAÇÃO UNIÃO PROGRESSISTA - NACIONAL | RECORRENTE: FEDERAÇÃO UNIÃO PROGRESSISTA - REGIONAL / DF;RECORRIDO: RICARDO GARCIA CAPPELLI;REPRESENTANTE: Procuradoria Regional Eleitoral | TERCEIRO INTERESSADO: Ministério Público Eleitoral DF;1;2026-09-14;2026-09-14;1;0;1
01/10/2026;06:01:26;2026;0600121-12.2026.6.27.0000;13/07/2026;09/09/2026;TO;2;DF;3;13/07/2026;S;Por sorteio;202679;NUNES MARQUES;78;Ministro;1298;PA;PROCESSO ADMINISTRATIVO;11573;Requisição de Força Federal;1;1;28/08/2026;Acórdão;https://consultaunificadapje.tse.jus.br/#/public/resultado/0600121-12.2026.6.27.0000;11573;Requisição de Força Federal;INTERESSADO: TRIBUNAL REGIONAL ELEITORAL DE TOCANTINS | LITISCONSORTE: JUÍZO DA 032ª ZONA ELEITORAL DE GOIATINS TO | REPRESENTANTE: Procuradoria 32ª Zona Eleitoral;;TERCEIRO INTERESSADO: INFOX TECNOLOGIA DA INFORMACAO LTDA;1;2026-08-28;2026-08-28;0;0;0
01/10/2026;06:01:26;2026;0600122-94.2026.6.27.0000;13/07/2026;09/09/2026;TO;2;DF;3;13/07/2026;S;Por sorteio;202679;NUNES MARQUES;78;Ministro;1298;PA;PROCESSO ADMINISTRATIVO;11573;Requisição de Força Federal;1;1;28/08/2026;Acórdão;https://consultaunificadapje.tse.jus.br/#/public/resultado/0600122-94.2026.6.27.0000;11573;Requisição de Força Federal;INTERESSADO: TRIBUNAL REGIONAL ELEITORAL DE TOCANTINS | LITISCONSORTE: JUÍZO DA 033ª ZONA ELEITORAL DE ITACAJÁ TO | REPRESENTANTE: Procuradoria 33ª Zona Eleitoral;;TERCEIRO INTERESSADO: INFOX TECNOLOGIA DA INFORMACAO LTDA;1;2026-08-28;2026-08-28;0;0;0
01/10/2026;06:01:26;2026;0600123-79.2026.6.27.0000;13/07/2026;09/09/2026;TO;2;DF;3;13/07/2026;S;Por sorteio;202679;NUNES MARQUES;78;Ministro;1298;PA;PROCESSO ADMINISTRATIVO;11573;Requisição de Força Federal;1;1;28/08/2026;Acórdão;https://consultaunificadapje.tse.jus.br/#/public/resultado/0600123-79.2026.6.27.0000;11573;Requisição de Força Federal;INTERESSADO: JUÍZO DA 034ª ZONA ELEITORAL DE ARAGUAÍNA TO | INTERESSADO: TRIBUNAL REGIONAL ELEITORAL DE TOCANTINS | REPRESENTANTE: Procuradoria 34ª Zona Eleitoral;;TERCEIRO INTERESSADO: INFOX TECNOLOGIA DA INFORMACAO LTDA;1;2026-08-28;2026-08-28;0;0;0
01/10/2026;06:01:26;2026;0600124-22.2026.6.07.0000;03/08/2026;#NULO#;DF;2;DF;3;29/09/2026;S;Por sorteio;349772;SEBASTIÃO REIS JUNIOR;11;Ministro;11549;REspEl;RECURSO ESPECIAL ELEITORAL;11679;Propaganda Política - Propaganda Eleitoral - Internet;1;1;14/09/2026;Decisão;https://consultaunificadapje.tse.jus.br/#/public/resultado/0600124-22.2026.6.07.0000;11679 | 12637 | 12638 | 60022;Propaganda Política - Propaganda Eleitoral - Impulsionamento | Propaganda Política - Propaganda Eleitoral - Internet | Propaganda Política - Propaganda Eleitoral - Redes Sociais | Representação;RECORRENTE: FEDERAÇÃO UNIÃO PROGRESSISTA - NACIONAL | RECORRENTE: FEDERAÇÃO UNIÃO PROGRESSISTA - REGIONAL / DF;RECORRIDO: RICARDO GARCIA CAPPELLI;REPRESENTANTE: Procuradoria Regional Eleitoral | TERCEIRO INTERESSADO: Ministério Público Eleitoral DF;1;2026-09-14;2026-09-14;1;0;1
01/10/2026;06:01:26;2026;0600135-50.2026.6.25.0000;13/09/2026;#NULO#;SE;2;DF;3;13/09/2026;S;Por sorteio;233218;FLORIANO DE AZEVEDO MARQUES;13;Ministro;11549;REspEl;RECURSO ESPECIAL ELEITORAL;11667;Propaganda Política - Propaganda Eleitoral - Extemporânea/Antecipada;1;1;24/09/2026;Decisão;https://consultaunificadapje.tse.jus.br/#/public/resultado/0600135-50.2026.6.25.0000;11667 | 60022;Propaganda Política - Propaganda Eleitoral - Extemporânea/Antecipada | Representação;RECORRENTE: FABRICIO FIGUEREDO SANTOS;RECORRIDA: FEDERAÇÃO BRASIL DA ESPERANÇA (FE BRASIL) - ESTADUAL / SE | SOCIEDADE: EDUARDO RIBEIRO ADVOCACIA;TERCEIRO INTERESSADO: FACEBOOK SERVIÇOS ONLINE DO BRASIL LTDA.;1;2026-09-24;2026-09-24;1;0;1
01/10/2026;06:01:26;2026;0600140-78.2026.6.14.0000;11/06/2026;25/08/2026;PA;2;DF;3;11/06/2026;S;Por sorteio;202679;NUNES MARQUES;78;Ministro;1298;PA;PROCESSO ADMINISTRATIVO;11563;Afastamento de Magistrado;1;2;05/08/2026;Acórdão;https://consultaunificadapje.tse.jus.br/#/public/resultado/0600140-78.2026.6.14.0000;11563;Afastamento de Magistrado;INTERESSADO: TRIBUNAL REGIONAL ELEITORAL DO PARA | LITISCONSORTE: TRIBUNAL REGIONAL ELEITORAL DO PARÁ;;REPRESENTANTE: Ministério Público Eleitoral | TERCEIRO INTERESSADO: PROCURADORIA REGIONAL ELEITORAL DO PARÁ;2;2026-07-12;2026-08-05;0;0;0
01/10/2026;06:01:26;2026;0600157-60.2026.6.16.0000;28/04/2026;18/06/2026;PR;2;DF;3;28/04/2026;S;Por sorteio;350140;ESTELA ARANHA;59;Juíz Auxiliar;11541;Rp;REPRESENTAÇÃO;11648;Pesquisa Eleitoral;1;1;14/06/2026;Decisão;https://consultaunificadapje.tse.jus.br/#/public/resultado/0600157-60.2026.6.16.0000;11648 | 11651;Pesquisa Eleitoral | Pesquisa Eleitoral - Registro de Pesquisa Eleitoral;REPRESENTANTE: DEMOCRACIA CRISTÃ (DC) - ESTADUAL;REPRESENTADO: INSTITUTO VERITA LTDA;REPRESENTANTE: MINISTERIO PUBLICO DA UNIAO | TERCEIRO INTERESSADO: PROCURADOR REGIONAL ELEITORAL;1;2026-06-14;2026-06-14;0;0;0
01/10/2026;06:01:26;2026;0600158-34.2026.6.20.0000;20/08/2026;#NULO#;RN;2;DF;3;29/09/2026;S;Por sorteio;349772;SEBASTIÃO REIS JUNIOR;11;Ministro;12626;AREspE;AGRAVO EM RECURSO ESPECIAL ELEITORAL;11667;Propaganda Política - Propaganda Eleitoral - Extemporânea/Antecipada;1;1;30/09/2026;Decisão;https://consultaunificadapje.tse.jus.br/#/public/resultado/0600158-34.2026.6.20.0000;11667 | 60022;Propaganda Política - Propaganda Eleitoral - Extemporânea/Antecipada | Representação;AGRAVANTE: ALVARO COSTA DIAS | AGRAVANTE: ANTEOMAR PEREIRA DA SILVA;AGRAVADO: REPUBLICANOS (REPUBLICANOS) - ESTADUAL;REPRESENTANTE: Procuradoria Regional Eleitoral | TERCEIRO INTERESSADO: PROCURADORIA REGIONAL ELEITORAL / RN;1;2026-09-30;2026-09-30;1;0;1
01/10/2026;06:01:26;2026;0600158-84.2025.6.23.0000;06/03/2026;13/05/2026;RR;2;DF;3;06/03/2026;S;Por sorteio;202679;NUNES MARQUES;3;Ministro;11549;REspEl;RECURSO ESPECIAL ELEITORAL;11667;Propaganda Política - Propaganda Eleitoral - Extemporânea/Antecipada;1;1;04/05/2026;Decisão;https://consultaunificadapje.tse.jus.br/#/public/resultado/0600158-84.2025.6.23.0000;11667 | 60022;Propaganda Política - Propaganda Eleitoral - Extemporânea/Antecipada | Representação;RECORRENTE: MOVIMENTO DEMOCRATICO BRASILEIRO (MDB) - ESTADUAL;RECORRIDO: EDILSON DAMIAO LIMA;REPRESENTANTE: MINISTERIO PUBLICO DA UNIAO - RORAIMA | TERCEIRO INTERESSADO: Procurador Regional Eleitoral RR;1;2026-05-04;2026-05-04;1;0;1
01/10/2026;06:01:26;2026;0600162-12.2026.6.15.0000;15/07/2026;10/09/2026;PB;2;DF;3;15/07/2026;S;Por sorteio;202679;NUNES MARQUES;78;Ministro;1298;PA;PROCESSO ADMINISTRATIVO;11563;Afastamento de Magistrado;1;2;31/08/2026;Acórdão;https://consultaunificadapje.tse.jus.br/#/public/resultado/0600162-12.2026.6.15.0000;11563;Afastamento de Magistrado;INTERESSADO: TRIBUNAL REGIONAL ELEITORAL DA PARAIBA;INTERESSADO: JOAO BENEDITO DA SILVA | INTERESSADO: KEOPS DE VASCONCELOS AMARAL VIEIRA PIRES | INTERESSADO: MARCIO MURILO DA CUNHA RAMOS | INTERESSADO: RODRIGO MARQUES SILVA LIMA;REPRESENTANTE: MINISTERIO PUBLICO DO ESTADO DA PARAIBA | TERCEIRO INTERESSADO: Procurador Regional Eleitoral PB;2;2026-07-28;2026-08-31;0;0;0
01/10/2026;06:01:26;2026;0600164-63.2026.6.12.0000;18/06/2026;06/08/2026;MS;2;DF;3;18/06/2026;S;Por sorteio;202679;NUNES MARQUES;60;Juíz Auxiliar;11541;Rp;REPRESENTAÇÃO;11667;Propaganda Política - Propaganda Eleitoral - Extemporânea/Antecipada;1;1;28/07/2026;Decisão;https://consultaunificadapje.tse.jus.br/#/public/resultado/0600164-63.2026.6.12.0000;11667;Propaganda Política - Propaganda Eleitoral - Extemporânea/Antecipada;REPRESENTANTE: FEDERAÇÃO BRASIL DA ESPERANÇA (FE BRASIL) - NACIONAL | REPRESENTANTE: PARTIDO DOS TRABALHADORES (PT) - ESTADUAL;REPRESENTADO: RODOLFO OLIVEIRA NOGUEIRA;REPRESENTANTE: Procuradoria Regional Eleitoral | TERCEIRO INTERESSADO: PROCURADORIA DA REPUBLICA NO MATO GROSSO DO SUL;1;2026-07-28;2026-07-28;1;0;1
01/10/2026;06:01:26;2026;0600166-19.2025.6.03.0000;02/06/2026;14/09/2026;AP;2;DF;3;02/06/2026;S;Por sorteio;233218;FLORIANO DE AZEVEDO MARQUES;13;Ministro;12626;AREspE;AGRAVO EM RECURSO ESPECIAL ELEITORAL;11667;Propaganda Política - Propaganda Eleitoral - Extemporânea/Antecipada;1;1;10/09/2026;Decisão;https://consultaunificadapje.tse.jus.br/#/public/resultado/0600166-19.2025.6.03.0000;11667 | 60022;Propaganda Política - Propaganda Eleitoral - Extemporânea/Antecipada | Representação;AGRAVANTE: FEDERAÇÃO PSOL REDE - MACAPÁ / AP;AGRAVADO: FACEBOOK SERVIÇOS ONLINE DO BRASIL LTDA. | AGRAVADO: KARLYSON DA SILVA REBOLCA;REPRESENTANTE: MINISTERIO PUBLICO DA UNIAO | TERCEIRO INTERESSADO: MINISTÉRIO PÚBLICO ELEITORAL;1;2026-09-10;2026-09-10;1;0;1
01/10/2026;06:01:26;2026;0600169-91.2026.6.01.0000;13/08/2026;09/09/2026;AC;2;DF;3;13/08/2026;S;Por sorteio;202679;NUNES MARQUES;78;Ministro;1298;PA;PROCESSO ADMINISTRATIVO;11573;Requisição de Força Federal;1;1;28/08/2026;Acórdão;https://consultaunificadapje.tse.jus.br/#/public/resultado/0600169-91.2026.6.01.0000;11573;Requisição de Força Federal;INTERESSADO: TRIBUNAL REGIONAL ELEITORAL DO ACRE | REPRESENTANTE: Presidência do Tribunal;;REPRESENTANTE: MINISTERIO PUBLICO DA UNIAO | TERCEIRO INTERESSADO: Procuradoria Regional Eleitoral do Acre;1;2026-08-28;2026-08-28;0;0;0
01/10/2026;06:01:26;2026;0600170-56.2025.6.03.0000;27/07/2026;#NULO#;AP;2;DF;3;27/07/2026;S;Por sorteio;285510;ANTONIO CARLOS FERREIRA;11;Ministro;12626;AREspE;AGRAVO EM RECURSO ESPECIAL ELEITORAL;11667;Propaganda Política - Propaganda Eleitoral - Extemporânea/Antecipada;1;1;30/09/2026;Acórdão;https://consultaunificadapje.tse.jus.br/#/public/resultado/0600170-56.2025.6.03.0000;11667 | 60022;Propaganda Política - Propaganda Eleitoral - Extemporânea/Antecipada | Representação;AGRAVANTE: FEDERAÇÃO PSOL REDE (PSOL/REDE) - MACAPÁ - AP | AGRAVANTE: FEDERAÇÃO PSOL REDE - MACAPÁ / AP;AGRAVADO: FACEBOOK SERVIÇOS ONLINE DO BRASIL LTDA. | AGRAVADO: KARLYSON DA SILVA REBOLCA;REPRESENTANTE: MINISTERIO PUBLICO DA UNIAO | TERCEIRO INTERESSADO: MINISTÉRIO PÚBLICO ELEITORAL;1;2026-09-30;2026-09-30;1;0;1
01/10/2026;06:01:26;2026;0600173-19.2026.6.23.0000;14/09/2026;#NULO#;RR;2;DF;3;15/09/2026;S;Por sorteio;301846;RICARDO VILLAS BÔAS CUEVA;4;Ministro;11550;RO-El;RECURSO ORDINÁRIO ELEITORAL;11778;Requerimento;1;1;17/09/2026;Decisão;https://consultaunificadapje.tse.jus.br/#/public/resultado/0600173-19.2026.6.23.0000;11600 | 11618 | 11778;Inelegibilidade - Desincompatibilização | Registro de Candidatura - RRC - Candidato | Requerimento;RECORRENTE: Ministério Público Eleitoral;RECORRIDO: EDILSON DAMIAO LIMA;REPRESENTANTE: MINISTERIO PUBLICO DA UNIAO - RORAIMA | TERCEIRO INTERESSADO: Procurador Regional Eleitoral RR;1;2026-09-17;2026-09-17;0;0;0
01/10/2026;06:01:26;2026;0600181-74.2025.6.07.0000;06/08/2025;13/10/2025;DF;2;DF;3;06/08/2025;S;Por sorteio;202679;NUNES MARQUES;3;Ministro;241;PetCiv;PETIÇÃO CÍVEL;11634;Cargo - Presidente da República;1;1;03/10/2025;Decisão;https://consultaunificadapje.tse.jus.br/#/public/resultado/0600181-74.2025.6.07.0000;11634 | 11667 | 11720 | 11721 | 12063;Abuso - Uso Indevido de Meio de Comunicação Social | Captação Ilícita de Sufrágio | Cargo - Presidente da República | Conduta Vedada ao Agente Público | Propaganda Política - Propaganda Eleitoral - Extemporânea/Antecipada;;REQUERIDO: LUIZ INACIO LULA DA SILVA | TERCEIRO INTERESSADO: LUIS INACIO DA SILVA;REPRESENTANTE: Procuradoria Regional Eleitoral | TERCEIRO INTERESSADO: Ministério Público Eleitoral DF;1;2025-10-03;2025-10-03;1;0;1
01/10/2026;06:01:26;2026;0600183-05.2026.6.00.0000;10/02/2026;#NULO#;DF;3;DF;3;10/02/2026;S;Por sorteio;350140;ESTELA ARANHA;59;Juíz Auxiliar;11541;Rp;REPRESENTAÇÃO;11667;Propaganda Política - Propaganda Eleitoral - Extemporânea/Antecipada;0;5;02/09/2026;Despacho;https://consultaunificadapje.tse.jus.br/#/public/resultado/0600183-05.2026.6.00.0000;11667;Propaganda Política - Propaganda Eleitoral - Extemporânea/Antecipada;REPRESENTANTE: PARTIDO NOVO (NOVO) - NACIONAL;REPRESENTADA: GREMIO RECREATIVO ESCOLA DE SAMBA ACADEMICOS DE NITEROI | REPRESENTADO: LUIZ INACIO LULA DA SILVA | REPRESENTADO: PARTIDO DOS TRABALHADORES (PT) - NACIONAL;;1;2026-06-14;2026-06-14;1;0;1
01/10/2026;06:01:26;2026;0600187-95.2026.6.16.0000;11/07/2026;#NULO#;PR;2;DF;3;11/07/2026;S;Por sorteio;223256;ANDRÉ MENDONÇA;14;Ministro;12626;AREspE;AGRAVO EM RECURSO ESPECIAL ELEITORAL;11667;Propaganda Política - Propaganda Eleitoral - Extemporânea/Antecipada;1;1;28/09/2026;Decisão;https://consultaunificadapje.tse.jus.br/#/public/resultado/0600187-95.2026.6.16.0000;11667 | 60022;Propaganda Política - Propaganda Eleitoral - Extemporânea/Antecipada | Representação;AGRAVANTE: PARTIDO LIBERAL (PL) - ESTADUAL;AGRAVADA: EDITORA JORNAL DO ONIBUS LTDA;REPRESENTANTE: MINISTERIO PUBLICO DA UNIAO | TERCEIRO INTERESSADO: PROCURADOR REGIONAL ELEITORAL;1;2026-09-28;2026-09-28;1;0;1
01/10/2026;06:01:26;2026;0600196-57.2026.6.16.0000;10/08/2026;29/09/2026;PR;2;DF;3;10/08/2026;S;Por sorteio;223256;ANDRÉ MENDONÇA;14;Ministro;12626;AREspE;AGRAVO EM RECURSO ESPECIAL ELEITORAL;11667;Propaganda Política - Propaganda Eleitoral - Extemporânea/Antecipada;1;1;25/09/2026;Decisão;https://consultaunificadapje.tse.jus.br/#/public/resultado/0600196-57.2026.6.16.0000;11667 | 60022;Propaganda Política - Propaganda Eleitoral - Extemporânea/Antecipada | Representação;AGRAVANTE: PARTIDO NOVO (NOVO) - ESTADUAL | SOCIEDADE: LEANDRO ROSA ADVOGADOS ASSOCIADOS;AGRAVADA: GLEISI HELENA HOFFMANN;REPRESENTANTE: MINISTERIO PUBLICO DA UNIAO | TERCEIRO INTERESSADO: PROCURADOR REGIONAL ELEITORAL;1;2026-09-25;2026-09-25;1;0;1
01/10/2026;06:01:26;2026;0600219-03.2026.6.16.0000;14/08/2026;27/09/2026;PR;2;DF;3;14/08/2026;S;Por sorteio;6276;DIAS TOFFOLI;3;Ministro;12626;AREspE;AGRAVO EM RECURSO ESPECIAL ELEITORAL;11667;Propaganda Política - Propaganda Eleitoral - Extemporânea/Antecipada;1;1;22/09/2026;Decisão;https://consultaunificadapje.tse.jus.br/#/public/resultado/0600219-03.2026.6.16.0000;11667 | 60022;Propaganda Política - Propaganda Eleitoral - Extemporânea/Antecipada | Representação;AGRAVANTE: PARTIDO NOVO (NOVO) - ESTADUAL | SOCIEDADE: LEANDRO ROSA ADVOGADOS ASSOCIADOS;AGRAVADA: GLEISI HELENA HOFFMANN;REPRESENTANTE: MINISTERIO PUBLICO DA UNIAO | TERCEIRO INTERESSADO: PROCURADOR REGIONAL ELEITORAL;1;2026-09-22;2026-09-22;1;0;1
01/10/2026;06:01:26;2026;0600224-25.2026.6.16.0000;08/08/2026;27/09/2026;PR;2;DF;3;08/08/2026;S;Por sorteio;223256;ANDRÉ MENDONÇA;14;Ministro;12626;AREspE;AGRAVO EM RECURSO ESPECIAL ELEITORAL;11667;Propaganda Política - Propaganda Eleitoral - Extemporânea/Antecipada;1;1;23/09/2026;Decisão;https://consultaunificadapje.tse.jus.br/#/public/resultado/0600224-25.2026.6.16.0000;11667 | 60022;Propaganda Política - Propaganda Eleitoral - Extemporânea/Antecipada | Representação;AGRAVANTE: PARTIDO NOVO (NOVO) - ESTADUAL | SOCIEDADE: LEANDRO ROSA ADVOGADOS ASSOCIADOS;AGRAVADA: EDITORA 247 LTDA.;REPRESENTANTE: MINISTERIO PUBLICO DA UNIAO | TERCEIRO INTERESSADO: PROCURADOR REGIONAL ELEITORAL;1;2026-09-23;2026-09-23;1;0;1
01/10/2026;06:01:26;2026;0600229-69.2026.6.08.0000;30/08/2026;#NULO#;ES;2;DF;3;30/08/2026;S;Por sorteio;223256;ANDRÉ MENDONÇA;14;Ministro;11549;REspEl;RECURSO ESPECIAL ELEITORAL;11616;Impugnação ao Registro de Candidatura;1;1;03/09/2026;Decisão;https://consultaunificadapje.tse.jus.br/#/public/resultado/0600229-69.2026.6.08.0000;11589 | 11616 | 11630;Cargo - Deputado Estadual | Condição de Elegibilidade - Filiação Partidária | Impugnação ao Registro de Candidatura;RECORRENTE: JUVENAL DA SILVA BELO | RECORRENTE: MINISTERIO PUBLICO DA UNIAO | RECORRENTE: PARTIDO NOVO (NOVO) - ESTADUAL | SOCIEDADE: MONTEIRO E MONTEIRO ADVOGADOS ASSOCIADOS;RECORRIDO: Ministério Público Eleitoral;;1;2026-09-03;2026-09-03;0;0;0
01/10/2026;06:01:26;2026;0600233-64.2025.6.18.0000;15/04/2026;19/06/2026;PI;2;DF;3;15/04/2026;S;Por sorteio;233218;FLORIANO DE AZEVEDO MARQUES;13;Ministro;12626;AREspE;AGRAVO EM RECURSO ESPECIAL ELEITORAL;11649;Pesquisa Eleitoral - Divulgação de Pesquisa Eleitoral Fraudulenta;1;1;12/06/2026;Decisão;https://consultaunificadapje.tse.jus.br/#/public/resultado/0600233-64.2025.6.18.0000;11649 | 11778;Pesquisa Eleitoral - Divulgação de Pesquisa Eleitoral Fraudulenta | Requerimento;AGRAVANTE: PROGRESSISTAS (PP) - ESTADUAL;AGRAVADO: INSTITUTO PIAUIENSE DE OPINIAO PUBLICA LTDA - EPP;REPRESENTANTE: Procuradoria Regional Eleitoral do Piauí | TERCEIRO INTERESSADO: MINISTERIO PUBLICO DA UNIAO;1;2026-06-12;2026-06-12;0;0;0
01/10/2026;06:01:26;2026;0600249-43.2026.6.23.0000;17/09/2026;#NULO#;RR;2;DF;3;17/09/2026;S;Por sorteio;301846;RICARDO VILLAS BÔAS CUEVA;4;Ministro;11549;REspEl;RECURSO ESPECIAL ELEITORAL;11618;Registro de Candidatura - RRC - Candidato;1;1;22/09/2026;Decisão;https://consultaunificadapje.tse.jus.br/#/public/resultado/0600249-43.2026.6.23.0000;11618 | 11631;Cargo - Deputado Federal | Registro de Candidatura - RRC - Candidato;RECORRENTE: PARTIDO LIBERAL (PL) - ESTADUAL | SOCIEDADE: MENDES DE ALMEIDA SOCIEDADE INDIVIDUAL DE ADVOCACIA;RECORRIDO: EMMANUEL DE OLIVEIRA NOVAES;REPRESENTANTE: MINISTERIO PUBLICO DA UNIAO - RORAIMA | TERCEIRO INTERESSADO: Procurador Regional Eleitoral RR;1;2026-09-22;2026-09-22;0;0;0
01/10/2026;06:01:26;2026;0600251-13.2026.6.23.0000;01/09/2026;#NULO#;RR;2;DF;3;01/09/2026;S;Por sorteio;285510;ANTONIO CARLOS FERREIRA;11;Ministro;11550;RO-El;RECURSO ORDINÁRIO ELEITORAL;12395;Inelegibilidade - Aposentadoria Compulsória ou PAD (magistrados e membros do MP);1;1;30/09/2026;Acórdão;https://consultaunificadapje.tse.jus.br/#/public/resultado/0600251-13.2026.6.23.0000;11616 | 11631 | 12395;Cargo - Deputado Federal | Impugnação ao Registro de Candidatura | Inelegibilidade - Aposentadoria Compulsória ou PAD (magistrados e membros do MP);RECORRENTE: PARTIDO VERDE (PV) - ESTADUAL | SOCIEDADE: LADISLAU & ADVOGADOS ASSOCIADOS S/S;RECORRIDO: HELDER GIRAO BARRETO | RECORRIDO: PARTIDO LIBERAL (PL) - ESTADUAL | SOCIEDADE: MAISE ADVOCACIA;REPRESENTANTE: MINISTERIO PUBLICO DA UNIAO - RORAIMA | TERCEIRO INTERESSADO: Procurador Regional Eleitoral RR;1;2026-09-30;2026-09-30;0;0;0
01/10/2026;06:01:26;2026;0600257-20.2026.6.23.0000;15/09/2026;#NULO#;RR;2;DF;3;15/09/2026;S;Por sorteio;301846;RICARDO VILLAS BÔAS CUEVA;4;Ministro;11549;REspEl;RECURSO ESPECIAL ELEITORAL;11637;Cargo - Senador;1;2;28/09/2026;Acórdão;https://consultaunificadapje.tse.jus.br/#/public/resultado/0600257-20.2026.6.23.0000;11613 | 11618 | 11637;Cargo - Senador | Nome do Candidato - Variação Nominal | Registro de Candidatura - RRC - Candidato;RECORRENTE: HELIO FERNANDO BARBOSA LOPES;;REPRESENTANTE: MINISTERIO PUBLICO DA UNIAO - RORAIMA | TERCEIRO INTERESSADO: Procurador Regional Eleitoral RR;2;2026-09-16;2026-09-28;0;0;0
01/10/2026;06:01:26;2026;0600259-98.2026.6.19.0000;26/08/2026;26/09/2026;RJ;2;DF;3;26/08/2026;S;Por sorteio;285510;ANTONIO CARLOS FERREIRA;11;Ministro;1347;RMS;RECURSO EM MANDADO DE SEGURANÇA;60018;Mandado de Segurança;1;2;19/09/2026;Decisão;https://consultaunificadapje.tse.jus.br/#/public/resultado/0600259-98.2026.6.19.0000;11778 | 60018;Mandado de Segurança | Requerimento;RECORRENTE: SINDICATO TRABALHADORES EMPR PROPRIAS CONT IND TRANSP PETROLEO GAS MAT PRIMAS DERIV PETROQ AFINS ENERG BIOMAS OUTR RENOV COMBUS ALTERN NO EST RJ;AGRAVADO: Presidente do Tribunal Regional Eleitoral do Rio de Janeiro;REPRESENTANTE: Procuradoria Regional Eleitoral no Rio de Janeiro | TERCEIRO INTERESSADO: Procuradoria Regional Eleitoral1.;2;2026-08-28;2026-09-19;0;0;0
01/10/2026;06:01:26;2026;0600260-62.2026.6.09.0000;22/07/2026;#NULO#;GO;2;DF;3;22/07/2026;S;Por sorteio;285510;ANTONIO CARLOS FERREIRA;11;Ministro;12626;AREspE;AGRAVO EM RECURSO ESPECIAL ELEITORAL;11667;Propaganda Política - Propaganda Eleitoral - Extemporânea/Antecipada;1;1;30/09/2026;Acórdão;https://consultaunificadapje.tse.jus.br/#/public/resultado/0600260-62.2026.6.09.0000;11667 | 60022;Propaganda Política - Propaganda Eleitoral - Extemporânea/Antecipada | Representação;AGRAVANTE: FEDERAÇÃO PSDB CIDADANIA - ESTADUAL / GO | AGRAVANTE: FEDERAÇÃO PSDB/CIDADANIA - ESTADUAL - GOIAS;AGRAVADO: DANIEL ELIAS CARVALHO VILELA | AGRAVADO: TELEVISAO GOYA LTDA;REPRESENTANTE: MINISTERIO PUBLICO DA UNIAO | TERCEIRO INTERESSADO: Procurador Regional Eleitoral de Goiás;1;2026-09-30;2026-09-30;1;0;1
01/10/2026;06:01:26;2026;0600265-48.2025.6.08.0000;15/04/2026;22/05/2026;ES;2;DF;3;15/04/2026;S;Por sorteio;223256;ANDRÉ MENDONÇA;14;Ministro;12626;AREspE;AGRAVO EM RECURSO ESPECIAL ELEITORAL;11667;Propaganda Política - Propaganda Eleitoral - Extemporânea/Antecipada;1;1;18/05/2026;Decisão;https://consultaunificadapje.tse.jus.br/#/public/resultado/0600265-48.2025.6.08.0000;11667 | 11681 | 60022;Propaganda Política - Propaganda Eleitoral - Extemporânea/Antecipada | Propaganda Política - Propaganda Eleitoral - Outdoors | Representação;AGRAVANTE: Ministério Público Eleitoral | AGRAVANTE: Procuradoria Regional Eleitoral - ES | REPRESENTANTE: MINISTERIO PUBLICO DA UNIAO;AGRAVADO: ANDERSON GOGGI RODRIGUES | AGRAVADO: JOSE EUSTAQUIO DE FREITAS | AGRAVADO: JOSE RENATO CASAGRANDE | AGRAVADO: LORENZO SILVA DE PAZOLINI;;1;2026-05-18;2026-05-18;1;0;1
01/10/2026;06:01:26;2026;0600269-61.2026.6.22.0000;15/09/2026;28/09/2026;RO;2;DF;3;15/09/2026;S;Por sorteio;285510;ANTONIO CARLOS FERREIRA;11;Ministro;11549;REspEl;RECURSO ESPECIAL ELEITORAL;11618;Registro de Candidatura - RRC - Candidato;1;1;23/09/2026;Decisão;https://consultaunificadapje.tse.jus.br/#/public/resultado/0600269-61.2026.6.22.0000;11618 | 11630;Cargo - Deputado Estadual | Registro de Candidatura - RRC - Candidato;RECORRENTE: Ministério Público Eleitoral;RECORRIDA: RAYANE ALMEIDA DOS SANTOS VALENTE | RECORRIDO: PARTIDO NOVO DIRETORIO ESTADUAL RO | SOCIEDADE: MONTEIRO E MONTEIRO ADVOGADOS ASSOCIADOS;TERCEIRO INTERESSADO: Procuradoria Regional Eleitoral de Rondônia;1;2026-09-23;2026-09-23;0;0;0
01/10/2026;06:01:26;2026;0600288-79.2026.6.00.0000;19/02/2026;#NULO#;DF;3;DF;3;19/02/2026;S;Por sorteio;285510;ANTONIO CARLOS FERREIRA;42;Ministro;193;PAP;PRODUÇÃO ANTECIPADA DA PROVA;11736;Cautelar Inominada - De Produção Antecipada de Provas;0;3;19/06/2026;Despacho;https://consultaunificadapje.tse.jus.br/#/public/resultado/0600288-79.2026.6.00.0000;11634 | 11718 | 11719 | 11736;Abuso - De Poder Econômico | Abuso - De Poder Político/Autoridade | Cargo - Presidente da República | Cautelar Inominada - De Produção Antecipada de Provas;REQUERENTE: PARTIDO LIBERAL (PL) - NACIONAL;REQUERIDO: LUIZ INACIO LULA DA SILVA;;1;2026-03-19;2026-03-19;0;0;0
01/10/2026;06:01:26;2026;0600289-64.2026.6.00.0000;19/02/2026;18/06/2026;DF;3;DF;3;19/02/2026;S;Por sorteio;350140;ESTELA ARANHA;59;Juíz Auxiliar;11541;Rp;REPRESENTAÇÃO;11667;Propaganda Política - Propaganda Eleitoral - Extemporânea/Antecipada;0;1;14/06/2026;Decisão;https://consultaunificadapje.tse.jus.br/#/public/resultado/0600289-64.2026.6.00.0000;11667;Propaganda Política - Propaganda Eleitoral - Extemporânea/Antecipada;REPRESENTANTE: PARTIDO SOCIALISMO E LIBERDADE (PSOL) - ESTADUAL;REPRESENTADO: FABIO NOBREGA LOPES | REPRESENTADO: FLAVIO NANTES BOLSONARO;;1;2026-06-14;2026-06-14;1;0;1
01/10/2026;06:01:26;2026;0600294-74.2026.6.22.0000;08/09/2026;18/09/2026;RO;2;DF;3;08/09/2026;S;Por sorteio;223256;ANDRÉ MENDONÇA;14;Ministro;11550;RO-El;RECURSO ORDINÁRIO ELEITORAL;11618;Registro de Candidatura - RRC - Candidato;1;1;14/09/2026;Decisão;https://consultaunificadapje.tse.jus.br/#/public/resultado/0600294-74.2026.6.22.0000;11604 | 11618 | 11630;Cargo - Deputado Estadual | Inelegibilidade - Rejeição de Contas Públicas | Registro de Candidatura - RRC - Candidato;;AGRAVADO: PARTIDO LIBERAL (PL) - ESTADUAL | RECORRIDO: ALAN KUELSON QUEIROZ FEDER;REPRESENTANTE: Ministério Público Eleitoral | TERCEIRO INTERESSADO: Procuradoria Regional Eleitoral de Rondônia;1;2026-09-14;2026-09-14;0;0;0
01/10/2026;06:01:26;2026;0600295-92.2026.6.10.0000;14/09/2026;#NULO#;MA;2;DF;3;14/09/2026;S;Por sorteio;223256;ANDRÉ MENDONÇA;14;Ministro;11550;RO-El;RECURSO ORDINÁRIO ELEITORAL;11630;Cargo - Deputado Estadual;1;1;18/09/2026;Decisão;https://consultaunificadapje.tse.jus.br/#/public/resultado/0600295-92.2026.6.10.0000;11604 | 11616 | 11630 | 15584;Cargo - Deputado Estadual | Impugnação ao Registro de Candidatura | Inelegibilidade - Rejeição de Contas Públicas | Notícia de Inelegibilidade;AGRAVANTE: CAMILE NATASHA NUNES LIMA | AGRAVANTE: REPUBLICANOS (REPUBLICANOS) - ESTADUAL;AGRAVADO: ALUISIO SILVA SOUSA;REPRESENTANTE: MINISTERIO PUBLICO DA UNIAO | TERCEIRO INTERESSADO: PROCURADORIA REGIONAL ELEITORAL;1;2026-09-18;2026-09-18;0;0;0
01/10/2026;06:01:26;2026;0600316-08.2026.6.23.0000;19/09/2026;#NULO#;RR;2;DF;3;29/09/2026;S;Por sorteio;349772;SEBASTIÃO REIS JUNIOR;11;Ministro;11550;RO-El;RECURSO ORDINÁRIO ELEITORAL;11616;Impugnação ao Registro de Candidatura;1;1;30/09/2026;Decisão;https://consultaunificadapje.tse.jus.br/#/public/resultado/0600316-08.2026.6.23.0000;11598 | 11616 | 11630;Cargo - Deputado Estadual | Impugnação ao Registro de Candidatura | Inelegibilidade - Condenação Criminal por órgão colegiado ou Transitada em Julgado;AGRAVANTE: JOAO KLEBER MARTINS DE SIQUEIRA;AGRAVADO: Ministério Público Eleitoral | AGRAVADO: Procurador Regional Eleitoral RR;REPRESENTANTE: MINISTERIO PUBLICO DA UNIAO - RORAIMA;1;2026-09-30;2026-09-30;0;0;0
01/10/2026;06:01:26;2026;0600318-17.2026.6.00.0000;24/02/2026;#NULO#;DF;3;DF;3;24/02/2026;S;Por sorteio;350140;ESTELA ARANHA;59;Juíz Auxiliar;11541;Rp;REPRESENTAÇÃO;11667;Propaganda Política - Propaganda Eleitoral - Extemporânea/Antecipada;0;1;14/06/2026;Decisão;https://consultaunificadapje.tse.jus.br/#/public/resultado/0600318-17.2026.6.00.0000;11667 | 15429;Propaganda Política - Propaganda Eleitoral - Extemporânea/Antecipada | Propaganda Política - Propaganda Eleitoral - Uso de Inteligência Artificial;REPRESENTANTE: FEDERAÇÃO BRASIL DA ESPERANÇA (FE BRASIL) - NACIONAL;REPRESENTADO: GILBERTO GOMES DA SILVA | REPRESENTADO: PARTIDO LIBERAL (PL) - NACIONAL;;1;2026-06-14;2026-06-14;1;0;1
01/10/2026;06:01:26;2026;0600320-84.2026.6.00.0000;24/02/2026;#NULO#;DF;3;DF;3;24/02/2026;S;Por sorteio;350140;ESTELA ARANHA;59;Juíz Auxiliar;11541;Rp;REPRESENTAÇÃO;11667;Propaganda Política - Propaganda Eleitoral - Extemporânea/Antecipada;0;1;14/06/2026;Decisão;https://consultaunificadapje.tse.jus.br/#/public/resultado/0600320-84.2026.6.00.0000;11667;Propaganda Política - Propaganda Eleitoral - Extemporânea/Antecipada;REPRESENTANTE: FEDERAÇÃO BRASIL DA ESPERANÇA (FE BRASIL) - NACIONAL;REPRESENTADO: FLAVIO NANTES BOLSONARO | REPRESENTADO: GILSON MACHADO GUIMARAES | REPRESENTADO: GILSON MACHADO GUIMARAES NETO;;1;2026-06-14;2026-06-14;1;0;1
01/10/2026;06:01:26;2026;0600322-76.2025.6.22.0000;12/08/2026;#NULO#;RO;2;DF;3;12/08/2026;S;Por sorteio;233218;FLORIANO DE AZEVEDO MARQUES;13;Ministro;11550;RO-El;RECURSO ORDINÁRIO ELEITORAL;11778;Requerimento;1;3;19/09/2026;Acórdão;https://consultaunificadapje.tse.jus.br/#/public/resultado/0600322-76.2025.6.22.0000;11605 | 11618 | 11778;Inelegibilidade - Representação ou Ação de Investigação Judicial Eleitoral Jugada Procedente pela Justiça Eleitoral | Registro de Candidatura - RRC - Candidato | Requerimento;RECORRENTE: MARCIO GOMES DE MIRANDA;RECORRIDO: Ministério Público Eleitoral;TERCEIRO INTERESSADO: Procuradoria Regional Eleitoral de Rondônia;1;2026-09-19;2026-09-19;0;0;0
01/10/2026;06:01:26;2026;0600336-96.2026.6.23.0000;09/09/2026;#NULO#;RR;2;DF;3;09/09/2026;S;Por sorteio;301846;RICARDO VILLAS BÔAS CUEVA;4;Ministro;11550;RO-El;RECURSO ORDINÁRIO ELEITORAL;11616;Impugnação ao Registro de Candidatura;1;1;17/09/2026;Decisão;https://consultaunificadapje.tse.jus.br/#/public/resultado/0600336-96.2026.6.23.0000;11600 | 11616 | 11631;Cargo - Deputado Federal | Impugnação ao Registro de Candidatura | Inelegibilidade - Desincompatibilização;RECORRENTE: Ministério Público Eleitoral;RECORRIDO: EDILSON DAMIAO LIMA;REPRESENTANTE: MINISTERIO PUBLICO DA UNIAO - RORAIMA | TERCEIRO INTERESSADO: Procurador Regional Eleitoral RR;1;2026-09-17;2026-09-17;0;0;0
01/10/2026;06:01:26;2026;0600342-33.2026.6.22.0000;21/09/2026;29/09/2026;RO;2;DF;3;21/09/2026;S;Por sorteio;223256;ANDRÉ MENDONÇA;14;Ministro;11549;REspEl;RECURSO ESPECIAL ELEITORAL;11618;Registro de Candidatura - RRC - Candidato;1;1;25/09/2026;Decisão;https://consultaunificadapje.tse.jus.br/#/public/resultado/0600342-33.2026.6.22.0000;11613 | 11618 | 11631;Cargo - Deputado Federal | Nome do Candidato - Variação Nominal | Registro de Candidatura - RRC - Candidato;RECORRENTE: AVANTE DIRETORIO ESTADUAL - RONDONIA | RECORRENTE: JAIR DE FIGUEIREDO MONTE JUNIOR;RECORRIDO: Ministério Público Eleitoral;TERCEIRO INTERESSADO: Procuradoria Regional Eleitoral de Rondônia;1;2026-09-25;2026-09-25;0;0;0
01/10/2026;06:01:26;2026;0600365-07.2026.6.03.0000;06/08/2026;#NULO#;AP;2;DF;3;06/08/2026;S;Por sorteio;202679;NUNES MARQUES;78;Ministro;1298;PA;PROCESSO ADMINISTRATIVO;11563;Afastamento de Magistrado;1;1;28/08/2026;Acórdão;https://consultaunificadapje.tse.jus.br/#/public/resultado/0600365-07.2026.6.03.0000;11563;Afastamento de Magistrado;INTERESSADO: TRIBUNAL REGIONAL ELEITORAL DO AMAPA | LITISCONSORTE: TRIBUNAL REGIONAL ELEITORAL DO AMAPÁ;;REPRESENTANTE: MINISTERIO PUBLICO DA UNIAO | TERCEIRO INTERESSADO: MINISTÉRIO PÚBLICO ELEITORAL;1;2026-08-28;2026-08-28;0;0;0
01/10/2026;06:01:26;2026;0600372-41.2026.6.23.0000;19/09/2026;28/09/2026;RR;2;DF;3;19/09/2026;S;Por sorteio;233218;FLORIANO DE AZEVEDO MARQUES;13;Ministro;11549;REspEl;RECURSO ESPECIAL ELEITORAL;11618;Registro de Candidatura - RRC - Candidato;1;1;24/09/2026;Decisão;https://consultaunificadapje.tse.jus.br/#/public/resultado/0600372-41.2026.6.23.0000;11618 | 11631;Cargo - Deputado Federal | Registro de Candidatura - RRC - Candidato;RECORRENTE: FEDERAÇÃO PSOL REDE - ESTADUAL/RR | RECORRENTE: RONILSON LOPES DOS SANTOS;;REPRESENTANTE: MINISTERIO PUBLICO DA UNIAO - RORAIMA | TERCEIRO INTERESSADO: Procurador Regional Eleitoral RR;1;2026-09-24;2026-09-24;0;0;0
01/10/2026;06:01:26;2026;0600377-52.2026.6.27.0000;20/09/2026;30/09/2026;TO;2;DF;3;20/09/2026;S;Por sorteio;223256;ANDRÉ MENDONÇA;14;Ministro;11550;RO-El;RECURSO ORDINÁRIO ELEITORAL;11600;Inelegibilidade - Desincompatibilização;1;1;25/09/2026;Decisão;https://consultaunificadapje.tse.jus.br/#/public/resultado/0600377-52.2026.6.27.0000;11600 | 11616 | 11631;Cargo - Deputado Federal | Impugnação ao Registro de Candidatura | Inelegibilidade - Desincompatibilização;RECORRENTE: FEDERAÇÃO UNIÃO PROGRESSISTA (44-UNIÃO/11-PP) - TOCANTINS | RECORRENTE: MARCIO ANTONIO BARBOSA DE MENDONCA;RECORRIDO: Ministério Público Eleitoral;TERCEIRO INTERESSADO: INFOX TECNOLOGIA DA INFORMACAO LTDA;1;2026-09-25;2026-09-25;0;0;0
01/10/2026;06:01:26;2026;0600384-28.2026.6.24.0000;12/09/2026;21/09/2026;SC;2;DF;3;12/09/2026;S;Por sorteio;233218;FLORIANO DE AZEVEDO MARQUES;13;Ministro;11549;REspEl;RECURSO ESPECIAL ELEITORAL;11618;Registro de Candidatura - RRC - Candidato;1;1;17/09/2026;Decisão;https://consultaunificadapje.tse.jus.br/#/public/resultado/0600384-28.2026.6.24.0000;11587 | 11618 | 11630;Cargo - Deputado Estadual | Condição de Elegibilidade - Domicílio Eleitoral na Circunscrição | Registro de Candidatura - RRC - Candidato;RECORRENTE: AGATHA ISIS BRUM DA SILVA | RECORRENTE: FEDERAÇÃO PSOL REDE - ESTADUAL / SC | SOCIEDADE: MONGUILHOTT SOCIEDADE INDIVIDUAL DE ADVOCACIA;;REPRESENTANTE: MINISTERIO PUBLICO ELEITORAL DO ESTADO DE SANTA CATARINA | TERCEIRO INTERESSADO: PROCURADORIA REGIONAL ELEITORAL;1;2026-09-17;2026-09-17;0;0;0
01/10/2026;06:01:26;2026;0600386-69.2026.6.07.0000;15/09/2026;#NULO#;DF;2;DF;3;15/09/2026;S;Por sorteio;223256;ANDRÉ MENDONÇA;14;Ministro;11549;REspEl;RECURSO ESPECIAL ELEITORAL;11618;Registro de Candidatura - RRC - Candidato;1;1;23/09/2026;Decisão;https://consultaunificadapje.tse.jus.br/#/public/resultado/0600386-69.2026.6.07.0000;11618 | 11629;Cargo - Deputado Distrital | Registro de Candidatura - RRC - Candidato;RECORRENTE: FEDERAÇÃO RENOVAÇÃO SOLIDÁRIA (25-PRD/77-SOLIDARIEDADE) - DISTRITO FEDERAL | RECORRENTE: LUCIENE PACHECO DANIEL;;REPRESENTANTE: Procuradoria Regional Eleitoral | TERCEIRO INTERESSADO: Ministério Público Eleitoral DF;1;2026-09-23;2026-09-23;0;0;0
01/10/2026;06:01:26;2026;0600387-81.2026.6.06.0000;18/09/2026;27/09/2026;CE;2;DF;3;18/09/2026;S;Por sorteio;223256;ANDRÉ MENDONÇA;14;Ministro;11550;RO-El;RECURSO ORDINÁRIO ELEITORAL;11618;Registro de Candidatura - RRC - Candidato;1;1;23/09/2026;Decisão;https://consultaunificadapje.tse.jus.br/#/public/resultado/0600387-81.2026.6.06.0000;11591 | 11618 | 11630;Cargo - Deputado Estadual | Condição de Elegibilidade - Pleno Exercício dos Direitos Políticos | Registro de Candidatura - RRC - Candidato;RECORRENTE: ABILIO PEDRO PEREIRA GENTIL;;REPRESENTANTE: Procuradoria Regional Eleitoral | TERCEIRO INTERESSADO: PROCURADORIA REGIONAL ELEITORAL DO CEARÁ;1;2026-09-23;2026-09-23;0;0;0
01/10/2026;06:01:26;2026;0600394-29.2026.6.22.0000;11/09/2026;20/09/2026;RO;2;DF;3;11/09/2026;S;Por sorteio;6276;DIAS TOFFOLI;3;Ministro;11550;RO-El;RECURSO ORDINÁRIO ELEITORAL;11604;Inelegibilidade - Rejeição de Contas Públicas;1;1;16/09/2026;Decisão;https://consultaunificadapje.tse.jus.br/#/public/resultado/0600394-29.2026.6.22.0000;11604 | 11618 | 11635 | 11645;Cargo - Primeiro Suplente de Senador | Eleições - Eleição Majoritária | Inelegibilidade - Rejeição de Contas Públicas | Registro de Candidatura - RRC - Candidato;;AGRAVADO: JUNTOS POR RONDONIA [PODE/PL/DC/NOVO/MOBILIZA] - RONDÔNIA | AGRAVADO: SANDRA MARIA BARRETO DE MORAES;REPRESENTANTE: Ministério Público Eleitoral | TERCEIRO INTERESSADO: Procuradoria Regional Eleitoral de Rondônia;1;2026-09-16;2026-09-16;0;0;0
01/10/2026;06:01:26;2026;0600408-56.2026.6.24.0000;14/08/2026;31/08/2026;SC;2;DF;3;14/08/2026;S;Por sorteio;223256;ANDRÉ MENDONÇA;72;Juiz Auxiliar;11541;Rp;REPRESENTAÇÃO;11667;Propaganda Política - Propaganda Eleitoral - Extemporânea/Antecipada;1;1;28/08/2026;Decisão;https://consultaunificadapje.tse.jus.br/#/public/resultado/0600408-56.2026.6.24.0000;11667;Propaganda Política - Propaganda Eleitoral - Extemporânea/Antecipada;REPRESENTANTE: COLIGAÇÃO CORAGEM PARA MUDAR | REPRESENTANTE: COLIGAÇÃO SANTA CATARINA COM LULA E CONTRA O EXTREMISMO | SOCIEDADE: MONGUILHOTT SOCIEDADE INDIVIDUAL DE ADVOCACIA;REPRESENTADO: DANILO VISCONTI;REPRESENTANTE: MINISTERIO PUBLICO ELEITORAL DO ESTADO DE SANTA CATARINA | TERCEIRO INTERESSADO: PROCURADORIA REGIONAL ELEITORAL;1;2026-08-28;2026-08-28;1;0;1
01/10/2026;06:01:26;2026;0600410-48.2026.6.16.0000;16/07/2026;10/09/2026;PR;2;DF;3;16/07/2026;S;Por sorteio;202679;NUNES MARQUES;78;Ministro;1298;PA;PROCESSO ADMINISTRATIVO;11563;Afastamento de Magistrado;1;2;31/08/2026;Acórdão;https://consultaunificadapje.tse.jus.br/#/public/resultado/0600410-48.2026.6.16.0000;11563;Afastamento de Magistrado;INTERESSADO: TRIBUNAL REGIONAL ELEITORAL DO PARANA | LITISCONSORTE: CLAUDIA CRISTINA CRISTOFANI;;REPRESENTANTE: MINISTERIO PUBLICO DA UNIAO | TERCEIRO INTERESSADO: PROCURADOR REGIONAL ELEITORAL;2;2026-07-28;2026-08-31;0;0;0
01/10/2026;06:01:26;2026;0600414-04.2026.6.19.0000;12/09/2026;18/09/2026;RJ;2;DF;3;12/09/2026;S;Por sorteio;223256;ANDRÉ MENDONÇA;14;Ministro;11549;REspEl;RECURSO ESPECIAL ELEITORAL;11618;Registro de Candidatura - RRC - Candidato;1;1;14/09/2026;Decisão;https://consultaunificadapje.tse.jus.br/#/public/resultado/0600414-04.2026.6.19.0000;11613 | 11618 | 11631;Cargo - Deputado Federal | Nome do Candidato - Variação Nominal | Registro de Candidatura - RRC - Candidato;RECORRENTE: JEAN CARLOS DIAS BARBOSA LOPES | RECORRENTE: PARTIDO LIBERAL (PL) - ESTADUAL;;REPRESENTANTE: Procuradoria Regional Eleitoral no Rio de Janeiro | TERCEIRO INTERESSADO: Procuradoria Regional Eleitoral1.;1;2026-09-14;2026-09-14;0;0;0
01/10/2026;06:01:26;2026;0600416-18.2026.6.03.0000;17/09/2026;#NULO#;AP;2;DF;3;17/09/2026;S;Por sorteio;223256;ANDRÉ MENDONÇA;14;Ministro;11550;RO-El;RECURSO ORDINÁRIO ELEITORAL;11616;Impugnação ao Registro de Candidatura;1;1;22/09/2026;Decisão;https://consultaunificadapje.tse.jus.br/#/public/resultado/0600416-18.2026.6.03.0000;11602 | 11616 | 11630;Cargo - Deputado Estadual | Impugnação ao Registro de Candidatura | Inelegibilidade - Parentesco;AGRAVANTE: FEDERAÇÃO UNIÃO PROGRESSISTA (44-UNIÃO/11-PP) - AMAPÁ | AGRAVANTE: RODOLFO SOUSA FOLHA DO VALE | RECORRENTE: COLIGAÇÃO TRABALHAR PARA TRANSFORMAR O AMAPÁ;;REPRESENTANTE: MINISTERIO PUBLICO DA UNIAO | TERCEIRO INTERESSADO: MINISTÉRIO PÚBLICO ELEITORAL;1;2026-09-22;2026-09-22;0;0;0
01/10/2026;06:01:26;2026;0600418-52.2026.6.15.0000;14/09/2026;#NULO#;PB;2;DF;3;14/09/2026;S;Por sorteio;350140;ESTELA ARANHA;7;Ministro;11549;REspEl;RECURSO ESPECIAL ELEITORAL;11616;Impugnação ao Registro de Candidatura;1;1;15/09/2026;Decisão;https://consultaunificadapje.tse.jus.br/#/public/resultado/0600418-52.2026.6.15.0000;11592 | 11616 | 11631;Cargo - Deputado Federal | Condição de Elegibilidade - Quitação Eleitoral | Impugnação ao Registro de Candidatura;RECORRENTE: HEBERT LEVY DE OLIVEIRA;RECORRIDO: INFOX TECNOLOGIA DA INFORMACAO LTDA | RECORRIDO: Ministério Público Eleitoral;REPRESENTANTE: MINISTERIO PUBLICO DO ESTADO DA PARAIBA | TERCEIRO INTERESSADO: Procurador Regional Eleitoral PB;1;2026-09-15;2026-09-15;0;0;0
01/10/2026;06:01:26;2026;0600430-82.2026.6.18.0000;09/09/2026;19/09/2026;PI;2;DF;3;09/09/2026;S;Por sorteio;350140;ESTELA ARANHA;7;Ministro;11550;RO-El;RECURSO ORDINÁRIO ELEITORAL;11618;Registro de Candidatura - RRC - Candidato;1;1;14/09/2026;Decisão;https://consultaunificadapje.tse.jus.br/#/public/resultado/0600430-82.2026.6.18.0000;11600 | 11618 | 11630;Cargo - Deputado Estadual | Inelegibilidade - Desincompatibilização | Registro de Candidatura - RRC - Candidato;AGRAVANTE: PARTIDO SOCIAL DEMOCRÁTICO (PSD) - ESTADUAL | RECORRENTE: TATIANA MARIA MELO GUIMARAES;;REPRESENTANTE: Procuradoria Regional Eleitoral do Piauí | TERCEIRO INTERESSADO: MINISTERIO PUBLICO DA UNIAO;1;2026-09-14;2026-09-14;0;0;0
01/10/2026;06:01:26;2026;0600439-33.2026.6.22.0000;15/09/2026;#NULO#;RO;2;DF;3;15/09/2026;S;Por sorteio;285510;ANTONIO CARLOS FERREIRA;11;Ministro;11549;REspEl;RECURSO ESPECIAL ELEITORAL;11618;Registro de Candidatura - RRC - Candidato;1;1;23/09/2026;Decisão;https://consultaunificadapje.tse.jus.br/#/public/resultado/0600439-33.2026.6.22.0000;11618 | 11630;Cargo - Deputado Estadual | Registro de Candidatura - RRC - Candidato;;RECORRIDO: MOVIMENTO DEMOCRÁTICO BRASILEIRO (MDB) - ESTADUAL | RECORRIDO: RAFAEL VAZ LOPES;REPRESENTANTE: Ministério Público Eleitoral | TERCEIRO INTERESSADO: Procuradoria Regional Eleitoral de Rondônia;1;2026-09-23;2026-09-23;0;0;0
01/10/2026;06:01:26;2026;0600466-86.2026.6.23.0000;20/09/2026;#NULO#;RR;2;DF;3;20/09/2026;S;Por sorteio;349772;SEBASTIÃO REIS JUNIOR;11;Ministro;11549;REspEl;RECURSO ESPECIAL ELEITORAL;11616;Impugnação ao Registro de Candidatura;1;1;23/09/2026;Decisão;https://consultaunificadapje.tse.jus.br/#/public/resultado/0600466-86.2026.6.23.0000;11592 | 11616 | 11630;Cargo - Deputado Estadual | Condição de Elegibilidade - Quitação Eleitoral | Impugnação ao Registro de Candidatura;RECORRENTE: ROGERIO MATOS MOREIRA TRAJANO;RECORRIDO: Ministério Público Eleitoral;REPRESENTANTE: MINISTERIO PUBLICO DA UNIAO - RORAIMA | TERCEIRO INTERESSADO: Procurador Regional Eleitoral RR;1;2026-09-23;2026-09-23;0;0;0
01/10/2026;06:01:26;2026;0600468-95.2026.6.00.0000;16/03/2026;#NULO#;DF;3;DF;3;16/03/2026;S;Por sorteio;350140;ESTELA ARANHA;59;Juíz Auxiliar;11541;Rp;REPRESENTAÇÃO;11667;Propaganda Política - Propaganda Eleitoral - Extemporânea/Antecipada;0;2;14/09/2026;Acórdão;https://consultaunificadapje.tse.jus.br/#/public/resultado/0600468-95.2026.6.00.0000;11667 | 15429;Propaganda Política - Propaganda Eleitoral - Extemporânea/Antecipada | Propaganda Política - Propaganda Eleitoral - Uso de Inteligência Artificial;REPRESENTANTE: FEDERAÇÃO BRASIL DA ESPERANÇA (FE BRASIL) - NACIONAL;REPRESENTADO: CARLOS NANTES BOLSONARO | REPRESENTADO: FLAVIO NANTES BOLSONARO | REPRESENTADO: PARTIDO LIBERAL (PL) - NACIONAL;;2;2026-06-22;2026-09-14;1;0;1
01/10/2026;06:01:26;2026;0600478-95.2026.6.16.0000;13/08/2026;29/09/2026;PR;2;DF;3;13/08/2026;S;Por sorteio;202679;NUNES MARQUES;78;Ministro;1298;PA;PROCESSO ADMINISTRATIVO;11563;Afastamento de Magistrado;1;1;04/09/2026;Acórdão;https://consultaunificadapje.tse.jus.br/#/public/resultado/0600478-95.2026.6.16.0000;11563;Afastamento de Magistrado;INTERESSADO: TRIBUNAL REGIONAL ELEITORAL DO PARANA | LITISCONSORTE: DESA. FEDERAL GISELE LEMKE;;REPRESENTANTE: MINISTERIO PUBLICO DA UNIAO | TERCEIRO INTERESSADO: PROCURADOR REGIONAL ELEITORAL;1;2026-09-04;2026-09-04;0;0;0
01/10/2026;06:01:26;2026;0600482-78.2026.6.18.0000;13/09/2026;#NULO#;PI;2;DF;3;14/09/2026;PP;Por prevenção;285510;ANTONIO CARLOS FERREIRA;11;Ministro;11549;REspEl;RECURSO ESPECIAL ELEITORAL;12044;Registro de Candidatura - DRAP Partido/Coligação;1;1;19/09/2026;Decisão;https://consultaunificadapje.tse.jus.br/#/public/resultado/0600482-78.2026.6.18.0000;11632 | 11645 | 12044;Cargo - Governador | Eleições - Eleição Majoritária | Registro de Candidatura - DRAP Partido/Coligação;RECORRENTE: PARTIDO SOCIALISTA DOS TRABALHADORES UNIFICADO (PSTU) - ESTADUAL;;REPRESENTANTE: Procuradoria Regional Eleitoral do Piauí | TERCEIRO INTERESSADO: MINISTERIO PUBLICO DA UNIAO;1;2026-09-19;2026-09-19;0;0;0
01/10/2026;06:01:26;2026;0600485-33.2026.6.18.0000;13/09/2026;#NULO#;PI;2;DF;3;13/09/2026;S;Por sorteio;285510;ANTONIO CARLOS FERREIRA;11;Ministro;11549;REspEl;RECURSO ESPECIAL ELEITORAL;12044;Registro de Candidatura - DRAP Partido/Coligação;1;1;19/09/2026;Decisão;https://consultaunificadapje.tse.jus.br/#/public/resultado/0600485-33.2026.6.18.0000;11637 | 12044;Cargo - Senador | Registro de Candidatura - DRAP Partido/Coligação;RECORRENTE: PARTIDO SOCIALISTA DOS TRABALHADORES UNIFICADO (PSTU) - ESTADUAL;;REPRESENTANTE: Procuradoria Regional Eleitoral do Piauí | TERCEIRO INTERESSADO: MINISTERIO PUBLICO DA UNIAO;1;2026-09-19;2026-09-19;0;0;0
01/10/2026;06:01:26;2026;0600500-56.2026.6.16.0000;13/08/2026;#NULO#;PR;2;DF;3;13/08/2026;S;Por sorteio;202679;NUNES MARQUES;78;Ministro;1298;PA;PROCESSO ADMINISTRATIVO;11563;Afastamento de Magistrado;1;1;28/08/2026;Acórdão;https://consultaunificadapje.tse.jus.br/#/public/resultado/0600500-56.2026.6.16.0000;11563;Afastamento de Magistrado;INTERESSADO: TRIBUNAL REGIONAL ELEITORAL DO PARANA | LITISCONSORTE: DRA. SANDRA BAUERMANN;;REPRESENTANTE: MINISTERIO PUBLICO DA UNIAO | TERCEIRO INTERESSADO: PROCURADOR REGIONAL ELEITORAL;1;2026-08-28;2026-08-28;0;0;0
01/10/2026;06:01:26;2026;0600503-11.2026.6.16.0000;13/08/2026;22/09/2026;PR;2;DF;3;13/08/2026;S;Por sorteio;202679;NUNES MARQUES;78;Ministro;1298;PA;PROCESSO ADMINISTRATIVO;11563;Afastamento de Magistrado;1;1;01/09/2026;Acórdão;https://consultaunificadapje.tse.jus.br/#/public/resultado/0600503-11.2026.6.16.0000;11563;Afastamento de Magistrado;INTERESSADO: TRIBUNAL REGIONAL ELEITORAL DO PARANA | LITISCONSORTE: DR. OSVALDO CANELA JUNIOR;;REPRESENTANTE: MINISTERIO PUBLICO DA UNIAO | TERCEIRO INTERESSADO: PROCURADOR REGIONAL ELEITORAL;1;2026-09-01;2026-09-01;0;0;0
01/10/2026;06:01:26;2026;0600504-93.2026.6.16.0000;13/08/2026;#NULO#;PR;2;DF;3;13/08/2026;S;Por sorteio;202679;NUNES MARQUES;78;Ministro;1298;PA;PROCESSO ADMINISTRATIVO;11563;Afastamento de Magistrado;1;1;28/08/2026;Acórdão;https://consultaunificadapje.tse.jus.br/#/public/resultado/0600504-93.2026.6.16.0000;11563;Afastamento de Magistrado;INTERESSADO: TRIBUNAL REGIONAL ELEITORAL DO PARANA | LITISCONSORTE: VANESSA JAMUS MARCHI;;REPRESENTANTE: MINISTERIO PUBLICO DA UNIAO | TERCEIRO INTERESSADO: PROCURADOR REGIONAL ELEITORAL;1;2026-08-28;2026-08-28;0;0;0
01/10/2026;06:01:26;2026;0600505-30.2026.6.07.0000;18/09/2026;#NULO#;DF;2;DF;3;29/09/2026;S;Por sorteio;349772;SEBASTIÃO REIS JUNIOR;11;Ministro;11550;RO-El;RECURSO ORDINÁRIO ELEITORAL;12044;Registro de Candidatura - DRAP Partido/Coligação;1;1;21/09/2026;Decisão;https://consultaunificadapje.tse.jus.br/#/public/resultado/0600505-30.2026.6.07.0000;11631 | 12044 | 15586;Anulação de Convenção Partidária | Cargo - Deputado Federal | Registro de Candidatura - DRAP Partido/Coligação;RECORRENTE: AGIR (AGIR) - REGIONAL;;REPRESENTANTE: Procuradoria Regional Eleitoral | TERCEIRO INTERESSADO: Ministério Público Eleitoral DF;1;2026-09-21;2026-09-21;0;0;0
01/10/2026;06:01:26;2026;0600509-23.2026.6.23.0000;18/09/2026;#NULO#;RR;2;DF;3;18/09/2026;S;Por sorteio;6276;DIAS TOFFOLI;3;Ministro;11549;REspEl;RECURSO ESPECIAL ELEITORAL;11616;Impugnação ao Registro de Candidatura;1;1;21/09/2026;Decisão;https://consultaunificadapje.tse.jus.br/#/public/resultado/0600509-23.2026.6.23.0000;11616 | 11637 | 12044;Cargo - Senador | Impugnação ao Registro de Candidatura | Registro de Candidatura - DRAP Partido/Coligação;RECORRENTE: FEDERAÇÃO UNIÃO PROGRESSISTA - ESTADUAL / RR | RECORRENTE: FEDERAÇÃO UNIÃO PROGRESSISTA - Roraima;RECORRIDA: COLIGAÇÃO RORAIMA SEGUE EM FRENTE;REPRESENTANTE: MINISTERIO PUBLICO DA UNIAO - RORAIMA | TERCEIRO INTERESSADO: Procurador Regional Eleitoral RR;1;2026-09-21;2026-09-21;0;0;0
01/10/2026;06:01:26;2026;0600512-70.2026.6.16.0000;13/08/2026;#NULO#;PR;2;DF;3;13/08/2026;S;Por sorteio;202679;NUNES MARQUES;78;Ministro;1298;PA;PROCESSO ADMINISTRATIVO;11563;Afastamento de Magistrado;1;1;28/08/2026;Acórdão;https://consultaunificadapje.tse.jus.br/#/public/resultado/0600512-70.2026.6.16.0000;11563;Afastamento de Magistrado;INTERESSADO: TRIBUNAL REGIONAL ELEITORAL DO PARANA | LITISCONSORTE: ADRIANA DE LOURDES SIMETTE;;REPRESENTANTE: MINISTERIO PUBLICO DA UNIAO | TERCEIRO INTERESSADO: PROCURADOR REGIONAL ELEITORAL;1;2026-08-28;2026-08-28;0;0;0
01/10/2026;06:01:26;2026;0600518-18.2026.6.11.0000;14/09/2026;#NULO#;MT;2;DF;3;14/09/2026;S;Por sorteio;223256;ANDRÉ MENDONÇA;14;Ministro;11550;RO-El;RECURSO ORDINÁRIO ELEITORAL;11616;Impugnação ao Registro de Candidatura;1;1;18/09/2026;Decisão;https://consultaunificadapje.tse.jus.br/#/public/resultado/0600518-18.2026.6.11.0000;11600 | 11616 | 11636;Cargo - Segundo Suplente de Senador | Impugnação ao Registro de Candidatura | Inelegibilidade - Desincompatibilização;AGRAVANTE: COLIGAÇÃO CORAÇÃO DA GENTE | RECORRENTE: COLIGAÇÃO CORAÇÃO DA GENTE | RECORRENTE: JOSE ANTONIO DOS SANTOS MEDEIROS;RECORRIDA: CARMEN SILVIA CAMPOS MACHADO;REPRESENTANTE: MINISTERIO PUBLICO DA UNIAO | TERCEIRO INTERESSADO: MINISTÉRIO PÚBLICO ELEITORAL;1;2026-09-18;2026-09-18;0;0;0
01/10/2026;06:01:26;2026;0600518-28.2026.6.25.0000;08/09/2026;#NULO#;SE;2;DF;3;08/09/2026;S;Por sorteio;223256;ANDRÉ MENDONÇA;14;Ministro;11550;RO-El;RECURSO ORDINÁRIO ELEITORAL;11605;Inelegibilidade - Representação ou Ação de Investigação Judicial Eleitoral Jugada Procedente pela Justiça Eleitoral;1;1;14/09/2026;Decisão;https://consultaunificadapje.tse.jus.br/#/public/resultado/0600518-28.2026.6.25.0000;11605 | 11627 | 11630;Cargo - Deputado Estadual | Inelegibilidade - Representação ou Ação de Investigação Judicial Eleitoral Jugada Procedente pela Justiça Eleitoral | Registro de Candidatura - Substituição de Candidato - Por Renúncia;AGRAVANTE: ALEXSANDRO LINO DA CONCEICAO SILVA;;;1;2026-09-14;2026-09-14;0;0;0
01/10/2026;06:01:26;2026;0600532-82.2026.6.26.0000;08/09/2026;#NULO#;SP;2;DF;3;08/09/2026;S;Por sorteio;301846;RICARDO VILLAS BÔAS CUEVA;4;Ministro;11550;RO-El;RECURSO ORDINÁRIO ELEITORAL;11598;Inelegibilidade - Condenação Criminal por órgão colegiado ou Transitada em Julgado;1;1;25/09/2026;Acórdão;https://consultaunificadapje.tse.jus.br/#/public/resultado/0600532-82.2026.6.26.0000;11598 | 11616 | 11631;Cargo - Deputado Federal | Impugnação ao Registro de Candidatura | Inelegibilidade - Condenação Criminal por órgão colegiado ou Transitada em Julgado;AGRAVANTE: FEDERAÇÃO UNIÃO PROGRESSISTA (44-UNIÃO/11-PP) - SÃO PAULO | RECORRENTE: ANDRE GEORGE NERES DE FARIAS;AGRAVADO: PROCURADORIA REGIONAL ELEITORAL | RECORRIDO: Ministério Público Eleitoral | REPRESENTANTE: Procuradoria Regional Eleitoral;;1;2026-09-25;2026-09-25;0;0;0
01/10/2026;06:01:26;2026;0600536-66.2026.6.10.0000;17/09/2026;26/09/2026;MA;2;DF;3;17/09/2026;S;Por sorteio;223256;ANDRÉ MENDONÇA;14;Ministro;11550;RO-El;RECURSO ORDINÁRIO ELEITORAL;11616;Impugnação ao Registro de Candidatura;1;1;21/09/2026;Decisão;https://consultaunificadapje.tse.jus.br/#/public/resultado/0600536-66.2026.6.10.0000;11604 | 11616 | 11631;Cargo - Deputado Federal | Impugnação ao Registro de Candidatura | Inelegibilidade - Rejeição de Contas Públicas;AGRAVANTE: FEDERAÇÃO UNIÃO PROGRESSISTA (44-UNIÃO/11-PP) - MARANHÃO | AGRAVANTE: JOAO LUCIANO SILVA SOARES | AGRAVANTE: JOAQUIM ADRIANO DE CARVALHO ADLER FREITAS | AGRAVANTE: MINISTERIO PUBLICO DA UNIAO | RECORRENTE: Ministério Público Eleitoral;;TERCEIRO INTERESSADO: PROCURADORIA REGIONAL ELEITORAL;1;2026-09-21;2026-09-21;0;0;0
01/10/2026;06:01:26;2026;0600539-97.2026.6.00.0000;20/03/2026;#NULO#;DF;3;DF;3;20/03/2026;S;Por sorteio;350140;ESTELA ARANHA;59;Juíz Auxiliar;11541;Rp;REPRESENTAÇÃO;11667;Propaganda Política - Propaganda Eleitoral - Extemporânea/Antecipada;0;1;22/06/2026;Decisão;https://consultaunificadapje.tse.jus.br/#/public/resultado/0600539-97.2026.6.00.0000;11667;Propaganda Política - Propaganda Eleitoral - Extemporânea/Antecipada;REPRESENTANTE: PARTIDO LIBERAL (PL) - NACIONAL;REPRESENTADA: GLEISI HELENA HOFFMANN | REPRESENTADO: 49.657.511 AURILENE GOMES MONTEIRO | REPRESENTADO: ANTI BOLSONARO REAL | REPRESENTADO: GUILHERME CASTRO BOULOS | REPRESENTADO: LUIZ LINDBERGH FARIAS FILHO | REPRESENTADO: LULA CONTA COMIGO | REPRESENTADO: LÁZARO ROSA | REPRESENTADO: PT NA CÂMARA | REPRESENTADO: ROGERIO CORREIA DE MOURA BAPTISTA | REPRESENTADO: Responsável pelo perfil @antibolsonaroreal no Instagram | REPRESENTADO: Responsável pelo perfil @brasilprafrenteoficial no Instagram | REPRESENTADO: Responsável pelo perfil @lulacontacomigo no Instagram | REPRESENTADO: Responsável pelo perfil @ptnacamara no Instagram | REPRESENTADO: Responsável pelos perfis @lazarorosa25 e @lazarorosa no Instagram;;1;2026-06-22;2026-06-22;1;0;1
01/10/2026;06:01:26;2026;0600546-88.2026.6.18.0000;14/09/2026;#NULO#;PI;2;DF;3;29/09/2026;S;Por sorteio;349772;SEBASTIÃO REIS JUNIOR;11;Ministro;11549;REspEl;RECURSO ESPECIAL ELEITORAL;12044;Registro de Candidatura - DRAP Partido/Coligação;1;1;19/09/2026;Decisão;https://consultaunificadapje.tse.jus.br/#/public/resultado/0600546-88.2026.6.18.0000;11631 | 12044;Cargo - Deputado Federal | Registro de Candidatura - DRAP Partido/Coligação;RECORRENTE: PARTIDO DA MOBILIZAÇÃO NACIONAL (MOBILIZA) - ESTADUAL;;REPRESENTANTE: Procuradoria Regional Eleitoral do Piauí | TERCEIRO INTERESSADO: MINISTERIO PUBLICO DA UNIAO;1;2026-09-19;2026-09-19;0;0;0
01/10/2026;06:01:26;2026;0600548-48.2026.6.04.0000;09/09/2026;28/09/2026;AM;2;DF;3;09/09/2026;S;Por sorteio;233218;FLORIANO DE AZEVEDO MARQUES;13;Ministro;11550;RO-El;RECURSO ORDINÁRIO ELEITORAL;11618;Registro de Candidatura - RRC - Candidato;1;1;24/09/2026;Decisão;https://consultaunificadapje.tse.jus.br/#/public/resultado/0600548-48.2026.6.04.0000;11600 | 11618 | 11631;Cargo - Deputado Federal | Inelegibilidade - Desincompatibilização | Registro de Candidatura - RRC - Candidato;RECORRENTE: Ministério Público Eleitoral;AGRAVADO: PARTIDO SOCIALISTA BRASILEIRO (PSB) - ESTADUAL | RECORRIDA: CREUZA REGINA DE SOUZA LIMA;REPRESENTANTE: Procuradoria Regional Eleitoral AM | TERCEIRO INTERESSADO: Procurador Regional Eleitoral - AM;1;2026-09-24;2026-09-24;0;0;0
01/10/2026;06:01:26;2026;0600551-14.2026.6.00.0000;27/03/2026;18/06/2026;DF;3;DF;3;27/03/2026;S;Por sorteio;350140;ESTELA ARANHA;59;Juíz Auxiliar;11541;Rp;REPRESENTAÇÃO;11667;Propaganda Política - Propaganda Eleitoral - Extemporânea/Antecipada;0;1;14/06/2026;Decisão;https://consultaunificadapje.tse.jus.br/#/public/resultado/0600551-14.2026.6.00.0000;11667;Propaganda Política - Propaganda Eleitoral - Extemporânea/Antecipada;REPRESENTANTE: PARTIDO SOCIALISTA BRASILEIRO (PSB) - MUNICIPAL;REPRESENTADO: PARTES A SEREM IDENTIFICADAS | REPRESENTADO: RESPONSÁVEIS POR PERFIS EM REDES SOCIAIS A SEREM IDENTIFICADOS | REPRESENTADO: Responsável pelo perfil @amicstv no Instagram | REPRESENTADO: Responsável pelo perfil @blogdoedisonsilva no Instagram | REPRESENTADO: Responsável pelo perfil @blogmadsonvagner no Instagram | REPRESENTADO: Responsável pelo perfil @brasil247 no Instagram | REPRESENTADO: Responsável pelo perfil @deolhoemmadalena no Instagram | REPRESENTADO: Responsável pelo perfil @diario360 no Instagram | REPRESENTADO: Responsável pelo perfil @diariodonordeste no Instagram | REPRESENTADO: Responsável pelo perfil @diariopindoretama no Instagram | REPRESENTADO: Responsável pelo perfil @eusebionewss no Instagram | REPRESENTADO: Responsável pelo perfil @fiscalalerta no Instagram | REPRESENTADO: Responsável pelo perfil @g1ceara no Instagram | REPRESENTADO: Responsável pelo perfil @jota_noticias no Instagram | REPRESENTADO: Responsável pelo perfil @maciconewshub no Instagram | REPRESENTADO: Responsável pelo perfil @noticias_ce no Instagram | REPRESENTADO: Responsável pelo perfil @nrverdades no Instagram | REPRESENTADO: Responsável pelo perfil @opovo no Instagram | REPRESENTADO: Responsável pelo perfil @politica_ce no Instagram | REPRESENTADO: Responsável pelo perfil @radar_politico no Instagram | REPRESENTADO: Responsável pelo perfil @tvdatransparencia no Instagram | REPRESENTADO: Responsável pelo perfil @uolnoticias no Instagram | REPRESENTADO: Responsável pelo perfil @vallenewss no Instagram | REPRESENTADO: Responsável pelo perfil @vejanoticias no Instagram;;1;2026-06-14;2026-06-14;1;0;1
01/10/2026;06:01:26;2026;0600562-43.2026.6.00.0000;31/03/2026;23/06/2026;DF;3;DF;3;31/03/2026;S;Por sorteio;350140;ESTELA ARANHA;59;Juíz Auxiliar;120;MSCiv;MANDADO DE SEGURANÇA CÍVEL;11651;Pesquisa Eleitoral - Registro de Pesquisa Eleitoral;0;1;14/06/2026;Decisão;https://consultaunificadapje.tse.jus.br/#/public/resultado/0600562-43.2026.6.00.0000;11651 | 60022;Pesquisa Eleitoral - Registro de Pesquisa Eleitoral | Representação;IMPETRANTE: INSTITUTO PARANA DE PESQUISAS E ANALISE DE CONSUMIDOR LTDA - EPP;IMPETRADA: DESEMBARGADORA ELEITORAL STEFANE FIÚZA CANÇADO MACHADO | LITISCONSORTE: PARTIDO LIBERAL (PL) - ESTADUAL;;1;2026-06-14;2026-06-14;0;0;0
01/10/2026;06:01:26;2026;0600563-28.2026.6.00.0000;31/03/2026;23/06/2026;DF;3;DF;3;31/03/2026;S;Por sorteio;350140;ESTELA ARANHA;59;Juíz Auxiliar;120;MSCiv;MANDADO DE SEGURANÇA CÍVEL;11651;Pesquisa Eleitoral - Registro de Pesquisa Eleitoral;0;1;14/06/2026;Decisão;https://consultaunificadapje.tse.jus.br/#/public/resultado/0600563-28.2026.6.00.0000;11651 | 60022;Pesquisa Eleitoral - Registro de Pesquisa Eleitoral | Representação;IMPETRANTE: INSTITUTO PARANA DE PESQUISAS E ANALISE DE CONSUMIDOR LTDA - EPP;AUTORIDADE COATORA: DESEMBARGADORA ELEITORAL STEFANE FIÚZA CANÇADO MACHADO | LITISCONSORTE: FEDERAÇÃO PSDB/CIDADANIA - ESTADUAL / GO;;1;2026-06-14;2026-06-14;0;0;0
01/10/2026;06:01:26;2026;0600569-34.2026.6.18.0000;27/09/2026;#NULO#;PI;2;DF;3;27/09/2026;S;Por sorteio;349772;SEBASTIÃO REIS JUNIOR;11;Ministro;11550;RO-El;RECURSO ORDINÁRIO ELEITORAL;11600;Inelegibilidade - Desincompatibilização;1;1;30/09/2026;Decisão;https://consultaunificadapje.tse.jus.br/#/public/resultado/0600569-34.2026.6.18.0000;11600 | 11618 | 11625 | 11631;Cargo - Deputado Federal | Inelegibilidade - Desincompatibilização | Registro de Candidatura - RRC - Candidato | Registro de Candidatura - Substituição de Candidato - Por Indeferimento de Registro;AGRAVANTE: PODEMOS (PODE) - ESTADUAL | RECORRENTE: SANDRA LIMA DE VASCONCELOS RAMOS;;REPRESENTANTE: Procuradoria Regional Eleitoral do Piauí | TERCEIRO INTERESSADO: MINISTERIO PUBLICO DA UNIAO;1;2026-09-30;2026-09-30;0;0;0
01/10/2026;06:01:26;2026;0600571-91.2026.6.04.0000;30/08/2026;08/09/2026;AM;2;DF;3;30/08/2026;S;Por sorteio;6276;DIAS TOFFOLI;3;Ministro;11549;REspEl;RECURSO ESPECIAL ELEITORAL;11616;Impugnação ao Registro de Candidatura;1;1;02/09/2026;Decisão;https://consultaunificadapje.tse.jus.br/#/public/resultado/0600571-91.2026.6.04.0000;11616 | 11630 | 14939;Cargo - Deputado Estadual | Impugnação ao Registro de Candidatura | Inelegibilidade - Responsável por Doação Tida com Ilegal;RECORRENTE: ADJUTO RODRIGUES AFONSO | RECORRENTE: FEDERAÇÃO UNIÃO PROGRESSISTA (44-UNIÃO/11-PP) - AMAZONAS | RECORRENTE: Ministério Público Eleitoral | RECORRENTE: Procurador Regional Eleitoral - AM | REPRESENTANTE: Procuradoria Regional Eleitoral AM;;REPRESENTANTE: Procuradoria Regional Eleitoral AM;1;2026-09-02;2026-09-02;0;0;0
01/10/2026;06:01:26;2026;0600572-86.2026.6.18.0000;21/09/2026;#NULO#;PI;2;DF;3;23/09/2026;S;Por sorteio;349772;SEBASTIÃO REIS JUNIOR;11;Ministro;11549;REspEl;RECURSO ESPECIAL ELEITORAL;12044;Registro de Candidatura - DRAP Partido/Coligação;1;1;30/09/2026;Decisão;https://consultaunificadapje.tse.jus.br/#/public/resultado/0600572-86.2026.6.18.0000;11631 | 12044;Cargo - Deputado Federal | Registro de Candidatura - DRAP Partido/Coligação;RECORRENTE: DEMOCRATA (DEMOCRATA) - ESTADUAL;RECORRIDO: Ministério Público Eleitoral;REPRESENTANTE: Procuradoria Regional Eleitoral do Piauí | TERCEIRO INTERESSADO: MINISTERIO PUBLICO DA UNIAO;1;2026-09-30;2026-09-30;0;0;0
01/10/2026;06:01:26;2026;0600581-32.2026.6.15.0000;12/09/2026;#NULO#;PB;2;DF;3;12/09/2026;S;Por sorteio;223256;ANDRÉ MENDONÇA;14;Ministro;11550;RO-El;RECURSO ORDINÁRIO ELEITORAL;11616;Impugnação ao Registro de Candidatura;1;1;17/09/2026;Decisão;https://consultaunificadapje.tse.jus.br/#/public/resultado/0600581-32.2026.6.15.0000;11602 | 11616 | 11635;Cargo - Primeiro Suplente de Senador | Impugnação ao Registro de Candidatura | Inelegibilidade - Parentesco;RECORRENTE: Ministério Público Eleitoral | RECORRENTE: ULISSES APARECIDO BARBOSA;RECORRIDA: DANIELLA VELLOSO BORGES RIBEIRO;REPRESENTANTE: MINISTERIO PUBLICO DO ESTADO DA PARAIBA | TERCEIRO INTERESSADO: Procurador Regional Eleitoral PB;1;2026-09-17;2026-09-17;0;0;0
01/10/2026;06:01:26;2026;0600582-17.2026.6.15.0000;08/09/2026;#NULO#;PB;2;DF;3;08/09/2026;S;Por sorteio;285510;ANTONIO CARLOS FERREIRA;11;Ministro;11550;RO-El;RECURSO ORDINÁRIO ELEITORAL;11618;Registro de Candidatura - RRC - Candidato;1;1;19/09/2026;Decisão;https://consultaunificadapje.tse.jus.br/#/public/resultado/0600582-17.2026.6.15.0000;10779 | 11618 | 11631;Cargo - Deputado Federal | Desincompatibilização do candidato | Registro de Candidatura - RRC - Candidato;RECORRENTE: ZALMA POLLYANA DANTAS BATISTA COSTA;;REPRESENTANTE: MINISTERIO PUBLICO DO ESTADO DA PARAIBA | TERCEIRO INTERESSADO: Procurador Regional Eleitoral PB;1;2026-09-19;2026-09-19;0;0;0
01/10/2026;06:01:26;2026;0600587-17.2026.6.23.0000;22/09/2026;#NULO#;RR;2;DF;3;22/09/2026;S;Por sorteio;301846;RICARDO VILLAS BÔAS CUEVA;4;Ministro;11550;RO-El;RECURSO ORDINÁRIO ELEITORAL;11618;Registro de Candidatura - RRC - Candidato;1;1;28/09/2026;Decisão;https://consultaunificadapje.tse.jus.br/#/public/resultado/0600587-17.2026.6.23.0000;11618 | 11635;Cargo - Primeiro Suplente de Senador | Registro de Candidatura - RRC - Candidato;RECORRENTE: ERISLAN THIAGO LUCENA COSTA | RECORRENTE: FEDERAÇÃO BRASIL DA ESPERANÇA (FE BRASIL) - ESTADUAL / RR | SOCIEDADE: ICARO LEITE SOCIEDADE INDIVIDUAL DE ADVOCACIA;RECORRIDO: Ministério Público Eleitoral;REPRESENTANTE: MINISTERIO PUBLICO DA UNIAO - RORAIMA | TERCEIRO INTERESSADO: Procurador Regional Eleitoral RR;1;2026-09-28;2026-09-28;0;0;0
01/10/2026;06:01:26;2026;0600587-55.2026.6.18.0000;14/09/2026;#NULO#;PI;2;DF;3;14/09/2026;S;Por sorteio;285510;ANTONIO CARLOS FERREIRA;11;Ministro;11549;REspEl;RECURSO ESPECIAL ELEITORAL;12044;Registro de Candidatura - DRAP Partido/Coligação;1;1;19/09/2026;Decisão;https://consultaunificadapje.tse.jus.br/#/public/resultado/0600587-55.2026.6.18.0000;11637 | 12044;Cargo - Senador | Registro de Candidatura - DRAP Partido/Coligação;RECORRENTE: PARTIDO DA MOBILIZAÇÃO NACIONAL (MOBILIZA) - ESTADUAL;;REPRESENTANTE: Procuradoria Regional Eleitoral do Piauí | TERCEIRO INTERESSADO: MINISTERIO PUBLICO DA UNIAO;1;2026-09-19;2026-09-19;0;0;0
01/10/2026;06:01:26;2026;0600597-56.2026.6.16.0000;11/09/2026;22/09/2026;PR;2;DF;3;11/09/2026;S;Por sorteio;285510;ANTONIO CARLOS FERREIRA;11;Ministro;1347;RMS;RECURSO EM MANDADO DE SEGURANÇA;11753;Convenção Partidária;1;1;15/09/2026;Decisão;https://consultaunificadapje.tse.jus.br/#/public/resultado/0600597-56.2026.6.16.0000;11753 | 60018;Convenção Partidária | Mandado de Segurança;RECORRENTE: PAULO CESAR ROSSI;RECORRIDO: LUCIANO DUCCI | RECORRIDO: PARTIDO SOCIALISTA BRASILEIRO (PSB) - ESTADUAL;REPRESENTANTE: MINISTERIO PUBLICO DA UNIAO | TERCEIRO INTERESSADO: PROCURADOR REGIONAL ELEITORAL;1;2026-09-15;2026-09-15;0;0;0
01/10/2026;06:01:26;2026;0600597-61.2026.6.23.0000;22/09/2026;#NULO#;RR;2;DF;3;27/09/2026;S;Por sorteio;301846;RICARDO VILLAS BÔAS CUEVA;4;Ministro;11550;RO-El;RECURSO ORDINÁRIO ELEITORAL;11616;Impugnação ao Registro de Candidatura;1;1;28/09/2026;Decisão;https://consultaunificadapje.tse.jus.br/#/public/resultado/0600597-61.2026.6.23.0000;11616 | 11637 | 14938;Cargo - Senador | Impugnação ao Registro de Candidatura | Inelegibilidade - Suspensão dos Direitos Políticos por Ato Doloso de Improbidade Administrativa;RECORRENTE: FEDERAÇÃO BRASIL DA ESPERANÇA (FE BRASIL) - ESTADUAL / RR | RECORRENTE: HIPERION DE OLIVEIRA SILVA | SOCIEDADE: ICARO LEITE SOCIEDADE INDIVIDUAL DE ADVOCACIA;RECORRIDO: Ministério Público Eleitoral;REPRESENTANTE: MINISTERIO PUBLICO DA UNIAO - RORAIMA | TERCEIRO INTERESSADO: Procurador Regional Eleitoral RR;1;2026-09-28;2026-09-28;0;0;0
01/10/2026;06:01:26;2026;0600606-50.2026.6.22.0000;12/09/2026;#NULO#;RO;2;DF;3;12/09/2026;S;Por sorteio;233218;FLORIANO DE AZEVEDO MARQUES;13;Ministro;11550;RO-El;RECURSO ORDINÁRIO ELEITORAL;11598;Inelegibilidade - Condenação Criminal por órgão colegiado ou Transitada em Julgado;1;1;17/09/2026;Decisão;https://consultaunificadapje.tse.jus.br/#/public/resultado/0600606-50.2026.6.22.0000;11591 | 11598 | 11618 | 11630;Cargo - Deputado Estadual | Condição de Elegibilidade - Pleno Exercício dos Direitos Políticos | Inelegibilidade - Condenação Criminal por órgão colegiado ou Transitada em Julgado | Registro de Candidatura - RRC - Candidato;AGRAVANTE: REPUBLICANOS (REPUBLICANOS) - ESTADUAL | RECORRENTE: MILTON MARTINS;;REPRESENTANTE: Ministério Público Eleitoral | TERCEIRO INTERESSADO: Procuradoria Regional Eleitoral de Rondônia;1;2026-09-17;2026-09-17;0;0;0
01/10/2026;06:01:26;2026;0600617-95.2026.6.25.0000;19/09/2026;#NULO#;SE;2;DF;3;19/09/2026;S;Por sorteio;223256;ANDRÉ MENDONÇA;14;Ministro;11549;REspEl;RECURSO ESPECIAL ELEITORAL;12044;Registro de Candidatura - DRAP Partido/Coligação;1;1;23/09/2026;Decisão;https://consultaunificadapje.tse.jus.br/#/public/resultado/0600617-95.2026.6.25.0000;11630 | 12044;Cargo - Deputado Estadual | Registro de Candidatura - DRAP Partido/Coligação;RECORRENTE: FEDERAÇÃO PSOL REDE (PSOL/REDE) - ESTADUAL / SERGIPE | RECORRENTE: FEDERAÇÃO PSOL REDE (PSOL/REDE) - SERGIPE;;;1;2026-09-23;2026-09-23;0;0;0
01/10/2026;06:01:26;2026;0600618-27.2026.6.09.0000;15/09/2026;#NULO#;GO;2;DF;3;15/09/2026;S;Por sorteio;6276;DIAS TOFFOLI;3;Ministro;11550;RO-El;RECURSO ORDINÁRIO ELEITORAL;11618;Registro de Candidatura - RRC - Candidato;1;1;16/09/2026;Decisão;https://consultaunificadapje.tse.jus.br/#/public/resultado/0600618-27.2026.6.09.0000;11592 | 11598 | 11616 | 11618 | 11631;Cargo - Deputado Federal | Condição de Elegibilidade - Quitação Eleitoral | Impugnação ao Registro de Candidatura | Inelegibilidade - Condenação Criminal por órgão colegiado ou Transitada em Julgado | Registro de Candidatura - RRC - Candidato;AGRAVANTE: PODEMOS (PODE) - ESTADUAL | RECORRENTE: ROSANGELA MUNIZ DE ARAUJO TOMAZ;AGRAVADO: MINISTERIO PUBLICO DA UNIAO | RECORRIDO: Ministério Público Eleitoral;TERCEIRO INTERESSADO: Procurador Regional Eleitoral de Goiás;1;2026-09-16;2026-09-16;0;0;0
01/10/2026;06:01:26;2026;0600625-53.2025.6.09.0000;20/02/2026;#NULO#;GO;2;DF;3;10/06/2026;S;Por sorteio;6276;DIAS TOFFOLI;3;Ministro;12626;AREspE;AGRAVO EM RECURSO ESPECIAL ELEITORAL;11667;Propaganda Política - Propaganda Eleitoral - Extemporânea/Antecipada;1;1;10/07/2026;Decisão;https://consultaunificadapje.tse.jus.br/#/public/resultado/0600625-53.2025.6.09.0000;11667 | 60022;Propaganda Política - Propaganda Eleitoral - Extemporânea/Antecipada | Representação;AGRAVANTE: FEDERAÇÃO PSDB CIDADANIA - ESTADUAL / GO;AGRAVADO: DANIEL ELIAS CARVALHO VILELA | AGRAVADO: RONALDO RAMOS CAIADO;REPRESENTANTE: MINISTERIO PUBLICO DA UNIAO | TERCEIRO INTERESSADO: Procurador Regional Eleitoral de Goiás;1;2026-07-10;2026-07-10;1;0;1
01/10/2026;06:01:26;2026;0600630-94.2026.6.25.0000;19/09/2026;#NULO#;SE;2;DF;3;20/09/2026;S;Por sorteio;223256;ANDRÉ MENDONÇA;14;Ministro;11549;REspEl;RECURSO ESPECIAL ELEITORAL;11645;Eleições - Eleição Majoritária;1;1;23/09/2026;Decisão;https://consultaunificadapje.tse.jus.br/#/public/resultado/0600630-94.2026.6.25.0000;11632 | 11639 | 11645 | 12044;Cargo - Governador | Cargo - Vice-Governador | Eleições - Eleição Majoritária | Registro de Candidatura - DRAP Partido/Coligação;RECORRENTE: FEDERAÇÃO PSOL REDE (PSOL/REDE) - SERGIPE | RECORRENTE: FEDERAÇÃO PSOL REDE - ESTADUAL / SE;;;1;2026-09-23;2026-09-23;0;0;0
01/10/2026;06:01:26;2026;0600632-64.2026.6.25.0000;19/09/2026;#NULO#;SE;2;DF;3;20/09/2026;S;Por sorteio;223256;ANDRÉ MENDONÇA;14;Ministro;11549;REspEl;RECURSO ESPECIAL ELEITORAL;12044;Registro de Candidatura - DRAP Partido/Coligação;1;1;23/09/2026;Decisão;https://consultaunificadapje.tse.jus.br/#/public/resultado/0600632-64.2026.6.25.0000;11631 | 12044;Cargo - Deputado Federal | Registro de Candidatura - DRAP Partido/Coligação;RECORRENTE: FEDERAÇÃO PSOL REDE (PSOL/REDE) - ESTADUDAL / SERGIPE | RECORRENTE: FEDERAÇÃO PSOL REDE (PSOL/REDE) - SERGIPE;;;1;2026-09-23;2026-09-23;0;0;0
01/10/2026;06:01:26;2026;0600632-81.2026.6.10.0000;08/09/2026;30/09/2026;MA;2;DF;3;08/09/2026;S;Por sorteio;285510;ANTONIO CARLOS FERREIRA;11;Ministro;11549;REspEl;RECURSO ESPECIAL ELEITORAL;11618;Registro de Candidatura - RRC - Candidato;1;1;30/09/2026;Acórdão;https://consultaunificadapje.tse.jus.br/#/public/resultado/0600632-81.2026.6.10.0000;11592 | 11618 | 11630;Cargo - Deputado Estadual | Condição de Elegibilidade - Quitação Eleitoral | Registro de Candidatura - RRC - Candidato;ASSISTENTE: FEDERAÇÃO BRASIL DA ESPERANÇA - FE BRASIL (PT/PC do B/PV) - MARANHÃO | RECORRENTE: FRANCISCO DAS CHAGAS ROSA DO NASCIMENTO;;REPRESENTANTE: MINISTERIO PUBLICO DA UNIAO | TERCEIRO INTERESSADO: PROCURADORIA REGIONAL ELEITORAL;1;2026-09-30;2026-09-30;0;0;0
01/10/2026;06:01:26;2026;0600638-55.2026.6.22.0000;14/09/2026;#NULO#;RO;2;DF;3;14/09/2026;S;Por sorteio;350140;ESTELA ARANHA;7;Ministro;11550;RO-El;RECURSO ORDINÁRIO ELEITORAL;11618;Registro de Candidatura - RRC - Candidato;1;1;15/09/2026;Decisão;https://consultaunificadapje.tse.jus.br/#/public/resultado/0600638-55.2026.6.22.0000;11598 | 11618 | 11631;Cargo - Deputado Federal | Inelegibilidade - Condenação Criminal por órgão colegiado ou Transitada em Julgado | Registro de Candidatura - RRC - Candidato;AGRAVANTE: PARTIDO SOCIALISTA BRASILEIRO (PSB) - ESTADUAL | AGRAVANTE: ROSANGELA CIPRIANO DOS SANTOS;;REPRESENTANTE: Ministério Público Eleitoral | TERCEIRO INTERESSADO: Procuradoria Regional Eleitoral de Rondônia;1;2026-09-15;2026-09-15;0;0;0
01/10/2026;06:01:26;2026;0600639-56.2026.6.25.0000;02/09/2026;27/09/2026;SE;2;DF;3;02/09/2026;S;Por sorteio;6276;DIAS TOFFOLI;3;Ministro;11549;REspEl;RECURSO ESPECIAL ELEITORAL;12044;Registro de Candidatura - DRAP Partido/Coligação;1;2;25/09/2026;Acórdão;https://consultaunificadapje.tse.jus.br/#/public/resultado/0600639-56.2026.6.25.0000;11631 | 12044;Cargo - Deputado Federal | Registro de Candidatura - DRAP Partido/Coligação;RECORRENTE: FEDERAÇÃO RENOVAÇÃO SOLIDÁRIA (PRD / SOLIDARIEDADE) - ESTADUAL / SE;;;2;2026-09-04;2026-09-25;0;0;0
01/10/2026;06:01:26;2026;0600643-40.2026.6.09.0000;14/09/2026;#NULO#;GO;2;DF;3;14/09/2026;S;Por sorteio;6276;DIAS TOFFOLI;3;Ministro;11550;RO-El;RECURSO ORDINÁRIO ELEITORAL;11616;Impugnação ao Registro de Candidatura;1;1;25/09/2026;Decisão;https://consultaunificadapje.tse.jus.br/#/public/resultado/0600643-40.2026.6.09.0000;11600 | 11616 | 11630;Cargo - Deputado Estadual | Impugnação ao Registro de Candidatura | Inelegibilidade - Desincompatibilização;AGRAVANTE: PODEMOS (PODE) - ESTADUAL | AGRAVANTE: RAFAEL MARRA E SILVA;AGRAVADO: RANNIERI CAVALCANTI LOPES;REPRESENTANTE: MINISTERIO PUBLICO DA UNIAO | TERCEIRO INTERESSADO: Procurador Regional Eleitoral de Goiás;1;2026-09-25;2026-09-25;0;0;0
01/10/2026;06:01:26;2026;0600644-57.2026.6.15.0000;09/09/2026;26/09/2026;PB;2;DF;3;09/09/2026;S;Por sorteio;6276;DIAS TOFFOLI;3;Ministro;11550;RO-El;RECURSO ORDINÁRIO ELEITORAL;12044;Registro de Candidatura - DRAP Partido/Coligação;1;2;25/09/2026;Decisão;https://consultaunificadapje.tse.jus.br/#/public/resultado/0600644-57.2026.6.15.0000;11616 | 11631 | 12044;Cargo - Deputado Federal | Impugnação ao Registro de Candidatura | Registro de Candidatura - DRAP Partido/Coligação;AGRAVANTE: AVANTE - AVANTE - PARAÍBA | RECORRENTE: AVANTE (AVANTE) - ESTADUAL;AGRAVADO: INFOX TECNOLOGIA DA INFORMACAO LTDA | RECORRIDO: Ministério Público Eleitoral | REPRESENTANTE: MINISTERIO PUBLICO DO ESTADO DA PARAIBA;TERCEIRO INTERESSADO: Procurador Regional Eleitoral PB;2;2026-09-16;2026-09-25;0;0;0
01/10/2026;06:01:26;2026;0600646-44.2026.6.00.0000;10/04/2026;18/06/2026;DF;3;DF;3;10/04/2026;S;Por sorteio;350140;ESTELA ARANHA;59;Juíz Auxiliar;11541;Rp;REPRESENTAÇÃO;11667;Propaganda Política - Propaganda Eleitoral - Extemporânea/Antecipada;0;1;14/06/2026;Decisão;https://consultaunificadapje.tse.jus.br/#/public/resultado/0600646-44.2026.6.00.0000;11667;Propaganda Política - Propaganda Eleitoral - Extemporânea/Antecipada;REPRESENTANTE: NORDESTE OOH SERVICOS LTDA;REPRESENTADO: AUTOR DESCONHECIDO (HACKER);;1;2026-06-14;2026-06-14;1;0;1
01/10/2026;06:01:26;2026;0600647-28.2026.6.18.0000;21/09/2026;#NULO#;PI;2;DF;3;23/09/2026;PP;Por prevenção;349772;SEBASTIÃO REIS JUNIOR;11;Ministro;11549;REspEl;RECURSO ESPECIAL ELEITORAL;12044;Registro de Candidatura - DRAP Partido/Coligação;1;1;30/09/2026;Decisão;https://consultaunificadapje.tse.jus.br/#/public/resultado/0600647-28.2026.6.18.0000;11632 | 11639 | 11645 | 12044;Cargo - Governador | Cargo - Vice-Governador | Eleições - Eleição Majoritária | Registro de Candidatura - DRAP Partido/Coligação;RECORRENTE: DEMOCRATA (DEMOCRATA) - ESTADUAL;RECORRIDO: Ministério Público Eleitoral;REPRESENTANTE: Procuradoria Regional Eleitoral do Piauí | TERCEIRO INTERESSADO: MINISTERIO PUBLICO DA UNIAO;1;2026-09-30;2026-09-30;0;0;0
01/10/2026;06:01:26;2026;0600650-80.2026.6.18.0000;21/09/2026;#NULO#;PI;2;DF;3;21/09/2026;S;Por sorteio;349772;SEBASTIÃO REIS JUNIOR;11;Ministro;11549;REspEl;RECURSO ESPECIAL ELEITORAL;12044;Registro de Candidatura - DRAP Partido/Coligação;1;1;30/09/2026;Decisão;https://consultaunificadapje.tse.jus.br/#/public/resultado/0600650-80.2026.6.18.0000;11635 | 11636 | 11637 | 12044;Cargo - Primeiro Suplente de Senador | Cargo - Segundo Suplente de Senador | Cargo - Senador | Registro de Candidatura - DRAP Partido/Coligação;RECORRENTE: DEMOCRATA (DEMOCRATA) - ESTADUAL;RECORRIDO: Ministério Público Eleitoral;REPRESENTANTE: Procuradoria Regional Eleitoral do Piauí | TERCEIRO INTERESSADO: MINISTERIO PUBLICO DA UNIAO;1;2026-09-30;2026-09-30;0;0;0
01/10/2026;06:01:26;2026;0600666-83.2026.6.09.0000;30/08/2026;30/09/2026;GO;2;DF;3;30/08/2026;S;Por sorteio;285510;ANTONIO CARLOS FERREIRA;11;Ministro;11549;REspEl;RECURSO ESPECIAL ELEITORAL;11618;Registro de Candidatura - RRC - Candidato;1;1;30/09/2026;Acórdão;https://consultaunificadapje.tse.jus.br/#/public/resultado/0600666-83.2026.6.09.0000;11592 | 11618 | 11631;Cargo - Deputado Federal | Condição de Elegibilidade - Quitação Eleitoral | Registro de Candidatura - RRC - Candidato;RECORRENTE: CARLOS HENRIQUE DA SILVA FERREIRA;;REPRESENTANTE: MINISTERIO PUBLICO DA UNIAO | TERCEIRO INTERESSADO: Procurador Regional Eleitoral de Goiás;1;2026-09-30;2026-09-30;0;0;0
01/10/2026;06:01:26;2026;0600673-85.2026.6.23.0000;18/09/2026;#NULO#;RR;2;DF;3;18/09/2026;S;Por sorteio;301846;RICARDO VILLAS BÔAS CUEVA;4;Ministro;11550;RO-El;RECURSO ORDINÁRIO ELEITORAL;11636;Cargo - Segundo Suplente de Senador;1;1;22/09/2026;Decisão;https://consultaunificadapje.tse.jus.br/#/public/resultado/0600673-85.2026.6.23.0000;11616 | 11636;Cargo - Segundo Suplente de Senador | Impugnação ao Registro de Candidatura;RECORRENTE: FEDERAÇÃO BRASIL DA ESPERANÇA (FE BRASIL) - ESTADUAL / RR | RECORRENTE: GLEIDSON MARCELO FRANCO FREITAS | SOCIEDADE: ICARO LEITE SOCIEDADE INDIVIDUAL DE ADVOCACIA;;REPRESENTANTE: MINISTERIO PUBLICO DA UNIAO - RORAIMA | TERCEIRO INTERESSADO: Procurador Regional Eleitoral RR;1;2026-09-22;2026-09-22;0;0;0
01/10/2026;06:01:26;2026;0600682-21.2026.6.06.0000;17/09/2026;#NULO#;CE;2;DF;3;29/09/2026;S;Por sorteio;349772;SEBASTIÃO REIS JUNIOR;11;Ministro;11550;RO-El;RECURSO ORDINÁRIO ELEITORAL;11600;Inelegibilidade - Desincompatibilização;1;1;30/09/2026;Decisão;https://consultaunificadapje.tse.jus.br/#/public/resultado/0600682-21.2026.6.06.0000;11600 | 11616 | 11631;Cargo - Deputado Federal | Impugnação ao Registro de Candidatura | Inelegibilidade - Desincompatibilização;RECORRENTE: RICARDO CELIO CHAGAS BEZERRA;RECORRIDO: LUIZ GASTAO BITTENCOURT DA SILVA;REPRESENTANTE: Procuradoria Regional Eleitoral | TERCEIRO INTERESSADO: PROCURADORIA REGIONAL ELEITORAL DO CEARÁ;1;2026-09-30;2026-09-30;0;0;0
01/10/2026;06:01:26;2026;0600689-78.2026.6.00.0000;16/04/2026;#NULO#;DF;3;DF;3;16/04/2026;S;Por sorteio;350140;ESTELA ARANHA;59;Juíz Auxiliar;11541;Rp;REPRESENTAÇÃO;11667;Propaganda Política - Propaganda Eleitoral - Extemporânea/Antecipada;0;2;01/07/2026;Acórdão;https://consultaunificadapje.tse.jus.br/#/public/resultado/0600689-78.2026.6.00.0000;11667;Propaganda Política - Propaganda Eleitoral - Extemporânea/Antecipada;REPRESENTANTE: PARTIDO LIBERAL (PL) - NACIONAL;REPRESENTADA: FEDERAÇÃO BRASIL DA ESPERANÇA (FE BRASIL) - NACIONAL | REPRESENTADO: PARTIDO DOS TRABALHADORES (PT) - NACIONAL;;2;2026-06-22;2026-07-01;1;0;1
01/10/2026;06:01:26;2026;0600690-63.2026.6.00.0000;16/04/2026;#NULO#;DF;3;DF;3;16/04/2026;S;Por sorteio;350140;ESTELA ARANHA;59;Juíz Auxiliar;11541;Rp;REPRESENTAÇÃO;11667;Propaganda Política - Propaganda Eleitoral - Extemporânea/Antecipada;0;2;01/07/2026;Acórdão;https://consultaunificadapje.tse.jus.br/#/public/resultado/0600690-63.2026.6.00.0000;11667;Propaganda Política - Propaganda Eleitoral - Extemporânea/Antecipada;REPRESENTANTE: PARTIDO LIBERAL (PL) - NACIONAL;REPRESENTADA: FEDERAÇÃO BRASIL DA ESPERANÇA (FE BRASIL) - NACIONAL | REPRESENTADO: PARTIDO DOS TRABALHADORES (PT) - NACIONAL;;2;2026-06-22;2026-07-01;1;0;1
01/10/2026;06:01:26;2026;0600693-98.2026.6.15.0000;18/09/2026;#NULO#;PB;2;DF;3;18/09/2026;S;Por sorteio;223256;ANDRÉ MENDONÇA;14;Ministro;11549;REspEl;RECURSO ESPECIAL ELEITORAL;11627;Registro de Candidatura - Substituição de Candidato - Por Renúncia;1;1;22/09/2026;Decisão;https://consultaunificadapje.tse.jus.br/#/public/resultado/0600693-98.2026.6.15.0000;11586 | 11591 | 11627 | 11630;Cargo - Deputado Estadual | Condição de Elegibilidade - Alistamento Eleitoral | Condição de Elegibilidade - Pleno Exercício dos Direitos Políticos | Registro de Candidatura - Substituição de Candidato - Por Renúncia;RECORRENTE: EVILLIANE LINS TENORIO | RECORRENTE: PARTIDO DEMOCRÁTICO TRABALHISTA (PDT) - ESTADUAL;;REPRESENTANTE: MINISTERIO PUBLICO DO ESTADO DA PARAIBA | TERCEIRO INTERESSADO: Procurador Regional Eleitoral PB;1;2026-09-22;2026-09-22;0;0;0
01/10/2026;06:01:26;2026;0600695-85.2026.6.00.0000;17/04/2026;#NULO#;DF;3;DF;3;17/04/2026;S;Por sorteio;350140;ESTELA ARANHA;59;Juíz Auxiliar;11541;Rp;REPRESENTAÇÃO;11667;Propaganda Política - Propaganda Eleitoral - Extemporânea/Antecipada;0;1;22/06/2026;Decisão;https://consultaunificadapje.tse.jus.br/#/public/resultado/0600695-85.2026.6.00.0000;11667 | 15429;Propaganda Política - Propaganda Eleitoral - Extemporânea/Antecipada | Propaganda Política - Propaganda Eleitoral - Uso de Inteligência Artificial;REPRESENTANTE: FEDERAÇÃO BRASIL DA ESPERANÇA (FE BRASIL) - NACIONAL;REPRESENTADO: PARTIDO LIBERAL (PL) - NACIONAL;;1;2026-06-22;2026-06-22;1;0;1
01/10/2026;06:01:26;2026;0600696-70.2026.6.00.0000;17/04/2026;10/09/2026;DF;3;DF;3;13/05/2026;S;Por sorteio;202679;NUNES MARQUES;78;Ministro;1298;PA;PROCESSO ADMINISTRATIVO;11563;Afastamento de Magistrado;0;4;31/08/2026;Acórdão;https://consultaunificadapje.tse.jus.br/#/public/resultado/0600696-70.2026.6.00.0000;11563;Afastamento de Magistrado;INTERESSADO: TRIBUNAL REGIONAL ELEITORAL DE SANTA CATARINA;;;3;2026-07-14;2026-08-31;0;0;0
01/10/2026;06:01:26;2026;0600697-55.2026.6.00.0000;17/04/2026;#NULO#;DF;3;DF;3;17/04/2026;S;Por sorteio;350140;ESTELA ARANHA;59;Juíz Auxiliar;11541;Rp;REPRESENTAÇÃO;11667;Propaganda Política - Propaganda Eleitoral - Extemporânea/Antecipada;0;2;01/07/2026;Acórdão;https://consultaunificadapje.tse.jus.br/#/public/resultado/0600697-55.2026.6.00.0000;11667;Propaganda Política - Propaganda Eleitoral - Extemporânea/Antecipada;REPRESENTANTE: PARTIDO LIBERAL (PL) - NACIONAL;REPRESENTADA: FEDERAÇÃO BRASIL DA ESPERANÇA (FE BRASIL) - NACIONAL | REPRESENTADO: PARTIDO DOS TRABALHADORES (PT) - NACIONAL;;2;2026-06-22;2026-07-01;1;0;1
01/10/2026;06:01:26;2026;0600698-40.2026.6.00.0000;17/04/2026;#NULO#;DF;3;DF;3;17/04/2026;S;Por sorteio;350140;ESTELA ARANHA;59;Juíz Auxiliar;11541;Rp;REPRESENTAÇÃO;11667;Propaganda Política - Propaganda Eleitoral - Extemporânea/Antecipada;0;2;01/07/2026;Acórdão;https://consultaunificadapje.tse.jus.br/#/public/resultado/0600698-40.2026.6.00.0000;11667;Propaganda Política - Propaganda Eleitoral - Extemporânea/Antecipada;REPRESENTANTE: PARTIDO LIBERAL (PL) - NACIONAL;REPRESENTADA: FEDERAÇÃO BRASIL DA ESPERANÇA (FE BRASIL) - NACIONAL | REPRESENTADO: PARTIDO DOS TRABALHADORES (PT) - NACIONAL;;2;2026-06-22;2026-07-01;1;0;1
01/10/2026;06:01:26;2026;0600702-81.2026.6.25.0000;19/09/2026;#NULO#;SE;2;DF;3;19/09/2026;S;Por sorteio;223256;ANDRÉ MENDONÇA;14;Ministro;11549;REspEl;RECURSO ESPECIAL ELEITORAL;12044;Registro de Candidatura - DRAP Partido/Coligação;1;1;23/09/2026;Decisão;https://consultaunificadapje.tse.jus.br/#/public/resultado/0600702-81.2026.6.25.0000;11635 | 11636 | 11637 | 12044;Cargo - Primeiro Suplente de Senador | Cargo - Segundo Suplente de Senador | Cargo - Senador | Registro de Candidatura - DRAP Partido/Coligação;RECORRENTE: FEDERAÇÃO PSOL REDE (PSOL/REDE) - SERGIPE | RECORRENTE: FEDERAÇÃO PSOL REDE - ESTADUAL / SE;;;1;2026-09-23;2026-09-23;0;0;0
01/10/2026;06:01:26;2026;0600712-66.2026.6.20.0000;29/08/2026;30/09/2026;RN;2;DF;3;29/08/2026;S;Por sorteio;202679;NUNES MARQUES;60;Juíz Auxiliar;11541;Rp;REPRESENTAÇÃO;11651;Pesquisa Eleitoral - Registro de Pesquisa Eleitoral;1;1;22/09/2026;Decisão;https://consultaunificadapje.tse.jus.br/#/public/resultado/0600712-66.2026.6.20.0000;11649 | 11651;Pesquisa Eleitoral - Divulgação de Pesquisa Eleitoral Fraudulenta | Pesquisa Eleitoral - Registro de Pesquisa Eleitoral;REPRESENTANTE: RAPHAEL FERREIRA ARAUJO;REPRESENTADA: PARLA MENTORS CONSULTORIA LTDA;REPRESENTANTE: Procuradoria Regional Eleitoral | TERCEIRO INTERESSADO: PROCURADORIA REGIONAL ELEITORAL / RN;1;2026-09-22;2026-09-22;0;0;0
01/10/2026;06:01:26;2026;0600720-44.2026.6.02.0000;10/09/2026;#NULO#;AL;2;DF;3;10/09/2026;S;Por sorteio;223256;ANDRÉ MENDONÇA;14;Ministro;11549;REspEl;RECURSO ESPECIAL ELEITORAL;11618;Registro de Candidatura - RRC - Candidato;1;1;14/09/2026;Decisão;https://consultaunificadapje.tse.jus.br/#/public/resultado/0600720-44.2026.6.02.0000;11592 | 11618 | 11631;Cargo - Deputado Federal | Condição de Elegibilidade - Quitação Eleitoral | Registro de Candidatura - RRC - Candidato;RECORRENTE: MINISTÉRIO PÚBLICO ELEITORAL | RECORRENTE: Ministério Público Eleitoral | REPRESENTANTE: MINISTERIO PUBLICO DA UNIAO;RECORRIDO: DEMOCRACIA CRISTÃ (DC) - MUNICIPAL | RECORRIDO: JOSE ANDRE DA SILVA;;1;2026-09-14;2026-09-14;0;0;0
01/10/2026;06:01:26;2026;0600751-21.2026.6.00.0000;28/04/2026;#NULO#;DF;3;DF;3;28/04/2026;S;Por sorteio;350140;ESTELA ARANHA;59;Juíz Auxiliar;11541;Rp;REPRESENTAÇÃO;11667;Propaganda Política - Propaganda Eleitoral - Extemporânea/Antecipada;0;1;22/06/2026;Decisão;https://consultaunificadapje.tse.jus.br/#/public/resultado/0600751-21.2026.6.00.0000;11667;Propaganda Política - Propaganda Eleitoral - Extemporânea/Antecipada;REPRESENTANTE: PARTIDO LIBERAL (PL) - NACIONAL;REPRESENTADO: FABRICIO SANTOS VARGAS;;1;2026-06-22;2026-06-22;1;0;1
01/10/2026;06:01:26;2026;0600753-82.2026.6.11.0000;15/09/2026;#NULO#;MT;2;DF;3;15/09/2026;S;Por sorteio;285510;ANTONIO CARLOS FERREIRA;11;Ministro;11550;RO-El;RECURSO ORDINÁRIO ELEITORAL;11600;Inelegibilidade - Desincompatibilização;1;1;19/09/2026;Decisão;https://consultaunificadapje.tse.jus.br/#/public/resultado/0600753-82.2026.6.11.0000;11600 | 11618 | 11631;Cargo - Deputado Federal | Inelegibilidade - Desincompatibilização | Registro de Candidatura - RRC - Candidato;RECORRENTE: PARTIDO SOCIALISTA BRASILEIRO (PSB) - ESTADUAL | RECORRENTE: VALDIR RIBEIRO;;REPRESENTANTE: MINISTERIO PUBLICO DA UNIAO | TERCEIRO INTERESSADO: MINISTÉRIO PÚBLICO ELEITORAL;1;2026-09-19;2026-09-19;0;0;0
01/10/2026;06:01:26;2026;0600774-64.2026.6.00.0000;29/04/2026;12/08/2026;DF;3;DF;3;13/05/2026;S;Por sorteio;202679;NUNES MARQUES;78;Ministro;241;PetCiv;PETIÇÃO CÍVEL;11778;Requerimento;0;1;14/07/2026;Decisão;https://consultaunificadapje.tse.jus.br/#/public/resultado/0600774-64.2026.6.00.0000;11778;Requerimento;REQUERENTE: PARTIDO RENOVAÇÃO DEMOCRÁTICA (PRD) - NACIONAL;;;1;2026-07-14;2026-07-14;0;0;0
01/10/2026;06:01:26;2026;0600781-56.2026.6.00.0000;03/05/2026;#NULO#;DF;3;DF;3;03/05/2026;S;Por sorteio;350140;ESTELA ARANHA;59;Juíz Auxiliar;11541;Rp;REPRESENTAÇÃO;11667;Propaganda Política - Propaganda Eleitoral - Extemporânea/Antecipada;0;2;01/07/2026;Acórdão;https://consultaunificadapje.tse.jus.br/#/public/resultado/0600781-56.2026.6.00.0000;11667;Propaganda Política - Propaganda Eleitoral - Extemporânea/Antecipada;REPRESENTANTE: FEDERAÇÃO BRASIL DA ESPERANÇA (FE BRASIL) - NACIONAL;REPRESENTADO: PARTIDO LIBERAL (PL) - NACIONAL;;2;2026-06-22;2026-07-01;1;0;1
01/10/2026;06:01:26;2026;0600782-41.2026.6.00.0000;03/05/2026;#NULO#;DF;3;DF;3;03/05/2026;S;Por sorteio;350140;ESTELA ARANHA;59;Juíz Auxiliar;11541;Rp;REPRESENTAÇÃO;11667;Propaganda Política - Propaganda Eleitoral - Extemporânea/Antecipada;0;2;01/07/2026;Acórdão;https://consultaunificadapje.tse.jus.br/#/public/resultado/0600782-41.2026.6.00.0000;11667;Propaganda Política - Propaganda Eleitoral - Extemporânea/Antecipada;REPRESENTANTE: FEDERAÇÃO BRASIL DA ESPERANÇA (FE BRASIL) - NACIONAL;REPRESENTADO: PARTIDO LIBERAL (PL) - NACIONAL;;2;2026-06-22;2026-07-01;1;0;1
01/10/2026;06:01:26;2026;0600783-26.2026.6.00.0000;03/05/2026;#NULO#;DF;3;DF;3;03/05/2026;S;Por sorteio;350140;ESTELA ARANHA;59;Juíz Auxiliar;11541;Rp;REPRESENTAÇÃO;11667;Propaganda Política - Propaganda Eleitoral - Extemporânea/Antecipada;0;2;01/07/2026;Acórdão;https://consultaunificadapje.tse.jus.br/#/public/resultado/0600783-26.2026.6.00.0000;11667 | 15429;Propaganda Política - Propaganda Eleitoral - Extemporânea/Antecipada | Propaganda Política - Propaganda Eleitoral - Uso de Inteligência Artificial;REPRESENTANTE: FEDERAÇÃO BRASIL DA ESPERANÇA (FE BRASIL) - NACIONAL;REPRESENTADO: PARTIDO LIBERAL (PL) - NACIONAL;;2;2026-06-22;2026-07-01;1;0;1
01/10/2026;06:01:26;2026;0600785-93.2026.6.00.0000;03/05/2026;#NULO#;DF;3;DF;3;03/05/2026;S;Por sorteio;350140;ESTELA ARANHA;59;Juíz Auxiliar;11541;Rp;REPRESENTAÇÃO;11667;Propaganda Política - Propaganda Eleitoral - Extemporânea/Antecipada;0;2;01/07/2026;Acórdão;https://consultaunificadapje.tse.jus.br/#/public/resultado/0600785-93.2026.6.00.0000;11667 | 15429;Propaganda Política - Propaganda Eleitoral - Extemporânea/Antecipada | Propaganda Política - Propaganda Eleitoral - Uso de Inteligência Artificial;REPRESENTANTE: FEDERAÇÃO BRASIL DA ESPERANÇA (FE BRASIL) - NACIONAL;REPRESENTADO: PARTIDO LIBERAL (PL) - NACIONAL;;2;2026-06-22;2026-07-01;1;0;1
01/10/2026;06:01:26;2026;0600788-47.2026.6.18.0000;21/09/2026;#NULO#;PI;2;DF;3;21/09/2026;PP;Por prevenção;301846;RICARDO VILLAS BÔAS CUEVA;4;Ministro;11549;REspEl;RECURSO ESPECIAL ELEITORAL;12044;Registro de Candidatura - DRAP Partido/Coligação;1;1;25/09/2026;Decisão;https://consultaunificadapje.tse.jus.br/#/public/resultado/0600788-47.2026.6.18.0000;11632 | 11645 | 12044;Cargo - Governador | Eleições - Eleição Majoritária | Registro de Candidatura - DRAP Partido/Coligação;RECORRENTE: PARTIDO DA CAUSA OPERARIA (PCO) - ESTADUAL;;REPRESENTANTE: Procuradoria Regional Eleitoral do Piauí | TERCEIRO INTERESSADO: MINISTERIO PUBLICO DA UNIAO;1;2026-09-25;2026-09-25;0;0;0
01/10/2026;06:01:26;2026;0600791-02.2026.6.18.0000;21/09/2026;#NULO#;PI;2;DF;3;24/09/2026;S;Por sorteio;301846;RICARDO VILLAS BÔAS CUEVA;4;Ministro;11549;REspEl;RECURSO ESPECIAL ELEITORAL;12044;Registro de Candidatura - DRAP Partido/Coligação;1;1;25/09/2026;Decisão;https://consultaunificadapje.tse.jus.br/#/public/resultado/0600791-02.2026.6.18.0000;11631 | 12044;Cargo - Deputado Federal | Registro de Candidatura - DRAP Partido/Coligação;RECORRENTE: PARTIDO DA CAUSA OPERARIA (PCO) - ESTADUAL;;REPRESENTANTE: Procuradoria Regional Eleitoral do Piauí | TERCEIRO INTERESSADO: MINISTERIO PUBLICO DA UNIAO;1;2026-09-25;2026-09-25;0;0;0
01/10/2026;06:01:26;2026;0600794-54.2026.6.18.0000;21/09/2026;#NULO#;PI;2;DF;3;24/09/2026;S;Por sorteio;301846;RICARDO VILLAS BÔAS CUEVA;4;Ministro;11549;REspEl;RECURSO ESPECIAL ELEITORAL;12044;Registro de Candidatura - DRAP Partido/Coligação;1;1;25/09/2026;Decisão;https://consultaunificadapje.tse.jus.br/#/public/resultado/0600794-54.2026.6.18.0000;11637 | 12044;Cargo - Senador | Registro de Candidatura - DRAP Partido/Coligação;RECORRENTE: PARTIDO DA CAUSA OPERARIA (PCO) - ESTADUAL;;REPRESENTANTE: Procuradoria Regional Eleitoral do Piauí | TERCEIRO INTERESSADO: MINISTERIO PUBLICO DA UNIAO;1;2026-09-25;2026-09-25;0;0;0
01/10/2026;06:01:26;2026;0600816-05.2026.6.04.0000;14/09/2026;#NULO#;AM;2;DF;3;14/09/2026;S;Por sorteio;233218;FLORIANO DE AZEVEDO MARQUES;13;Ministro;11549;REspEl;RECURSO ESPECIAL ELEITORAL;11619;Registro de Candidatura - RRCI - Candidato Individual;1;2;30/09/2026;Decisão;https://consultaunificadapje.tse.jus.br/#/public/resultado/0600816-05.2026.6.04.0000;11589 | 11619 | 11630;Cargo - Deputado Estadual | Condição de Elegibilidade - Filiação Partidária | Registro de Candidatura - RRCI - Candidato Individual;RECORRENTE: NISSIA AGUIAR | RECORRENTE: PARTIDO LIBERAL (PL) - ESTADUAL;;REPRESENTANTE: Procuradoria Regional Eleitoral AM | TERCEIRO INTERESSADO: Procurador Regional Eleitoral - AM;1;2026-09-30;2026-09-30;0;0;0
01/10/2026;06:01:26;2026;0600820-84.2026.6.24.0000;19/09/2026;30/09/2026;SC;2;DF;3;19/09/2026;S;Por sorteio;233218;FLORIANO DE AZEVEDO MARQUES;13;Ministro;11550;RO-El;RECURSO ORDINÁRIO ELEITORAL;11618;Registro de Candidatura - RRC - Candidato;1;1;26/09/2026;Decisão;https://consultaunificadapje.tse.jus.br/#/public/resultado/0600820-84.2026.6.24.0000;11589 | 11591 | 11592 | 11598 | 11618 | 11631;Cargo - Deputado Federal | Condição de Elegibilidade - Filiação Partidária | Condição de Elegibilidade - Pleno Exercício dos Direitos Políticos | Condição de Elegibilidade - Quitação Eleitoral | Inelegibilidade - Condenação Criminal por órgão colegiado ou Transitada em Julgado | Registro de Candidatura - RRC - Candidato;RECORRENTE: LINDAMERI DE OLIVEIRA RODRIGUES;;REPRESENTANTE: MINISTERIO PUBLICO ELEITORAL DO ESTADO DE SANTA CATARINA | TERCEIRO INTERESSADO: PROCURADORIA REGIONAL ELEITORAL;1;2026-09-26;2026-09-26;0;0;0
01/10/2026;06:01:26;2026;0600821-42.2026.6.25.0000;03/09/2026;#NULO#;SE;2;DF;3;03/09/2026;S;Por sorteio;285510;ANTONIO CARLOS FERREIRA;11;Ministro;11550;RO-El;RECURSO ORDINÁRIO ELEITORAL;11598;Inelegibilidade - Condenação Criminal por órgão colegiado ou Transitada em Julgado;1;1;30/09/2026;Acórdão;https://consultaunificadapje.tse.jus.br/#/public/resultado/0600821-42.2026.6.25.0000;11598 | 11618 | 11630;Cargo - Deputado Estadual | Inelegibilidade - Condenação Criminal por órgão colegiado ou Transitada em Julgado | Registro de Candidatura - RRC - Candidato;RECORRENTE: PARTIDO LIBERAL (PL) - ESTADUAL | RECORRENTE: TARCISIO DA SILVA SANTOS;;;1;2026-09-30;2026-09-30;0;0;0
01/10/2026;06:01:26;2026;0600834-37.2026.6.00.0000;14/05/2026;#NULO#;DF;3;DF;3;14/05/2026;S;Por sorteio;202679;NUNES MARQUES;78;Ministro;1298;PA;PROCESSO ADMINISTRATIVO;11778;Requerimento;0;2;26/09/2026;Acórdão;https://consultaunificadapje.tse.jus.br/#/public/resultado/0600834-37.2026.6.00.0000;11778;Requerimento;REQUERENTE: MONICA ROSENBERG BRAIZAT;;;1;2026-09-26;2026-09-26;0;0;0
01/10/2026;06:01:26;2026;0600838-03.2026.6.17.0000;16/09/2026;#NULO#;PE;2;DF;3;29/09/2026;PP;Por prevenção;349772;SEBASTIÃO REIS JUNIOR;11;Ministro;11549;REspEl;RECURSO ESPECIAL ELEITORAL;12044;Registro de Candidatura - DRAP Partido/Coligação;1;1;19/09/2026;Decisão;https://consultaunificadapje.tse.jus.br/#/public/resultado/0600838-03.2026.6.17.0000;11616 | 11632 | 11639 | 11645 | 12044;Cargo - Governador | Cargo - Vice-Governador | Eleições - Eleição Majoritária | Impugnação ao Registro de Candidatura | Registro de Candidatura - DRAP Partido/Coligação;RECORRENTE: COLIGAÇÃO FRENTE POPULAR DE PERNAMBUCO | RECORRENTE: COLIGAÇÃO PERNAMBUCO DE CORAÇÃO;RECORRIDO: COMISSÃO INTERVENTORA DO COLEGIADO ESTADUAL DE PERNAMBUCO;REPRESENTANTE: Procuradoria Regional Eleitoral | TERCEIRO INTERESSADO: MINISTERIO PUBLICO DA UNIAO;1;2026-09-19;2026-09-19;0;0;0
01/10/2026;06:01:26;2026;0600841-34.2026.6.07.0000;22/09/2026;#NULO#;DF;2;DF;3;22/09/2026;S;Por sorteio;223256;ANDRÉ MENDONÇA;14;Ministro;11549;REspEl;RECURSO ESPECIAL ELEITORAL;11600;Inelegibilidade - Desincompatibilização;1;1;28/09/2026;Decisão;https://consultaunificadapje.tse.jus.br/#/public/resultado/0600841-34.2026.6.07.0000;11600 | 11618 | 11629;Cargo - Deputado Distrital | Inelegibilidade - Desincompatibilização | Registro de Candidatura - RRC - Candidato;AGRAVANTE: FEDERAÇÃO RENOVAÇÃO SOLIDÁRIA (25-PRD/77-SOLIDARIEDADE) - DISTRITO FEDERAL | RECORRENTE: ELIZALDA BARBOSA DIAS;;REPRESENTANTE: Procuradoria Regional Eleitoral | TERCEIRO INTERESSADO: Ministério Público Eleitoral DF;1;2026-09-28;2026-09-28;0;0;0
01/10/2026;06:01:26;2026;0600857-90.2026.6.14.0000;07/09/2026;#NULO#;PA;2;DF;3;07/09/2026;S;Por sorteio;285510;ANTONIO CARLOS FERREIRA;11;Ministro;11549;REspEl;RECURSO ESPECIAL ELEITORAL;11618;Registro de Candidatura - RRC - Candidato;1;1;30/09/2026;Acórdão;https://consultaunificadapje.tse.jus.br/#/public/resultado/0600857-90.2026.6.14.0000;11592 | 11618 | 11631;Cargo - Deputado Federal | Condição de Elegibilidade - Quitação Eleitoral | Registro de Candidatura - RRC - Candidato;RECORRENTE: FEDERAÇÃO PSDB CIDADANIA (PSDB/CIDADANIA) - PARÁ | RECORRENTE: MANOEL VERA CRUZ DOS SANTOS;;REPRESENTANTE: Ministério Público Eleitoral | TERCEIRO INTERESSADO: PROCURADORIA REGIONAL ELEITORAL DO PARÁ;1;2026-09-30;2026-09-30;0;0;0
01/10/2026;06:01:26;2026;0600863-87.2026.6.00.0000;18/05/2026;19/08/2026;DF;3;DF;3;18/05/2026;S;Por sorteio;202679;NUNES MARQUES;78;Ministro;1298;PA;PROCESSO ADMINISTRATIVO;11563;Afastamento de Magistrado;0;2;05/08/2026;Acórdão;https://consultaunificadapje.tse.jus.br/#/public/resultado/0600863-87.2026.6.00.0000;11563;Afastamento de Magistrado;INTERESSADO: TRIBUNAL REGIONAL ELEITORAL DE MINAS GERAIS | REQUERENTE: TRIBUNAL REGIONAL ELEITORAL DE MINAS GERAIS;;;2;2026-07-14;2026-08-05;0;0;0
01/10/2026;06:01:26;2026;0600867-27.2026.6.00.0000;18/05/2026;#NULO#;DF;3;DF;3;25/05/2026;S;Por sorteio;202679;NUNES MARQUES;60;Juíz Auxiliar;11541;Rp;REPRESENTAÇÃO;11649;Pesquisa Eleitoral - Divulgação de Pesquisa Eleitoral Fraudulenta;0;4;10/09/2026;Decisão;https://consultaunificadapje.tse.jus.br/#/public/resultado/0600867-27.2026.6.00.0000;11649;Pesquisa Eleitoral - Divulgação de Pesquisa Eleitoral Fraudulenta;REPRESENTANTE: PARTIDO LIBERAL (PL) - NACIONAL;REPRESENTADA: ATLASINTEL TECNOLOGIA DE DADOS LTDA;;2;2026-06-08;2026-09-10;0;0;0
01/10/2026;06:01:26;2026;0600869-31.2025.6.00.0000;08/09/2025;24/10/2025;DF;3;DF;3;08/09/2025;S;Por sorteio;202679;NUNES MARQUES;3;Ministro;120;MSCiv;MANDADO DE SEGURANÇA CÍVEL;11667;Propaganda Política - Propaganda Eleitoral - Extemporânea/Antecipada;0;1;16/10/2025;Decisão;https://consultaunificadapje.tse.jus.br/#/public/resultado/0600869-31.2025.6.00.0000;11667 | 60022;Propaganda Política - Propaganda Eleitoral - Extemporânea/Antecipada | Representação;IMPETRANTE: FEDERAÇÃO PSDB CIDADANIA - NACIONAL;AUTORIDADE COATORA: MINISTRO ANDRÉ MENDONÇA;;1;2025-10-16;2025-10-16;1;0;1
01/10/2026;06:01:26;2026;0600872-21.2026.6.19.0000;03/09/2026;30/09/2026;RJ;2;DF;3;03/09/2026;S;Por sorteio;233218;FLORIANO DE AZEVEDO MARQUES;13;Ministro;11550;RO-El;RECURSO ORDINÁRIO ELEITORAL;11600;Inelegibilidade - Desincompatibilização;1;2;24/09/2026;Decisão;https://consultaunificadapje.tse.jus.br/#/public/resultado/0600872-21.2026.6.19.0000;11600 | 11618 | 11630;Cargo - Deputado Estadual | Inelegibilidade - Desincompatibilização | Registro de Candidatura - RRC - Candidato;AGRAVANTE: PARTIDO TRABALHISTA CRISTÃO (PTC) - ESTADUAL | RECORRENTE: MARCIO FREITAS;;REPRESENTANTE: Procuradoria Regional Eleitoral no Rio de Janeiro | TERCEIRO INTERESSADO: Procuradoria Regional Eleitoral1.;2;2026-09-10;2026-09-24;0;0;0
01/10/2026;06:01:26;2026;0600874-50.2026.6.24.0000;13/09/2026;29/09/2026;SC;2;DF;3;13/09/2026;S;Por sorteio;223256;ANDRÉ MENDONÇA;14;Ministro;11550;RO-El;RECURSO ORDINÁRIO ELEITORAL;11619;Registro de Candidatura - RRCI - Candidato Individual;1;2;24/09/2026;Decisão;https://consultaunificadapje.tse.jus.br/#/public/resultado/0600874-50.2026.6.24.0000;11598 | 11619 | 11631;Cargo - Deputado Federal | Inelegibilidade - Condenação Criminal por órgão colegiado ou Transitada em Julgado | Registro de Candidatura - RRCI - Candidato Individual;AGRAVANTE: SERGIO FIORE DOS SANTOS MARINELLO;;REPRESENTANTE: MINISTERIO PUBLICO ELEITORAL DO ESTADO DE SANTA CATARINA | TERCEIRO INTERESSADO: PROCURADORIA REGIONAL ELEITORAL;2;2026-09-15;2026-09-24;0;0;0
01/10/2026;06:01:26;2026;0600877-71.2026.6.00.0000;20/05/2026;#NULO#;DF;3;DF;3;20/05/2026;S;Por sorteio;223256;ANDRÉ MENDONÇA;14;Ministro;11545;LT;LISTA TRÍPLICE;12643;Processamento de Lista Tríplice;0;4;25/09/2026;Acórdão;https://consultaunificadapje.tse.jus.br/#/public/resultado/0600877-71.2026.6.00.0000;12643;Processamento de Lista Tríplice;ADVOGADO(A) INDICADO(A): JOYCE JANINE FIGUEIREDO ORNELAS BRAZ | ADVOGADO(A) INDICADO(A): SARAH CAMPOS | ADVOGADO(A) INDICADO(A): VINICIUS DINIZ MONTEIRO DE BARROS | INTERESSADO: #- TRIBUNAL REGIONAL ELEITORAL DE MINAS GERAIS | INTERESSADO: TRIBUNAL REGIONAL ELEITORAL DE MINAS GERAIS;;;1;2026-09-25;2026-09-25;0;0;0
01/10/2026;06:01:26;2026;0600881-11.2026.6.00.0000;21/05/2026;#NULO#;DF;3;DF;3;30/09/2026;S;Por sorteio;301846;RICARDO VILLAS BÔAS CUEVA;42;Ministro;11541;Rp;REPRESENTAÇÃO;12062;Captação ou Gasto Ilícito de Recursos Financeiros de Campanha Eleitoral;0;3;28/09/2026;Decisão;https://consultaunificadapje.tse.jus.br/#/public/resultado/0600881-11.2026.6.00.0000;11718 | 11719 | 12062 | 60007;Abuso - De Poder Econômico | Abuso - De Poder Político/Autoridade | Ação de Investigação Judicial Eleitoral | Captação ou Gasto Ilícito de Recursos Financeiros de Campanha Eleitoral;REPRESENTANTE: ARLINDO CHIGNALIA JUNIOR;;;1;2026-09-28;2026-09-28;0;0;0
01/10/2026;06:01:26;2026;0600882-93.2026.6.00.0000;21/05/2026;#NULO#;DF;3;DF;3;30/09/2026;S;Por sorteio;301846;RICARDO VILLAS BÔAS CUEVA;42;Ministro;11541;Rp;REPRESENTAÇÃO;11778;Requerimento;0;3;28/09/2026;Decisão;https://consultaunificadapje.tse.jus.br/#/public/resultado/0600882-93.2026.6.00.0000;11778;Requerimento;REPRESENTANTE: ARLINDO CHIGNALIA JUNIOR;;;1;2026-09-28;2026-09-28;0;0;0
01/10/2026;06:01:26;2026;0600883-88.2026.6.14.0000;08/09/2026;21/09/2026;PA;2;DF;3;08/09/2026;S;Por sorteio;233218;FLORIANO DE AZEVEDO MARQUES;13;Ministro;11549;REspEl;RECURSO ESPECIAL ELEITORAL;11618;Registro de Candidatura - RRC - Candidato;1;1;17/09/2026;Decisão;https://consultaunificadapje.tse.jus.br/#/public/resultado/0600883-88.2026.6.14.0000;11592 | 11618 | 11630;Cargo - Deputado Estadual | Condição de Elegibilidade - Quitação Eleitoral | Registro de Candidatura - RRC - Candidato;RECORRENTE: FEDERAÇÃO PSDB CIDADANIA (PSDB/CIDADANIA) - PARÁ | RECORRENTE: LUCIRENE DA SILVA LIMA;;REPRESENTANTE: Ministério Público Eleitoral | TERCEIRO INTERESSADO: PROCURADORIA REGIONAL ELEITORAL DO PARÁ;1;2026-09-17;2026-09-17;0;0;0
01/10/2026;06:01:26;2026;0600899-04.2026.6.19.0000;12/09/2026;26/09/2026;RJ;2;DF;3;12/09/2026;S;Por sorteio;223256;ANDRÉ MENDONÇA;14;Ministro;11549;REspEl;RECURSO ESPECIAL ELEITORAL;11618;Registro de Candidatura - RRC - Candidato;1;2;21/09/2026;Decisão;https://consultaunificadapje.tse.jus.br/#/public/resultado/0600899-04.2026.6.19.0000;11591 | 11598 | 11618 | 11631;Cargo - Deputado Federal | Condição de Elegibilidade - Pleno Exercício dos Direitos Políticos | Inelegibilidade - Condenação Criminal por órgão colegiado ou Transitada em Julgado | Registro de Candidatura - RRC - Candidato;RECORRENTE: ANDERSON JOSE PESSOA DOS SANTOS | RECORRENTE: AVANTE (AVANTE) - ESTADUAL;;REPRESENTANTE: Procuradoria Regional Eleitoral no Rio de Janeiro | TERCEIRO INTERESSADO: Procuradoria Regional Eleitoral1.;2;2026-09-15;2026-09-21;0;0;0
01/10/2026;06:01:26;2026;0600900-86.2026.6.19.0000;12/09/2026;#NULO#;RJ;2;DF;3;12/09/2026;S;Por sorteio;301846;RICARDO VILLAS BÔAS CUEVA;4;Ministro;11550;RO-El;RECURSO ORDINÁRIO ELEITORAL;11618;Registro de Candidatura - RRC - Candidato;1;1;25/09/2026;Acórdão;https://consultaunificadapje.tse.jus.br/#/public/resultado/0600900-86.2026.6.19.0000;11591 | 11618 | 11631;Cargo - Deputado Federal | Condição de Elegibilidade - Pleno Exercício dos Direitos Políticos | Registro de Candidatura - RRC - Candidato;AGRAVANTE: AVANTE (AVANTE) - ESTADUAL | RECORRENTE: GABRIEL FERNANDES DE OLIVEIRA PEREIRA;;REPRESENTANTE: Procuradoria Regional Eleitoral no Rio de Janeiro | TERCEIRO INTERESSADO: Procuradoria Regional Eleitoral1.;1;2026-09-25;2026-09-25;0;0;0
01/10/2026;06:01:26;2026;0600902-88.2026.6.25.0000;08/09/2026;16/09/2026;SE;2;DF;3;08/09/2026;S;Por sorteio;223256;ANDRÉ MENDONÇA;14;Ministro;11549;REspEl;RECURSO ESPECIAL ELEITORAL;11589;Condição de Elegibilidade - Filiação Partidária;1;1;12/09/2026;Decisão;https://consultaunificadapje.tse.jus.br/#/public/resultado/0600902-88.2026.6.25.0000;11589 | 11617 | 11630;Cargo - Deputado Estadual | Condição de Elegibilidade - Filiação Partidária | Registro de Candidatura - Preenchimento de Vaga Remanescente;AGRAVANTE: GEYVSON LEANDRO CARDOSO VARJAO | AGRAVANTE: PARTIDO LIBERAL (PL) - ESTADUAL;;;1;2026-09-12;2026-09-12;0;0;0
01/10/2026;06:01:26;2026;0600903-69.2026.6.00.0000;25/05/2026;18/06/2026;DF;3;DF;3;25/05/2026;S;Por sorteio;202679;NUNES MARQUES;60;Juíz Auxiliar;11541;Rp;REPRESENTAÇÃO;11667;Propaganda Política - Propaganda Eleitoral - Extemporânea/Antecipada;0;1;12/06/2026;Decisão;https://consultaunificadapje.tse.jus.br/#/public/resultado/0600903-69.2026.6.00.0000;11667;Propaganda Política - Propaganda Eleitoral - Extemporânea/Antecipada;REPRESENTANTE: MARCO AURELIO DE CARVALHO | REPRESENTANTE: ROGERIO CORREIA DE MOURA BAPTISTA | REPRESENTANTE: Rogério Correia;REPRESENTADO: DANIEL BUENO VORCARO | REPRESENTADO: EDUARDO NANTES BOLSONARO | REPRESENTADO: FLAVIO NANTES BOLSONARO;;1;2026-06-12;2026-06-12;1;0;1
01/10/2026;06:01:26;2026;0600911-89.2026.6.02.0000;20/09/2026;#NULO#;AL;2;DF;3;20/09/2026;S;Por sorteio;349772;SEBASTIÃO REIS JUNIOR;11;Ministro;11549;REspEl;RECURSO ESPECIAL ELEITORAL;11593;Direito de Resposta;1;1;30/09/2026;Decisão;https://consultaunificadapje.tse.jus.br/#/public/resultado/0600911-89.2026.6.02.0000;11593 | 11637;Cargo - Senador | Direito de Resposta;RECORRENTE: ELEICAO 2026 JOAO FRANCISCO DE ASSIS NETO DEPUTADO FEDERAL | RECORRENTE: JOAO FRANCISCO DE ASSIS NETO;RECORRIDO: ELEICAO 2026 JOSE RENAN VASCONCELOS CALHEIROS SENADOR | RECORRIDO: JOSE RENAN VASCONCELOS CALHEIROS FILHO;REPRESENTANTE: MINISTERIO PUBLICO DA UNIAO | TERCEIRO INTERESSADO: MINISTÉRIO PÚBLICO ELEITORAL;1;2026-09-30;2026-09-30;0;0;0
01/10/2026;06:01:26;2026;0600918-48.2026.6.14.0000;28/09/2026;#NULO#;PA;2;DF;3;28/09/2026;S;Por sorteio;6276;DIAS TOFFOLI;3;Ministro;11550;RO-El;RECURSO ORDINÁRIO ELEITORAL;11618;Registro de Candidatura - RRC - Candidato;1;1;30/09/2026;Decisão;https://consultaunificadapje.tse.jus.br/#/public/resultado/0600918-48.2026.6.14.0000;11589 | 11618 | 11630;Cargo - Deputado Estadual | Condição de Elegibilidade - Filiação Partidária | Registro de Candidatura - RRC - Candidato;RECORRENTE: ELISANGELA MESQUITA DOS SANTOS | RECORRENTE: FEDERAÇÃO UNIÃO PROGRESSISTA - ESTADUAL / PA;;REPRESENTANTE: Ministério Público Eleitoral | TERCEIRO INTERESSADO: PROCURADORIA REGIONAL ELEITORAL DO PARÁ;1;2026-09-30;2026-09-30;0;0;0
01/10/2026;06:01:26;2026;0600925-35.2026.6.07.0000;22/09/2026;#NULO#;DF;2;DF;3;25/09/2026;PP;Por prevenção;349772;SEBASTIÃO REIS JUNIOR;11;Ministro;11550;RO-El;RECURSO ORDINÁRIO ELEITORAL;12044;Registro de Candidatura - DRAP Partido/Coligação;1;1;30/09/2026;Decisão;https://consultaunificadapje.tse.jus.br/#/public/resultado/0600925-35.2026.6.07.0000;11632 | 11639 | 12044;Cargo - Governador | Cargo - Vice-Governador | Registro de Candidatura - DRAP Partido/Coligação;AGRAVANTE: AGIR (AGIR) - REGIONAL;;REPRESENTANTE: Procuradoria Regional Eleitoral | TERCEIRO INTERESSADO: Ministério Público Eleitoral DF;1;2026-09-30;2026-09-30;0;0;0
01/10/2026;06:01:26;2026;0600928-82.2026.6.00.0000;29/05/2026;19/08/2026;DF;3;DF;3;29/05/2026;S;Por sorteio;202679;NUNES MARQUES;78;Ministro;1298;PA;PROCESSO ADMINISTRATIVO;11563;Afastamento de Magistrado;0;2;05/08/2026;Acórdão;https://consultaunificadapje.tse.jus.br/#/public/resultado/0600928-82.2026.6.00.0000;11563;Afastamento de Magistrado;INTERESSADO: TRIBUNAL REGIONAL ELEITORAL DE TOCANTINS;;;2;2026-07-14;2026-08-05;0;0;0
01/10/2026;06:01:26;2026;0600935-74.2026.6.00.0000;02/06/2026;#NULO#;DF;3;DF;3;02/06/2026;S;Por sorteio;223256;ANDRÉ MENDONÇA;72;Juiz Auxiliar;11541;Rp;REPRESENTAÇÃO;11667;Propaganda Política - Propaganda Eleitoral - Extemporânea/Antecipada;0;2;05/08/2026;Despacho;https://consultaunificadapje.tse.jus.br/#/public/resultado/0600935-74.2026.6.00.0000;11667;Propaganda Política - Propaganda Eleitoral - Extemporânea/Antecipada;REPRESENTANTE: PARTIDO LIBERAL (PL) - NACIONAL;REPRESENTADA: ERIKA SANTOS SILVA | REPRESENTADO: ALENCAR SANTANA BRAGA | REPRESENTADO: LUIZ LINDBERGH FARIAS FILHO | REPRESENTADO: PATRICK FRITZ Responsável pelo perfil @patrickfritzzzz no Threads | REPRESENTADO: RICARDO CARDOSO AZEVEDO | REPRESENTADO: ROGERIO CORREIA DE MOURA BAPTISTA;;1;2026-06-19;2026-06-19;1;0;1
01/10/2026;06:01:26;2026;0600937-65.2026.6.10.0000;20/08/2026;23/09/2026;MA;2;DF;3;20/08/2026;S;Por sorteio;202679;NUNES MARQUES;78;Ministro;1298;PA;PROCESSO ADMINISTRATIVO;11573;Requisição de Força Federal;1;1;17/09/2026;Acórdão;https://consultaunificadapje.tse.jus.br/#/public/resultado/0600937-65.2026.6.10.0000;11573;Requisição de Força Federal;INTERESSADO: TRIBUNAL REGIONAL ELEITORAL DO MARANHÃO;;REPRESENTANTE: MINISTERIO PUBLICO DA UNIAO | TERCEIRO INTERESSADO: PROCURADORIA REGIONAL ELEITORAL;1;2026-09-17;2026-09-17;0;0;0
01/10/2026;06:01:26;2026;0600942-43.2026.6.26.0000;30/08/2026;#NULO#;SP;2;DF;3;30/08/2026;S;Por sorteio;223256;ANDRÉ MENDONÇA;14;Ministro;11549;REspEl;RECURSO ESPECIAL ELEITORAL;11618;Registro de Candidatura - RRC - Candidato;1;1;03/09/2026;Decisão;https://consultaunificadapje.tse.jus.br/#/public/resultado/0600942-43.2026.6.26.0000;11589 | 11618 | 11631;Cargo - Deputado Federal | Condição de Elegibilidade - Filiação Partidária | Registro de Candidatura - RRC - Candidato;RECORRENTE: ADRIANO DA COSTA E SILVA | RECORRENTE: PARTIDO LIBERAL (PL) - ESTADUAL;;REPRESENTANTE: Procuradoria Regional Eleitoral | TERCEIRO INTERESSADO: PROCURADORIA REGIONAL ELEITORAL;1;2026-09-03;2026-09-03;0;0;0
01/10/2026;06:01:26;2026;0600947-88.2026.6.00.0000;03/06/2026;#NULO#;DF;3;DF;3;03/06/2026;S;Por sorteio;202679;NUNES MARQUES;60;Juíz Auxiliar;12630;RepEsp;REPRESENTAÇÃO ESPECIAL;12063;Conduta Vedada ao Agente Público;0;1;28/09/2026;Decisão;https://consultaunificadapje.tse.jus.br/#/public/resultado/0600947-88.2026.6.00.0000;11634 | 12063;Cargo - Presidente da República | Conduta Vedada ao Agente Público;REPRESENTANTE: PARTIDO LIBERAL (PL) - NACIONAL;REPRESENTADO: LUIZ INACIO LULA DA SILVA;;1;2026-09-28;2026-09-28;0;0;0
01/10/2026;06:01:26;2026;0600949-58.2026.6.00.0000;03/06/2026;#NULO#;DF;3;DF;3;03/06/2026;S;Por sorteio;223256;ANDRÉ MENDONÇA;72;Juiz Auxiliar;11541;Rp;REPRESENTAÇÃO;11667;Propaganda Política - Propaganda Eleitoral - Extemporânea/Antecipada;0;2;30/06/2026;Acórdão;https://consultaunificadapje.tse.jus.br/#/public/resultado/0600949-58.2026.6.00.0000;11667;Propaganda Política - Propaganda Eleitoral - Extemporânea/Antecipada;REPRESENTANTE: FEDERAÇÃO BRASIL DA ESPERANÇA (FE BRASIL) - NACIONAL;REPRESENTADO: SOSTENES SILVA CAVALCANTE;;2;2026-06-19;2026-06-30;1;0;1
01/10/2026;06:01:26;2026;0600950-43.2026.6.00.0000;03/06/2026;#NULO#;DF;3;DF;3;03/06/2026;S;Por sorteio;223256;ANDRÉ MENDONÇA;72;Juiz Auxiliar;11541;Rp;REPRESENTAÇÃO;11667;Propaganda Política - Propaganda Eleitoral - Extemporânea/Antecipada;0;1;04/08/2026;Decisão;https://consultaunificadapje.tse.jus.br/#/public/resultado/0600950-43.2026.6.00.0000;11667 | 15429;Propaganda Política - Propaganda Eleitoral - Extemporânea/Antecipada | Propaganda Política - Propaganda Eleitoral - Uso de Inteligência Artificial;REPRESENTANTE: FEDERAÇÃO BRASIL DA ESPERANÇA (FE BRASIL) - NACIONAL;REPRESENTADO: FLAVIO NANTES BOLSONARO | REPRESENTADO: PARTIDO LIBERAL (PL) - NACIONAL;;1;2026-08-04;2026-08-04;1;0;1
01/10/2026;06:01:26;2026;0600954-04.2026.6.10.0000;08/09/2026;#NULO#;MA;2;DF;3;08/09/2026;S;Por sorteio;6276;DIAS TOFFOLI;3;Ministro;11549;REspEl;RECURSO ESPECIAL ELEITORAL;11670;Propaganda Política - Propaganda Eleitoral - Distribuição de Tempo de Propaganda;1;1;11/09/2026;Decisão;https://consultaunificadapje.tse.jus.br/#/public/resultado/0600954-04.2026.6.10.0000;11670 | 12360 | 60020;Matéria Administrativa | Propaganda Política - Propaganda Eleitoral - Distribuição de Tempo de Propaganda | Reclamação;RECORRENTE: ELEICAO 2026 ROBERTO COELHO ROCHA GOVERNADOR | RECORRENTE: PARTIDO RENOVADOR TRABALHISTA BRASILEIRO (PRTB) - ESTADUAL | RECORRENTE: ROBERTO COELHO ROCHA | SOCIEDADE: TED ANDERSON SOCIEDADE INDIVIDUAL DE ADVOCACIA;RECORRIDO: CARLOS ORLEANS BRANDAO JUNIOR | RECORRIDO: EDUARDO SALIM BRAIDE | RECORRIDO: ELEICAO 2026 CARLOS ORLEANS BRAIDE BRANDAO GOVERNADOR | RECORRIDO: ELEICAO 2026 EDUARDO SALIM BRAIDE GOVERNADOR | RECORRIDO: ELEICAO 2026 FELIPE COSTA CAMARAO GOVERNADOR | RECORRIDO: FELIPE COSTA CAMARAO | RECORRIDO: TRIBUNAL REGIONAL ELEITORAL DO MARANHÃO;;1;2026-09-11;2026-09-11;1;0;1
01/10/2026;06:01:26;2026;0600954-80.2026.6.00.0000;03/06/2026;#NULO#;DF;3;DF;3;03/06/2026;S;Por sorteio;223256;ANDRÉ MENDONÇA;72;Juiz Auxiliar;11541;Rp;REPRESENTAÇÃO;11667;Propaganda Política - Propaganda Eleitoral - Extemporânea/Antecipada;0;3;05/08/2026;Despacho;https://consultaunificadapje.tse.jus.br/#/public/resultado/0600954-80.2026.6.00.0000;11667 | 15429;Propaganda Política - Propaganda Eleitoral - Extemporânea/Antecipada | Propaganda Política - Propaganda Eleitoral - Uso de Inteligência Artificial;REPRESENTANTE: FEDERAÇÃO BRASIL DA ESPERANÇA (FE BRASIL) - NACIONAL;REPRESENTADO: CARLOS NANTES BOLSONARO;;2;2026-06-19;2026-06-30;1;0;1
01/10/2026;06:01:26;2026;0600955-65.2026.6.00.0000;03/06/2026;#NULO#;DF;3;DF;3;03/06/2026;S;Por sorteio;223256;ANDRÉ MENDONÇA;72;Juiz Auxiliar;11541;Rp;REPRESENTAÇÃO;11667;Propaganda Política - Propaganda Eleitoral - Extemporânea/Antecipada;0;1;04/08/2026;Decisão;https://consultaunificadapje.tse.jus.br/#/public/resultado/0600955-65.2026.6.00.0000;11667 | 15429;Propaganda Política - Propaganda Eleitoral - Extemporânea/Antecipada | Propaganda Política - Propaganda Eleitoral - Uso de Inteligência Artificial;REPRESENTANTE: FEDERAÇÃO BRASIL DA ESPERANÇA (FE BRASIL) - NACIONAL;REPRESENTADO: FLAVIO NANTES BOLSONARO;;1;2026-08-04;2026-08-04;1;0;1
01/10/2026;06:01:26;2026;0600956-50.2026.6.00.0000;03/06/2026;22/09/2026;DF;3;DF;3;03/06/2026;S;Por sorteio;285510;ANTONIO CARLOS FERREIRA;11;Ministro;11551;CtaEl;CONSULTA;60013;Consulta;0;1;01/09/2026;Acórdão;https://consultaunificadapje.tse.jus.br/#/public/resultado/0600956-50.2026.6.00.0000;60013;Consulta;CONSULENTE: PARTIDO LIBERAL (PL) - ESTADUAL;;;1;2026-09-01;2026-09-01;0;0;0
01/10/2026;06:01:26;2026;0600958-20.2026.6.00.0000;03/06/2026;#NULO#;DF;3;DF;3;03/06/2026;S;Por sorteio;202679;NUNES MARQUES;60;Juíz Auxiliar;12630;RepEsp;REPRESENTAÇÃO ESPECIAL;12063;Conduta Vedada ao Agente Público;0;2;17/09/2026;Despacho;https://consultaunificadapje.tse.jus.br/#/public/resultado/0600958-20.2026.6.00.0000;11634 | 12063;Cargo - Presidente da República | Conduta Vedada ao Agente Público;REPRESENTANTE: PARTIDO LIBERAL (PL) - NACIONAL;REPRESENTADO: LUIZ INACIO LULA DA SILVA;;1;2026-07-28;2026-07-28;0;0;0
01/10/2026;06:01:26;2026;0600960-87.2026.6.00.0000;04/06/2026;#NULO#;DF;3;DF;3;04/06/2026;S;Por sorteio;223256;ANDRÉ MENDONÇA;72;Juiz Auxiliar;11541;Rp;REPRESENTAÇÃO;15429;Propaganda Política - Propaganda Eleitoral - Uso de Inteligência Artificial;0;2;30/06/2026;Acórdão;https://consultaunificadapje.tse.jus.br/#/public/resultado/0600960-87.2026.6.00.0000;11667 | 15429;Propaganda Política - Propaganda Eleitoral - Extemporânea/Antecipada | Propaganda Política - Propaganda Eleitoral - Uso de Inteligência Artificial;REPRESENTANTE: FEDERAÇÃO BRASIL DA ESPERANÇA (FE BRASIL) - NACIONAL;REPRESENTADO: MARCOS RIBEIRO DO VAL;;2;2026-06-19;2026-06-30;1;0;1
01/10/2026;06:01:26;2026;0600961-72.2026.6.00.0000;04/06/2026;#NULO#;DF;3;DF;3;04/06/2026;S;Por sorteio;223256;ANDRÉ MENDONÇA;72;Juiz Auxiliar;11541;Rp;REPRESENTAÇÃO;11667;Propaganda Política - Propaganda Eleitoral - Extemporânea/Antecipada;0;2;11/09/2026;Acórdão;https://consultaunificadapje.tse.jus.br/#/public/resultado/0600961-72.2026.6.00.0000;11667 | 15429;Propaganda Política - Propaganda Eleitoral - Extemporânea/Antecipada | Propaganda Política - Propaganda Eleitoral - Uso de Inteligência Artificial;REPRESENTANTE: FEDERAÇÃO BRASIL DA ESPERANÇA (FE BRASIL) - NACIONAL;REPRESENTADO: MARCELO ANTONIO CARTAXO QUEIROGA LOPES;;2;2026-08-04;2026-09-11;1;0;1
01/10/2026;06:01:26;2026;0600962-62.2026.6.07.0000;13/09/2026;#NULO#;DF;2;DF;3;13/09/2026;S;Por sorteio;6276;DIAS TOFFOLI;3;Ministro;11550;RO-El;RECURSO ORDINÁRIO ELEITORAL;11616;Impugnação ao Registro de Candidatura;1;1;30/09/2026;Acórdão;https://consultaunificadapje.tse.jus.br/#/public/resultado/0600962-62.2026.6.07.0000;11600 | 11616 | 11639 | 11645;Cargo - Vice-Governador | Eleições - Eleição Majoritária | Impugnação ao Registro de Candidatura | Inelegibilidade - Desincompatibilização;AGRAVANTE: FEDERAÇÃO BRASIL DA ESPERANÇA - FE BRASIL (PT/PC do B/PV) - DISTRITO FEDERAL | AGRAVANTE: GUSTAVO DO VALE ROCHA | AGRAVANTE: Ministério Público Eleitoral DF | AGRAVANTE: PROPÓSITO E AÇÃO [REPUBLICANOS/MDB/PODE/PL/DC/MOBILIZA/DEMOCRATA/FEDERAÇÃO RENOVAÇÃO SOLIDÁRIA(25-PRD/77-SOLIDARIEDADE)/FEDERAÇÃO UNIÃO PROGRESSISTA(44-UNIÃO/11-PP)] - DISTRITO FEDERAL | RECORRENTE: FEDERAÇÃO BRASIL DA ESPERANÇA (FE BRASIL) - REGIONAL / DF | REPRESENTANTE: Procuradoria Regional Eleitoral;;REPRESENTANTE: Procuradoria Regional Eleitoral;1;2026-09-30;2026-09-30;0;0;0
01/10/2026;06:01:26;2026;0600963-42.2026.6.00.0000;05/06/2026;#NULO#;DF;3;DF;3;05/06/2026;S;Por sorteio;202679;NUNES MARQUES;60;Juíz Auxiliar;11541;Rp;REPRESENTAÇÃO;11667;Propaganda Política - Propaganda Eleitoral - Extemporânea/Antecipada;0;2;13/08/2026;Acórdão;https://consultaunificadapje.tse.jus.br/#/public/resultado/0600963-42.2026.6.00.0000;11667;Propaganda Política - Propaganda Eleitoral - Extemporânea/Antecipada;REPRESENTANTE: PARTIDO LIBERAL (PL) - NACIONAL;REPRESENTADO: DARIO CARNEVALLI DURIGAN | REPRESENTADO: LUIZ INACIO LULA DA SILVA;;2;2026-06-22;2026-08-13;1;0;1
01/10/2026;06:01:26;2026;0600964-64.2026.6.13.0000;01/09/2026;20/09/2026;MG;2;DF;3;01/09/2026;S;Por sorteio;6276;DIAS TOFFOLI;3;Ministro;11550;RO-El;RECURSO ORDINÁRIO ELEITORAL;11604;Inelegibilidade - Rejeição de Contas Públicas;1;1;16/09/2026;Decisão;https://consultaunificadapje.tse.jus.br/#/public/resultado/0600964-64.2026.6.13.0000;11604 | 11616 | 11630;Cargo - Deputado Estadual | Impugnação ao Registro de Candidatura | Inelegibilidade - Rejeição de Contas Públicas;AGRAVANTE: Procuradoria Regional Eleitoral de Minas Gerais | RECORRENTE: Ministério Público Eleitoral | REPRESENTANTE: Procuradoria Regional Eleitoral;RECORRIDA: FEDERAÇÃO BRASIL DA ESPERANÇA (FE BRASIL) - ESTADUAL / MG | RECORRIDO: MARCOS JOSERALDO LEMOS;REPRESENTANTE: Procuradoria Regional Eleitoral | TERCEIRO INTERESSADO: PROCURADOR REGIONAL ELEITORAL;1;2026-09-16;2026-09-16;0;0;0
01/10/2026;06:01:26;2026;0600965-12.2026.6.00.0000;07/06/2026;#NULO#;DF;3;DF;3;07/06/2026;S;Por sorteio;223256;ANDRÉ MENDONÇA;72;Juiz Auxiliar;11541;Rp;REPRESENTAÇÃO;11667;Propaganda Política - Propaganda Eleitoral - Extemporânea/Antecipada;0;1;19/06/2026;Decisão;https://consultaunificadapje.tse.jus.br/#/public/resultado/0600965-12.2026.6.00.0000;11667;Propaganda Política - Propaganda Eleitoral - Extemporânea/Antecipada;REPRESENTANTE: PARTIDO LIBERAL (PL) - NACIONAL;REPRESENTADO: LUIZ LINDBERGH FARIAS FILHO | REPRESENTADO: ROGERIO CORREIA DE MOURA BAPTISTA;;1;2026-06-19;2026-06-19;1;0;1
01/10/2026;06:01:26;2026;0600966-94.2026.6.00.0000;07/06/2026;#NULO#;DF;3;DF;3;07/06/2026;S;Por sorteio;202679;NUNES MARQUES;60;Juíz Auxiliar;11541;Rp;REPRESENTAÇÃO;11667;Propaganda Política - Propaganda Eleitoral - Extemporânea/Antecipada;0;1;26/09/2026;Decisão;https://consultaunificadapje.tse.jus.br/#/public/resultado/0600966-94.2026.6.00.0000;11667;Propaganda Política - Propaganda Eleitoral - Extemporânea/Antecipada;REPRESENTANTE: PARTIDO LIBERAL (PL) - NACIONAL;REPRESENTADA: GLEISI HELENA HOFFMANN | REPRESENTADA: NATALIA BASTOS BONAVIDES | REPRESENTADO: EDSON ANTONIO EDINHO DA SILVA | REPRESENTADO: FABIANO E SILVA LEITAO DUARTE | REPRESENTADO: LEONEL GUTERRES RADDE | REPRESENTADO: LUIZ LINDBERGH FARIAS FILHO | REPRESENTADO: MARCELO RIBEIRO FREIXO | REPRESENTADO: PARTIDO DOS TRABALHADORES (PT) - NACIONAL | REPRESENTADO: ROGERIO CORREIA DE MOURA BAPTISTA;;1;2026-09-26;2026-09-26;1;0;1
01/10/2026;06:01:26;2026;0600967-79.2026.6.00.0000;07/06/2026;24/06/2026;DF;3;DF;3;07/06/2026;S;Por sorteio;233218;FLORIANO DE AZEVEDO MARQUES;13;Ministro;120;MSCiv;MANDADO DE SEGURANÇA CÍVEL;11667;Propaganda Política - Propaganda Eleitoral - Extemporânea/Antecipada;0;1;12/06/2026;Decisão;https://consultaunificadapje.tse.jus.br/#/public/resultado/0600967-79.2026.6.00.0000;11667 | 15429 | 60022;Propaganda Política - Propaganda Eleitoral - Extemporânea/Antecipada | Propaganda Política - Propaganda Eleitoral - Uso de Inteligência Artificial | Representação;IMPETRANTE: RICARDO CESAR DO VALE ANTUNES;AUTORIDADE COATORA: DESEMBARGADOR WASHINGTON LUÍS MACEDO DE AMORIM | LITISCONSORTE: PARTIDO SOCIALISTA BRASILEIRO (PSB) - ESTADUAL;;1;2026-06-12;2026-06-12;1;0;1
01/10/2026;06:01:26;2026;0600968-64.2026.6.00.0000;08/06/2026;#NULO#;DF;3;DF;3;08/06/2026;S;Por sorteio;223256;ANDRÉ MENDONÇA;72;Juiz Auxiliar;11541;Rp;REPRESENTAÇÃO;11667;Propaganda Política - Propaganda Eleitoral - Extemporânea/Antecipada;0;2;30/06/2026;Acórdão;https://consultaunificadapje.tse.jus.br/#/public/resultado/0600968-64.2026.6.00.0000;11667;Propaganda Política - Propaganda Eleitoral - Extemporânea/Antecipada;REPRESENTANTE: PARTIDO LIBERAL (PL) - NACIONAL;REPRESENTADO: ANDRE LUIS GASPAR JANONES;;2;2026-06-19;2026-06-30;1;0;1
01/10/2026;06:01:26;2026;0600969-49.2026.6.00.0000;08/06/2026;#NULO#;DF;3;DF;3;08/06/2026;S;Por sorteio;223256;ANDRÉ MENDONÇA;72;Juiz Auxiliar;11541;Rp;REPRESENTAÇÃO;11667;Propaganda Política - Propaganda Eleitoral - Extemporânea/Antecipada;0;2;30/06/2026;Acórdão;https://consultaunificadapje.tse.jus.br/#/public/resultado/0600969-49.2026.6.00.0000;11667 | 15429;Propaganda Política - Propaganda Eleitoral - Extemporânea/Antecipada | Propaganda Política - Propaganda Eleitoral - Uso de Inteligência Artificial;REPRESENTANTE: PARTIDO LIBERAL (PL) - NACIONAL;REPRESENTADO: RICARDO PEREIRA;;2;2026-06-19;2026-06-30;1;0;1
01/10/2026;06:01:26;2026;0600973-86.2026.6.00.0000;08/06/2026;#NULO#;DF;3;DF;3;08/06/2026;S;Por sorteio;202679;NUNES MARQUES;60;Juíz Auxiliar;11541;Rp;REPRESENTAÇÃO;11667;Propaganda Política - Propaganda Eleitoral - Extemporânea/Antecipada;0;2;17/09/2026;Acórdão;https://consultaunificadapje.tse.jus.br/#/public/resultado/0600973-86.2026.6.00.0000;11667;Propaganda Política - Propaganda Eleitoral - Extemporânea/Antecipada;REPRESENTANTE: FEDERAÇÃO BRASIL DA ESPERANÇA (FE BRASIL) - NACIONAL;REPRESENTADO: FLAVIO NANTES BOLSONARO;;2;2026-06-22;2026-09-17;1;0;1
01/10/2026;06:01:26;2026;0600974-71.2026.6.00.0000;09/06/2026;31/08/2026;DF;3;DF;3;09/06/2026;S;Por sorteio;202679;NUNES MARQUES;78;Ministro;241;PetCiv;PETIÇÃO CÍVEL;15591;Fundo Especial de Financiamento de Campanha (FEFC);0;1;19/08/2026;Decisão;https://consultaunificadapje.tse.jus.br/#/public/resultado/0600974-71.2026.6.00.0000;11768 | 15591;Fundo Especial de Financiamento de Campanha (FEFC) | Partido Político - Órgão de Direção Nacional;REQUERENTE: PARTIDO LIBERAL (PL) - NACIONAL;;;1;2026-08-19;2026-08-19;0;0;0
01/10/2026;06:01:26;2026;0600975-56.2026.6.00.0000;09/06/2026;19/08/2026;DF;3;DF;3;09/06/2026;S;Por sorteio;202679;NUNES MARQUES;78;Ministro;1298;PA;PROCESSO ADMINISTRATIVO;11563;Afastamento de Magistrado;0;2;14/08/2026;Acórdão;https://consultaunificadapje.tse.jus.br/#/public/resultado/0600975-56.2026.6.00.0000;11563;Afastamento de Magistrado;INTERESSADO: TRIBUNAL REGIONAL ELEITORAL DO RIO GRANDE DO SUL | INTERESSADO: Tribunal Regional Eleitoral do Rio Grande do Sul;;;2;2026-07-12;2026-08-14;0;0;0
01/10/2026;06:01:26;2026;0600976-41.2026.6.00.0000;09/06/2026;#NULO#;DF;3;DF;3;09/06/2026;S;Por sorteio;223256;ANDRÉ MENDONÇA;72;Juiz Auxiliar;11541;Rp;REPRESENTAÇÃO;12638;Propaganda Política - Propaganda Eleitoral - Impulsionamento;0;2;30/06/2026;Acórdão;https://consultaunificadapje.tse.jus.br/#/public/resultado/0600976-41.2026.6.00.0000;11679 | 12638;Propaganda Política - Propaganda Eleitoral - Impulsionamento | Propaganda Política - Propaganda Eleitoral - Internet;REPRESENTANTE: FEDERAÇÃO BRASIL DA ESPERANÇA (FE BRASIL) - NACIONAL;REPRESENTADO: PARTIDO LIBERAL (PL) - NACIONAL;;2;2026-06-19;2026-06-30;1;0;1
01/10/2026;06:01:26;2026;0600978-11.2026.6.00.0000;09/06/2026;30/09/2026;DF;3;DF;3;10/06/2026;S;Por sorteio;202679;NUNES MARQUES;78;Ministro;241;PetCiv;PETIÇÃO CÍVEL;11778;Requerimento;0;2;22/09/2026;Acórdão;https://consultaunificadapje.tse.jus.br/#/public/resultado/0600978-11.2026.6.00.0000;11768 | 11778;Partido Político - Órgão de Direção Nacional | Requerimento;REQUERENTE: PARTIDO DOS TRABALHADORES (PT) - NACIONAL;;;1;2026-09-22;2026-09-22;0;0;0
01/10/2026;06:01:26;2026;0600979-93.2026.6.00.0000;09/06/2026;#NULO#;DF;3;DF;3;09/06/2026;S;Por sorteio;202679;NUNES MARQUES;60;Juíz Auxiliar;11541;Rp;REPRESENTAÇÃO;11667;Propaganda Política - Propaganda Eleitoral - Extemporânea/Antecipada;0;2;13/08/2026;Acórdão;https://consultaunificadapje.tse.jus.br/#/public/resultado/0600979-93.2026.6.00.0000;11667 | 15429;Propaganda Política - Propaganda Eleitoral - Extemporânea/Antecipada | Propaganda Política - Propaganda Eleitoral - Uso de Inteligência Artificial;REPRESENTANTE: PARTIDO LIBERAL (PL) - NACIONAL;REPRESENTADO: LAZARO MURILO MARANHAO ROSA;;2;2026-06-22;2026-08-13;1;0;1
01/10/2026;06:01:26;2026;0600987-70.2026.6.00.0000;10/06/2026;#NULO#;DF;3;DF;3;10/06/2026;S;Por sorteio;223256;ANDRÉ MENDONÇA;72;Juiz Auxiliar;11541;Rp;REPRESENTAÇÃO;11667;Propaganda Política - Propaganda Eleitoral - Extemporânea/Antecipada;0;6;08/09/2026;Despacho;https://consultaunificadapje.tse.jus.br/#/public/resultado/0600987-70.2026.6.00.0000;11667;Propaganda Política - Propaganda Eleitoral - Extemporânea/Antecipada;REPRESENTANTE: FEDERAÇÃO BRASIL DA ESPERANÇA (FE BRASIL) - NACIONAL;REPRESENTADO: DIEGO GARCIA RAMOS | REPRESENTADO: MARIO LUIS FRIAS | REPRESENTADO: Responsável pelo perfil @flaviobolsonaroapoio | REPRESENTADO: Usuário responsável pelo perfil no instagram @flaviobolsonaroapoio;;2;2026-06-19;2026-06-30;1;0;1
01/10/2026;06:01:26;2026;0600988-55.2026.6.00.0000;10/06/2026;#NULO#;DF;3;DF;3;10/06/2026;S;Por sorteio;202679;NUNES MARQUES;60;Juíz Auxiliar;11541;Rp;REPRESENTAÇÃO;11667;Propaganda Política - Propaganda Eleitoral - Extemporânea/Antecipada;0;2;13/08/2026;Acórdão;https://consultaunificadapje.tse.jus.br/#/public/resultado/0600988-55.2026.6.00.0000;11667;Propaganda Política - Propaganda Eleitoral - Extemporânea/Antecipada;REPRESENTANTE: FEDERAÇÃO BRASIL DA ESPERANÇA (FE BRASIL) - NACIONAL;REPRESENTADA: MARIANA DI MORAES | REPRESENTADA: Mariana di Moraes | REPRESENTADO: ALLAN LOPES DOS SANTOS;;2;2026-06-22;2026-08-13;1;0;1
01/10/2026;06:01:26;2026;0600994-62.2026.6.00.0000;10/06/2026;02/09/2026;DF;3;DF;3;10/06/2026;S;Por sorteio;301846;RICARDO VILLAS BÔAS CUEVA;4;Ministro;120;MSCiv;MANDADO DE SEGURANÇA CÍVEL;11648;Pesquisa Eleitoral;0;2;01/09/2026;Acórdão;https://consultaunificadapje.tse.jus.br/#/public/resultado/0600994-62.2026.6.00.0000;11648 | 60018;Mandado de Segurança | Pesquisa Eleitoral;IMPETRANTE: INSTITUTO PARANA DE PESQUISAS E ANALISE DE CONSUMIDOR LTDA - EPP;AUTORIDADE COATORA: JUIZ ELEITORAL RODRIGO DE MENESES DOS SANTOS | LITISCONSORTE: REDE SUSTENTABILIDADE -DIRETORIO ESTADUAL - TOCANTINS;;2;2026-06-12;2026-09-01;0;0;0
01/10/2026;06:01:26;2026;0600999-35.2026.6.09.0000;18/09/2026;29/09/2026;GO;2;DF;3;18/09/2026;S;Por sorteio;6276;DIAS TOFFOLI;3;Ministro;11550;RO-El;RECURSO ORDINÁRIO ELEITORAL;11618;Registro de Candidatura - RRC - Candidato;1;2;25/09/2026;Decisão;https://consultaunificadapje.tse.jus.br/#/public/resultado/0600999-35.2026.6.09.0000;11600 | 11618 | 11630;Cargo - Deputado Estadual | Inelegibilidade - Desincompatibilização | Registro de Candidatura - RRC - Candidato;AGRAVANTE: FEDERAÇÃO PSOL REDE (PSOL/REDE) - GOIÁS | RECORRENTE: JULIO CEZAR SANTOS GRACA;;REPRESENTANTE: MINISTERIO PUBLICO DA UNIAO | TERCEIRO INTERESSADO: Procurador Regional Eleitoral de Goiás;2;2026-09-21;2026-09-25;0;0;0
01/10/2026;06:01:26;2026;0601001-54.2026.6.00.0000;12/06/2026;#NULO#;DF;3;DF;3;12/06/2026;S;Por sorteio;202679;NUNES MARQUES;60;Juíz Auxiliar;11541;Rp;REPRESENTAÇÃO;11667;Propaganda Política - Propaganda Eleitoral - Extemporânea/Antecipada;0;2;17/09/2026;Acórdão;https://consultaunificadapje.tse.jus.br/#/public/resultado/0601001-54.2026.6.00.0000;11667;Propaganda Política - Propaganda Eleitoral - Extemporânea/Antecipada;REPRESENTANTE: PARTIDO LIBERAL (PL) - NACIONAL;REPRESENTADO: LUIZ LINDBERGH FARIAS FILHO;;2;2026-07-28;2026-09-17;1;0;1
01/10/2026;06:01:26;2026;0601002-39.2026.6.00.0000;12/06/2026;#NULO#;DF;3;DF;3;12/06/2026;S;Por sorteio;223256;ANDRÉ MENDONÇA;72;Juiz Auxiliar;11541;Rp;REPRESENTAÇÃO;11667;Propaganda Política - Propaganda Eleitoral - Extemporânea/Antecipada;0;2;30/06/2026;Acórdão;https://consultaunificadapje.tse.jus.br/#/public/resultado/0601002-39.2026.6.00.0000;11667;Propaganda Política - Propaganda Eleitoral - Extemporânea/Antecipada;REPRESENTANTE: PARTIDO LIBERAL (PL) - NACIONAL;REPRESENTADO: GUILHERME CASTRO BOULOS;;2;2026-06-19;2026-06-30;1;0;1
01/10/2026;06:01:26;2026;0601002-87.2026.6.09.0000;16/09/2026;26/09/2026;GO;2;DF;3;16/09/2026;PP;Por prevenção;223256;ANDRÉ MENDONÇA;14;Ministro;11550;RO-El;RECURSO ORDINÁRIO ELEITORAL;12044;Registro de Candidatura - DRAP Partido/Coligação;1;1;22/09/2026;Decisão;https://consultaunificadapje.tse.jus.br/#/public/resultado/0601002-87.2026.6.09.0000;11616 | 11632 | 11639 | 11645 | 12044;Cargo - Governador | Cargo - Vice-Governador | Eleições - Eleição Majoritária | Impugnação ao Registro de Candidatura | Registro de Candidatura - DRAP Partido/Coligação;RECORRENTE: COLIGAÇÃO PRA GOIÁS SEGUIR EM FRENTE;RECORRIDA: COLIGAÇÃO GOIÁS PODE MUITO MAIS;REPRESENTANTE: MINISTERIO PUBLICO DA UNIAO | TERCEIRO INTERESSADO: Procurador Regional Eleitoral de Goiás;1;2026-09-22;2026-09-22;0;0;0
01/10/2026;06:01:26;2026;0601004-09.2026.6.00.0000;12/06/2026;#NULO#;DF;3;DF;3;12/06/2026;S;Por sorteio;202679;NUNES MARQUES;60;Juíz Auxiliar;11541;Rp;REPRESENTAÇÃO;15429;Propaganda Política - Propaganda Eleitoral - Uso de Inteligência Artificial;0;1;28/07/2026;Decisão;https://consultaunificadapje.tse.jus.br/#/public/resultado/0601004-09.2026.6.00.0000;11667 | 15429 | 15524;Propaganda Política - Propaganda Eleitoral - Deep Fake | Propaganda Política - Propaganda Eleitoral - Extemporânea/Antecipada | Propaganda Política - Propaganda Eleitoral - Uso de Inteligência Artificial;REPRESENTANTE: PARTIDO LIBERAL (PL) - NACIONAL;REPRESENTADO: PARTIDO DOS TRABALHADORES (PT) - MUNICIPAL;;1;2026-07-28;2026-07-28;1;0;1
01/10/2026;06:01:26;2026;0601006-76.2026.6.00.0000;14/06/2026;#NULO#;DF;3;DF;3;14/06/2026;S;Por sorteio;223256;ANDRÉ MENDONÇA;72;Juiz Auxiliar;11541;Rp;REPRESENTAÇÃO;11667;Propaganda Política - Propaganda Eleitoral - Extemporânea/Antecipada;0;2;19/08/2026;Acórdão;https://consultaunificadapje.tse.jus.br/#/public/resultado/0601006-76.2026.6.00.0000;11667;Propaganda Política - Propaganda Eleitoral - Extemporânea/Antecipada;REPRESENTANTE: PARTIDO LIBERAL (PL) - NACIONAL;REPRESENTADO: OTONI MOURA DE PAULO JÚNIOR;;2;2026-08-04;2026-08-19;1;0;1
01/10/2026;06:01:26;2026;0601007-61.2026.6.00.0000;14/06/2026;#NULO#;DF;3;DF;3;14/06/2026;S;Por sorteio;202679;NUNES MARQUES;60;Juíz Auxiliar;11541;Rp;REPRESENTAÇÃO;11667;Propaganda Política - Propaganda Eleitoral - Extemporânea/Antecipada;0;1;22/09/2026;Decisão;https://consultaunificadapje.tse.jus.br/#/public/resultado/0601007-61.2026.6.00.0000;11667;Propaganda Política - Propaganda Eleitoral - Extemporânea/Antecipada;REPRESENTANTE: PARTIDO LIBERAL (PL) - NACIONAL;REPRESENTADO: RICARDO CARDOSO AZEVEDO;;1;2026-09-22;2026-09-22;1;0;1
01/10/2026;06:01:26;2026;0601009-31.2026.6.00.0000;14/06/2026;#NULO#;DF;3;DF;3;14/06/2026;S;Por sorteio;223256;ANDRÉ MENDONÇA;72;Juiz Auxiliar;11541;Rp;REPRESENTAÇÃO;11667;Propaganda Política - Propaganda Eleitoral - Extemporânea/Antecipada;0;2;19/08/2026;Acórdão;https://consultaunificadapje.tse.jus.br/#/public/resultado/0601009-31.2026.6.00.0000;11667;Propaganda Política - Propaganda Eleitoral - Extemporânea/Antecipada;REPRESENTANTE: PARTIDO LIBERAL (PL) - NACIONAL;REPRESENTADO: HARYSON KNAAK PLASTER;;2;2026-08-04;2026-08-19;1;0;1
01/10/2026;06:01:26;2026;0601009-36.2026.6.07.0000;22/09/2026;#NULO#;DF;2;DF;3;22/09/2026;PP;Por prevenção;6276;DIAS TOFFOLI;3;Ministro;11550;RO-El;RECURSO ORDINÁRIO ELEITORAL;12044;Registro de Candidatura - DRAP Partido/Coligação;1;1;27/09/2026;Decisão;https://consultaunificadapje.tse.jus.br/#/public/resultado/0601009-36.2026.6.07.0000;11632 | 11639 | 11645 | 12044;Cargo - Governador | Cargo - Vice-Governador | Eleições - Eleição Majoritária | Registro de Candidatura - DRAP Partido/Coligação;AGRAVANTE: PARTIDO RENOVADOR TRABALHISTA BRASILEIRO (PRTB) - REGIONAL;;REPRESENTANTE: Procuradoria Regional Eleitoral | TERCEIRO INTERESSADO: Ministério Público Eleitoral DF;1;2026-09-27;2026-09-27;0;0;0
01/10/2026;06:01:26;2026;0601010-16.2026.6.00.0000;14/06/2026;#NULO#;DF;3;DF;3;14/06/2026;S;Por sorteio;202679;NUNES MARQUES;60;Juíz Auxiliar;11541;Rp;REPRESENTAÇÃO;11667;Propaganda Política - Propaganda Eleitoral - Extemporânea/Antecipada;0;2;17/09/2026;Acórdão;https://consultaunificadapje.tse.jus.br/#/public/resultado/0601010-16.2026.6.00.0000;11667;Propaganda Política - Propaganda Eleitoral - Extemporânea/Antecipada;REPRESENTANTE: PARTIDO LIBERAL (PL) - NACIONAL;REPRESENTADO: THIAGO DOS REIS PEREIRA DOS SANTOS;;2;2026-07-28;2026-09-17;1;0;1
01/10/2026;06:01:26;2026;0601010-21.2026.6.07.0000;17/09/2026;#NULO#;DF;2;DF;3;17/09/2026;PP;Por prevenção;6276;DIAS TOFFOLI;3;Ministro;11550;RO-El;RECURSO ORDINÁRIO ELEITORAL;15590;RRC Indeferido em Função do Indeferimento do DRAP;1;1;25/09/2026;Decisão;https://consultaunificadapje.tse.jus.br/#/public/resultado/0601010-21.2026.6.07.0000;11618 | 11632 | 11645 | 14940 | 15590;Cargo - Governador | Eleições - Eleição Majoritária | Intempestividade | RRC Indeferido em Função do Indeferimento do DRAP | Registro de Candidatura - RRC - Candidato;AGRAVANTE: PARTIDO RENOVADOR TRABALHISTA BRASILEIRO (PRTB) - REGIONAL | RECORRENTE: ALDERICO DA SILVA PINHEIRO FILHO;;REPRESENTANTE: Procuradoria Regional Eleitoral | TERCEIRO INTERESSADO: Ministério Público Eleitoral DF;1;2026-09-25;2026-09-25;0;0;0
01/10/2026;06:01:26;2026;0601011-98.2026.6.00.0000;15/06/2026;01/07/2026;DF;3;DF;3;15/06/2026;S;Por sorteio;233218;FLORIANO DE AZEVEDO MARQUES;13;Ministro;241;PetCiv;PETIÇÃO CÍVEL;11778;Requerimento;0;1;25/06/2026;Decisão;https://consultaunificadapje.tse.jus.br/#/public/resultado/0601011-98.2026.6.00.0000;11778;Requerimento;REQUERENTE: JOAQUIM PEDRO DE MORAIS FILHO;REQUERIDO: TRIBUNAL SUPERIOR ELEITORAL;;1;2026-06-25;2026-06-25;0;0;0
01/10/2026;06:01:26;2026;0601012-83.2026.6.00.0000;15/06/2026;17/09/2026;DF;3;DF;3;15/06/2026;S;Por sorteio;350140;ESTELA ARANHA;7;Ministro;11545;LT;LISTA TRÍPLICE;12643;Processamento de Lista Tríplice;0;2;21/08/2026;Acórdão;https://consultaunificadapje.tse.jus.br/#/public/resultado/0601012-83.2026.6.00.0000;12643;Processamento de Lista Tríplice;ADVOGADO(A) INDICADO(A): LEONARDO CAMPOS SOARES DA FONSECA | ADVOGADO(A) INDICADO(A): LEONARDO FERNANDES RANNA | ADVOGADO(A) INDICADO(A): RAFAEL MOREIRA MOTA | INTERESSADO: TRIBUNAL REGIONAL ELEITORAL DO DISTRITO FEDERAL | INTERESSADO: Tribunal Regional Eleitoral do Distrito Federal;;;1;2026-08-21;2026-08-21;0;0;0
01/10/2026;06:01:26;2026;0601014-53.2026.6.00.0000;15/06/2026;#NULO#;DF;3;DF;3;15/06/2026;S;Por sorteio;202679;NUNES MARQUES;60;Juíz Auxiliar;11541;Rp;REPRESENTAÇÃO;11667;Propaganda Política - Propaganda Eleitoral - Extemporânea/Antecipada;0;1;26/09/2026;Decisão;https://consultaunificadapje.tse.jus.br/#/public/resultado/0601014-53.2026.6.00.0000;11667;Propaganda Política - Propaganda Eleitoral - Extemporânea/Antecipada;REPRESENTANTE: FEDERAÇÃO BRASIL DA ESPERANÇA (FE BRASIL) - NACIONAL;REPRESENTADO: CLUBE DOS CAVALEIROS DE AMERICANA | REPRESENTADO: FLAVIO NANTES BOLSONARO;;1;2026-09-26;2026-09-26;1;0;1
01/10/2026;06:01:26;2026;0601015-38.2026.6.00.0000;15/06/2026;#NULO#;DF;3;DF;3;15/06/2026;S;Por sorteio;223256;ANDRÉ MENDONÇA;72;Juiz Auxiliar;11541;Rp;REPRESENTAÇÃO;11667;Propaganda Política - Propaganda Eleitoral - Extemporânea/Antecipada;0;2;26/08/2026;Acórdão;https://consultaunificadapje.tse.jus.br/#/public/resultado/0601015-38.2026.6.00.0000;11667;Propaganda Política - Propaganda Eleitoral - Extemporânea/Antecipada;REPRESENTANTE: FEDERAÇÃO BRASIL DA ESPERANÇA (FE BRASIL) - NACIONAL;REPRESENTADO: FLAVIO NANTES BOLSONARO;;2;2026-08-04;2026-08-26;1;0;1
01/10/2026;06:01:26;2026;0601016-23.2026.6.00.0000;15/06/2026;#NULO#;DF;3;DF;3;15/06/2026;S;Por sorteio;202679;NUNES MARQUES;60;Juíz Auxiliar;11541;Rp;REPRESENTAÇÃO;11667;Propaganda Política - Propaganda Eleitoral - Extemporânea/Antecipada;0;2;24/08/2026;Acórdão;https://consultaunificadapje.tse.jus.br/#/public/resultado/0601016-23.2026.6.00.0000;11667;Propaganda Política - Propaganda Eleitoral - Extemporânea/Antecipada;REPRESENTANTE: FEDERAÇÃO BRASIL DA ESPERANÇA (FE BRASIL) - NACIONAL;REPRESENTADO: FLAVIO NANTES BOLSONARO;;2;2026-07-28;2026-08-24;1;0;1
01/10/2026;06:01:26;2026;0601016-82.2026.6.05.0000;09/09/2026;#NULO#;BA;2;DF;3;09/09/2026;S;Por sorteio;233218;FLORIANO DE AZEVEDO MARQUES;13;Ministro;11549;REspEl;RECURSO ESPECIAL ELEITORAL;11619;Registro de Candidatura - RRCI - Candidato Individual;1;2;24/09/2026;Decisão;https://consultaunificadapje.tse.jus.br/#/public/resultado/0601016-82.2026.6.05.0000;11619 | 11631;Cargo - Deputado Federal | Registro de Candidatura - RRCI - Candidato Individual;RECORRENTE: ODAIR JOSE DA CRUZ SILVA;RECORRIDO: PARTIDO DEMOCRÁTICO TRABALHISTA (PDT) - ESTADUAL;REPRESENTANTE: Procuradoria Regional Eleitoral BA | TERCEIRO INTERESSADO: PROCURADORIA REGIONAL ELEITORAL;1;2026-09-24;2026-09-24;0;0;0
01/10/2026;06:01:26;2026;0601019-75.2026.6.00.0000;15/06/2026;#NULO#;DF;3;DF;3;15/06/2026;S;Por sorteio;223256;ANDRÉ MENDONÇA;72;Juiz Auxiliar;11541;Rp;REPRESENTAÇÃO;11667;Propaganda Política - Propaganda Eleitoral - Extemporânea/Antecipada;0;2;16/09/2026;Acórdão;https://consultaunificadapje.tse.jus.br/#/public/resultado/0601019-75.2026.6.00.0000;11667;Propaganda Política - Propaganda Eleitoral - Extemporânea/Antecipada;REPRESENTANTE: FEDERAÇÃO BRASIL DA ESPERANÇA (FE BRASIL) - NACIONAL;REPRESENTADO: CARLOS ROBERTO COELHO DE MATTOS JUNIOR;;2;2026-06-19;2026-09-16;1;0;1
01/10/2026;06:01:26;2026;0601020-60.2026.6.00.0000;15/06/2026;#NULO#;DF;3;DF;3;15/06/2026;S;Por sorteio;223256;ANDRÉ MENDONÇA;72;Juiz Auxiliar;11541;Rp;REPRESENTAÇÃO;11667;Propaganda Política - Propaganda Eleitoral - Extemporânea/Antecipada;0;2;10/09/2026;Acórdão;https://consultaunificadapje.tse.jus.br/#/public/resultado/0601020-60.2026.6.00.0000;11667;Propaganda Política - Propaganda Eleitoral - Extemporânea/Antecipada;REPRESENTANTE: FEDERAÇÃO BRASIL DA ESPERANÇA (FE BRASIL) - NACIONAL;REPRESENTADO: MARIO LUIS FRIAS;;2;2026-06-19;2026-09-10;1;0;1
01/10/2026;06:01:26;2026;0601022-30.2026.6.00.0000;15/06/2026;#NULO#;DF;3;DF;3;15/06/2026;S;Por sorteio;202679;NUNES MARQUES;60;Juíz Auxiliar;11541;Rp;REPRESENTAÇÃO;11667;Propaganda Política - Propaganda Eleitoral - Extemporânea/Antecipada;0;1;17/09/2026;Decisão;https://consultaunificadapje.tse.jus.br/#/public/resultado/0601022-30.2026.6.00.0000;11667;Propaganda Política - Propaganda Eleitoral - Extemporânea/Antecipada;REPRESENTANTE: FEDERAÇÃO BRASIL DA ESPERANÇA (FE BRASIL) - NACIONAL;REPRESENTADO: MARIO LUIS FRIAS;;1;2026-09-17;2026-09-17;1;0;1
01/10/2026;06:01:26;2026;0601025-82.2026.6.00.0000;16/06/2026;#NULO#;DF;3;DF;3;16/06/2026;S;Por sorteio;202679;NUNES MARQUES;78;Ministro;241;PetCiv;PETIÇÃO CÍVEL;11764;Órgão de Direção Partidária;0;1;30/09/2026;Decisão;https://consultaunificadapje.tse.jus.br/#/public/resultado/0601025-82.2026.6.00.0000;11764 | 11778;Requerimento | Órgão de Direção Partidária;REQUERENTE: PARTIDO NOVO (NOVO) - NACIONAL;;;1;2026-09-30;2026-09-30;0;0;0
01/10/2026;06:01:26;2026;0601027-29.2026.6.26.0000;14/09/2026;23/09/2026;SP;2;DF;3;14/09/2026;S;Por sorteio;223256;ANDRÉ MENDONÇA;14;Ministro;11549;REspEl;RECURSO ESPECIAL ELEITORAL;11613;Nome do Candidato - Variação Nominal;1;1;18/09/2026;Decisão;https://consultaunificadapje.tse.jus.br/#/public/resultado/0601027-29.2026.6.26.0000;11613 | 11616 | 11630;Cargo - Deputado Estadual | Impugnação ao Registro de Candidatura | Nome do Candidato - Variação Nominal;RECORRENTE: FABIANA DE LIMA BARROSO SOUZA | RECORRENTE: PARTIDO LIBERAL (PL) - ESTADUAL;RECORRIDO: Ministério Público Eleitoral | REPRESENTANTE: Procuradoria Regional Eleitoral;REPRESENTANTE: Procuradoria Regional Eleitoral | TERCEIRO INTERESSADO: PROCURADORIA REGIONAL ELEITORAL;1;2026-09-18;2026-09-18;0;0;0
01/10/2026;06:01:26;2026;0601040-51.2026.6.00.0000;18/06/2026;25/08/2026;DF;3;DF;3;18/06/2026;S;Por sorteio;202679;NUNES MARQUES;78;Ministro;1298;PA;PROCESSO ADMINISTRATIVO;11563;Afastamento de Magistrado;0;2;12/08/2026;Acórdão;https://consultaunificadapje.tse.jus.br/#/public/resultado/0601040-51.2026.6.00.0000;11563;Afastamento de Magistrado;INTERESSADO: TRIBUNAL REGIONAL ELEITORAL DO ESPIRITO SANTO | REQUERENTE: TRIBUNAL REGIONAL ELEITORAL DO ESPIRITO SANTO;;;2;2026-07-12;2026-08-12;0;0;0
01/10/2026;06:01:26;2026;0601043-80.2026.6.26.0000;16/09/2026;#NULO#;SP;2;DF;3;16/09/2026;S;Por sorteio;223256;ANDRÉ MENDONÇA;14;Ministro;11549;REspEl;RECURSO ESPECIAL ELEITORAL;11616;Impugnação ao Registro de Candidatura;1;1;18/09/2026;Decisão;https://consultaunificadapje.tse.jus.br/#/public/resultado/0601043-80.2026.6.26.0000;11613 | 11616 | 11630;Cargo - Deputado Estadual | Impugnação ao Registro de Candidatura | Nome do Candidato - Variação Nominal;RECORRENTE: GIOVANNI GIUDICE CALDERON | RECORRENTE: PARTIDO LIBERAL (PL) - ESTADUAL;RECORRIDA: ANDREA VIEGAS BUENO | RECORRIDO: TEONILIO MONTEIRO DA COSTA;REPRESENTANTE: Procuradoria Regional Eleitoral | TERCEIRO INTERESSADO: PROCURADORIA REGIONAL ELEITORAL;1;2026-09-18;2026-09-18;0;0;0
01/10/2026;06:01:26;2026;0601045-73.2026.6.00.0000;18/06/2026;31/08/2026;DF;3;DF;3;19/06/2026;S;Por sorteio;202679;NUNES MARQUES;78;Ministro;241;PetCiv;PETIÇÃO CÍVEL;11778;Requerimento;0;2;20/08/2026;Decisão;https://consultaunificadapje.tse.jus.br/#/public/resultado/0601045-73.2026.6.00.0000;11768 | 11778;Partido Político - Órgão de Direção Nacional | Requerimento;REQUERENTE: PARTIDO COMUNISTA DO BRASIL (PC DO B) - NACIONAL;;;1;2026-08-20;2026-08-20;0;0;0
01/10/2026;06:01:26;2026;0601046-58.2026.6.00.0000;18/06/2026;#NULO#;DF;3;DF;3;18/06/2026;S;Por sorteio;202679;NUNES MARQUES;60;Juíz Auxiliar;11541;Rp;REPRESENTAÇÃO;11667;Propaganda Política - Propaganda Eleitoral - Extemporânea/Antecipada;0;2;22/08/2026;Acórdão;https://consultaunificadapje.tse.jus.br/#/public/resultado/0601046-58.2026.6.00.0000;11667;Propaganda Política - Propaganda Eleitoral - Extemporânea/Antecipada;REPRESENTANTE: FEDERAÇÃO BRASIL DA ESPERANÇA (FE BRASIL) - NACIONAL;REPRESENTADO: MGB MIDIA E ENTRETENIMENTO LTDA;;2;2026-07-28;2026-08-22;1;0;1
01/10/2026;06:01:26;2026;0601047-43.2026.6.00.0000;18/06/2026;#NULO#;DF;3;DF;3;18/06/2026;S;Por sorteio;223256;ANDRÉ MENDONÇA;72;Juiz Auxiliar;11541;Rp;REPRESENTAÇÃO;11667;Propaganda Política - Propaganda Eleitoral - Extemporânea/Antecipada;0;2;19/08/2026;Acórdão;https://consultaunificadapje.tse.jus.br/#/public/resultado/0601047-43.2026.6.00.0000;11667;Propaganda Política - Propaganda Eleitoral - Extemporânea/Antecipada;REPRESENTANTE: FEDERAÇÃO BRASIL DA ESPERANÇA (FE BRASIL) - NACIONAL;REPRESENTADO: CARLOS NANTES BOLSONARO;;2;2026-08-04;2026-08-19;1;0;1
01/10/2026;06:01:26;2026;0601048-28.2026.6.00.0000;18/06/2026;#NULO#;DF;3;DF;3;19/06/2026;S;Por sorteio;223256;ANDRÉ MENDONÇA;72;Juiz Auxiliar;11541;Rp;REPRESENTAÇÃO;11667;Propaganda Política - Propaganda Eleitoral - Extemporânea/Antecipada;0;1;17/08/2026;Decisão;https://consultaunificadapje.tse.jus.br/#/public/resultado/0601048-28.2026.6.00.0000;11667 | 15429;Propaganda Política - Propaganda Eleitoral - Extemporânea/Antecipada | Propaganda Política - Propaganda Eleitoral - Uso de Inteligência Artificial;REPRESENTANTE: FEDERAÇÃO BRASIL DA ESPERANÇA (FE BRASIL) - NACIONAL;REPRESENTADO: PARTIDO LIBERAL (PL) - NACIONAL;;1;2026-08-17;2026-08-17;1;0;1
01/10/2026;06:01:26;2026;0601049-13.2026.6.00.0000;18/06/2026;#NULO#;DF;3;DF;3;18/06/2026;S;Por sorteio;223256;ANDRÉ MENDONÇA;72;Juiz Auxiliar;11541;Rp;REPRESENTAÇÃO;11667;Propaganda Política - Propaganda Eleitoral - Extemporânea/Antecipada;0;2;19/08/2026;Acórdão;https://consultaunificadapje.tse.jus.br/#/public/resultado/0601049-13.2026.6.00.0000;11667 | 15429;Propaganda Política - Propaganda Eleitoral - Extemporânea/Antecipada | Propaganda Política - Propaganda Eleitoral - Uso de Inteligência Artificial;REPRESENTANTE: FEDERAÇÃO BRASIL DA ESPERANÇA (FE BRASIL) - NACIONAL;REPRESENTADO: PARTIDO LIBERAL (PL) - NACIONAL;;2;2026-08-04;2026-08-19;1;0;1
01/10/2026;06:01:26;2026;0601050-95.2026.6.00.0000;18/06/2026;#NULO#;DF;3;DF;3;18/06/2026;S;Por sorteio;202679;NUNES MARQUES;60;Juíz Auxiliar;11541;Rp;REPRESENTAÇÃO;11667;Propaganda Política - Propaganda Eleitoral - Extemporânea/Antecipada;0;3;26/09/2026;Despacho;https://consultaunificadapje.tse.jus.br/#/public/resultado/0601050-95.2026.6.00.0000;11667;Propaganda Política - Propaganda Eleitoral - Extemporânea/Antecipada;REPRESENTANTE: FEDERAÇÃO BRASIL DA ESPERANÇA (FE BRASIL) - NACIONAL;REPRESENTADO: Miguel Diniz - Pátria Amada Brasil | REPRESENTADO: RESPONSÁVEL pelos perfis @inter1414, @diniz 7084, @diniz.miguel.banrisul;;2;2026-09-01;2026-09-17;1;0;1
01/10/2026;06:01:26;2026;0601051-80.2026.6.00.0000;18/06/2026;#NULO#;DF;3;DF;3;18/06/2026;S;Por sorteio;202679;NUNES MARQUES;60;Juíz Auxiliar;11541;Rp;REPRESENTAÇÃO;11667;Propaganda Política - Propaganda Eleitoral - Extemporânea/Antecipada;0;2;26/09/2026;Decisão;https://consultaunificadapje.tse.jus.br/#/public/resultado/0601051-80.2026.6.00.0000;11667;Propaganda Política - Propaganda Eleitoral - Extemporânea/Antecipada;REPRESENTANTE: FEDERAÇÃO BRASIL DA ESPERANÇA (FE BRASIL) - NACIONAL;REPRESENTADO: PARTIDO SOCIAL DEMOCRÁTICO (PSD) - NACIONAL | REPRESENTADO: RONALDO RAMOS CAIADO;;1;2026-09-26;2026-09-26;1;0;1
01/10/2026;06:01:26;2026;0601052-65.2026.6.00.0000;18/06/2026;#NULO#;DF;3;DF;3;18/06/2026;S;Por sorteio;202679;NUNES MARQUES;60;Juíz Auxiliar;11541;Rp;REPRESENTAÇÃO;11667;Propaganda Política - Propaganda Eleitoral - Extemporânea/Antecipada;0;1;28/07/2026;Decisão;https://consultaunificadapje.tse.jus.br/#/public/resultado/0601052-65.2026.6.00.0000;11667;Propaganda Política - Propaganda Eleitoral - Extemporânea/Antecipada;REPRESENTANTE: FEDERAÇÃO BRASIL DA ESPERANÇA (FE BRASIL) - NACIONAL;REPRESENTADO: Miguel Diniz - Pátria Amada Brasil | REPRESENTADO: Responsável pelo perfil @1414 no Instagram | REPRESENTADO: Responsável pelo perfil @diniz.miguel.banrisul no Facebook;;1;2026-07-28;2026-07-28;1;0;1
01/10/2026;06:01:26;2026;0601053-50.2026.6.00.0000;18/06/2026;#NULO#;DF;3;DF;3;18/06/2026;S;Por sorteio;223256;ANDRÉ MENDONÇA;72;Juiz Auxiliar;11541;Rp;REPRESENTAÇÃO;11667;Propaganda Política - Propaganda Eleitoral - Extemporânea/Antecipada;0;1;04/08/2026;Decisão;https://consultaunificadapje.tse.jus.br/#/public/resultado/0601053-50.2026.6.00.0000;11667 | 15429;Propaganda Política - Propaganda Eleitoral - Extemporânea/Antecipada | Propaganda Política - Propaganda Eleitoral - Uso de Inteligência Artificial;REPRESENTANTE: FEDERAÇÃO BRASIL DA ESPERANÇA (FE BRASIL) - NACIONAL;REPRESENTADO: FLAVIO NANTES BOLSONARO;;1;2026-08-04;2026-08-04;1;0;1
01/10/2026;06:01:26;2026;0601064-56.2026.6.26.0000;04/09/2026;#NULO#;SP;2;DF;3;04/09/2026;S;Por sorteio;285510;ANTONIO CARLOS FERREIRA;11;Ministro;11549;REspEl;RECURSO ESPECIAL ELEITORAL;11616;Impugnação ao Registro de Candidatura;1;2;30/09/2026;Acórdão;https://consultaunificadapje.tse.jus.br/#/public/resultado/0601064-56.2026.6.26.0000;11613 | 11616 | 11630;Cargo - Deputado Estadual | Impugnação ao Registro de Candidatura | Nome do Candidato - Variação Nominal;RECORRENTE: PARTIDO LIBERAL (PL) - ESTADUAL | RECORRENTE: SAMANTA SALERNO DE ALMEIDA;RECORRIDO: Ministério Público Eleitoral | REPRESENTANTE: Procuradoria Regional Eleitoral;REPRESENTANTE: Procuradoria Regional Eleitoral | TERCEIRO INTERESSADO: PROCURADORIA REGIONAL ELEITORAL;2;2026-09-08;2026-09-30;0;0;0
01/10/2026;06:01:26;2026;0601069-04.2026.6.00.0000;22/06/2026;#NULO#;DF;3;DF;3;22/06/2026;S;Por sorteio;202679;NUNES MARQUES;60;Juíz Auxiliar;11541;Rp;REPRESENTAÇÃO;11667;Propaganda Política - Propaganda Eleitoral - Extemporânea/Antecipada;0;1;17/09/2026;Decisão;https://consultaunificadapje.tse.jus.br/#/public/resultado/0601069-04.2026.6.00.0000;11667;Propaganda Política - Propaganda Eleitoral - Extemporânea/Antecipada;REPRESENTANTE: PARTIDO LIBERAL (PL) - NACIONAL;REPRESENTADO: LAZARO MURILO MARANHAO ROSA | REPRESENTADO: LULA PELA VERDADE | REPRESENTADO: Responsável pelo perfil @lulapelaverdade no Instagram | REPRESENTADO: Responsável pelo perfil instagram.com/lulapelaverdadee;;1;2026-09-17;2026-09-17;1;0;1
01/10/2026;06:01:26;2026;0601070-86.2026.6.00.0000;22/06/2026;#NULO#;DF;3;DF;3;22/06/2026;S;Por sorteio;223256;ANDRÉ MENDONÇA;72;Juiz Auxiliar;11541;Rp;REPRESENTAÇÃO;11667;Propaganda Política - Propaganda Eleitoral - Extemporânea/Antecipada;0;5;16/09/2026;Despacho;https://consultaunificadapje.tse.jus.br/#/public/resultado/0601070-86.2026.6.00.0000;11667;Propaganda Política - Propaganda Eleitoral - Extemporânea/Antecipada;REPRESENTANTE: PARTIDO LIBERAL (PL) - NACIONAL;REPRESENTADO: DIOGO SENA DE SOUZA | REPRESENTADO: ELIOENAI GALDINO;;1;2026-08-04;2026-08-04;1;0;1
01/10/2026;06:01:26;2026;0601089-92.2026.6.00.0000;24/06/2026;#NULO#;DF;3;DF;3;24/06/2026;S;Por sorteio;202679;NUNES MARQUES;60;Juíz Auxiliar;11541;Rp;REPRESENTAÇÃO;11667;Propaganda Política - Propaganda Eleitoral - Extemporânea/Antecipada;0;3;28/09/2026;Despacho;https://consultaunificadapje.tse.jus.br/#/public/resultado/0601089-92.2026.6.00.0000;11667 | 15429 | 15524;Propaganda Política - Propaganda Eleitoral - Deep Fake | Propaganda Política - Propaganda Eleitoral - Extemporânea/Antecipada | Propaganda Política - Propaganda Eleitoral - Uso de Inteligência Artificial;REPRESENTANTE: PARTIDO LIBERAL (PL) - NACIONAL;REPRESENTADA: TERESA FREITAS | REPRESENTADO: ESQUERDA UNIFICADA | REPRESENTADO: FRENTE SULAMERICANA | REPRESENTADO: LAZARO MURILO MARANHAO ROSA | REPRESENTADO: LUIZ LINDBERGH FARIAS FILHO | REPRESENTADO: RESPONSÁVEL pelos perfis @frentesulamericana e @esquerdaunificada;;2;2026-07-28;2026-08-22;1;0;1
01/10/2026;06:01:26;2026;0601091-62.2026.6.00.0000;24/06/2026;#NULO#;DF;3;DF;3;17/08/2026;S;Por sorteio;285510;ANTONIO CARLOS FERREIRA;11;Ministro;12134;TutCautAnt;TUTELA CAUTELAR ANTECEDENTE;11667;Propaganda Política - Propaganda Eleitoral - Extemporânea/Antecipada;0;4;19/09/2026;Decisão;https://consultaunificadapje.tse.jus.br/#/public/resultado/0601091-62.2026.6.00.0000;11667;Propaganda Política - Propaganda Eleitoral - Extemporânea/Antecipada;INTERESSADO: PARTIDO LIBERAL (PL) - NACIONAL;INTERESSADO: FEDERAÇÃO BRASIL DA ESPERANÇA (FE BRASIL) - NACIONAL;;4;2026-08-04;2026-09-19;1;0;1
01/10/2026;06:01:26;2026;0601093-32.2026.6.00.0000;24/06/2026;#NULO#;DF;3;DF;3;24/06/2026;S;Por sorteio;223256;ANDRÉ MENDONÇA;72;Juiz Auxiliar;11541;Rp;REPRESENTAÇÃO;11667;Propaganda Política - Propaganda Eleitoral - Extemporânea/Antecipada;0;2;19/08/2026;Acórdão;https://consultaunificadapje.tse.jus.br/#/public/resultado/0601093-32.2026.6.00.0000;11667;Propaganda Política - Propaganda Eleitoral - Extemporânea/Antecipada;REPRESENTANTE: PARTIDO LIBERAL (PL) - NACIONAL;REPRESENTADO: LUIZ LINDBERGH FARIAS FILHO;;2;2026-08-04;2026-08-19;1;0;1
01/10/2026;06:01:26;2026;0601094-17.2026.6.00.0000;24/06/2026;#NULO#;DF;3;DF;3;24/06/2026;S;Por sorteio;202679;NUNES MARQUES;60;Juíz Auxiliar;11541;Rp;REPRESENTAÇÃO;11667;Propaganda Política - Propaganda Eleitoral - Extemporânea/Antecipada;0;1;17/09/2026;Decisão;https://consultaunificadapje.tse.jus.br/#/public/resultado/0601094-17.2026.6.00.0000;11667;Propaganda Política - Propaganda Eleitoral - Extemporânea/Antecipada;REPRESENTANTE: PARTIDO LIBERAL (PL) - NACIONAL;REPRESENTADO: BARRICADA ANTIFASCISTA | REPRESENTADO: GILBERTO BUA FERREIRA DO NASCIMENTO | REPRESENTADO: LUIZ FERNANDO BRITO DA SILVA | REPRESENTADO: PAPO DE COMUNA | REPRESENTADO: RESPONSÁVEL pelo perfil @barricadaantifascista | REPRESENTADO: RESPONSÁVEL pelo perfil @papodecomuna65 | REPRESENTADO: RESPONSÁVEL pelos perfis @barricadaantifascista e @papodecomuna65 | REPRESENTADO: Responsável pelo perfil @barricadaantifascista no Instagram | REPRESENTADO: Responsável pelo perfil papodecomuna65 no Instagram;;1;2026-09-17;2026-09-17;1;0;1
01/10/2026;06:01:26;2026;0601095-02.2026.6.00.0000;24/06/2026;#NULO#;DF;3;DF;3;24/06/2026;S;Por sorteio;223256;ANDRÉ MENDONÇA;72;Juiz Auxiliar;12630;RepEsp;REPRESENTAÇÃO ESPECIAL;12063;Conduta Vedada ao Agente Público;0;4;23/09/2026;Despacho;https://consultaunificadapje.tse.jus.br/#/public/resultado/0601095-02.2026.6.00.0000;11634 | 12063;Cargo - Presidente da República | Conduta Vedada ao Agente Público;REPRESENTANTE: PARTIDO LIBERAL (PL) - NACIONAL;REPRESENTADO: LUIZ INACIO LULA DA SILVA | REPRESENTADO: SIDONIO CARDOSO PALMEIRA;;1;2026-08-04;2026-08-04;0;0;0
01/10/2026;06:01:26;2026;0601098-54.2026.6.00.0000;26/06/2026;#NULO#;DF;3;DF;3;26/06/2026;S;Por sorteio;202679;NUNES MARQUES;78;Ministro;241;PetCiv;PETIÇÃO CÍVEL;11648;Pesquisa Eleitoral;0;1;14/07/2026;Decisão;https://consultaunificadapje.tse.jus.br/#/public/resultado/0601098-54.2026.6.00.0000;11648 | 11778;Pesquisa Eleitoral | Requerimento;REQUERENTE: INSTITUTO PARANA DE PESQUISAS E ANALISE DE CONSUMIDOR LTDA - EPP;;;1;2026-07-14;2026-07-14;0;0;0
01/10/2026;06:01:26;2026;0601099-39.2026.6.00.0000;26/06/2026;#NULO#;DF;3;DF;3;26/06/2026;S;Por sorteio;202679;NUNES MARQUES;60;Juíz Auxiliar;11541;Rp;REPRESENTAÇÃO;11667;Propaganda Política - Propaganda Eleitoral - Extemporânea/Antecipada;0;1;28/09/2026;Decisão;https://consultaunificadapje.tse.jus.br/#/public/resultado/0601099-39.2026.6.00.0000;11667;Propaganda Política - Propaganda Eleitoral - Extemporânea/Antecipada;REPRESENTANTE: FEDERAÇÃO BRASIL DA ESPERANÇA (FE BRASIL) - NACIONAL;REPRESENTADO: ANTONIO ASSUNCAO DE OLIM;;1;2026-09-28;2026-09-28;1;0;1
01/10/2026;06:01:26;2026;0601101-09.2026.6.00.0000;26/06/2026;#NULO#;DF;3;DF;3;26/06/2026;S;Por sorteio;202679;NUNES MARQUES;60;Juíz Auxiliar;11541;Rp;REPRESENTAÇÃO;11667;Propaganda Política - Propaganda Eleitoral - Extemporânea/Antecipada;0;3;26/09/2026;Despacho;https://consultaunificadapje.tse.jus.br/#/public/resultado/0601101-09.2026.6.00.0000;11667 | 15429;Propaganda Política - Propaganda Eleitoral - Extemporânea/Antecipada | Propaganda Política - Propaganda Eleitoral - Uso de Inteligência Artificial;REPRESENTANTE: FEDERAÇÃO BRASIL DA ESPERANÇA (FE BRASIL) - NACIONAL;REPRESENTADO: ANGELO ROBERTO LOPES | REPRESENTADO: Administrador do perfil de Instagram @iamemesvideo s | REPRESENTADO: Administrador do perfil de Instagram @marcos.neris.69 | REPRESENTADO: Administrador do perfil de Instagram @margem.direitaa | REPRESENTADO: Administrador do perfil de Instagram @narrativascuriosastv | REPRESENTADO: Responsável pelo perfil @iamemesvideo5s no Instagram | REPRESENTADO: Responsável pelo perfil @marcos.neris.694 no Instagram | REPRESENTADO: Responsável pelo perfil @margem.direitaa no Instagram | REPRESENTADO: Responsável pelo perfil @narrativascuriosastv3 no Instagram;;2;2026-07-28;2026-08-22;1;0;1
01/10/2026;06:01:26;2026;0601102-91.2026.6.00.0000;26/06/2026;#NULO#;DF;3;DF;3;26/06/2026;S;Por sorteio;202679;NUNES MARQUES;60;Juíz Auxiliar;11541;Rp;REPRESENTAÇÃO;15429;Propaganda Política - Propaganda Eleitoral - Uso de Inteligência Artificial;0;1;28/09/2026;Decisão;https://consultaunificadapje.tse.jus.br/#/public/resultado/0601102-91.2026.6.00.0000;11667 | 15429;Propaganda Política - Propaganda Eleitoral - Extemporânea/Antecipada | Propaganda Política - Propaganda Eleitoral - Uso de Inteligência Artificial;REPRESENTANTE: FEDERAÇÃO BRASIL DA ESPERANÇA (FE BRASIL) - NACIONAL;"REPRESENTADO: ADMINISTRADOR DO PERFIL ""DIREITA BRASIL NEWS"" | REPRESENTADO: ADMINISTRADOR DO PERFIL ""PATRIOTAS PARA SEMPRE"" | REPRESENTADO: ANDRE DANTON REZENDE 21954830831 | REPRESENTADO: Marcio Tadeu Anhaia de Lemos";;1;2026-09-28;2026-09-28;1;0;1
01/10/2026;06:01:26;2026;0601103-76.2026.6.00.0000;26/06/2026;#NULO#;DF;3;DF;3;26/06/2026;S;Por sorteio;223256;ANDRÉ MENDONÇA;72;Juiz Auxiliar;11541;Rp;REPRESENTAÇÃO;15429;Propaganda Política - Propaganda Eleitoral - Uso de Inteligência Artificial;0;7;23/09/2026;Despacho;https://consultaunificadapje.tse.jus.br/#/public/resultado/0601103-76.2026.6.00.0000;11667 | 15429 | 15524;Propaganda Política - Propaganda Eleitoral - Deep Fake | Propaganda Política - Propaganda Eleitoral - Extemporânea/Antecipada | Propaganda Política - Propaganda Eleitoral - Uso de Inteligência Artificial;REPRESENTANTE: FEDERAÇÃO BRASIL DA ESPERANÇA (FE BRASIL) - NACIONAL;REPRESENTADO: Responsável pelo perfil @carlostavares0902 | REPRESENTADO: Responsável pelo perfil @dinhodagattados_torroes | REPRESENTADO: Responsável pelo perfil @endireitabrasil3 | REPRESENTADO: Responsável pelo perfil @gildo_araujo | REPRESENTADO: Responsável pelo perfil @majolonog2 | REPRESENTADO: Responsável pelo perfil @mauro_a.a.p | REPRESENTADO: Responsável pelo perfil @paulocoelho.nf | REPRESENTADO: Responsável pelo perfil @saulo.leonardo.7;;2;2026-08-04;2026-09-10;1;0;1
01/10/2026;06:01:26;2026;0601104-61.2026.6.00.0000;29/06/2026;#NULO#;DF;3;DF;3;29/06/2026;S;Por sorteio;202679;NUNES MARQUES;78;Ministro;1298;PA;PROCESSO ADMINISTRATIVO;12426;Proposta de Nova Resolução;0;2;20/07/2026;Resolução;https://consultaunificadapje.tse.jus.br/#/public/resultado/0601104-61.2026.6.00.0000;12426;Proposta de Nova Resolução;INTERESSADO: TRIBUNAL SUPERIOR ELEITORAL;;;1;2026-07-14;2026-07-14;0;0;0
01/10/2026;06:01:26;2026;0601107-16.2026.6.00.0000;29/06/2026;#NULO#;DF;3;DF;3;29/06/2026;S;Por sorteio;223256;ANDRÉ MENDONÇA;72;Juiz Auxiliar;11541;Rp;REPRESENTAÇÃO;11667;Propaganda Política - Propaganda Eleitoral - Extemporânea/Antecipada;0;4;01/09/2026;Despacho;https://consultaunificadapje.tse.jus.br/#/public/resultado/0601107-16.2026.6.00.0000;11667;Propaganda Política - Propaganda Eleitoral - Extemporânea/Antecipada;REPRESENTANTE: PARTIDO LIBERAL (PL) - NACIONAL;REPRESENTADO: THIAGO DOS REIS PEREIRA DOS SANTOS;;2;2026-08-04;2026-08-17;1;0;1
01/10/2026;06:01:26;2026;0601130-64.2026.6.07.0000;27/08/2026;#NULO#;DF;2;DF;3;27/08/2026;S;Por sorteio;202679;NUNES MARQUES;60;Juíz Auxiliar;12561;NIP;NOTÍCIA DE IRREGULARIDADE EM PROPAGANDA ELEITORAL;11679;Propaganda Política - Propaganda Eleitoral - Internet;1;1;30/09/2026;Decisão;https://consultaunificadapje.tse.jus.br/#/public/resultado/0601130-64.2026.6.07.0000;11634 | 11679;Cargo - Presidente da República | Propaganda Política - Propaganda Eleitoral - Internet;NOTICIANTE: Denunciante Pardal;NOTICIADO: LUIZ INACIO LULA DA SILVA;REPRESENTANTE: Procuradoria Regional Eleitoral | TERCEIRO INTERESSADO: Ministério Público Eleitoral DF;1;2026-09-30;2026-09-30;1;0;1
01/10/2026;06:01:26;2026;0601140-16.2026.6.14.0000;26/08/2026;30/08/2026;PA;2;DF;3;26/08/2026;S;Por sorteio;350140;ESTELA ARANHA;59;Juíz Auxiliar;11541;Rp;REPRESENTAÇÃO;11650;Pesquisa Eleitoral - Divulgação de Pesquisa Eleitoral Sem Prévio Registro;1;1;28/08/2026;Decisão;https://consultaunificadapje.tse.jus.br/#/public/resultado/0601140-16.2026.6.14.0000;11650;Pesquisa Eleitoral - Divulgação de Pesquisa Eleitoral Sem Prévio Registro;REPRESENTANTE: COLIGAÇÃO O PARÁ TÁ JUNTO;INTERESSADO: PARTE(S) NÃO IDENTIFICADA(S) | REPRESENTADO: FACEBOOK SERVIÇOS ONLINE DO BRASIL LTDA. | REPRESENTADO: Responsável pelo perfil @diariodopoder no Instagram | REPRESENTADO: Responsável pelo perfil no Facebook @diariodopoder | REPRESENTADO: Responsável pelo perfil no Instagram @diariodopoder;REPRESENTANTE: Ministério Público Eleitoral | TERCEIRO INTERESSADO: PROCURADORIA REGIONAL ELEITORAL DO PARÁ;1;2026-08-28;2026-08-28;0;0;0
01/10/2026;06:01:26;2026;0601155-34.2026.6.05.0000;29/08/2026;21/09/2026;BA;2;DF;3;29/08/2026;S;Por sorteio;285510;ANTONIO CARLOS FERREIRA;11;Ministro;11549;REspEl;RECURSO ESPECIAL ELEITORAL;12044;Registro de Candidatura - DRAP Partido/Coligação;1;1;18/09/2026;Acórdão;https://consultaunificadapje.tse.jus.br/#/public/resultado/0601155-34.2026.6.05.0000;11616 | 11632 | 11639 | 11645 | 12044 | 15146;Cargo - Governador | Cargo - Vice-Governador | Dissidência Partidária ou Federativa | Eleições - Eleição Majoritária | Impugnação ao Registro de Candidatura | Registro de Candidatura - DRAP Partido/Coligação;RECORRENTE: DEMOCRACIA CRISTÃ (DC) - ESTADUAL | RECORRENTE: JOSE ESTEVAO DOS SANTOS BARBOSA;RECORRIDO: ARIEL DA SILVA CAPISTRANO;REPRESENTANTE: Procuradoria Regional Eleitoral BA | TERCEIRO INTERESSADO: PROCURADORIA REGIONAL ELEITORAL;1;2026-09-18;2026-09-18;0;0;0
01/10/2026;06:01:26;2026;0601156-19.2026.6.05.0000;29/08/2026;14/09/2026;BA;2;DF;3;29/08/2026;PP;Por prevenção;285510;ANTONIO CARLOS FERREIRA;11;Ministro;11549;REspEl;RECURSO ESPECIAL ELEITORAL;11616;Impugnação ao Registro de Candidatura;1;1;14/09/2026;Acórdão;https://consultaunificadapje.tse.jus.br/#/public/resultado/0601156-19.2026.6.05.0000;11616 | 11639 | 11645;Cargo - Vice-Governador | Eleições - Eleição Majoritária | Impugnação ao Registro de Candidatura;RECORRENTE: DEMOCRACIA CRISTÃ (DC) - ESTADUAL | RECORRENTE: JOSE ESTEVAO DOS SANTOS BARBOSA;RECORRIDO: ARIEL DA SILVA CAPISTRANO;REPRESENTANTE: Procuradoria Regional Eleitoral BA | TERCEIRO INTERESSADO: PROCURADORIA REGIONAL ELEITORAL;1;2026-09-14;2026-09-14;0;0;0
01/10/2026;06:01:26;2026;0601157-04.2026.6.05.0000;29/08/2026;17/09/2026;BA;2;DF;3;29/08/2026;PP;Por prevenção;285510;ANTONIO CARLOS FERREIRA;11;Ministro;11549;REspEl;RECURSO ESPECIAL ELEITORAL;11616;Impugnação ao Registro de Candidatura;1;1;14/09/2026;Acórdão;https://consultaunificadapje.tse.jus.br/#/public/resultado/0601157-04.2026.6.05.0000;11616 | 11639 | 11645;Cargo - Vice-Governador | Eleições - Eleição Majoritária | Impugnação ao Registro de Candidatura;RECORRENTE: DEMOCRACIA CRISTÃ (DC) - ESTADUAL | RECORRENTE: JOSE AUGUSTO MACIEL TORRES | RECORRENTE: JOSE ESTEVAO DOS SANTOS BARBOSA;;REPRESENTANTE: Procuradoria Regional Eleitoral BA | TERCEIRO INTERESSADO: PROCURADORIA REGIONAL ELEITORAL;1;2026-09-14;2026-09-14;0;0;0
01/10/2026;06:01:26;2026;0601166-19.2026.6.21.0000;18/09/2026;#NULO#;RS;2;DF;3;18/09/2026;S;Por sorteio;6276;DIAS TOFFOLI;3;Ministro;11549;REspEl;RECURSO ESPECIAL ELEITORAL;11618;Registro de Candidatura - RRC - Candidato;1;1;22/09/2026;Decisão;https://consultaunificadapje.tse.jus.br/#/public/resultado/0601166-19.2026.6.21.0000;11591 | 11618 | 11630;Cargo - Deputado Estadual | Condição de Elegibilidade - Pleno Exercício dos Direitos Políticos | Registro de Candidatura - RRC - Candidato;RECORRENTE: CARLOS ALEXANDRE BARBOSA;;REPRESENTANTE: Procuradoria Regional Eleitoral | TERCEIRO INTERESSADO: Procurador Regional Eleitoral;1;2026-09-22;2026-09-22;0;0;0
01/10/2026;06:01:26;2026;0601179-62.2026.6.05.0000;29/08/2026;14/09/2026;BA;2;DF;3;29/08/2026;PP;Por prevenção;285510;ANTONIO CARLOS FERREIRA;11;Ministro;11549;REspEl;RECURSO ESPECIAL ELEITORAL;12044;Registro de Candidatura - DRAP Partido/Coligação;1;1;14/09/2026;Acórdão;https://consultaunificadapje.tse.jus.br/#/public/resultado/0601179-62.2026.6.05.0000;11632 | 11639 | 11645 | 12044 | 15146;Cargo - Governador | Cargo - Vice-Governador | Dissidência Partidária ou Federativa | Eleições - Eleição Majoritária | Registro de Candidatura - DRAP Partido/Coligação;RECORRENTE: DEMOCRACIA CRISTÃ (DC) - ESTADUAL | RECORRENTE: JOSE ESTEVAO DOS SANTOS BARBOSA;;REPRESENTANTE: Procuradoria Regional Eleitoral BA | TERCEIRO INTERESSADO: PROCURADORIA REGIONAL ELEITORAL;1;2026-09-14;2026-09-14;0;0;0
01/10/2026;06:01:26;2026;0601180-47.2026.6.05.0000;29/08/2026;14/09/2026;BA;2;DF;3;29/08/2026;PP;Por prevenção;285510;ANTONIO CARLOS FERREIRA;11;Ministro;11549;REspEl;RECURSO ESPECIAL ELEITORAL;11618;Registro de Candidatura - RRC - Candidato;1;1;14/09/2026;Acórdão;https://consultaunificadapje.tse.jus.br/#/public/resultado/0601180-47.2026.6.05.0000;11618 | 11632 | 11645;Cargo - Governador | Eleições - Eleição Majoritária | Registro de Candidatura - RRC - Candidato;RECORRENTE: DEMOCRACIA CRISTÃ (DC) - ESTADUAL | RECORRENTE: JOSE ESTEVAO DOS SANTOS BARBOSA;;REPRESENTANTE: Procuradoria Regional Eleitoral BA | TERCEIRO INTERESSADO: PROCURADORIA REGIONAL ELEITORAL;1;2026-09-14;2026-09-14;0;0;0
01/10/2026;06:01:26;2026;0601181-32.2026.6.05.0000;05/09/2026;29/09/2026;BA;2;DF;3;05/09/2026;S;Por sorteio;285510;ANTONIO CARLOS FERREIRA;11;Ministro;11549;REspEl;RECURSO ESPECIAL ELEITORAL;15146;Dissidência Partidária ou Federativa;1;1;19/09/2026;Decisão;https://consultaunificadapje.tse.jus.br/#/public/resultado/0601181-32.2026.6.05.0000;11616 | 11635 | 11636 | 11637 | 12044 | 15146;Cargo - Primeiro Suplente de Senador | Cargo - Segundo Suplente de Senador | Cargo - Senador | Dissidência Partidária ou Federativa | Impugnação ao Registro de Candidatura | Registro de Candidatura - DRAP Partido/Coligação;RECORRENTE: DEMOCRACIA CRISTÃ (DC) - ESTADUAL | RECORRENTE: JOSE ESTEVAO DOS SANTOS BARBOSA;;REPRESENTANTE: Procuradoria Regional Eleitoral BA | TERCEIRO INTERESSADO: PROCURADORIA REGIONAL ELEITORAL;1;2026-09-19;2026-09-19;0;0;0
01/10/2026;06:01:26;2026;0601181-70.2026.6.00.0000;01/07/2026;#NULO#;DF;3;DF;3;01/07/2026;S;Por sorteio;223256;ANDRÉ MENDONÇA;72;Juiz Auxiliar;11541;Rp;REPRESENTAÇÃO;11667;Propaganda Política - Propaganda Eleitoral - Extemporânea/Antecipada;0;2;11/09/2026;Acórdão;https://consultaunificadapje.tse.jus.br/#/public/resultado/0601181-70.2026.6.00.0000;11667;Propaganda Política - Propaganda Eleitoral - Extemporânea/Antecipada;REPRESENTANTE: PARTIDO LIBERAL (PL) - NACIONAL;REPRESENTADO: LUIZ INACIO LULA DA SILVA;;2;2026-08-17;2026-09-11;1;0;1
01/10/2026;06:01:26;2026;0601182-17.2026.6.05.0000;29/08/2026;14/09/2026;BA;2;DF;3;29/08/2026;PP;Por prevenção;285510;ANTONIO CARLOS FERREIRA;11;Ministro;11549;REspEl;RECURSO ESPECIAL ELEITORAL;11618;Registro de Candidatura - RRC - Candidato;1;1;14/09/2026;Acórdão;https://consultaunificadapje.tse.jus.br/#/public/resultado/0601182-17.2026.6.05.0000;11618 | 11639 | 11645;Cargo - Vice-Governador | Eleições - Eleição Majoritária | Registro de Candidatura - RRC - Candidato;RECORRENTE: DEMOCRACIA CRISTÃ (DC) - ESTADUAL | RECORRENTE: NEUZIMAR MARQUES CAMACAM DIAZ MORALES;;REPRESENTANTE: Procuradoria Regional Eleitoral BA | TERCEIRO INTERESSADO: PROCURADORIA REGIONAL ELEITORAL;1;2026-09-14;2026-09-14;0;0;0
01/10/2026;06:01:26;2026;0601182-55.2026.6.00.0000;01/07/2026;#NULO#;DF;3;DF;3;01/07/2026;S;Por sorteio;202679;NUNES MARQUES;60;Juíz Auxiliar;11541;Rp;REPRESENTAÇÃO;11667;Propaganda Política - Propaganda Eleitoral - Extemporânea/Antecipada;0;3;22/09/2026;Despacho;https://consultaunificadapje.tse.jus.br/#/public/resultado/0601182-55.2026.6.00.0000;11667;Propaganda Política - Propaganda Eleitoral - Extemporânea/Antecipada;REPRESENTANTE: PARTIDO LIBERAL (PL) - NACIONAL;REPRESENTADO: ERCILIA SIMONE DALVIO MAGALDI | REPRESENTADO: FERNANDO ROSSAS FREIRE | REPRESENTADO: GUSTAV RAMSKI | REPRESENTADO: JAUGUSTOS FAZUELLY RJ | REPRESENTADO: JOSE PAULINO ABRANCHES NETO | REPRESENTADO: MARCELO MELLO DE SIQUEIRA | REPRESENTADO: ROSANA RITA DE OLIVEIRA TOSCANO DE MELO | REPRESENTADO: VERA LUCIA DA SILVA PAULUSSI;;2;2026-07-28;2026-08-22;1;0;1
01/10/2026;06:01:26;2026;0601183-40.2026.6.00.0000;01/07/2026;31/08/2026;DF;3;DF;3;01/07/2026;S;Por sorteio;202679;NUNES MARQUES;78;Ministro;241;PetCiv;PETIÇÃO CÍVEL;11768;Partido Político - Órgão de Direção Nacional;0;1;19/08/2026;Decisão;https://consultaunificadapje.tse.jus.br/#/public/resultado/0601183-40.2026.6.00.0000;11768 | 11778;Partido Político - Órgão de Direção Nacional | Requerimento;REQUERENTE: PROGRESSISTAS (PP) - NACIONAL;;;1;2026-08-19;2026-08-19;0;0;0
01/10/2026;06:01:26;2026;0601185-79.2026.6.19.0000;16/09/2026;#NULO#;RJ;2;DF;3;16/09/2026;S;Por sorteio;233218;FLORIANO DE AZEVEDO MARQUES;13;Ministro;11549;REspEl;RECURSO ESPECIAL ELEITORAL;11591;Condição de Elegibilidade - Pleno Exercício dos Direitos Políticos;1;2;30/09/2026;Decisão;https://consultaunificadapje.tse.jus.br/#/public/resultado/0601185-79.2026.6.19.0000;11591 | 11618 | 11630;Cargo - Deputado Estadual | Condição de Elegibilidade - Pleno Exercício dos Direitos Políticos | Registro de Candidatura - RRC - Candidato;RECORRENTE: AVANTE (AVANTE) - ESTADUAL | RECORRENTE: CARLOS AUGUSTO ALVES DA SILVA;;REPRESENTANTE: Procuradoria Regional Eleitoral no Rio de Janeiro | TERCEIRO INTERESSADO: Procuradoria Regional Eleitoral1.;1;2026-09-30;2026-09-30;0;0;0
01/10/2026;06:01:26;2026;0601194-69.2026.6.00.0000;01/07/2026;19/08/2026;DF;3;DF;3;01/07/2026;S;Por sorteio;202679;NUNES MARQUES;78;Ministro;1298;PA;PROCESSO ADMINISTRATIVO;11563;Afastamento de Magistrado;0;2;05/08/2026;Acórdão;https://consultaunificadapje.tse.jus.br/#/public/resultado/0601194-69.2026.6.00.0000;11563;Afastamento de Magistrado;INTERESSADO: PRESIDENTE DO TRIBUNAL REGIONAL ELEITORAL DE ALAGOAS | INTERESSADO: TRIBUNAL REGIONAL ELEITORAL DE ALAGOAS;;;2;2026-07-14;2026-08-05;0;0;0
01/10/2026;06:01:26;2026;0601195-54.2026.6.00.0000;01/07/2026;30/08/2026;DF;3;DF;3;01/07/2026;S;Por sorteio;202679;NUNES MARQUES;78;Ministro;1298;PA;PROCESSO ADMINISTRATIVO;11563;Afastamento de Magistrado;0;2;13/08/2026;Acórdão;https://consultaunificadapje.tse.jus.br/#/public/resultado/0601195-54.2026.6.00.0000;11563;Afastamento de Magistrado;INTERESSADO: PRESIDENTE DO TRIBUNAL REGIONAL ELEITORAL DE ALAGOAS | INTERESSADO: TRIBUNAL REGIONAL ELEITORAL DE ALAGOAS;;;2;2026-07-14;2026-08-13;0;0;0
01/10/2026;06:01:26;2026;0601201-61.2026.6.00.0000;02/07/2026;31/08/2026;DF;3;DF;3;02/07/2026;S;Por sorteio;202679;NUNES MARQUES;78;Ministro;241;PetCiv;PETIÇÃO CÍVEL;11768;Partido Político - Órgão de Direção Nacional;0;1;19/08/2026;Decisão;https://consultaunificadapje.tse.jus.br/#/public/resultado/0601201-61.2026.6.00.0000;11768 | 11778;Partido Político - Órgão de Direção Nacional | Requerimento;REQUERENTE: PARTIDO MISSÃO (MISSÃO) - NACIONAL;;;1;2026-08-19;2026-08-19;0;0;0
01/10/2026;06:01:26;2026;0601215-45.2026.6.00.0000;04/07/2026;#NULO#;DF;3;DF;3;04/07/2026;S;Por sorteio;202679;NUNES MARQUES;60;Juíz Auxiliar;11541;Rp;REPRESENTAÇÃO;11667;Propaganda Política - Propaganda Eleitoral - Extemporânea/Antecipada;0;2;22/08/2026;Acórdão;https://consultaunificadapje.tse.jus.br/#/public/resultado/0601215-45.2026.6.00.0000;11667;Propaganda Política - Propaganda Eleitoral - Extemporânea/Antecipada;REPRESENTANTE: PARTIDO LIBERAL (PL) - NACIONAL;REPRESENTADO: THIAGO DOS REIS PEREIRA DOS SANTOS;;2;2026-07-28;2026-08-22;1;0;1
01/10/2026;06:01:26;2026;0601217-15.2026.6.00.0000;04/07/2026;#NULO#;DF;3;DF;3;04/07/2026;S;Por sorteio;223256;ANDRÉ MENDONÇA;72;Juiz Auxiliar;11541;Rp;REPRESENTAÇÃO;11667;Propaganda Política - Propaganda Eleitoral - Extemporânea/Antecipada;0;2;10/09/2026;Acórdão;https://consultaunificadapje.tse.jus.br/#/public/resultado/0601217-15.2026.6.00.0000;11667;Propaganda Política - Propaganda Eleitoral - Extemporânea/Antecipada;REPRESENTANTE: PARTIDO LIBERAL (PL) - NACIONAL;REPRESENTADO: THIAGO DOS REIS PEREIRA DOS SANTOS;;2;2026-07-14;2026-09-10;1;0;1
01/10/2026;06:01:26;2026;0601221-52.2026.6.00.0000;06/07/2026;23/07/2026;DF;3;DF;3;06/07/2026;S;Por sorteio;202679;NUNES MARQUES;78;Ministro;241;PetCiv;PETIÇÃO CÍVEL;12362;Autorização de Divulgação de Publicidade Institucional;0;1;14/07/2026;Decisão;https://consultaunificadapje.tse.jus.br/#/public/resultado/0601221-52.2026.6.00.0000;12362;Autorização de Divulgação de Publicidade Institucional;REQUERENTE: SECRETARIA DE COMUNICAÇÃO SOCIAL DA PRESIDÊNCIA DA REPÚBLICA;;;1;2026-07-14;2026-07-14;0;0;0
01/10/2026;06:01:26;2026;0601222-37.2026.6.00.0000;06/07/2026;23/07/2026;DF;3;DF;3;06/07/2026;S;Por sorteio;202679;NUNES MARQUES;78;Ministro;241;PetCiv;PETIÇÃO CÍVEL;12362;Autorização de Divulgação de Publicidade Institucional;0;1;12/07/2026;Decisão;https://consultaunificadapje.tse.jus.br/#/public/resultado/0601222-37.2026.6.00.0000;12362;Autorização de Divulgação de Publicidade Institucional;REQUERENTE: MINISTERIO DA DEFESA;;;1;2026-07-12;2026-07-12;0;0;0
01/10/2026;06:01:26;2026;0601228-44.2026.6.00.0000;07/07/2026;31/08/2026;DF;3;DF;3;07/07/2026;S;Por sorteio;202679;NUNES MARQUES;78;Ministro;241;PetCiv;PETIÇÃO CÍVEL;11778;Requerimento;0;1;19/08/2026;Decisão;https://consultaunificadapje.tse.jus.br/#/public/resultado/0601228-44.2026.6.00.0000;11768 | 11778;Partido Político - Órgão de Direção Nacional | Requerimento;REQUERENTE: PARTIDO SOCIAL DEMOCRÁTICO (PSD) - NACIONAL;;;1;2026-08-19;2026-08-19;0;0;0
01/10/2026;06:01:26;2026;0601231-96.2026.6.00.0000;08/07/2026;25/07/2026;DF;3;DF;3;09/07/2026;S;Por sorteio;202679;NUNES MARQUES;78;Ministro;241;PetCiv;PETIÇÃO CÍVEL;12362;Autorização de Divulgação de Publicidade Institucional;0;1;14/07/2026;Decisão;https://consultaunificadapje.tse.jus.br/#/public/resultado/0601231-96.2026.6.00.0000;12362;Autorização de Divulgação de Publicidade Institucional;REQUERENTE: SECRETARIA DE COMUNICAÇÃO SOCIAL DA PRESIDÊNCIA DA REPÚBLICA;;;1;2026-07-14;2026-07-14;0;0;0
01/10/2026;06:01:26;2026;0601232-81.2026.6.00.0000;08/07/2026;#NULO#;DF;3;DF;3;08/07/2026;S;Por sorteio;202679;NUNES MARQUES;60;Juíz Auxiliar;11541;Rp;REPRESENTAÇÃO;11667;Propaganda Política - Propaganda Eleitoral - Extemporânea/Antecipada;0;2;22/08/2026;Acórdão;https://consultaunificadapje.tse.jus.br/#/public/resultado/0601232-81.2026.6.00.0000;11667;Propaganda Política - Propaganda Eleitoral - Extemporânea/Antecipada;REPRESENTANTE: PARTIDO LIBERAL (PL) - NACIONAL;REPRESENTADO: RODRIGO42238279 | REPRESENTADO: Responsável pelo perfil @RODRIGO42238279 na plataforma X;;2;2026-07-28;2026-08-22;1;0;1
01/10/2026;06:01:26;2026;0601233-66.2026.6.00.0000;08/07/2026;#NULO#;DF;3;DF;3;08/07/2026;S;Por sorteio;202679;NUNES MARQUES;60;Juíz Auxiliar;11541;Rp;REPRESENTAÇÃO;11667;Propaganda Política - Propaganda Eleitoral - Extemporânea/Antecipada;0;1;28/09/2026;Decisão;https://consultaunificadapje.tse.jus.br/#/public/resultado/0601233-66.2026.6.00.0000;11667;Propaganda Política - Propaganda Eleitoral - Extemporânea/Antecipada;REPRESENTANTE: PARTIDO LIBERAL (PL) - NACIONAL;REPRESENTADO: JEAN WYLLYS DE MATOS SANTOS;;1;2026-09-28;2026-09-28;1;0;1
01/10/2026;06:01:26;2026;0601235-36.2026.6.00.0000;09/07/2026;#NULO#;DF;3;DF;3;09/07/2026;S;Por sorteio;202679;NUNES MARQUES;78;Ministro;1298;PA;PROCESSO ADMINISTRATIVO;11573;Requisição de Força Federal;0;2;14/09/2026;Acórdão;https://consultaunificadapje.tse.jus.br/#/public/resultado/0601235-36.2026.6.00.0000;11573;Requisição de Força Federal;REQUERENTE: TRIBUNAL REGIONAL ELEITORAL DO PIAUÍ;;;2;2026-08-28;2026-09-14;0;0;0
01/10/2026;06:01:26;2026;0601235-46.2026.6.14.0000;30/08/2026;29/09/2026;PA;2;DF;3;30/08/2026;S;Por sorteio;202679;NUNES MARQUES;60;Juíz Auxiliar;11541;Rp;REPRESENTAÇÃO;11649;Pesquisa Eleitoral - Divulgação de Pesquisa Eleitoral Fraudulenta;1;1;22/09/2026;Decisão;https://consultaunificadapje.tse.jus.br/#/public/resultado/0601235-46.2026.6.14.0000;11649;Pesquisa Eleitoral - Divulgação de Pesquisa Eleitoral Fraudulenta;REPRESENTANTE: COLIGAÇÃO O PARÁ É DO POVO;REPRESENTADA: ATLASINTEL TECNOLOGIA DE DADOS LTDA | SOCIEDADE: VALENCA E ASSOCIADOS ADVOCACIA E CONSULTORIA S/S;REPRESENTANTE: Ministério Público Eleitoral | TERCEIRO INTERESSADO: PROCURADORIA REGIONAL ELEITORAL DO PARÁ;1;2026-09-22;2026-09-22;0;0;0
01/10/2026;06:01:26;2026;0601239-73.2026.6.00.0000;09/07/2026;#NULO#;DF;3;DF;3;09/07/2026;S;Por sorteio;202679;NUNES MARQUES;60;Juíz Auxiliar;11541;Rp;REPRESENTAÇÃO;15429;Propaganda Política - Propaganda Eleitoral - Uso de Inteligência Artificial;0;1;17/09/2026;Decisão;https://consultaunificadapje.tse.jus.br/#/public/resultado/0601239-73.2026.6.00.0000;11667 | 15429;Propaganda Política - Propaganda Eleitoral - Extemporânea/Antecipada | Propaganda Política - Propaganda Eleitoral - Uso de Inteligência Artificial;REPRESENTANTE: FEDERAÇÃO BRASIL DA ESPERANÇA (FE BRASIL) - NACIONAL;REPRESENTADO: FLAVIO NANTES BOLSONARO;;1;2026-09-17;2026-09-17;1;0;1
01/10/2026;06:01:26;2026;0601240-58.2026.6.00.0000;10/07/2026;#NULO#;DF;3;DF;3;10/07/2026;S;Por sorteio;202679;NUNES MARQUES;78;Ministro;1298;PA;PROCESSO ADMINISTRATIVO;11573;Requisição de Força Federal;0;1;31/08/2026;Acórdão;https://consultaunificadapje.tse.jus.br/#/public/resultado/0601240-58.2026.6.00.0000;11573;Requisição de Força Federal;REQUERENTE: TRIBUNAL REGIONAL ELEITORAL DO RIO DE JANEIRO;;;1;2026-08-31;2026-08-31;0;0;0
01/10/2026;06:01:26;2026;0601241-43.2026.6.00.0000;10/07/2026;31/08/2026;DF;3;DF;3;13/07/2026;S;Por sorteio;202679;NUNES MARQUES;78;Ministro;241;PetCiv;PETIÇÃO CÍVEL;11778;Requerimento;0;3;20/08/2026;Decisão;https://consultaunificadapje.tse.jus.br/#/public/resultado/0601241-43.2026.6.00.0000;11768 | 11778;Partido Político - Órgão de Direção Nacional | Requerimento;REQUERENTE: MOVIMENTO DEMOCRÁTICO BRASILEIRO (MDB) - NACIONAL;;;2;2026-07-23;2026-08-20;0;0;0
01/10/2026;06:01:26;2026;0601242-28.2026.6.00.0000;10/07/2026;31/08/2026;DF;3;DF;3;10/07/2026;S;Por sorteio;202679;NUNES MARQUES;78;Ministro;241;PetCiv;PETIÇÃO CÍVEL;11778;Requerimento;0;2;20/08/2026;Decisão;https://consultaunificadapje.tse.jus.br/#/public/resultado/0601242-28.2026.6.00.0000;11768 | 11778;Partido Político - Órgão de Direção Nacional | Requerimento;REQUERENTE: PARTIDO NOVO (NOVO) - NACIONAL;;;2;2026-07-29;2026-08-20;0;0;0
01/10/2026;06:01:26;2026;0601246-37.2026.6.19.0000;21/09/2026;#NULO#;RJ;2;DF;3;21/09/2026;S;Por sorteio;223256;ANDRÉ MENDONÇA;14;Ministro;11549;REspEl;RECURSO ESPECIAL ELEITORAL;11591;Condição de Elegibilidade - Pleno Exercício dos Direitos Políticos;1;1;29/09/2026;Decisão;https://consultaunificadapje.tse.jus.br/#/public/resultado/0601246-37.2026.6.19.0000;11591 | 11618 | 11630;Cargo - Deputado Estadual | Condição de Elegibilidade - Pleno Exercício dos Direitos Políticos | Registro de Candidatura - RRC - Candidato;RECORRENTE: FERNANDO NASCIMENTO FERREIRA | RECORRENTE: MOVIMENTO DEMOCRÁTICO BRASILEIRO (MDB) - ESTADUAL;;REPRESENTANTE: Procuradoria Regional Eleitoral no Rio de Janeiro | TERCEIRO INTERESSADO: Procuradoria Regional Eleitoral1.;1;2026-09-29;2026-09-29;0;0;0
01/10/2026;06:01:26;2026;0601246-65.2026.6.00.0000;13/07/2026;31/08/2026;DF;3;DF;3;13/07/2026;S;Por sorteio;202679;NUNES MARQUES;78;Ministro;241;PetCiv;PETIÇÃO CÍVEL;11778;Requerimento;0;2;20/08/2026;Decisão;https://consultaunificadapje.tse.jus.br/#/public/resultado/0601246-65.2026.6.00.0000;11768 | 11778;Partido Político - Órgão de Direção Nacional | Requerimento;REQUERENTE: PARTIDO SOCIALISTA BRASILEIRO (PSB) - NACIONAL;;;1;2026-08-20;2026-08-20;0;0;0
01/10/2026;06:01:26;2026;0601248-35.2026.6.00.0000;13/07/2026;10/09/2026;DF;3;DF;3;13/07/2026;S;Por sorteio;202679;NUNES MARQUES;78;Ministro;1298;PA;PROCESSO ADMINISTRATIVO;11563;Afastamento de Magistrado;0;2;28/08/2026;Acórdão;https://consultaunificadapje.tse.jus.br/#/public/resultado/0601248-35.2026.6.00.0000;11563;Afastamento de Magistrado;INTERESSADO: TRIBUNAL REGIONAL ELEITORAL DO DISTRITO FEDERAL | TERCEIRO INTERESSADO: ANGELO CANDUCCI PASSARELI | TERCEIRO INTERESSADO: Tribunal Regional Eleitoral do Distrito Federal;;;2;2026-07-28;2026-08-28;0;0;0
01/10/2026;06:01:26;2026;0601249-20.2026.6.00.0000;13/07/2026;#NULO#;DF;3;DF;3;13/07/2026;S;Por sorteio;202679;NUNES MARQUES;78;Ministro;241;PetCiv;PETIÇÃO CÍVEL;12362;Autorização de Divulgação de Publicidade Institucional;0;1;28/07/2026;Decisão;https://consultaunificadapje.tse.jus.br/#/public/resultado/0601249-20.2026.6.00.0000;12362;Autorização de Divulgação de Publicidade Institucional;REQUERENTE: EMPRESA BRASIL DE COMUNICACAO S.A. - EBC;;;1;2026-07-28;2026-07-28;0;0;0
01/10/2026;06:01:26;2026;0601250-05.2026.6.00.0000;13/07/2026;#NULO#;DF;3;DF;3;13/07/2026;S;Por sorteio;202679;NUNES MARQUES;60;Juíz Auxiliar;11541;Rp;REPRESENTAÇÃO;11667;Propaganda Política - Propaganda Eleitoral - Extemporânea/Antecipada;0;2;17/09/2026;Acórdão;https://consultaunificadapje.tse.jus.br/#/public/resultado/0601250-05.2026.6.00.0000;11667;Propaganda Política - Propaganda Eleitoral - Extemporânea/Antecipada;REPRESENTANTE: FEDERAÇÃO BRASIL DA ESPERANÇA (FE BRASIL) - NACIONAL;REPRESENTADO: FLAVIO NANTES BOLSONARO;;2;2026-09-01;2026-09-17;1;0;1
01/10/2026;06:01:26;2026;0601251-87.2026.6.00.0000;13/07/2026;31/08/2026;DF;3;DF;3;14/07/2026;S;Por sorteio;202679;NUNES MARQUES;78;Ministro;241;PetCiv;PETIÇÃO CÍVEL;11778;Requerimento;0;2;20/08/2026;Decisão;https://consultaunificadapje.tse.jus.br/#/public/resultado/0601251-87.2026.6.00.0000;11768 | 11778;Partido Político - Órgão de Direção Nacional | Requerimento;REQUERENTE: UNIAO BRASIL (UNIÃO) - NACIONAL;;;2;2026-07-28;2026-08-20;0;0;0
01/10/2026;06:01:26;2026;0601252-72.2026.6.00.0000;13/07/2026;31/08/2026;DF;3;DF;3;14/07/2026;S;Por sorteio;202679;NUNES MARQUES;78;Ministro;241;PetCiv;PETIÇÃO CÍVEL;11768;Partido Político - Órgão de Direção Nacional;0;2;20/08/2026;Decisão;https://consultaunificadapje.tse.jus.br/#/public/resultado/0601252-72.2026.6.00.0000;11768 | 11778;Partido Político - Órgão de Direção Nacional | Requerimento;REQUERENTE: PARTIDO DOS TRABALHADORES (PT) - NACIONAL;;;1;2026-08-20;2026-08-20;0;0;0
01/10/2026;06:01:26;2026;0601255-27.2026.6.00.0000;14/07/2026;#NULO#;DF;3;DF;3;14/07/2026;S;Por sorteio;285510;ANTONIO CARLOS FERREIRA;11;Ministro;120;MSCiv;MANDADO DE SEGURANÇA CÍVEL;11778;Requerimento;0;3;01/09/2026;Despacho;https://consultaunificadapje.tse.jus.br/#/public/resultado/0601255-27.2026.6.00.0000;11753 | 11778;Convenção Partidária | Requerimento;IMPETRANTE / PACIENTE: JOAQUIM PEDRO DE MORAIS FILHO;AUTORIDADE COATORA: ANTÔNIO EDILBERTO OLIVEIRA LIMA | AUTORIDADE COATORA: DESEMBARGADOR ANTÔNIO EDILBERTO OLIVEIRA LIMA | LITISCONSORTE ATIVO: PARTIDO VERDE (PV) - NACIONAL | LITISCONSORTE: PARTIDO VERDE (PV) - ESTADUAL | ÓRGÃO COATOR: TRIBUNAL REGIONAL ELEITORAL DO CEARA;;2;2026-07-28;2026-08-01;0;0;0
01/10/2026;06:01:26;2026;0601256-12.2026.6.00.0000;14/07/2026;31/08/2026;DF;3;DF;3;14/07/2026;S;Por sorteio;202679;NUNES MARQUES;78;Ministro;241;PetCiv;PETIÇÃO CÍVEL;11768;Partido Político - Órgão de Direção Nacional;0;1;19/08/2026;Decisão;https://consultaunificadapje.tse.jus.br/#/public/resultado/0601256-12.2026.6.00.0000;11768 | 11778;Partido Político - Órgão de Direção Nacional | Requerimento;REQUERENTE: AVANTE (AVANTE) - NACIONAL;;;1;2026-08-19;2026-08-19;0;0;0
01/10/2026;06:01:26;2026;0601257-94.2026.6.00.0000;14/07/2026;17/08/2026;DF;3;DF;3;14/07/2026;S;Por sorteio;202679;NUNES MARQUES;78;Ministro;241;PetCiv;PETIÇÃO CÍVEL;11778;Requerimento;0;1;05/08/2026;Decisão;https://consultaunificadapje.tse.jus.br/#/public/resultado/0601257-94.2026.6.00.0000;11768 | 11778;Partido Político - Órgão de Direção Nacional | Requerimento;REQUERENTE: FEDERAÇÃO UNIÃO PROGRESSISTA - NACIONAL;;;1;2026-08-05;2026-08-05;0;0;0
01/10/2026;06:01:26;2026;0601259-64.2026.6.00.0000;15/07/2026;#NULO#;DF;3;DF;3;15/07/2026;S;Por sorteio;223256;ANDRÉ MENDONÇA;72;Juiz Auxiliar;11541;Rp;REPRESENTAÇÃO;11648;Pesquisa Eleitoral;0;1;26/08/2026;Decisão;https://consultaunificadapje.tse.jus.br/#/public/resultado/0601259-64.2026.6.00.0000;11648;Pesquisa Eleitoral;REPRESENTANTE: PARTIDO LIBERAL (PL) - NACIONAL;REPRESENTADA: ATLASINTEL TECNOLOGIA DE DADOS LTDA;;1;2026-08-26;2026-08-26;0;0;0
01/10/2026;06:01:26;2026;0601260-49.2026.6.00.0000;15/07/2026;#NULO#;DF;3;DF;3;15/07/2026;S;Por sorteio;202679;NUNES MARQUES;60;Juíz Auxiliar;11541;Rp;REPRESENTAÇÃO;11667;Propaganda Política - Propaganda Eleitoral - Extemporânea/Antecipada;0;2;17/09/2026;Acórdão;https://consultaunificadapje.tse.jus.br/#/public/resultado/0601260-49.2026.6.00.0000;11667;Propaganda Política - Propaganda Eleitoral - Extemporânea/Antecipada;REPRESENTANTE: PARTIDO LIBERAL (PL) - NACIONAL;REPRESENTADO: ADNAN VARGAS PEIXOTO;;2;2026-09-01;2026-09-17;1;0;1
01/10/2026;06:01:26;2026;0601262-19.2026.6.00.0000;15/07/2026;#NULO#;DF;3;DF;3;15/07/2026;S;Por sorteio;202679;NUNES MARQUES;60;Juíz Auxiliar;11541;Rp;REPRESENTAÇÃO;11667;Propaganda Política - Propaganda Eleitoral - Extemporânea/Antecipada;0;2;17/09/2026;Acórdão;https://consultaunificadapje.tse.jus.br/#/public/resultado/0601262-19.2026.6.00.0000;11667;Propaganda Política - Propaganda Eleitoral - Extemporânea/Antecipada;REPRESENTANTE: FEDERAÇÃO BRASIL DA ESPERANÇA (FE BRASIL) - NACIONAL;REPRESENTADO: FILIPE BARROS BAPTISTA DE TOLEDO RIBEIRO | REPRESENTADO: PARTIDO LIBERAL (PL) - ESTADUAL;;2;2026-09-01;2026-09-17;1;0;1
01/10/2026;06:01:26;2026;0601263-04.2026.6.00.0000;15/07/2026;#NULO#;DF;3;DF;3;15/07/2026;S;Por sorteio;223256;ANDRÉ MENDONÇA;72;Juiz Auxiliar;11541;Rp;REPRESENTAÇÃO;11667;Propaganda Política - Propaganda Eleitoral - Extemporânea/Antecipada;0;2;11/09/2026;Acórdão;https://consultaunificadapje.tse.jus.br/#/public/resultado/0601263-04.2026.6.00.0000;11667;Propaganda Política - Propaganda Eleitoral - Extemporânea/Antecipada;REPRESENTANTE: FEDERAÇÃO BRASIL DA ESPERANÇA (FE BRASIL) - NACIONAL;REPRESENTADO: THOMAZ HENRIQUE BARBOSA DA SILVA;;2;2026-07-28;2026-09-11;1;0;1
01/10/2026;06:01:26;2026;0601267-41.2026.6.00.0000;16/07/2026;02/09/2026;DF;3;DF;3;16/07/2026;S;Por sorteio;301846;RICARDO VILLAS BÔAS CUEVA;4;Ministro;12134;TutCautAnt;TUTELA CAUTELAR ANTECEDENTE;11565;Lista Tríplice;0;2;14/08/2026;Acórdão;https://consultaunificadapje.tse.jus.br/#/public/resultado/0601267-41.2026.6.00.0000;11565 | 12643;Lista Tríplice | Processamento de Lista Tríplice;;REQUERIDO: PRESIDENTE DO TRIBUNAL DE JUSTIÇA DO ESTADO DO RIO DE JANEIRO | REQUERIDO: presidente do tribunal de justiça do estado do rio de janeiro;;2;2026-07-23;2026-08-14;0;0;0
01/10/2026;06:01:26;2026;0601269-11.2026.6.00.0000;16/07/2026;10/09/2026;DF;3;DF;3;16/07/2026;S;Por sorteio;202679;NUNES MARQUES;78;Ministro;1298;PA;PROCESSO ADMINISTRATIVO;11563;Afastamento de Magistrado;0;2;31/08/2026;Acórdão;https://consultaunificadapje.tse.jus.br/#/public/resultado/0601269-11.2026.6.00.0000;11563;Afastamento de Magistrado;INTERESSADO: TRIBUNAL REGIONAL ELEITORAL DA BAHIA;;;2;2026-07-28;2026-08-31;0;0;0
01/10/2026;06:01:26;2026;0601271-78.2026.6.00.0000;16/07/2026;#NULO#;DF;3;DF;3;16/07/2026;S;Por sorteio;233218;FLORIANO DE AZEVEDO MARQUES;13;Ministro;241;PetCiv;PETIÇÃO CÍVEL;11765;Dissolução de Órgão de Direção Partidária;0;3;02/09/2026;Decisão;https://consultaunificadapje.tse.jus.br/#/public/resultado/0601271-78.2026.6.00.0000;11765 | 11778;Dissolução de Órgão de Direção Partidária | Requerimento;REQUERENTE: RAQUEL NASCIMENTO DIAS;REQUERIDO: CIDADANIA (CIDADANIA) - NACIONAL;;2;2026-07-28;2026-09-02;0;0;0
01/10/2026;06:01:26;2026;0601272-63.2026.6.00.0000;16/07/2026;15/09/2026;DF;3;DF;3;16/07/2026;S;Por sorteio;202679;NUNES MARQUES;78;Ministro;1298;PA;PROCESSO ADMINISTRATIVO;11563;Afastamento de Magistrado;0;2;10/09/2026;Acórdão;https://consultaunificadapje.tse.jus.br/#/public/resultado/0601272-63.2026.6.00.0000;11563;Afastamento de Magistrado;INTERESSADO: TRIBUNAL REGIONAL ELEITORAL DE GOIÁS | REQUERENTE: TRIBUNAL REGIONAL ELEITORAL DE GOIÁS;;;2;2026-07-28;2026-09-10;0;0;0
01/10/2026;06:01:26;2026;0601273-48.2026.6.00.0000;16/07/2026;#NULO#;DF;3;DF;3;16/07/2026;S;Por sorteio;202679;NUNES MARQUES;60;Juíz Auxiliar;11541;Rp;REPRESENTAÇÃO;11667;Propaganda Política - Propaganda Eleitoral - Extemporânea/Antecipada;0;1;26/09/2026;Decisão;https://consultaunificadapje.tse.jus.br/#/public/resultado/0601273-48.2026.6.00.0000;11667;Propaganda Política - Propaganda Eleitoral - Extemporânea/Antecipada;REPRESENTANTE: PARTIDO LIBERAL (PL) - NACIONAL;REPRESENTADO: @oarquitetoleo | REPRESENTADO: Responsável pelo perfil @oarquitetoleo na plataforma X | REPRESENTADO: Responsável pelo perfil @oarquitetoleo no X;;1;2026-09-26;2026-09-26;1;0;1
01/10/2026;06:01:26;2026;0601274-33.2026.6.00.0000;16/07/2026;#NULO#;DF;3;DF;3;16/07/2026;S;Por sorteio;223256;ANDRÉ MENDONÇA;72;Juiz Auxiliar;12630;RepEsp;REPRESENTAÇÃO ESPECIAL;12063;Conduta Vedada ao Agente Público;0;4;11/09/2026;Acórdão;https://consultaunificadapje.tse.jus.br/#/public/resultado/0601274-33.2026.6.00.0000;11634 | 12063;Cargo - Presidente da República | Conduta Vedada ao Agente Público;REPRESENTANTE: PARTIDO LIBERAL (PL) - NACIONAL;REPRESENTADO: LUIZ INACIO LULA DA SILVA;;4;2026-08-02;2026-09-11;0;0;0
01/10/2026;06:01:26;2026;0601282-10.2026.6.00.0000;17/07/2026;31/08/2026;DF;3;DF;3;17/07/2026;S;Por sorteio;202679;NUNES MARQUES;78;Ministro;241;PetCiv;PETIÇÃO CÍVEL;11768;Partido Político - Órgão de Direção Nacional;0;2;19/08/2026;Decisão;https://consultaunificadapje.tse.jus.br/#/public/resultado/0601282-10.2026.6.00.0000;11768 | 11778;Partido Político - Órgão de Direção Nacional | Requerimento;REQUERENTE: PARTIDO DA SOCIAL DEMOCRACIA BRASILEIRA (PSDB) - NACIONAL;;;1;2026-08-19;2026-08-19;0;0;0
01/10/2026;06:01:26;2026;0601287-32.2026.6.00.0000;20/07/2026;#NULO#;DF;3;DF;3;20/07/2026;S;Por sorteio;202679;NUNES MARQUES;60;Juíz Auxiliar;11541;Rp;REPRESENTAÇÃO;11667;Propaganda Política - Propaganda Eleitoral - Extemporânea/Antecipada;0;2;17/09/2026;Acórdão;https://consultaunificadapje.tse.jus.br/#/public/resultado/0601287-32.2026.6.00.0000;11667;Propaganda Política - Propaganda Eleitoral - Extemporânea/Antecipada;REPRESENTANTE: PARTIDO LIBERAL (PL) - NACIONAL;REPRESENTADO: ANDRE LUIS GASPAR JANONES;;2;2026-09-01;2026-09-17;1;0;1
01/10/2026;06:01:26;2026;0601289-02.2026.6.00.0000;20/07/2026;31/08/2026;DF;3;DF;3;20/07/2026;S;Por sorteio;202679;NUNES MARQUES;78;Ministro;241;PetCiv;PETIÇÃO CÍVEL;11778;Requerimento;0;1;19/08/2026;Decisão;https://consultaunificadapje.tse.jus.br/#/public/resultado/0601289-02.2026.6.00.0000;11768 | 11778;Partido Político - Órgão de Direção Nacional | Requerimento;REQUERENTE: MOBILIZAÇÃO NACIONAL (MOBILIZA) - NACIONAL;;;1;2026-08-19;2026-08-19;0;0;0
01/10/2026;06:01:26;2026;0601290-84.2026.6.00.0000;20/07/2026;15/08/2026;DF;3;DF;3;20/07/2026;S;Por sorteio;6276;DIAS TOFFOLI;3;Ministro;12375;Rcl;RECLAMAÇÃO;12586;Filiação Partidária - Lista Especial;0;2;03/08/2026;Decisão;https://consultaunificadapje.tse.jus.br/#/public/resultado/0601290-84.2026.6.00.0000;12586;Filiação Partidária - Lista Especial;;INTERESSADA: PARTIDO LIBERAL | RECLAMADO: PARTIDO LIBERAL (PL) - NACIONAL;;1;2026-08-03;2026-08-03;0;0;0
01/10/2026;06:01:26;2026;0601291-69.2026.6.00.0000;20/07/2026;22/08/2026;DF;3;DF;3;20/07/2026;PP;Por prevenção;6276;DIAS TOFFOLI;3;Ministro;120;MSCiv;MANDADO DE SEGURANÇA CÍVEL;12586;Filiação Partidária - Lista Especial;0;2;13/08/2026;Decisão;https://consultaunificadapje.tse.jus.br/#/public/resultado/0601291-69.2026.6.00.0000;12586;Filiação Partidária - Lista Especial;IMPETRANTE: JOSE ADAILTON MIRANDA CAVALCANTE;IMPETRADO: PARTIDO LIBERAL (PL) - NACIONAL;;1;2026-08-13;2026-08-13;0;0;0
01/10/2026;06:01:26;2026;0601292-54.2026.6.00.0000;20/07/2026;15/08/2026;DF;3;DF;3;20/07/2026;PP;Por prevenção;6276;DIAS TOFFOLI;3;Ministro;120;MSCiv;MANDADO DE SEGURANÇA CÍVEL;12586;Filiação Partidária - Lista Especial;0;2;03/08/2026;Decisão;https://consultaunificadapje.tse.jus.br/#/public/resultado/0601292-54.2026.6.00.0000;11778 | 12586;Filiação Partidária - Lista Especial | Requerimento;;COATOR: Waldemar da Costa Neto | IMPETRADO: PARTIDO LIBERAL (PL) - NACIONAL;;2;2026-08-01;2026-08-03;0;0;0
01/10/2026;06:01:26;2026;0601294-24.2026.6.00.0000;21/07/2026;31/08/2026;DF;3;DF;3;21/07/2026;S;Por sorteio;202679;NUNES MARQUES;78;Ministro;241;PetCiv;PETIÇÃO CÍVEL;11778;Requerimento;0;1;19/08/2026;Decisão;https://consultaunificadapje.tse.jus.br/#/public/resultado/0601294-24.2026.6.00.0000;11768 | 11778;Partido Político - Órgão de Direção Nacional | Requerimento;REQUERENTE: DEMOCRACIA CRISTÃ (DC) - NACIONAL;;;1;2026-08-19;2026-08-19;0;0;0
01/10/2026;06:01:26;2026;0601295-09.2026.6.00.0000;21/07/2026;27/08/2026;DF;3;DF;3;22/07/2026;S;Por sorteio;202679;NUNES MARQUES;78;Ministro;241;PetCiv;PETIÇÃO CÍVEL;11778;Requerimento;0;1;19/08/2026;Decisão;https://consultaunificadapje.tse.jus.br/#/public/resultado/0601295-09.2026.6.00.0000;11768 | 11778;Partido Político - Órgão de Direção Nacional | Requerimento;REQUERENTE: FEDERAÇÃO PSDB CIDADANIA - NACIONAL;;;1;2026-08-19;2026-08-19;0;0;0
01/10/2026;06:01:26;2026;0601296-91.2026.6.00.0000;21/07/2026;#NULO#;DF;3;DF;3;21/07/2026;S;Por sorteio;301846;RICARDO VILLAS BÔAS CUEVA;4;Ministro;120;MSCiv;MANDADO DE SEGURANÇA CÍVEL;11765;Dissolução de Órgão de Direção Partidária;0;3;26/08/2026;Despacho;https://consultaunificadapje.tse.jus.br/#/public/resultado/0601296-91.2026.6.00.0000;11765 | 11778;Dissolução de Órgão de Direção Partidária | Requerimento;IMPETRANTE: ANTONIO NILTON RODRIGUES SILVA | IMPETRANTE: ARNALDO JORDY FIGUEIREDO | IMPETRANTE: AUGUSTO JORGE PANTOJA DA SILVA | IMPETRANTE: CARLITO FERREIRA DA SILVA | IMPETRANTE: CARLOS ALESSANDER COSTA ALVES LEAO | IMPETRANTE: CLAUDIA LIMA CONCEICAO DO NASCIMENTO | IMPETRANTE: CLEUMAR ALEIXO DE SOUSA | IMPETRANTE: DANIEL PANTOJA ESTUMANO | IMPETRANTE: ELDER JOSE DOS SANTOS SILVA | IMPETRANTE: ELEANOR GOMES DA SILVA PALHANO | IMPETRANTE: ELSON LUIZ ROCHA MONTEIRO | IMPETRANTE: EMANOEL O DE ALMEIDA FILHO | IMPETRANTE: FRANCINETE MARQUES DOS REIS | IMPETRANTE: FRANCISCO CARLOS ALMEIDA DE SOUZA | IMPETRANTE: FRANCISCO POTIGUARA TOMAZ FILHO | IMPETRANTE: GERSON AUGUSTO DOS SANTOS VARELA | IMPETRANTE: GERSON FRANCO CABRAL | IMPETRANTE: HELEM DACILANE DA SILVA DUARTE | IMPETRANTE: HELIO DE SOUZA SANTOS | IMPETRANTE: HELIO FRANCO DE MACEDO JUNIOR | IMPETRANTE: IAN BLOIS PINHEIRO | IMPETRANTE: IRANILDA DE FREITAS FERREIRA | IMPETRANTE: IVETE MENDONCA DA CUNHA GOMES | IMPETRANTE: JACQUELINE DA SILVA ALMEIDA | IMPETRANTE: JAIME JAIR GOMES | IMPETRANTE: JANE MONTEIRO NEVES | IMPETRANTE: JOSE MEGALE FILHO | IMPETRANTE: JOSE RAIMUNDO DOS SANTOS SILVA | IMPETRANTE: JOSENE ARAUJO PEREIRA | IMPETRANTE: JUNIOR LEMOS DE OLIVEIRA | IMPETRANTE: LEONIDAS DE ARAUJO JUNIOR | IMPETRANTE: LUIZ ALVES DOS SANTOS | IMPETRANTE: LUZINEIDE SOUZA DE MORAIS | IMPETRANTE: MANOEL VERA CRUZ DOS SANTOS | IMPETRANTE: MARCELO ANTONIO DOS SANTOS OLIVEIRA | IMPETRANTE: MARCIO NASCIMENTO PAZ | IMPETRANTE: MARIA DO SOCORRO PINHEIRO RUIVO | IMPETRANTE: NADSON SILVA OLIVEIRA | IMPETRANTE: OLENA MARIA PEREIRA MACHADO | IMPETRANTE: PATRICK DOS SANTOS AGUIAR | IMPETRANTE: RODOLFO RONALDO NOBRE OLIVEIRA | IMPETRANTE: ROSANIA DO SOCORRO GARCIA CAMPESTRINI | IMPETRANTE: SAMYA THAYRA ALMEIDA SILVA | IMPETRANTE: SARA ESTER SANTANA CALANDRINI | IMPETRANTE: TAMAR LIMA MONTEIRO | IMPETRANTE: WALDIR ARAUJO CARDOSO | IMPETRANTE: WESLEY PINHEIRO DE AQUINO;IMPETRADO: ALEX SPINELLI MANENTE | IMPETRADO: CIDADANIA (CIDADANIA) - NACIONAL;;1;2026-08-10;2026-08-10;0;0;0
01/10/2026;06:01:26;2026;0601297-91.2026.6.21.0000;20/09/2026;#NULO#;RS;2;DF;3;20/09/2026;S;Por sorteio;301846;RICARDO VILLAS BÔAS CUEVA;4;Ministro;11549;REspEl;RECURSO ESPECIAL ELEITORAL;11593;Direito de Resposta;1;1;22/09/2026;Decisão;https://consultaunificadapje.tse.jus.br/#/public/resultado/0601297-91.2026.6.21.0000;11593 | 11630 | 11632;Cargo - Deputado Estadual | Cargo - Governador | Direito de Resposta;RECORRENTE: CLAUDIO GILNEI TATSCH;RECORRIDO: JULIANA BRIZOLA | SOCIEDADE: WALBER AGRA SOCIEDADE INDIVIDUAL DE ADVOCACIA;REPRESENTANTE: Procuradoria Regional Eleitoral | TERCEIRO INTERESSADO: Procurador Regional Eleitoral;1;2026-09-22;2026-09-22;0;0;0
01/10/2026;06:01:26;2026;0601298-61.2026.6.00.0000;22/07/2026;31/08/2026;DF;3;DF;3;22/07/2026;S;Por sorteio;202679;NUNES MARQUES;78;Ministro;241;PetCiv;PETIÇÃO CÍVEL;11778;Requerimento;0;2;19/08/2026;Decisão;https://consultaunificadapje.tse.jus.br/#/public/resultado/0601298-61.2026.6.00.0000;11768 | 11778;Partido Político - Órgão de Direção Nacional | Requerimento;REQUERENTE: SOLIDARIEDADE (SOLIDARIEDADE) - NACIONAL;;;1;2026-08-19;2026-08-19;0;0;0
01/10/2026;06:01:26;2026;0601299-46.2026.6.00.0000;22/07/2026;#NULO#;DF;3;DF;3;22/07/2026;S;Por sorteio;202679;NUNES MARQUES;60;Juíz Auxiliar;11541;Rp;REPRESENTAÇÃO;11667;Propaganda Política - Propaganda Eleitoral - Extemporânea/Antecipada;0;1;22/09/2026;Decisão;https://consultaunificadapje.tse.jus.br/#/public/resultado/0601299-46.2026.6.00.0000;11667;Propaganda Política - Propaganda Eleitoral - Extemporânea/Antecipada;REPRESENTANTE: PARTIDO LIBERAL (PL) - NACIONAL;REPRESENTADO: GULLIEM CHARLES BEZERRA LEMOS;;1;2026-09-22;2026-09-22;1;0;1
01/10/2026;06:01:26;2026;0601300-31.2026.6.00.0000;22/07/2026;#NULO#;DF;3;DF;3;22/07/2026;S;Por sorteio;202679;NUNES MARQUES;60;Juíz Auxiliar;11541;Rp;REPRESENTAÇÃO;11667;Propaganda Política - Propaganda Eleitoral - Extemporânea/Antecipada;0;1;26/09/2026;Decisão;https://consultaunificadapje.tse.jus.br/#/public/resultado/0601300-31.2026.6.00.0000;11667;Propaganda Política - Propaganda Eleitoral - Extemporânea/Antecipada;REPRESENTANTE: PARTIDO LIBERAL (PL) - NACIONAL;REPRESENTADA: EDITORA E LIVRARIA CONHECIMENTO LIBERTA LTDA;;1;2026-09-26;2026-09-26;1;0;1
01/10/2026;06:01:26;2026;0601303-83.2026.6.00.0000;22/07/2026;#NULO#;DF;3;DF;3;22/07/2026;S;Por sorteio;202679;NUNES MARQUES;60;Juíz Auxiliar;11541;Rp;REPRESENTAÇÃO;11667;Propaganda Política - Propaganda Eleitoral - Extemporânea/Antecipada;0;2;26/09/2026;Despacho;https://consultaunificadapje.tse.jus.br/#/public/resultado/0601303-83.2026.6.00.0000;11667;Propaganda Política - Propaganda Eleitoral - Extemporânea/Antecipada;REPRESENTANTE: FEDERAÇÃO BRASIL DA ESPERANÇA (FE BRASIL) - NACIONAL;REPRESENTADA: JULIA PEDROSO ZANATTA | REPRESENTADO: EDUARDO NANTES BOLSONARO | REPRESENTADO: FLAVIO NANTES BOLSONARO | REPRESENTADO: GUSTAVO GAYER MACHADO DE ARAUJO;;1;2026-09-01;2026-09-01;1;0;1
01/10/2026;06:01:26;2026;0601308-08.2026.6.00.0000;23/07/2026;#NULO#;DF;3;DF;3;23/07/2026;S;Por sorteio;6276;DIAS TOFFOLI;3;Ministro;120;MSCiv;MANDADO DE SEGURANÇA CÍVEL;11765;Dissolução de Órgão de Direção Partidária;0;2;13/08/2026;Decisão;https://consultaunificadapje.tse.jus.br/#/public/resultado/0601308-08.2026.6.00.0000;11765;Dissolução de Órgão de Direção Partidária;IMPETRANTE: CARLOS EDUARDO DA CAMARA NUNES DO NASCIMENTO | IMPETRANTE: LAURA HELENA LIMA PINHEIRO;IMPETRADO: ALEX SPINELLI MANENTE | IMPETRADO: CIDADANIA (CIDADANIA) - NACIONAL | ÓRGÃO COATOR: Diretório Nacional do Cidadania;;1;2026-08-13;2026-08-13;0;0;0
01/10/2026;06:01:26;2026;0601311-37.2026.6.26.0000;15/09/2026;#NULO#;SP;2;DF;3;29/09/2026;S;Por sorteio;349772;SEBASTIÃO REIS JUNIOR;11;Ministro;11550;RO-El;RECURSO ORDINÁRIO ELEITORAL;11618;Registro de Candidatura - RRC - Candidato;1;1;30/09/2026;Decisão;https://consultaunificadapje.tse.jus.br/#/public/resultado/0601311-37.2026.6.26.0000;11600 | 11618 | 11631;Cargo - Deputado Federal | Inelegibilidade - Desincompatibilização | Registro de Candidatura - RRC - Candidato;AGRAVANTE: REPUBLICANOS (REPUBLICANOS) - ESTADUAL | RECORRENTE: EDILAINE DANIEL CARVALHO;;REPRESENTANTE: Procuradoria Regional Eleitoral | TERCEIRO INTERESSADO: PROCURADORIA REGIONAL ELEITORAL;1;2026-09-30;2026-09-30;0;0;0
01/10/2026;06:01:26;2026;0601311-60.2026.6.00.0000;24/07/2026;29/09/2026;DF;3;DF;3;24/07/2026;S;Por sorteio;285510;ANTONIO CARLOS FERREIRA;11;Ministro;120;MSCiv;MANDADO DE SEGURANÇA CÍVEL;11778;Requerimento;0;3;19/09/2026;Acórdão;https://consultaunificadapje.tse.jus.br/#/public/resultado/0601311-60.2026.6.00.0000;11728 | 11778;Direitos Políticos - Suspensão de Direitos Políticos | Requerimento;REQUERENTE: JESUS GOMES DE VASCONCELOS;AUTORIDADE COATORA: JUÍZA ELEITORAL MAYARA LIMA ROCHA MACEDO | REQUERENTE: Juíza Mayara Lima Rocha Macedo da 5ª Zona Eleitoral de Viçosa/AL;;3;2026-08-01;2026-09-19;0;0;0
01/10/2026;06:01:26;2026;0601312-45.2026.6.00.0000;24/07/2026;#NULO#;DF;3;DF;3;24/07/2026;S;Por sorteio;223256;ANDRÉ MENDONÇA;72;Juiz Auxiliar;11541;Rp;REPRESENTAÇÃO;11667;Propaganda Política - Propaganda Eleitoral - Extemporânea/Antecipada;0;2;11/09/2026;Acórdão;https://consultaunificadapje.tse.jus.br/#/public/resultado/0601312-45.2026.6.00.0000;11667;Propaganda Política - Propaganda Eleitoral - Extemporânea/Antecipada;REPRESENTANTE: PARTIDO LIBERAL (PL) - NACIONAL;REPRESENTADO: THIAGO DOS REIS PEREIRA DOS SANTOS;;2;2026-08-01;2026-09-11;1;0;1
01/10/2026;06:01:26;2026;0601313-30.2026.6.00.0000;24/07/2026;31/08/2026;DF;3;DF;3;24/07/2026;S;Por sorteio;202679;NUNES MARQUES;78;Ministro;241;PetCiv;PETIÇÃO CÍVEL;11778;Requerimento;0;1;19/08/2026;Decisão;https://consultaunificadapje.tse.jus.br/#/public/resultado/0601313-30.2026.6.00.0000;11768 | 11778;Partido Político - Órgão de Direção Nacional | Requerimento;REQUERENTE: PODEMOS (PODE) - NACIONAL;;;1;2026-08-19;2026-08-19;0;0;0
01/10/2026;06:01:26;2026;0601316-71.2026.6.04.0000;11/09/2026;#NULO#;AM;2;DF;3;11/09/2026;S;Por sorteio;202679;NUNES MARQUES;78;Ministro;1298;PA;PROCESSO ADMINISTRATIVO;11573;Requisição de Força Federal;1;1;26/09/2026;Acórdão;https://consultaunificadapje.tse.jus.br/#/public/resultado/0601316-71.2026.6.04.0000;11573;Requisição de Força Federal;INTERESSADO: TRIBUNAL REGIONAL ELEITORAL DO AMAZONAS | REPRESENTANTE: ADVOCACIA GERAL DA UNIAO;;REPRESENTANTE: Procuradoria Regional Eleitoral AM | TERCEIRO INTERESSADO: Procurador Regional Eleitoral - AM;1;2026-09-26;2026-09-26;0;0;0
01/10/2026;06:01:26;2026;0601317-67.2026.6.00.0000;27/07/2026;31/08/2026;DF;3;DF;3;27/07/2026;S;Por sorteio;202679;NUNES MARQUES;78;Ministro;241;PetCiv;PETIÇÃO CÍVEL;11768;Partido Político - Órgão de Direção Nacional;0;1;19/08/2026;Decisão;https://consultaunificadapje.tse.jus.br/#/public/resultado/0601317-67.2026.6.00.0000;11768 | 11778;Partido Político - Órgão de Direção Nacional | Requerimento;REQUERENTE: PARTIDO SOCIALISMO E LIBERDADE (PSOL) - NACIONAL;;;1;2026-08-19;2026-08-19;0;0;0
01/10/2026;06:01:26;2026;0601325-44.2026.6.00.0000;27/07/2026;#NULO#;DF;3;DF;3;27/07/2026;S;Por sorteio;6276;DIAS TOFFOLI;3;Ministro;120;MSCiv;MANDADO DE SEGURANÇA CÍVEL;11765;Dissolução de Órgão de Direção Partidária;0;4;29/09/2026;Acórdão;https://consultaunificadapje.tse.jus.br/#/public/resultado/0601325-44.2026.6.00.0000;11765 | 11766 | 11768;Dissolução de Órgão de Direção Partidária | Partido Político - Órgão de Direção Estadual | Partido Político - Órgão de Direção Nacional;IMPETRANTE: RODRIGO SANTOS CUNHA;AUTORIDADE COATORA: RENATA HELLMEISTER DE ABREU | IMPETRADO: PODEMOS (PODE) - NACIONAL | TERCEIRO INTERESSADO: PODEMOS (PODEMOS) - ESTADUAL;;3;2026-08-04;2026-09-29;0;0;0
01/10/2026;06:01:26;2026;0601331-51.2026.6.00.0000;28/07/2026;31/08/2026;DF;3;DF;3;28/07/2026;S;Por sorteio;202679;NUNES MARQUES;78;Ministro;241;PetCiv;PETIÇÃO CÍVEL;11778;Requerimento;0;1;19/08/2026;Decisão;https://consultaunificadapje.tse.jus.br/#/public/resultado/0601331-51.2026.6.00.0000;11768 | 11778;Partido Político - Órgão de Direção Nacional | Requerimento;REQUERENTE: AGIR (AGIR) - NACIONAL;;;1;2026-08-19;2026-08-19;0;0;0
01/10/2026;06:01:26;2026;0601335-88.2026.6.00.0000;28/07/2026;#NULO#;DF;3;DF;3;28/07/2026;S;Por sorteio;202679;NUNES MARQUES;60;Juíz Auxiliar;11541;Rp;REPRESENTAÇÃO;11667;Propaganda Política - Propaganda Eleitoral - Extemporânea/Antecipada;0;1;26/09/2026;Decisão;https://consultaunificadapje.tse.jus.br/#/public/resultado/0601335-88.2026.6.00.0000;11667 | 15429;Propaganda Política - Propaganda Eleitoral - Extemporânea/Antecipada | Propaganda Política - Propaganda Eleitoral - Uso de Inteligência Artificial;REPRESENTANTE: FEDERAÇÃO BRASIL DA ESPERANÇA (FE BRASIL) - NACIONAL;REPRESENTADO: @ihdbf488 | REPRESENTADO: Responsável pelo perfil @ihdbf488 na plataforma KWAI | REPRESENTADO: Responsável pelo perfil @ihdbf488 no KWAI;;1;2026-09-26;2026-09-26;1;0;1
01/10/2026;06:01:26;2026;0601337-58.2026.6.00.0000;28/07/2026;#NULO#;DF;3;DF;3;28/07/2026;S;Por sorteio;223256;ANDRÉ MENDONÇA;72;Juiz Auxiliar;11541;Rp;REPRESENTAÇÃO;11667;Propaganda Política - Propaganda Eleitoral - Extemporânea/Antecipada;0;2;11/09/2026;Acórdão;https://consultaunificadapje.tse.jus.br/#/public/resultado/0601337-58.2026.6.00.0000;11667 | 15429;Propaganda Política - Propaganda Eleitoral - Extemporânea/Antecipada | Propaganda Política - Propaganda Eleitoral - Uso de Inteligência Artificial;REPRESENTANTE: FEDERAÇÃO BRASIL DA ESPERANÇA (FE BRASIL) - NACIONAL;REPRESENTADO: JOSE PORTUGAL NETO | REPRESENTADO: LUIZ DE FRANCA E SILVA MEIRA;;2;2026-08-01;2026-09-11;1;0;1
01/10/2026;06:01:26;2026;0601338-15.2026.6.19.0000;18/09/2026;#NULO#;RJ;2;DF;3;29/09/2026;S;Por sorteio;349772;SEBASTIÃO REIS JUNIOR;11;Ministro;11550;RO-El;RECURSO ORDINÁRIO ELEITORAL;11605;Inelegibilidade - Representação ou Ação de Investigação Judicial Eleitoral Jugada Procedente pela Justiça Eleitoral;1;1;30/09/2026;Decisão;https://consultaunificadapje.tse.jus.br/#/public/resultado/0601338-15.2026.6.19.0000;11604 | 11605 | 11618 | 11631;Cargo - Deputado Federal | Inelegibilidade - Rejeição de Contas Públicas | Inelegibilidade - Representação ou Ação de Investigação Judicial Eleitoral Jugada Procedente pela Justiça Eleitoral | Registro de Candidatura - RRC - Candidato;AGRAVANTE: JANDIRA RABELO | AGRAVANTE: PARTIDO SOCIAL DEMOCRÁTICO (PSD) - ESTADUAL;AGRAVADO: JOACIR BARBAGLIO PEREIRA;REPRESENTANTE: Procuradoria Regional Eleitoral no Rio de Janeiro | TERCEIRO INTERESSADO: Procuradoria Regional Eleitoral1.;1;2026-09-30;2026-09-30;0;0;0
01/10/2026;06:01:26;2026;0601339-28.2026.6.00.0000;29/07/2026;#NULO#;DF;3;DF;3;29/07/2026;S;Por sorteio;285510;ANTONIO CARLOS FERREIRA;42;Ministro;11527;AIJE;AÇÃO DE INVESTIGAÇÃO JUDICIAL ELEITORAL;11719;Abuso - De Poder Político/Autoridade;0;4;08/09/2026;Despacho;https://consultaunificadapje.tse.jus.br/#/public/resultado/0601339-28.2026.6.00.0000;11719 | 11720;Abuso - De Poder Político/Autoridade | Abuso - Uso Indevido de Meio de Comunicação Social;REPRESENTANTE: PAULA NUNES DOS SANTOS;REPRESENTADO: FLAVIO NANTES BOLSONARO;;2;2026-08-02;2026-08-14;0;0;0
01/10/2026;06:01:26;2026;0601344-50.2026.6.00.0000;30/07/2026;#NULO#;DF;3;DF;3;30/07/2026;S;Por sorteio;223256;ANDRÉ MENDONÇA;72;Juiz Auxiliar;11541;Rp;REPRESENTAÇÃO;11667;Propaganda Política - Propaganda Eleitoral - Extemporânea/Antecipada;0;3;10/09/2026;Acórdão;https://consultaunificadapje.tse.jus.br/#/public/resultado/0601344-50.2026.6.00.0000;11667 | 15429 | 15524;Propaganda Política - Propaganda Eleitoral - Deep Fake | Propaganda Política - Propaganda Eleitoral - Extemporânea/Antecipada | Propaganda Política - Propaganda Eleitoral - Uso de Inteligência Artificial;REPRESENTANTE: PARTIDO LIBERAL (PL) - NACIONAL;REPRESENTADA: FRANCISCA RAQUEL LUZ;;2;2026-08-17;2026-09-10;1;0;1
01/10/2026;06:01:26;2026;0601348-87.2026.6.00.0000;31/07/2026;31/08/2026;DF;3;DF;3;31/07/2026;S;Por sorteio;202679;NUNES MARQUES;78;Ministro;241;PetCiv;PETIÇÃO CÍVEL;11778;Requerimento;0;1;19/08/2026;Decisão;https://consultaunificadapje.tse.jus.br/#/public/resultado/0601348-87.2026.6.00.0000;11768 | 11778;Partido Político - Órgão de Direção Nacional | Requerimento;REQUERENTE: PARTIDO SOCIALISTA DOS TRABALHADORES UNIFICADO (PSTU) - NACIONAL;;;1;2026-08-19;2026-08-19;0;0;0
01/10/2026;06:01:26;2026;0601349-72.2026.6.00.0000;31/07/2026;#NULO#;DF;3;DF;3;31/07/2026;S;Por sorteio;202679;NUNES MARQUES;60;Juíz Auxiliar;12625;DR;DIREITO DE RESPOSTA;11593;Direito de Resposta;0;1;17/09/2026;Decisão;https://consultaunificadapje.tse.jus.br/#/public/resultado/0601349-72.2026.6.00.0000;11593;Direito de Resposta;REQUERENTE: PARTIDO MISSÃO (MISSÃO) - NACIONAL;REQUERIDO: ESTUDIOPODCAST_MAYER | REQUERIDO: HILTON CLEVERSON BRANCO CORDEIRO 05797720981 | REQUERIDO: Responsável pelo perfil @estudiopodcast_mayer no Instagram | REQUERIDO: SERGIO MAYER;;1;2026-09-17;2026-09-17;0;1;1
01/10/2026;06:01:26;2026;0601350-57.2026.6.00.0000;31/07/2026;#NULO#;DF;3;DF;3;31/07/2026;S;Por sorteio;350140;ESTELA ARANHA;59;Juíz Auxiliar;11541;Rp;REPRESENTAÇÃO;11667;Propaganda Política - Propaganda Eleitoral - Extemporânea/Antecipada;0;1;02/08/2026;Decisão;https://consultaunificadapje.tse.jus.br/#/public/resultado/0601350-57.2026.6.00.0000;11667;Propaganda Política - Propaganda Eleitoral - Extemporânea/Antecipada;REPRESENTANTE: PARTIDO MISSÃO (MISSÃO) - NACIONAL;REPRESENTADO: ESTUDIOPODCAST_MAYER | REPRESENTADO: HILTON CLEVERSON BRANCO CORDEIRO 05797720981 | REPRESENTADO: JEFFREY CHIQUINI DA COSTA | REPRESENTADO: Responsável pelo perfil @estudiopodcast_mayer no Instagram | REPRESENTADO: SERGIO MAYER;;1;2026-08-02;2026-08-02;1;0;1
01/10/2026;06:01:26;2026;0601351-42.2026.6.00.0000;31/07/2026;13/09/2026;DF;3;DF;3;01/08/2026;S;Por sorteio;202679;NUNES MARQUES;78;Ministro;241;PetCiv;PETIÇÃO CÍVEL;15591;Fundo Especial de Financiamento de Campanha (FEFC);0;1;24/08/2026;Decisão;https://consultaunificadapje.tse.jus.br/#/public/resultado/0601351-42.2026.6.00.0000;11768 | 15591;Fundo Especial de Financiamento de Campanha (FEFC) | Partido Político - Órgão de Direção Nacional;REQUERENTE: UNIDADE POPULAR (UP) - NACIONAL;;;1;2026-08-24;2026-08-24;0;0;0
01/10/2026;06:01:26;2026;0601352-27.2026.6.00.0000;01/08/2026;22/08/2026;DF;3;DF;3;01/08/2026;S;Por sorteio;285510;ANTONIO CARLOS FERREIRA;11;Ministro;120;MSCiv;MANDADO DE SEGURANÇA CÍVEL;11765;Dissolução de Órgão de Direção Partidária;0;3;13/08/2026;Decisão;https://consultaunificadapje.tse.jus.br/#/public/resultado/0601352-27.2026.6.00.0000;11765 | 11766 | 11768;Dissolução de Órgão de Direção Partidária | Partido Político - Órgão de Direção Estadual | Partido Político - Órgão de Direção Nacional;IMPETRANTE: ELIAS VAZ DE ANDRADE | IMPETRANTE: ELLEN REZENDE DE LIMA MENESES | IMPETRANTE: LEANDRO DIAS BARBOSA | IMPETRANTE: VILMAR SOUZA COSTA;AUTORIDADE COATORA: JOÃO HENRIQUE DE ANDRADE LIMA CAMPOS | INTERESSADA: AAVA SANTIAGO AGUIAR | INTERESSADO: PARTIDO SOCIALISTA BRASILEIRO (PSB) - ESTADUAL | INTERESSADO: PARTIDO SOCIALISTA BRASILEIRO (PSB) - NACIONAL;;3;2026-08-02;2026-08-13;0;0;0
01/10/2026;06:01:26;2026;0601354-94.2026.6.00.0000;01/08/2026;22/08/2026;DF;3;DF;3;01/08/2026;S;Por sorteio;223256;ANDRÉ MENDONÇA;14;Ministro;120;MSCiv;MANDADO DE SEGURANÇA CÍVEL;11778;Requerimento;0;2;14/08/2026;Decisão;https://consultaunificadapje.tse.jus.br/#/public/resultado/0601354-94.2026.6.00.0000;11778;Requerimento;IMPETRANTE: JOSE MARIA DE LIMA SEGUNDO;AUTORIDADE COATORA: VALDEMAR COSTA NETO | INTERESSADO: PARTIDO LIBERAL (PL) - NACIONAL;;2;2026-08-03;2026-08-14;0;0;0
01/10/2026;06:01:26;2026;0601357-49.2026.6.00.0000;01/08/2026;#NULO#;DF;3;DF;3;01/08/2026;S;Por sorteio;223256;ANDRÉ MENDONÇA;72;Juiz Auxiliar;11541;Rp;REPRESENTAÇÃO;11667;Propaganda Política - Propaganda Eleitoral - Extemporânea/Antecipada;0;2;16/09/2026;Acórdão;https://consultaunificadapje.tse.jus.br/#/public/resultado/0601357-49.2026.6.00.0000;11667;Propaganda Política - Propaganda Eleitoral - Extemporânea/Antecipada;REPRESENTANTE: PARTIDO NOVO (NOVO) - NACIONAL;REPRESENTADO: JAQUES WAGNER | REPRESENTADO: JERONIMO RODRIGUES SOUZA | REPRESENTADO: LUIZ INACIO LULA DA SILVA | REPRESENTADO: PARTIDO DOS TRABALHADORES (PT) - NACIONAL | REPRESENTADO: RUI COSTA DOS SANTOS;;2;2026-08-17;2026-09-16;1;0;1
01/10/2026;06:01:26;2026;0601362-71.2026.6.00.0000;03/08/2026;#NULO#;DF;3;DF;3;03/08/2026;S;Por sorteio;202679;NUNES MARQUES;60;Juíz Auxiliar;12630;RepEsp;REPRESENTAÇÃO ESPECIAL;12063;Conduta Vedada ao Agente Público;0;1;17/09/2026;Decisão;https://consultaunificadapje.tse.jus.br/#/public/resultado/0601362-71.2026.6.00.0000;11634 | 12063;Cargo - Presidente da República | Conduta Vedada ao Agente Público;REPRESENTANTE: PARTIDO NOVO (NOVO) - NACIONAL;REPRESENTADO: LUIZ INACIO LULA DA SILVA | REPRESENTADO: SIDONIO CARDOSO PALMEIRA;;1;2026-09-17;2026-09-17;0;0;0
01/10/2026;06:01:26;2026;0601364-41.2026.6.00.0000;03/08/2026;#NULO#;DF;3;DF;3;03/08/2026;S;Por sorteio;223256;ANDRÉ MENDONÇA;72;Juiz Auxiliar;11541;Rp;REPRESENTAÇÃO;15429;Propaganda Política - Propaganda Eleitoral - Uso de Inteligência Artificial;0;2;12/09/2026;Acórdão;https://consultaunificadapje.tse.jus.br/#/public/resultado/0601364-41.2026.6.00.0000;11667 | 15429;Propaganda Política - Propaganda Eleitoral - Extemporânea/Antecipada | Propaganda Política - Propaganda Eleitoral - Uso de Inteligência Artificial;REPRESENTANTE: PARTIDO MISSÃO (MISSÃO) - NACIONAL;REPRESENTADO: JEFFREY CHIQUINI DA COSTA;;2;2026-08-17;2026-09-12;1;0;1
01/10/2026;06:01:26;2026;0601365-26.2026.6.00.0000;03/08/2026;15/09/2026;DF;3;DF;3;03/08/2026;S;Por sorteio;202679;NUNES MARQUES;78;Ministro;12059;SS-El;SUSPENSÃO DE SEGURANÇA - ELEITORAL;60018;Mandado de Segurança;0;2;05/08/2026;Decisão;https://consultaunificadapje.tse.jus.br/#/public/resultado/0601365-26.2026.6.00.0000;11766 | 60018;Mandado de Segurança | Partido Político - Órgão de Direção Estadual;REQUERENTE: FEDERAÇÃO RENOVAÇÃO SOLIDARIA - NACIONAL | REQUERENTE: JORCELINO JOSE BRAGA | REQUERENTE: OVASCO ROMA ALTIMARI RESENDE | REQUERENTE: PAULO PEREIRA DA SILVA;REQUERIDA: Desembargadora Natália França Von Sohsten;INTERESSADO: ADEILSON TEIXEIRA BEZERRA | INTERESSADO: SOLIDARIEDADE (SOLIDARIEDADE) - ESTADUAL;2;2026-08-05;2026-08-05;0;0;0
01/10/2026;06:01:26;2026;0601367-93.2026.6.00.0000;04/08/2026;08/09/2026;DF;3;DF;3;04/08/2026;S;Por sorteio;202679;NUNES MARQUES;78;Ministro;241;PetCiv;PETIÇÃO CÍVEL;12362;Autorização de Divulgação de Publicidade Institucional;0;2;04/09/2026;Decisão;https://consultaunificadapje.tse.jus.br/#/public/resultado/0601367-93.2026.6.00.0000;12362;Autorização de Divulgação de Publicidade Institucional;REQUERENTE: SECRETARIA DE COMUNICAÇÃO SOCIAL DA PRESIDÊNCIA DA REPÚBLICA;;;2;2026-08-12;2026-09-04;0;0;0
01/10/2026;06:01:26;2026;0601368-78.2026.6.00.0000;04/08/2026;25/08/2026;DF;3;DF;3;04/08/2026;S;Por sorteio;202679;NUNES MARQUES;78;Ministro;241;PetCiv;PETIÇÃO CÍVEL;12362;Autorização de Divulgação de Publicidade Institucional;0;1;20/08/2026;Decisão;https://consultaunificadapje.tse.jus.br/#/public/resultado/0601368-78.2026.6.00.0000;12362;Autorização de Divulgação de Publicidade Institucional;REQUERENTE: SECRETARIA DE COMUNICAÇÃO SOCIAL DA PRESIDÊNCIA DA REPÚBLICA;;;1;2026-08-20;2026-08-20;0;0;0
01/10/2026;06:01:26;2026;0601369-63.2026.6.00.0000;04/08/2026;25/08/2026;DF;3;DF;3;04/08/2026;S;Por sorteio;202679;NUNES MARQUES;78;Ministro;241;PetCiv;PETIÇÃO CÍVEL;12362;Autorização de Divulgação de Publicidade Institucional;0;1;20/08/2026;Decisão;https://consultaunificadapje.tse.jus.br/#/public/resultado/0601369-63.2026.6.00.0000;12362;Autorização de Divulgação de Publicidade Institucional;REQUERENTE: SECRETARIA DE COMUNICAÇÃO SOCIAL DA PRESIDÊNCIA DA REPÚBLICA;;;1;2026-08-20;2026-08-20;0;0;0
01/10/2026;06:01:26;2026;0601371-33.2026.6.00.0000;04/08/2026;25/08/2026;DF;3;DF;3;04/08/2026;S;Por sorteio;202679;NUNES MARQUES;78;Ministro;241;PetCiv;PETIÇÃO CÍVEL;12362;Autorização de Divulgação de Publicidade Institucional;0;1;20/08/2026;Decisão;https://consultaunificadapje.tse.jus.br/#/public/resultado/0601371-33.2026.6.00.0000;12362;Autorização de Divulgação de Publicidade Institucional;REQUERENTE: SECRETARIA DE COMUNICAÇÃO SOCIAL DA PRESIDÊNCIA DA REPÚBLICA;;;1;2026-08-20;2026-08-20;0;0;0
01/10/2026;06:01:26;2026;0601372-18.2026.6.00.0000;04/08/2026;25/08/2026;DF;3;DF;3;04/08/2026;S;Por sorteio;202679;NUNES MARQUES;78;Ministro;241;PetCiv;PETIÇÃO CÍVEL;12362;Autorização de Divulgação de Publicidade Institucional;0;1;20/08/2026;Decisão;https://consultaunificadapje.tse.jus.br/#/public/resultado/0601372-18.2026.6.00.0000;12362;Autorização de Divulgação de Publicidade Institucional;REQUERENTE: PRESIDENCIA DA REPUBLICA | REQUERENTE: SECRETARIA DE COMUNICAÇÃO SOCIAL DA PRESIDÊNCIA DA REPÚBLICA;;;1;2026-08-20;2026-08-20;0;0;0
01/10/2026;06:01:26;2026;0601373-18.2026.6.21.0000;08/09/2026;#NULO#;RS;2;DF;3;08/09/2026;S;Por sorteio;233218;FLORIANO DE AZEVEDO MARQUES;13;Ministro;11549;REspEl;RECURSO ESPECIAL ELEITORAL;12044;Registro de Candidatura - DRAP Partido/Coligação;1;1;17/09/2026;Decisão;https://consultaunificadapje.tse.jus.br/#/public/resultado/0601373-18.2026.6.21.0000;11631 | 12044;Cargo - Deputado Federal | Registro de Candidatura - DRAP Partido/Coligação;RECORRENTE: DEMOCRATA (DEMOCRATA) - ESTADUAL;;REPRESENTANTE: Procuradoria Regional Eleitoral | TERCEIRO INTERESSADO: Procurador Regional Eleitoral;1;2026-09-17;2026-09-17;0;0;0
01/10/2026;06:01:26;2026;0601374-85.2026.6.00.0000;04/08/2026;#NULO#;DF;3;DF;3;04/08/2026;S;Por sorteio;202679;NUNES MARQUES;60;Juíz Auxiliar;12630;RepEsp;REPRESENTAÇÃO ESPECIAL;12063;Conduta Vedada ao Agente Público;0;1;17/09/2026;Decisão;https://consultaunificadapje.tse.jus.br/#/public/resultado/0601374-85.2026.6.00.0000;11634 | 12063;Cargo - Presidente da República | Conduta Vedada ao Agente Público;REPRESENTANTE: PARTIDO LIBERAL (PL) - NACIONAL;REPRESENTADO: LUIZ INACIO LULA DA SILVA;;1;2026-09-17;2026-09-17;0;0;0
01/10/2026;06:01:26;2026;0601375-70.2026.6.00.0000;04/08/2026;25/08/2026;DF;3;DF;3;04/08/2026;S;Por sorteio;202679;NUNES MARQUES;78;Ministro;241;PetCiv;PETIÇÃO CÍVEL;12362;Autorização de Divulgação de Publicidade Institucional;0;1;20/08/2026;Decisão;https://consultaunificadapje.tse.jus.br/#/public/resultado/0601375-70.2026.6.00.0000;12362;Autorização de Divulgação de Publicidade Institucional;REQUERENTE: SECRETARIA DE COMUNICAÇÃO SOCIAL DA PRESIDÊNCIA DA REPÚBLICA;;;1;2026-08-20;2026-08-20;0;0;0
01/10/2026;06:01:26;2026;0601376-55.2026.6.00.0000;04/08/2026;25/08/2026;DF;3;DF;3;04/08/2026;S;Por sorteio;202679;NUNES MARQUES;78;Ministro;241;PetCiv;PETIÇÃO CÍVEL;12362;Autorização de Divulgação de Publicidade Institucional;0;1;20/08/2026;Decisão;https://consultaunificadapje.tse.jus.br/#/public/resultado/0601376-55.2026.6.00.0000;12362;Autorização de Divulgação de Publicidade Institucional;REQUERENTE: SECRETARIA DE COMUNICAÇÃO SOCIAL DA PRESIDÊNCIA DA REPÚBLICA;;;1;2026-08-20;2026-08-20;0;0;0
01/10/2026;06:01:26;2026;0601376-70.2026.6.21.0000;15/09/2026;#NULO#;RS;2;DF;3;15/09/2026;S;Por sorteio;233218;FLORIANO DE AZEVEDO MARQUES;13;Ministro;11549;REspEl;RECURSO ESPECIAL ELEITORAL;11618;Registro de Candidatura - RRC - Candidato;1;2;30/09/2026;Decisão;https://consultaunificadapje.tse.jus.br/#/public/resultado/0601376-70.2026.6.21.0000;11591 | 11618 | 11631 | 15590;Cargo - Deputado Federal | Condição de Elegibilidade - Pleno Exercício dos Direitos Políticos | RRC Indeferido em Função do Indeferimento do DRAP | Registro de Candidatura - RRC - Candidato;RECORRENTE: ELIANE DA SILVA;;REPRESENTANTE: Procuradoria Regional Eleitoral | TERCEIRO INTERESSADO: Procurador Regional Eleitoral;1;2026-09-30;2026-09-30;0;0;0
01/10/2026;06:01:26;2026;0601382-77.2026.6.21.0000;15/09/2026;28/09/2026;RS;2;DF;3;16/09/2026;S;Por sorteio;233218;FLORIANO DE AZEVEDO MARQUES;13;Ministro;11549;REspEl;RECURSO ESPECIAL ELEITORAL;11618;Registro de Candidatura - RRC - Candidato;1;1;24/09/2026;Decisão;https://consultaunificadapje.tse.jus.br/#/public/resultado/0601382-77.2026.6.21.0000;11591 | 11618 | 11631 | 15590;Cargo - Deputado Federal | Condição de Elegibilidade - Pleno Exercício dos Direitos Políticos | RRC Indeferido em Função do Indeferimento do DRAP | Registro de Candidatura - RRC - Candidato;RECORRENTE: PATRICIA RIBEIRO DA SILVA;;REPRESENTANTE: Procuradoria Regional Eleitoral | TERCEIRO INTERESSADO: Procurador Regional Eleitoral;1;2026-09-24;2026-09-24;0;0;0
01/10/2026;06:01:26;2026;0601383-47.2026.6.00.0000;04/08/2026;#NULO#;DF;3;DF;3;04/08/2026;S;Por sorteio;202679;NUNES MARQUES;60;Juíz Auxiliar;11541;Rp;REPRESENTAÇÃO;11667;Propaganda Política - Propaganda Eleitoral - Extemporânea/Antecipada;0;2;17/09/2026;Acórdão;https://consultaunificadapje.tse.jus.br/#/public/resultado/0601383-47.2026.6.00.0000;11667;Propaganda Política - Propaganda Eleitoral - Extemporânea/Antecipada;REPRESENTANTE: FEDERAÇÃO BRASIL DA ESPERANÇA (FE BRASIL) - NACIONAL;REPRESENTADO: @buzinepelobrasil | REPRESENTADO: CAPEDUNA EQUITY LTDA | REPRESENTADO: IMOBI PARTICIPACOES SOCIETARIAS S.A. | REPRESENTADO: Responsável pelo perfil @buzinepelobrasil | REPRESENTADO: Responsável pelo perfil @buzinepelobrasil no Instagram;;2;2026-09-01;2026-09-17;1;0;1
01/10/2026;06:01:26;2026;0601386-02.2026.6.00.0000;05/08/2026;31/08/2026;DF;3;DF;3;05/08/2026;S;Por sorteio;202679;NUNES MARQUES;78;Ministro;241;PetCiv;PETIÇÃO CÍVEL;15591;Fundo Especial de Financiamento de Campanha (FEFC);0;1;20/08/2026;Decisão;https://consultaunificadapje.tse.jus.br/#/public/resultado/0601386-02.2026.6.00.0000;11768 | 15591;Fundo Especial de Financiamento de Campanha (FEFC) | Partido Político - Órgão de Direção Nacional;REQUERENTE: CIDADANIA (CIDADANIA) - NACIONAL;;;1;2026-08-20;2026-08-20;0;0;0
01/10/2026;06:01:26;2026;0601393-91.2026.6.00.0000;05/08/2026;09/09/2026;DF;3;DF;3;05/08/2026;S;Por sorteio;202679;NUNES MARQUES;78;Ministro;1298;PA;PROCESSO ADMINISTRATIVO;11573;Requisição de Força Federal;0;1;04/09/2026;Acórdão;https://consultaunificadapje.tse.jus.br/#/public/resultado/0601393-91.2026.6.00.0000;11573;Requisição de Força Federal;INTERESSADO: TRIBUNAL REGIONAL ELEITORAL DE MATO GROSSO;;;1;2026-09-04;2026-09-04;0;0;0
01/10/2026;06:01:26;2026;0601394-76.2026.6.00.0000;05/08/2026;31/08/2026;DF;3;DF;3;06/08/2026;S;Por sorteio;202679;NUNES MARQUES;78;Ministro;241;PetCiv;PETIÇÃO CÍVEL;15591;Fundo Especial de Financiamento de Campanha (FEFC);0;1;20/08/2026;Decisão;https://consultaunificadapje.tse.jus.br/#/public/resultado/0601394-76.2026.6.00.0000;11768 | 15591;Fundo Especial de Financiamento de Campanha (FEFC) | Partido Político - Órgão de Direção Nacional;REQUERENTE: PARTIDO RENOVAÇÃO DEMOCRÁTICA (PRD) - NACIONAL;REQUERIDO: MINISTRO NUNES MARQUES, PRESIDENTE DO TSE;;1;2026-08-20;2026-08-20;0;0;0
01/10/2026;06:01:26;2026;0601395-61.2026.6.00.0000;06/08/2026;02/09/2026;DF;3;DF;3;06/08/2026;S;Por sorteio;223256;ANDRÉ MENDONÇA;14;Ministro;241;PetCiv;PETIÇÃO CÍVEL;11778;Requerimento;0;2;24/08/2026;Decisão;https://consultaunificadapje.tse.jus.br/#/public/resultado/0601395-61.2026.6.00.0000;11778;Requerimento;REQUERENTE: JESUS GOMES DE VASCONCELOS;TERCEIRO INTERESSADO: TRIBUNAL SUPERIOR ELEITORAL | TERCEIRO INTERESSADO: TRUBUNAL SUPERIOR ELEITORAL;;2;2026-08-07;2026-08-24;0;0;0
01/10/2026;06:01:26;2026;0601397-31.2026.6.00.0000;06/08/2026;06/09/2026;DF;3;DF;3;06/08/2026;S;Por sorteio;223256;ANDRÉ MENDONÇA;14;Ministro;11532;RCand;REGISTRO DE CANDIDATURA;12044;Registro de Candidatura - DRAP Partido/Coligação;0;2;04/09/2026;Acórdão;https://consultaunificadapje.tse.jus.br/#/public/resultado/0601397-31.2026.6.00.0000;11634 | 11645 | 12044;Cargo - Presidente da República | Eleições - Eleição Majoritária | Registro de Candidatura - DRAP Partido/Coligação;REQUERENTE: UNIDADE POPULAR (UP) - NACIONAL;;;1;2026-09-04;2026-09-04;0;0;0
01/10/2026;06:01:26;2026;0601398-16.2026.6.00.0000;06/08/2026;#NULO#;DF;3;DF;3;06/08/2026;PD;Por dependência;223256;ANDRÉ MENDONÇA;14;Ministro;11532;RCand;REGISTRO DE CANDIDATURA;11618;Registro de Candidatura - RRC - Candidato;0;2;08/09/2026;Acórdão;https://consultaunificadapje.tse.jus.br/#/public/resultado/0601398-16.2026.6.00.0000;11618 | 11641 | 11645;Cargo - Vice-Presidente da República | Eleições - Eleição Majoritária | Registro de Candidatura - RRC - Candidato;REQUERENTE: RAQUEL NONATO DE BRICIO | REQUERENTE: UNIDADE POPULAR (UP) - NACIONAL;;;1;2026-09-08;2026-09-08;0;0;0
01/10/2026;06:01:26;2026;0601399-98.2026.6.00.0000;06/08/2026;06/09/2026;DF;3;DF;3;06/08/2026;PD;Por dependência;223256;ANDRÉ MENDONÇA;14;Ministro;11532;RCand;REGISTRO DE CANDIDATURA;11618;Registro de Candidatura - RRC - Candidato;0;3;04/09/2026;Acórdão;https://consultaunificadapje.tse.jus.br/#/public/resultado/0601399-98.2026.6.00.0000;11618 | 11634 | 11645;Cargo - Presidente da República | Eleições - Eleição Majoritária | Registro de Candidatura - RRC - Candidato;REQUERENTE: SAMARA MARTINS DA SILVA | REQUERENTE: UNIDADE POPULAR (UP) - NACIONAL;;;1;2026-09-04;2026-09-04;0;0;0
01/10/2026;06:01:26;2026;0601400-83.2026.6.00.0000;06/08/2026;31/08/2026;DF;3;DF;3;06/08/2026;S;Por sorteio;202679;NUNES MARQUES;78;Ministro;241;PetCiv;PETIÇÃO CÍVEL;15591;Fundo Especial de Financiamento de Campanha (FEFC);0;1;20/08/2026;Decisão;https://consultaunificadapje.tse.jus.br/#/public/resultado/0601400-83.2026.6.00.0000;11768 | 15591;Fundo Especial de Financiamento de Campanha (FEFC) | Partido Político - Órgão de Direção Nacional;REQUERENTE: REDE SUSTENTABILIDADE (REDE) - NACIONAL;;;1;2026-08-20;2026-08-20;0;0;0
01/10/2026;06:01:26;2026;0601401-68.2026.6.00.0000;06/08/2026;31/08/2026;DF;3;DF;3;06/08/2026;S;Por sorteio;202679;NUNES MARQUES;78;Ministro;241;PetCiv;PETIÇÃO CÍVEL;15591;Fundo Especial de Financiamento de Campanha (FEFC);0;1;20/08/2026;Decisão;https://consultaunificadapje.tse.jus.br/#/public/resultado/0601401-68.2026.6.00.0000;11768 | 15591;Fundo Especial de Financiamento de Campanha (FEFC) | Partido Político - Órgão de Direção Nacional;REQUERENTE: PARTIDO VERDE (PV) - NACIONAL;;;1;2026-08-20;2026-08-20;0;0;0
01/10/2026;06:01:26;2026;0601402-53.2026.6.00.0000;06/08/2026;06/09/2026;DF;3;DF;3;06/08/2026;S;Por sorteio;223256;ANDRÉ MENDONÇA;14;Ministro;11532;RCand;REGISTRO DE CANDIDATURA;12044;Registro de Candidatura - DRAP Partido/Coligação;0;2;04/09/2026;Acórdão;https://consultaunificadapje.tse.jus.br/#/public/resultado/0601402-53.2026.6.00.0000;11634 | 11645 | 12044;Cargo - Presidente da República | Eleições - Eleição Majoritária | Registro de Candidatura - DRAP Partido/Coligação;REQUERENTE: PARTIDO NOVO (NOVO) - NACIONAL;;;1;2026-09-04;2026-09-04;0;0;0
01/10/2026;06:01:26;2026;0601403-38.2026.6.00.0000;06/08/2026;06/09/2026;DF;3;DF;3;06/08/2026;PD;Por dependência;223256;ANDRÉ MENDONÇA;14;Ministro;11532;RCand;REGISTRO DE CANDIDATURA;11618;Registro de Candidatura - RRC - Candidato;0;2;04/09/2026;Acórdão;https://consultaunificadapje.tse.jus.br/#/public/resultado/0601403-38.2026.6.00.0000;11618 | 11641 | 11645;Cargo - Vice-Presidente da República | Eleições - Eleição Majoritária | Registro de Candidatura - RRC - Candidato;REQUERENTE: LUIS EDUARDO GRANGEIRO GIRAO | REQUERENTE: PARTIDO NOVO (NOVO) - NACIONAL;;;1;2026-09-04;2026-09-04;0;0;0
01/10/2026;06:01:26;2026;0601404-23.2026.6.00.0000;06/08/2026;06/09/2026;DF;3;DF;3;06/08/2026;PD;Por dependência;223256;ANDRÉ MENDONÇA;14;Ministro;11532;RCand;REGISTRO DE CANDIDATURA;11618;Registro de Candidatura - RRC - Candidato;0;4;03/09/2026;Acórdão;https://consultaunificadapje.tse.jus.br/#/public/resultado/0601404-23.2026.6.00.0000;11618 | 11634 | 11645;Cargo - Presidente da República | Eleições - Eleição Majoritária | Registro de Candidatura - RRC - Candidato;REQUERENTE: PARTIDO NOVO (NOVO) - NACIONAL | REQUERENTE: ROMEU ZEMA NETO;;;1;2026-09-03;2026-09-03;0;0;0
01/10/2026;06:01:26;2026;0601408-60.2026.6.00.0000;06/08/2026;#NULO#;DF;3;DF;3;06/08/2026;S;Por sorteio;202679;NUNES MARQUES;60;Juíz Auxiliar;11541;Rp;REPRESENTAÇÃO;11667;Propaganda Política - Propaganda Eleitoral - Extemporânea/Antecipada;0;1;17/09/2026;Decisão;https://consultaunificadapje.tse.jus.br/#/public/resultado/0601408-60.2026.6.00.0000;11667;Propaganda Política - Propaganda Eleitoral - Extemporânea/Antecipada;REPRESENTANTE: PARTIDO MISSÃO (MISSÃO) - NACIONAL;REPRESENTADO: LUIS FERNANDO DE MOURA CAGNIN;;1;2026-09-17;2026-09-17;1;0;1
01/10/2026;06:01:26;2026;0601410-30.2026.6.00.0000;07/08/2026;#NULO#;DF;3;DF;3;07/08/2026;S;Por sorteio;350140;ESTELA ARANHA;59;Juíz Auxiliar;11541;Rp;REPRESENTAÇÃO;11667;Propaganda Política - Propaganda Eleitoral - Extemporânea/Antecipada;0;1;26/08/2026;Decisão;https://consultaunificadapje.tse.jus.br/#/public/resultado/0601410-30.2026.6.00.0000;11667;Propaganda Política - Propaganda Eleitoral - Extemporânea/Antecipada;REPRESENTANTE: FEDERAÇÃO BRASIL DA ESPERANÇA (FE BRASIL) - NACIONAL;REPRESENTADO: PARTIDO LIBERAL (PL) - NACIONAL;;1;2026-08-26;2026-08-26;1;0;1
01/10/2026;06:01:26;2026;0601412-97.2026.6.00.0000;07/08/2026;#NULO#;DF;3;DF;3;07/08/2026;S;Por sorteio;223256;ANDRÉ MENDONÇA;72;Juiz Auxiliar;11541;Rp;REPRESENTAÇÃO;11667;Propaganda Política - Propaganda Eleitoral - Extemporânea/Antecipada;0;4;23/09/2026;Despacho;https://consultaunificadapje.tse.jus.br/#/public/resultado/0601412-97.2026.6.00.0000;11667;Propaganda Política - Propaganda Eleitoral - Extemporânea/Antecipada;REPRESENTANTE: PARTIDO LIBERAL (PL) - NACIONAL;REPRESENTADO: RENAN CHAVES DOS SANTOS | REPRESENTADO: RESPONSÁVEIS OCULTOS | REPRESENTADO: Responsável pela página campanhaflavio.com.br | REPRESENTADO: Responsável pela página campanhapresidenteflavio.com | REPRESENTADO: Responsável pela página contribuaflaviopresidente.com | REPRESENTADO: Responsável pela página contribuaflaviopresidente.online | REPRESENTADO: Responsável pela página flavioodobrasil.com | REPRESENTADO: Responsável pela página https://campanhaflavio.com.br/ | REPRESENTADO: Responsável pela página https://contribuaflaviopresidente.com/ | REPRESENTADO: Responsável pela página https://contribuaflaviopresidente.online/ | REPRESENTADO: Responsável pela página https://flavioodobrasil.com/apoiar.html | REPRESENTADO: Responsável pela página https://www.campanhapresidenteflavio.com/ | REPRESENTADO: Responsável pelo site https://campanhaflavio.com.br/ | REPRESENTADO: Responsável pelo site https://contribuaflaviopresidente.com/ | REPRESENTADO: Responsável pelo site https://contribuaflaviopresidente.online/ | REPRESENTADO: Responsável pelo site https://flavioodobrasil.com/apoiar.html | REPRESENTADO: Responsável pelo site https://www.campanhapresidenteflavio.com/;;2;2026-08-13;2026-09-12;1;0;1
01/10/2026;06:01:26;2026;0601413-82.2026.6.00.0000;07/08/2026;#NULO#;DF;3;DF;3;07/08/2026;S;Por sorteio;6276;DIAS TOFFOLI;3;Ministro;11532;RCand;REGISTRO DE CANDIDATURA;12044;Registro de Candidatura - DRAP Partido/Coligação;0;4;16/09/2026;Acórdão;https://consultaunificadapje.tse.jus.br/#/public/resultado/0601413-82.2026.6.00.0000;11634 | 11641 | 11645 | 12044;Cargo - Presidente da República | Cargo - Vice-Presidente da República | Eleições - Eleição Majoritária | Registro de Candidatura - DRAP Partido/Coligação;REQUERENTE: PARTIDO MISSÃO (MISSÃO) - NACIONAL;;;1;2026-09-16;2026-09-16;0;0;0
01/10/2026;06:01:26;2026;0601414-67.2026.6.00.0000;07/08/2026;#NULO#;DF;3;DF;3;07/08/2026;PD;Por dependência;6276;DIAS TOFFOLI;3;Ministro;11532;RCand;REGISTRO DE CANDIDATURA;11618;Registro de Candidatura - RRC - Candidato;0;9;27/09/2026;Decisão;https://consultaunificadapje.tse.jus.br/#/public/resultado/0601414-67.2026.6.00.0000;11618 | 11641 | 11645;Cargo - Vice-Presidente da República | Eleições - Eleição Majoritária | Registro de Candidatura - RRC - Candidato;REQUERENTE: AROLDO MEDINA | REQUERENTE: PARTIDO MISSÃO (MISSÃO) - NACIONAL;;;4;2026-08-30;2026-09-27;0;0;0
01/10/2026;06:01:26;2026;0601415-52.2026.6.00.0000;07/08/2026;#NULO#;DF;3;DF;3;07/08/2026;PD;Por dependência;6276;DIAS TOFFOLI;3;Ministro;11532;RCand;REGISTRO DE CANDIDATURA;11618;Registro de Candidatura - RRC - Candidato;0;7;16/09/2026;Acórdão;https://consultaunificadapje.tse.jus.br/#/public/resultado/0601415-52.2026.6.00.0000;11618 | 11634 | 11645;Cargo - Presidente da República | Eleições - Eleição Majoritária | Registro de Candidatura - RRC - Candidato;REQUERENTE: PARTIDO MISSÃO (MISSÃO) - NACIONAL | REQUERENTE: RENAN ANTONIO FERREIRA DOS SANTOS;;;4;2026-08-30;2026-09-16;0;0;0
01/10/2026;06:01:26;2026;0601416-37.2026.6.00.0000;07/08/2026;#NULO#;DF;3;DF;3;07/08/2026;S;Por sorteio;202679;NUNES MARQUES;60;Juíz Auxiliar;11541;Rp;REPRESENTAÇÃO;11667;Propaganda Política - Propaganda Eleitoral - Extemporânea/Antecipada;0;1;22/09/2026;Decisão;https://consultaunificadapje.tse.jus.br/#/public/resultado/0601416-37.2026.6.00.0000;11667 | 15429 | 15524;Propaganda Política - Propaganda Eleitoral - Deep Fake | Propaganda Política - Propaganda Eleitoral - Extemporânea/Antecipada | Propaganda Política - Propaganda Eleitoral - Uso de Inteligência Artificial;REPRESENTANTE: PARTIDO LIBERAL (PL) - NACIONAL;REPRESENTADO: @Gustavramski | REPRESENTADO: @mandstu25 | REPRESENTADO: Responsável pelo perfil @Gustavramski_ no X | REPRESENTADO: Responsável pelo perfil @mandstu25 no X;;1;2026-09-22;2026-09-22;1;0;1
01/10/2026;06:01:26;2026;0601417-22.2026.6.00.0000;07/08/2026;#NULO#;DF;3;DF;3;07/08/2026;S;Por sorteio;202679;NUNES MARQUES;60;Juíz Auxiliar;11541;Rp;REPRESENTAÇÃO;11667;Propaganda Política - Propaganda Eleitoral - Extemporânea/Antecipada;0;1;22/09/2026;Decisão;https://consultaunificadapje.tse.jus.br/#/public/resultado/0601417-22.2026.6.00.0000;11667 | 15429 | 15524;Propaganda Política - Propaganda Eleitoral - Deep Fake | Propaganda Política - Propaganda Eleitoral - Extemporânea/Antecipada | Propaganda Política - Propaganda Eleitoral - Uso de Inteligência Artificial;REPRESENTANTE: PARTIDO LIBERAL (PL) - NACIONAL;REPRESENTADA: REDE DE CONTEUDO E CONEXAO LTDA | REPRESENTADA: TERESA ROBERTA SOARES DA SILVA BUREGIO FREITAS | REPRESENTADO: @LULAVERSO | REPRESENTADO: Respesonsável pelo perfil @lulaversoficial;;1;2026-09-22;2026-09-22;1;0;1
01/10/2026;06:01:26;2026;0601418-07.2026.6.00.0000;07/08/2026;#NULO#;DF;3;DF;3;07/08/2026;S;Por sorteio;223256;ANDRÉ MENDONÇA;14;Ministro;11532;RCand;REGISTRO DE CANDIDATURA;12044;Registro de Candidatura - DRAP Partido/Coligação;0;2;08/09/2026;Acórdão;https://consultaunificadapje.tse.jus.br/#/public/resultado/0601418-07.2026.6.00.0000;11634 | 11641 | 11645 | 12044;Cargo - Presidente da República | Cargo - Vice-Presidente da República | Eleições - Eleição Majoritária | Registro de Candidatura - DRAP Partido/Coligação;REQUERENTE: PARTIDO SOCIALISTA DOS TRABALHADORES UNIFICADO (PSTU) - NACIONAL;;;1;2026-09-08;2026-09-08;0;0;0
01/10/2026;06:01:26;2026;0601419-89.2026.6.00.0000;07/08/2026;06/09/2026;DF;3;DF;3;07/08/2026;PD;Por dependência;223256;ANDRÉ MENDONÇA;14;Ministro;11532;RCand;REGISTRO DE CANDIDATURA;11618;Registro de Candidatura - RRC - Candidato;0;2;04/09/2026;Acórdão;https://consultaunificadapje.tse.jus.br/#/public/resultado/0601419-89.2026.6.00.0000;11618 | 11634 | 11645;Cargo - Presidente da República | Eleições - Eleição Majoritária | Registro de Candidatura - RRC - Candidato;REQUERENTE: HERTZ DA CONCEICAO DIAS | REQUERENTE: PARTIDO SOCIALISTA DOS TRABALHADORES UNIFICADO (PSTU) - NACIONAL;;;1;2026-09-04;2026-09-04;0;0;0
01/10/2026;06:01:26;2026;0601420-74.2026.6.00.0000;07/08/2026;#NULO#;DF;3;DF;3;07/08/2026;PD;Por dependência;223256;ANDRÉ MENDONÇA;14;Ministro;11532;RCand;REGISTRO DE CANDIDATURA;11618;Registro de Candidatura - RRC - Candidato;0;3;08/09/2026;Acórdão;https://consultaunificadapje.tse.jus.br/#/public/resultado/0601420-74.2026.6.00.0000;11618 | 11641 | 11645;Cargo - Vice-Presidente da República | Eleições - Eleição Majoritária | Registro de Candidatura - RRC - Candidato;REQUERENTE: PARTIDO SOCIALISTA DOS TRABALHADORES UNIFICADO (PSTU) - NACIONAL | REQUERENTE: VANESSA PORTUGAL BARBOSA;;;1;2026-09-08;2026-09-08;0;0;0
01/10/2026;06:01:26;2026;0601421-59.2026.6.00.0000;07/08/2026;#NULO#;DF;3;DF;3;08/08/2026;S;Por sorteio;202679;NUNES MARQUES;78;Ministro;12375;Rcl;RECLAMAÇÃO;11561;Garantia de Autoridade de Decisão do Tribunal;0;2;26/08/2026;Decisão;https://consultaunificadapje.tse.jus.br/#/public/resultado/0601421-59.2026.6.00.0000;11561 | 11766 | 60018;Garantia de Autoridade de Decisão do Tribunal | Mandado de Segurança | Partido Político - Órgão de Direção Estadual;RECLAMANTE: FEDERAÇÃO RENOVAÇÃO SOLIDARIA - NACIONAL;LITISCONSORTE: ADEILSON TEIXEIRA BEZERRA | LITISCONSORTE: SOLIDARIEDADE (SOLIDARIEDADE) - ESTADUAL | RECLAMADA: DESEMBARGADORA NATÁLIA FRANÇA VON SOHSTEN | RECLAMADA: Desembargadora Natália França Von Sohsten;;2;2026-08-14;2026-08-26;0;0;0
01/10/2026;06:01:26;2026;0601423-29.2026.6.00.0000;08/08/2026;#NULO#;DF;3;DF;3;08/08/2026;S;Por sorteio;202679;NUNES MARQUES;78;Ministro;241;PetCiv;PETIÇÃO CÍVEL;15591;Fundo Especial de Financiamento de Campanha (FEFC);0;1;24/08/2026;Decisão;https://consultaunificadapje.tse.jus.br/#/public/resultado/0601423-29.2026.6.00.0000;11768 | 15591;Fundo Especial de Financiamento de Campanha (FEFC) | Partido Político - Órgão de Direção Nacional;REQUERENTE: PARTIDO RENOVADOR TRABALHISTA BRASILEIRO (PRTB) - NACIONAL;;;1;2026-08-24;2026-08-24;0;0;0
01/10/2026;06:01:26;2026;0601424-14.2026.6.00.0000;08/08/2026;06/09/2026;DF;3;DF;3;08/08/2026;S;Por sorteio;223256;ANDRÉ MENDONÇA;14;Ministro;11532;RCand;REGISTRO DE CANDIDATURA;12044;Registro de Candidatura - DRAP Partido/Coligação;0;2;04/09/2026;Acórdão;https://consultaunificadapje.tse.jus.br/#/public/resultado/0601424-14.2026.6.00.0000;11634 | 11641 | 11645 | 11750 | 12044;Cargo - Presidente da República | Cargo - Vice-Presidente da República | Coligação Partidária - Majoritária | Eleições - Eleição Majoritária | Registro de Candidatura - DRAP Partido/Coligação;REQUERENTE: COLIGAÇÃO BRASIL PRONTO PRA MAIS;;;1;2026-09-04;2026-09-04;0;0;0
01/10/2026;06:01:26;2026;0601425-96.2026.6.00.0000;08/08/2026;06/09/2026;DF;3;DF;3;08/08/2026;PD;Por dependência;223256;ANDRÉ MENDONÇA;14;Ministro;11532;RCand;REGISTRO DE CANDIDATURA;11618;Registro de Candidatura - RRC - Candidato;0;2;03/09/2026;Acórdão;https://consultaunificadapje.tse.jus.br/#/public/resultado/0601425-96.2026.6.00.0000;11618 | 11641 | 11645;Cargo - Vice-Presidente da República | Eleições - Eleição Majoritária | Registro de Candidatura - RRC - Candidato;REQUERENTE: COLIGAÇÃO BRASIL PRONTO PRA MAIS | REQUERENTE: GERALDO JOSE RODRIGUES ALCKMIN FILHO;;;1;2026-09-03;2026-09-03;0;0;0
01/10/2026;06:01:26;2026;0601426-81.2026.6.00.0000;08/08/2026;#NULO#;DF;3;DF;3;08/08/2026;PD;Por dependência;223256;ANDRÉ MENDONÇA;14;Ministro;11532;RCand;REGISTRO DE CANDIDATURA;11618;Registro de Candidatura - RRC - Candidato;0;5;06/09/2026;Acórdão;https://consultaunificadapje.tse.jus.br/#/public/resultado/0601426-81.2026.6.00.0000;11618 | 11634 | 11645;Cargo - Presidente da República | Eleições - Eleição Majoritária | Registro de Candidatura - RRC - Candidato;REQUERENTE: COLIGAÇÃO BRASIL PRONTO PRA MAIS | REQUERENTE: LUIZ INACIO LULA DA SILVA;;;2;2026-08-26;2026-09-06;0;0;0
01/10/2026;06:01:26;2026;0601427-66.2026.6.00.0000;08/08/2026;#NULO#;DF;3;DF;3;08/08/2026;S;Por sorteio;285510;ANTONIO CARLOS FERREIRA;42;Ministro;11527;AIJE;AÇÃO DE INVESTIGAÇÃO JUDICIAL ELEITORAL;11718;Abuso - De Poder Econômico;0;3;18/09/2026;Decisão;https://consultaunificadapje.tse.jus.br/#/public/resultado/0601427-66.2026.6.00.0000;11634 | 11641 | 11718 | 11720;Abuso - De Poder Econômico | Abuso - Uso Indevido de Meio de Comunicação Social | Cargo - Presidente da República | Cargo - Vice-Presidente da República;REPRESENTANTE: PARTIDO NOVO (NOVO) - NACIONAL | REPRESENTANTE: ROMEU ZEMA NETO;REPRESENTADO: GERALDO JOSE RODRIGUES ALCKMIN FILHO | REPRESENTADO: LUIZ INACIO LULA DA SILVA;;1;2026-09-18;2026-09-18;0;0;0
01/10/2026;06:01:26;2026;0601428-51.2026.6.00.0000;09/08/2026;#NULO#;DF;3;DF;3;09/08/2026;S;Por sorteio;223256;ANDRÉ MENDONÇA;72;Juiz Auxiliar;11541;Rp;REPRESENTAÇÃO;11667;Propaganda Política - Propaganda Eleitoral - Extemporânea/Antecipada;0;2;11/09/2026;Acórdão;https://consultaunificadapje.tse.jus.br/#/public/resultado/0601428-51.2026.6.00.0000;11667 | 15429 | 15524;Propaganda Política - Propaganda Eleitoral - Deep Fake | Propaganda Política - Propaganda Eleitoral - Extemporânea/Antecipada | Propaganda Política - Propaganda Eleitoral - Uso de Inteligência Artificial;REPRESENTANTE: PARTIDO LIBERAL (PL) - NACIONAL;REPRESENTADA: HILDEGARD BEATRIZ ANGEL BOGOSSIAN;;2;2026-08-17;2026-09-11;1;0;1
01/10/2026;06:01:26;2026;0601431-06.2026.6.00.0000;10/08/2026;21/09/2026;DF;3;DF;3;10/08/2026;S;Por sorteio;202679;NUNES MARQUES;78;Ministro;241;PetCiv;PETIÇÃO CÍVEL;11670;Propaganda Política - Propaganda Eleitoral - Distribuição de Tempo de Propaganda;0;1;14/09/2026;Decisão;https://consultaunificadapje.tse.jus.br/#/public/resultado/0601431-06.2026.6.00.0000;11670 | 11778;Propaganda Política - Propaganda Eleitoral - Distribuição de Tempo de Propaganda | Requerimento;REQUERENTE: FEDERAÇÃO BRASIL DA ESPERANÇA (FE BRASIL) - NACIONAL;;;1;2026-09-14;2026-09-14;1;0;1
01/10/2026;06:01:26;2026;0601432-88.2026.6.00.0000;10/08/2026;#NULO#;DF;3;DF;3;10/08/2026;S;Por sorteio;285510;ANTONIO CARLOS FERREIRA;11;Ministro;12134;TutCautAnt;TUTELA CAUTELAR ANTECEDENTE;60018;Mandado de Segurança;0;1;20/08/2026;Decisão;https://consultaunificadapje.tse.jus.br/#/public/resultado/0601432-88.2026.6.00.0000;11778 | 60018;Mandado de Segurança | Requerimento;REQUERENTE: DAVID SALOMAO DOS SANTOS LIMA;REQUERIDO: TRIBUNAL REGIONAL ELEITORAL DA BAHIA | RÉU: #- TRE-BA - Tribunal Regional Eleitoral da Bahia;;1;2026-08-20;2026-08-20;0;0;0
01/10/2026;06:01:26;2026;0601433-73.2026.6.00.0000;10/08/2026;14/09/2026;DF;3;DF;3;10/08/2026;S;Por sorteio;202679;NUNES MARQUES;78;Ministro;241;PetCiv;PETIÇÃO CÍVEL;15591;Fundo Especial de Financiamento de Campanha (FEFC);0;2;10/09/2026;Decisão;https://consultaunificadapje.tse.jus.br/#/public/resultado/0601433-73.2026.6.00.0000;11768 | 15591;Fundo Especial de Financiamento de Campanha (FEFC) | Partido Político - Órgão de Direção Nacional;REQUERENTE: PARTIDO DA CAUSA OPERÁRIA (PCO) - NACIONAL;;;1;2026-09-10;2026-09-10;0;0;0
01/10/2026;06:01:26;2026;0601436-28.2026.6.00.0000;10/08/2026;#NULO#;DF;3;DF;3;14/08/2026;S;Por sorteio;202679;NUNES MARQUES;60;Juíz Auxiliar;11541;Rp;REPRESENTAÇÃO;11667;Propaganda Política - Propaganda Eleitoral - Extemporânea/Antecipada;0;1;01/09/2026;Decisão;https://consultaunificadapje.tse.jus.br/#/public/resultado/0601436-28.2026.6.00.0000;11667 | 15405;Desinformação sobre a Integridade do Processo Eleitoral | Propaganda Política - Propaganda Eleitoral - Extemporânea/Antecipada;REPRESENTANTE: RUI GOETHE DA COSTA FALCAO;REPRESENTADO: EDUARDO NANTES BOLSONARO | REPRESENTADO: FLAVIO NANTES BOLSONARO | REPRESENTADO: GOOGLE BRASIL INTERNET LTDA.;;1;2026-09-01;2026-09-01;1;0;1
01/10/2026;06:01:26;2026;0601437-13.2026.6.00.0000;11/08/2026;25/08/2026;DF;3;DF;3;11/08/2026;S;Por sorteio;202679;NUNES MARQUES;78;Ministro;241;PetCiv;PETIÇÃO CÍVEL;12362;Autorização de Divulgação de Publicidade Institucional;0;1;20/08/2026;Decisão;https://consultaunificadapje.tse.jus.br/#/public/resultado/0601437-13.2026.6.00.0000;12362;Autorização de Divulgação de Publicidade Institucional;REQUERENTE: SECRETARIA DE COMUNICAÇÃO SOCIAL DA PRESIDÊNCIA DA REPÚBLICA;;;1;2026-08-20;2026-08-20;0;0;0
01/10/2026;06:01:26;2026;0601438-95.2026.6.00.0000;11/08/2026;25/08/2026;DF;3;DF;3;11/08/2026;S;Por sorteio;202679;NUNES MARQUES;78;Ministro;241;PetCiv;PETIÇÃO CÍVEL;12362;Autorização de Divulgação de Publicidade Institucional;0;1;20/08/2026;Decisão;https://consultaunificadapje.tse.jus.br/#/public/resultado/0601438-95.2026.6.00.0000;12362;Autorização de Divulgação de Publicidade Institucional;REQUERENTE: SECRETARIA DE COMUNICAÇÃO SOCIAL DA PRESIDÊNCIA DA REPÚBLICA;;;1;2026-08-20;2026-08-20;0;0;0
01/10/2026;06:01:26;2026;0601441-50.2026.6.00.0000;11/08/2026;25/08/2026;DF;3;DF;3;11/08/2026;S;Por sorteio;202679;NUNES MARQUES;78;Ministro;241;PetCiv;PETIÇÃO CÍVEL;12362;Autorização de Divulgação de Publicidade Institucional;0;1;20/08/2026;Decisão;https://consultaunificadapje.tse.jus.br/#/public/resultado/0601441-50.2026.6.00.0000;12362;Autorização de Divulgação de Publicidade Institucional;REQUERENTE: SECRETARIA DE COMUNICAÇÃO SOCIAL DA PRESIDÊNCIA DA REPÚBLICA;;;1;2026-08-20;2026-08-20;0;0;0
01/10/2026;06:01:26;2026;0601441-65.2026.6.21.0000;08/09/2026;#NULO#;RS;2;DF;3;08/09/2026;S;Por sorteio;233218;FLORIANO DE AZEVEDO MARQUES;13;Ministro;11549;REspEl;RECURSO ESPECIAL ELEITORAL;12044;Registro de Candidatura - DRAP Partido/Coligação;1;1;17/09/2026;Decisão;https://consultaunificadapje.tse.jus.br/#/public/resultado/0601441-65.2026.6.21.0000;11630 | 12044;Cargo - Deputado Estadual | Registro de Candidatura - DRAP Partido/Coligação;RECORRENTE: DEMOCRATA (DEMOCRATA) - ESTADUAL;;REPRESENTANTE: Procuradoria Regional Eleitoral | TERCEIRO INTERESSADO: Procurador Regional Eleitoral;1;2026-09-17;2026-09-17;0;0;0
01/10/2026;06:01:26;2026;0601442-35.2026.6.00.0000;11/08/2026;#NULO#;DF;3;DF;3;11/08/2026;S;Por sorteio;6276;DIAS TOFFOLI;3;Ministro;11532;RCand;REGISTRO DE CANDIDATURA;12044;Registro de Candidatura - DRAP Partido/Coligação;0;4;16/09/2026;Acórdão;https://consultaunificadapje.tse.jus.br/#/public/resultado/0601442-35.2026.6.00.0000;11634 | 11641 | 11645 | 12044;Cargo - Presidente da República | Cargo - Vice-Presidente da República | Eleições - Eleição Majoritária | Registro de Candidatura - DRAP Partido/Coligação;REQUERENTE: DEMOCRATA (DEMOCRATA) - NACIONAL;;;3;2026-08-20;2026-09-16;0;0;0
01/10/2026;06:01:26;2026;0601443-20.2026.6.00.0000;11/08/2026;#NULO#;DF;3;DF;3;11/08/2026;PD;Por dependência;6276;DIAS TOFFOLI;3;Ministro;11532;RCand;REGISTRO DE CANDIDATURA;11618;Registro de Candidatura - RRC - Candidato;0;4;16/09/2026;Acórdão;https://consultaunificadapje.tse.jus.br/#/public/resultado/0601443-20.2026.6.00.0000;11618 | 11641 | 11645;Cargo - Vice-Presidente da República | Eleições - Eleição Majoritária | Registro de Candidatura - RRC - Candidato;REQUERENTE: DEMOCRATA (DEMOCRATA) - NACIONAL | REQUERENTE: SUED HAIDAR NOGUEIRA;;;3;2026-08-20;2026-09-16;0;0;0
01/10/2026;06:01:26;2026;0601444-05.2026.6.00.0000;11/08/2026;#NULO#;DF;3;DF;3;11/08/2026;PD;Por dependência;6276;DIAS TOFFOLI;3;Ministro;11532;RCand;REGISTRO DE CANDIDATURA;11618;Registro de Candidatura - RRC - Candidato;0;6;16/09/2026;Acórdão;https://consultaunificadapje.tse.jus.br/#/public/resultado/0601444-05.2026.6.00.0000;11618 | 11634 | 11645;Cargo - Presidente da República | Eleições - Eleição Majoritária | Registro de Candidatura - RRC - Candidato;REQUERENTE: DEMOCRATA (DEMOCRATA) - NACIONAL | REQUERENTE: WILSON GRASSI JUNIOR;;;4;2026-08-20;2026-09-16;0;0;0
01/10/2026;06:01:26;2026;0601445-87.2026.6.00.0000;11/08/2026;#NULO#;DF;3;DF;3;11/08/2026;S;Por sorteio;202679;NUNES MARQUES;60;Juíz Auxiliar;11541;Rp;REPRESENTAÇÃO;11667;Propaganda Política - Propaganda Eleitoral - Extemporânea/Antecipada;0;2;30/09/2026;Decisão;https://consultaunificadapje.tse.jus.br/#/public/resultado/0601445-87.2026.6.00.0000;11667;Propaganda Política - Propaganda Eleitoral - Extemporânea/Antecipada;REPRESENTANTE: PARTIDO MISSÃO (MISSÃO) - NACIONAL | REPRESENTANTE: RENAN ANTONIO FERREIRA DOS SANTOS;REPRESENTADO: FILIPE DE DAVID ILHA;;2;2026-09-30;2026-09-30;1;0;1
01/10/2026;06:01:26;2026;0601446-72.2026.6.00.0000;11/08/2026;#NULO#;DF;3;DF;3;11/08/2026;S;Por sorteio;202679;NUNES MARQUES;60;Juíz Auxiliar;11541;Rp;REPRESENTAÇÃO;11667;Propaganda Política - Propaganda Eleitoral - Extemporânea/Antecipada;0;1;26/09/2026;Decisão;https://consultaunificadapje.tse.jus.br/#/public/resultado/0601446-72.2026.6.00.0000;11667;Propaganda Política - Propaganda Eleitoral - Extemporânea/Antecipada;REPRESENTANTE: PARTIDO MISSÃO (MISSÃO) - NACIONAL | REPRESENTANTE: RENAN ANTONIO FERREIRA DOS SANTOS;REPRESENTADO: JEFFREY CHIQUINI DA COSTA;;1;2026-09-26;2026-09-26;1;0;1
01/10/2026;06:01:26;2026;0601447-57.2026.6.00.0000;11/08/2026;#NULO#;DF;3;DF;3;11/08/2026;S;Por sorteio;223256;ANDRÉ MENDONÇA;72;Juiz Auxiliar;11541;Rp;REPRESENTAÇÃO;11667;Propaganda Política - Propaganda Eleitoral - Extemporânea/Antecipada;0;5;12/09/2026;Acórdão;https://consultaunificadapje.tse.jus.br/#/public/resultado/0601447-57.2026.6.00.0000;11667 | 15429;Propaganda Política - Propaganda Eleitoral - Extemporânea/Antecipada | Propaganda Política - Propaganda Eleitoral - Uso de Inteligência Artificial;REPRESENTANTE: PARTIDO LIBERAL (PL) - NACIONAL;REPRESENTADO: @BusterScruggs12 | REPRESENTADO: @artpaty.sos.patin | REPRESENTADO: Responsável pelo perfil @BusterScruggs12 no X | REPRESENTADO: Responsável pelo perfil @artpaty.sos.patin no TikTok;;2;2026-08-17;2026-09-12;1;0;1
01/10/2026;06:01:26;2026;0601448-42.2026.6.00.0000;11/08/2026;#NULO#;DF;3;DF;3;11/08/2026;S;Por sorteio;202679;NUNES MARQUES;60;Juíz Auxiliar;11541;Rp;REPRESENTAÇÃO;11667;Propaganda Política - Propaganda Eleitoral - Extemporânea/Antecipada;0;1;17/09/2026;Decisão;https://consultaunificadapje.tse.jus.br/#/public/resultado/0601448-42.2026.6.00.0000;11667;Propaganda Política - Propaganda Eleitoral - Extemporânea/Antecipada;REPRESENTANTE: PARTIDO LIBERAL (PL) - NACIONAL;REPRESENTADA: TERESA ROBERTA SOARES DA SILVA BUREGIO FREITAS | REPRESENTADO: FERNANDO ROSSAS FREIRE | REPRESENTADO: VINICIOS DE MORAES BETIOL;;1;2026-09-17;2026-09-17;1;0;1
01/10/2026;06:01:26;2026;0601448-57.2026.6.21.0000;18/09/2026;#NULO#;RS;2;DF;3;20/09/2026;S;Por sorteio;233218;FLORIANO DE AZEVEDO MARQUES;13;Ministro;11549;REspEl;RECURSO ESPECIAL ELEITORAL;11618;Registro de Candidatura - RRC - Candidato;1;2;30/09/2026;Decisão;https://consultaunificadapje.tse.jus.br/#/public/resultado/0601448-57.2026.6.21.0000;11589 | 11591 | 11618 | 11630 | 15590;Cargo - Deputado Estadual | Condição de Elegibilidade - Filiação Partidária | Condição de Elegibilidade - Pleno Exercício dos Direitos Políticos | RRC Indeferido em Função do Indeferimento do DRAP | Registro de Candidatura - RRC - Candidato;RECORRENTE: DEMOCRATA (DEMOCRATA) - ESTADUAL | RECORRENTE: PAULO ROBERTO DA SILVA;;REPRESENTANTE: Procuradoria Regional Eleitoral | TERCEIRO INTERESSADO: Procurador Regional Eleitoral;1;2026-09-30;2026-09-30;0;0;0
01/10/2026;06:01:26;2026;0601451-12.2026.6.21.0000;18/09/2026;28/09/2026;RS;2;DF;3;20/09/2026;S;Por sorteio;233218;FLORIANO DE AZEVEDO MARQUES;13;Ministro;11549;REspEl;RECURSO ESPECIAL ELEITORAL;15590;RRC Indeferido em Função do Indeferimento do DRAP;1;1;24/09/2026;Decisão;https://consultaunificadapje.tse.jus.br/#/public/resultado/0601451-12.2026.6.21.0000;11618 | 11630 | 15590;Cargo - Deputado Estadual | RRC Indeferido em Função do Indeferimento do DRAP | Registro de Candidatura - RRC - Candidato;RECORRENTE: RODRIGO SOUZA COSTA;;REPRESENTANTE: Procuradoria Regional Eleitoral | TERCEIRO INTERESSADO: Procurador Regional Eleitoral;1;2026-09-24;2026-09-24;0;0;0
01/10/2026;06:01:26;2026;0601466-78.2026.6.21.0000;21/09/2026;#NULO#;RS;2;DF;3;21/09/2026;S;Por sorteio;301846;RICARDO VILLAS BÔAS CUEVA;4;Ministro;11549;REspEl;RECURSO ESPECIAL ELEITORAL;12044;Registro de Candidatura - DRAP Partido/Coligação;1;1;25/09/2026;Decisão;https://consultaunificadapje.tse.jus.br/#/public/resultado/0601466-78.2026.6.21.0000;11631 | 12044;Cargo - Deputado Federal | Registro de Candidatura - DRAP Partido/Coligação;RECORRENTE: AGIR (AGIR) - ESTADUAL;;REPRESENTANTE: Procuradoria Regional Eleitoral | TERCEIRO INTERESSADO: Procurador Regional Eleitoral;1;2026-09-25;2026-09-25;0;0;0
01/10/2026;06:01:26;2026;0601467-48.2026.6.00.0000;12/08/2026;#NULO#;DF;3;DF;3;12/08/2026;S;Por sorteio;223256;ANDRÉ MENDONÇA;14;Ministro;120;MSCiv;MANDADO DE SEGURANÇA CÍVEL;11778;Requerimento;0;2;24/08/2026;Despacho;https://consultaunificadapje.tse.jus.br/#/public/resultado/0601467-48.2026.6.00.0000;11768 | 11778;Partido Político - Órgão de Direção Nacional | Requerimento;IMPETRANTE: JOSE MARIA DE LIMA SEGUNDO;AUTORIDADE COATORA: VALDEMAR COSTA NETO;;1;2026-08-14;2026-08-14;0;0;0
01/10/2026;06:01:26;2026;0601488-93.2026.6.19.0000;14/09/2026;29/09/2026;RJ;2;DF;3;14/09/2026;S;Por sorteio;301846;RICARDO VILLAS BÔAS CUEVA;4;Ministro;11549;REspEl;RECURSO ESPECIAL ELEITORAL;11618;Registro de Candidatura - RRC - Candidato;1;2;28/09/2026;Acórdão;https://consultaunificadapje.tse.jus.br/#/public/resultado/0601488-93.2026.6.19.0000;11613 | 11618 | 11631;Cargo - Deputado Federal | Nome do Candidato - Variação Nominal | Registro de Candidatura - RRC - Candidato;RECORRENTE: EDIO ANTONIO RODRIGUES NETO | RECORRENTE: FEDERAÇÃO UNIÃO PROGRESSISTA (44-UNIÃO/11-PP) - RIO DE JANEIRO;;REPRESENTANTE: Procuradoria Regional Eleitoral no Rio de Janeiro | TERCEIRO INTERESSADO: Procuradoria Regional Eleitoral1.;2;2026-09-15;2026-09-28;0;0;0
01/10/2026;06:01:26;2026;0601505-22.2026.6.05.0000;29/08/2026;21/09/2026;BA;2;DF;3;29/08/2026;S;Por sorteio;285510;ANTONIO CARLOS FERREIRA;11;Ministro;11549;REspEl;RECURSO ESPECIAL ELEITORAL;12044;Registro de Candidatura - DRAP Partido/Coligação;1;1;18/09/2026;Acórdão;https://consultaunificadapje.tse.jus.br/#/public/resultado/0601505-22.2026.6.05.0000;11631 | 12044 | 15146;Cargo - Deputado Federal | Dissidência Partidária ou Federativa | Registro de Candidatura - DRAP Partido/Coligação;RECORRENTE: DEMOCRACIA CRISTÃ (DC) - ESTADUAL;;REPRESENTANTE: Procuradoria Regional Eleitoral BA | TERCEIRO INTERESSADO: PROCURADORIA REGIONAL ELEITORAL;1;2026-09-18;2026-09-18;0;0;0
01/10/2026;06:01:26;2026;0601505-60.2026.6.00.0000;12/08/2026;31/08/2026;DF;3;DF;3;12/08/2026;S;Por sorteio;202679;NUNES MARQUES;78;Ministro;241;PetCiv;PETIÇÃO CÍVEL;15591;Fundo Especial de Financiamento de Campanha (FEFC);0;1;20/08/2026;Decisão;https://consultaunificadapje.tse.jus.br/#/public/resultado/0601505-60.2026.6.00.0000;11768 | 15591;Fundo Especial de Financiamento de Campanha (FEFC) | Partido Político - Órgão de Direção Nacional;REQUERENTE: PARTIDO DEMOCRÁTICO TRABALHISTA (PDT) - NACIONAL;;;1;2026-08-20;2026-08-20;0;0;0
01/10/2026;06:01:26;2026;0601506-45.2026.6.00.0000;12/08/2026;25/08/2026;DF;3;DF;3;13/08/2026;S;Por sorteio;202679;NUNES MARQUES;78;Ministro;241;PetCiv;PETIÇÃO CÍVEL;12362;Autorização de Divulgação de Publicidade Institucional;0;1;20/08/2026;Decisão;https://consultaunificadapje.tse.jus.br/#/public/resultado/0601506-45.2026.6.00.0000;12362;Autorização de Divulgação de Publicidade Institucional;REQUERENTE: SECRETARIA DE COMUNICAÇÃO SOCIAL DA PRESIDÊNCIA DA REPÚBLICA;;;1;2026-08-20;2026-08-20;0;0;0
01/10/2026;06:01:26;2026;0601509-26.2026.6.17.0000;21/09/2026;#NULO#;PE;2;DF;3;21/09/2026;S;Por sorteio;223256;ANDRÉ MENDONÇA;14;Ministro;11549;REspEl;RECURSO ESPECIAL ELEITORAL;11618;Registro de Candidatura - RRC - Candidato;1;1;28/09/2026;Decisão;https://consultaunificadapje.tse.jus.br/#/public/resultado/0601509-26.2026.6.17.0000;11592 | 11618 | 11630;Cargo - Deputado Estadual | Condição de Elegibilidade - Quitação Eleitoral | Registro de Candidatura - RRC - Candidato;RECORRENTE: DORGIVAL JOSE DE SALES | RECORRENTE: PARTIDO DA CAUSA OPERARIA - PERNAMBUCO - PE - ESTADUAL;;REPRESENTANTE: Procuradoria Regional Eleitoral | TERCEIRO INTERESSADO: MINISTERIO PUBLICO DA UNIAO;1;2026-09-28;2026-09-28;0;0;0
01/10/2026;06:01:26;2026;0601527-21.2026.6.00.0000;13/08/2026;29/09/2026;DF;3;DF;3;13/08/2026;S;Por sorteio;301846;RICARDO VILLAS BÔAS CUEVA;4;Ministro;120;MSCiv;MANDADO DE SEGURANÇA CÍVEL;15586;Anulação de Convenção Partidária;0;4;18/09/2026;Acórdão;https://consultaunificadapje.tse.jus.br/#/public/resultado/0601527-21.2026.6.00.0000;11618 | 11632 | 11645 | 15586;Anulação de Convenção Partidária | Cargo - Governador | Eleições - Eleição Majoritária | Registro de Candidatura - RRC - Candidato;IMPETRANTE: GUSTAVO HENRIQUE LEITE FEIJO;AUTORIDADE COATORA: LUIS HENRIQUE DE OLIVEIRA RESENDE | COATORA: LUÍS HENRIQUE DE OLIVEIRA RESENDE;;4;2026-08-14;2026-09-18;0;0;0
01/10/2026;06:01:26;2026;0601528-06.2026.6.00.0000;13/08/2026;#NULO#;DF;3;DF;3;13/08/2026;S;Por sorteio;202679;NUNES MARQUES;78;Ministro;241;PetCiv;PETIÇÃO CÍVEL;11758;Filiação Partidária - Exclusão;0;2;13/08/2026;Decisão;https://consultaunificadapje.tse.jus.br/#/public/resultado/0601528-06.2026.6.00.0000;11758 | 11778;Filiação Partidária - Exclusão | Requerimento;REQUERENTE: FLAVIO NANTES BOLSONARO;;;2;2026-08-13;2026-08-13;0;0;0
01/10/2026;06:01:26;2026;0601530-73.2026.6.00.0000;13/08/2026;#NULO#;DF;3;DF;3;13/08/2026;S;Por sorteio;223256;ANDRÉ MENDONÇA;72;Juiz Auxiliar;11541;Rp;REPRESENTAÇÃO;11651;Pesquisa Eleitoral - Registro de Pesquisa Eleitoral;0;2;12/09/2026;Acórdão;https://consultaunificadapje.tse.jus.br/#/public/resultado/0601530-73.2026.6.00.0000;11634 | 11651;Cargo - Presidente da República | Pesquisa Eleitoral - Registro de Pesquisa Eleitoral;REPRESENTANTE: WILSON GRASSI JUNIOR;REPRESENTADA: PERFIL PESQUISAS TECNICAS LTDA;;2;2026-08-19;2026-09-12;0;0;0
01/10/2026;06:01:26;2026;0601531-58.2026.6.00.0000;13/08/2026;02/09/2026;DF;3;DF;3;14/08/2026;S;Por sorteio;223256;ANDRÉ MENDONÇA;14;Ministro;241;PetCiv;PETIÇÃO CÍVEL;15584;Notícia de Inelegibilidade;0;1;24/08/2026;Decisão;https://consultaunificadapje.tse.jus.br/#/public/resultado/0601531-58.2026.6.00.0000;11618 | 11634 | 15584;Cargo - Presidente da República | Notícia de Inelegibilidade | Registro de Candidatura - RRC - Candidato;;REQUERIDO: LUIZ INACIO LULA DA SILVA;;1;2026-08-24;2026-08-24;0;0;0
01/10/2026;06:01:26;2026;0601532-43.2026.6.00.0000;13/08/2026;#NULO#;DF;3;DF;3;13/08/2026;S;Por sorteio;350140;ESTELA ARANHA;7;Ministro;11532;RCand;REGISTRO DE CANDIDATURA;12044;Registro de Candidatura - DRAP Partido/Coligação;0;2;09/09/2026;Acórdão;https://consultaunificadapje.tse.jus.br/#/public/resultado/0601532-43.2026.6.00.0000;11634 | 11641 | 11645 | 12044;Cargo - Presidente da República | Cargo - Vice-Presidente da República | Eleições - Eleição Majoritária | Registro de Candidatura - DRAP Partido/Coligação;REQUERENTE: PARTIDO LIBERAL (PL) - NACIONAL;;;1;2026-09-09;2026-09-09;0;0;0
01/10/2026;06:01:26;2026;0601533-28.2026.6.00.0000;13/08/2026;#NULO#;DF;3;DF;3;13/08/2026;PD;Por dependência;350140;ESTELA ARANHA;7;Ministro;11532;RCand;REGISTRO DE CANDIDATURA;11618;Registro de Candidatura - RRC - Candidato;0;2;09/09/2026;Acórdão;https://consultaunificadapje.tse.jus.br/#/public/resultado/0601533-28.2026.6.00.0000;11618 | 11641 | 11645;Cargo - Vice-Presidente da República | Eleições - Eleição Majoritária | Registro de Candidatura - RRC - Candidato;REQUERENTE: ALFREDO GASPAR DE MENDONCA NETO | REQUERENTE: PARTIDO LIBERAL (PL) - NACIONAL;;;1;2026-09-09;2026-09-09;0;0;0
01/10/2026;06:01:26;2026;0601534-13.2026.6.00.0000;13/08/2026;#NULO#;DF;3;DF;3;13/08/2026;S;Por sorteio;350140;ESTELA ARANHA;7;Ministro;11532;RCand;REGISTRO DE CANDIDATURA;12044;Registro de Candidatura - DRAP Partido/Coligação;0;4;14/09/2026;Acórdão;https://consultaunificadapje.tse.jus.br/#/public/resultado/0601534-13.2026.6.00.0000;11634 | 11641 | 11645 | 12044;Cargo - Presidente da República | Cargo - Vice-Presidente da República | Eleições - Eleição Majoritária | Registro de Candidatura - DRAP Partido/Coligação;REQUERENTE: AVANTE (AVANTE) - NACIONAL;;;2;2026-08-29;2026-09-14;0;0;0
01/10/2026;06:01:26;2026;0601535-95.2026.6.00.0000;13/08/2026;#NULO#;DF;3;DF;3;13/08/2026;PD;Por dependência;350140;ESTELA ARANHA;7;Ministro;11532;RCand;REGISTRO DE CANDIDATURA;11618;Registro de Candidatura - RRC - Candidato;0;2;14/09/2026;Acórdão;https://consultaunificadapje.tse.jus.br/#/public/resultado/0601535-95.2026.6.00.0000;11618 | 11634 | 11645;Cargo - Presidente da República | Eleições - Eleição Majoritária | Registro de Candidatura - RRC - Candidato;REQUERENTE: FLAVIO NANTES BOLSONARO | REQUERENTE: PARTIDO LIBERAL (PL) - NACIONAL;;;1;2026-09-14;2026-09-14;0;0;0
01/10/2026;06:01:26;2026;0601536-80.2026.6.00.0000;13/08/2026;#NULO#;DF;3;DF;3;13/08/2026;PD;Por dependência;350140;ESTELA ARANHA;7;Ministro;11532;RCand;REGISTRO DE CANDIDATURA;11618;Registro de Candidatura - RRC - Candidato;0;2;14/09/2026;Acórdão;https://consultaunificadapje.tse.jus.br/#/public/resultado/0601536-80.2026.6.00.0000;11618 | 11634 | 11645;Cargo - Presidente da República | Eleições - Eleição Majoritária | Registro de Candidatura - RRC - Candidato;REQUERENTE: AUGUSTO JORGE CURY | REQUERENTE: AVANTE (AVANTE) - NACIONAL | REQUERENTE: COLIGAÇÃO BRASIL DOS NOSSOS SONHOS;;;1;2026-09-14;2026-09-14;0;0;0
01/10/2026;06:01:26;2026;0601537-65.2026.6.00.0000;13/08/2026;#NULO#;DF;3;DF;3;13/08/2026;PD;Por dependência;350140;ESTELA ARANHA;7;Ministro;11532;RCand;REGISTRO DE CANDIDATURA;11618;Registro de Candidatura - RRC - Candidato;0;2;14/09/2026;Acórdão;https://consultaunificadapje.tse.jus.br/#/public/resultado/0601537-65.2026.6.00.0000;11618 | 11641 | 11645;Cargo - Vice-Presidente da República | Eleições - Eleição Majoritária | Registro de Candidatura - RRC - Candidato;REQUERENTE: AVANTE (AVANTE) - NACIONAL | REQUERENTE: COLIGAÇÃO BRASIL DOS NOSSOS SONHOS | REQUERENTE: JULIO CESAR DELGADO;;;1;2026-09-14;2026-09-14;0;0;0
01/10/2026;06:01:26;2026;0601539-35.2026.6.00.0000;13/08/2026;#NULO#;DF;3;DF;3;29/09/2026;S;Por sorteio;349772;SEBASTIÃO REIS JUNIOR;11;Ministro;120;MSCiv;MANDADO DE SEGURANÇA CÍVEL;11778;Requerimento;0;2;08/09/2026;Despacho;https://consultaunificadapje.tse.jus.br/#/public/resultado/0601539-35.2026.6.00.0000;11766 | 11768 | 11778;Partido Político - Órgão de Direção Estadual | Partido Político - Órgão de Direção Nacional | Requerimento;IMPETRANTE: ARIEL DA SILVA CAPISTRANO;IMPETRADO: DEMOCRACIA CRISTÃ (DC) - NACIONAL;;1;2026-08-14;2026-08-14;0;0;0
01/10/2026;06:01:26;2026;0601543-72.2026.6.00.0000;14/08/2026;#NULO#;DF;3;DF;3;14/08/2026;S;Por sorteio;223256;ANDRÉ MENDONÇA;72;Juiz Auxiliar;11541;Rp;REPRESENTAÇÃO;11651;Pesquisa Eleitoral - Registro de Pesquisa Eleitoral;0;2;16/09/2026;Acórdão;https://consultaunificadapje.tse.jus.br/#/public/resultado/0601543-72.2026.6.00.0000;11634 | 11651;Cargo - Presidente da República | Pesquisa Eleitoral - Registro de Pesquisa Eleitoral;REPRESENTANTE: WILSON GRASSI JUNIOR;REPRESENTADO: NEXUS PESQUISA E INTELIGENCIA DE DADOS LTDA;;2;2026-08-19;2026-09-16;0;0;0
01/10/2026;06:01:26;2026;0601544-57.2026.6.00.0000;14/08/2026;#NULO#;DF;3;DF;3;14/08/2026;S;Por sorteio;285510;ANTONIO CARLOS FERREIRA;42;Ministro;11527;AIJE;AÇÃO DE INVESTIGAÇÃO JUDICIAL ELEITORAL;11720;Abuso - Uso Indevido de Meio de Comunicação Social;0;2;19/09/2026;Despacho;https://consultaunificadapje.tse.jus.br/#/public/resultado/0601544-57.2026.6.00.0000;11634 | 11718 | 11720;Abuso - De Poder Econômico | Abuso - Uso Indevido de Meio de Comunicação Social | Cargo - Presidente da República;REPRESENTANTE: PAULA NUNES DOS SANTOS;REPRESENTADO: RENAN ANTONIO FERREIRA DOS SANTOS;;1;2026-08-31;2026-08-31;0;0;0
01/10/2026;06:01:26;2026;0601545-42.2026.6.00.0000;14/08/2026;#NULO#;DF;3;DF;3;14/08/2026;S;Por sorteio;350140;ESTELA ARANHA;7;Ministro;11532;RCand;REGISTRO DE CANDIDATURA;12044;Registro de Candidatura - DRAP Partido/Coligação;0;2;09/09/2026;Acórdão;https://consultaunificadapje.tse.jus.br/#/public/resultado/0601545-42.2026.6.00.0000;11634 | 11641 | 11645 | 12044;Cargo - Presidente da República | Cargo - Vice-Presidente da República | Eleições - Eleição Majoritária | Registro de Candidatura - DRAP Partido/Coligação;REQUERENTE: PARTIDO COMUNISTA BRASILEIRO (PCB) - NACIONAL;;;1;2026-09-09;2026-09-09;0;0;0
01/10/2026;06:01:26;2026;0601546-27.2026.6.00.0000;14/08/2026;#NULO#;DF;3;DF;3;14/08/2026;PD;Por dependência;350140;ESTELA ARANHA;7;Ministro;11532;RCand;REGISTRO DE CANDIDATURA;11618;Registro de Candidatura - RRC - Candidato;0;2;09/09/2026;Acórdão;https://consultaunificadapje.tse.jus.br/#/public/resultado/0601546-27.2026.6.00.0000;11618 | 11641 | 11645;Cargo - Vice-Presidente da República | Eleições - Eleição Majoritária | Registro de Candidatura - RRC - Candidato;REQUERENTE: CLEUSA DOS SANTOS | REQUERENTE: PARTIDO COMUNISTA BRASILEIRO (PCB) - NACIONAL;;;1;2026-09-09;2026-09-09;0;0;0
01/10/2026;06:01:26;2026;0601547-12.2026.6.00.0000;14/08/2026;#NULO#;DF;3;DF;3;14/08/2026;PD;Por dependência;350140;ESTELA ARANHA;7;Ministro;11532;RCand;REGISTRO DE CANDIDATURA;11618;Registro de Candidatura - RRC - Candidato;0;2;09/09/2026;Acórdão;https://consultaunificadapje.tse.jus.br/#/public/resultado/0601547-12.2026.6.00.0000;11618 | 11634 | 11645;Cargo - Presidente da República | Eleições - Eleição Majoritária | Registro de Candidatura - RRC - Candidato;REQUERENTE: EDMILSON SILVA COSTA | REQUERENTE: PARTIDO COMUNISTA BRASILEIRO (PCB) - NACIONAL;;;1;2026-09-09;2026-09-09;0;0;0
01/10/2026;06:01:26;2026;0601547-86.2026.6.26.0000;21/09/2026;29/09/2026;SP;2;DF;3;21/09/2026;S;Por sorteio;223256;ANDRÉ MENDONÇA;14;Ministro;11550;RO-El;RECURSO ORDINÁRIO ELEITORAL;11616;Impugnação ao Registro de Candidatura;1;1;24/09/2026;Decisão;https://consultaunificadapje.tse.jus.br/#/public/resultado/0601547-86.2026.6.26.0000;11592 | 11616 | 11630;Cargo - Deputado Estadual | Condição de Elegibilidade - Quitação Eleitoral | Impugnação ao Registro de Candidatura;AGRAVANTE: FEDERAÇÃO PSOL REDE (PSOL/REDE) - SÃO PAULO | RECORRENTE: JOSE LUIZ MONTEIRO;AGRAVADO: PROCURADORIA REGIONAL ELEITORAL | RECORRIDO: Ministério Público Eleitoral | REPRESENTANTE: Procuradoria Regional Eleitoral;REPRESENTANTE: Procuradoria Regional Eleitoral;1;2026-09-24;2026-09-24;0;0;0
01/10/2026;06:01:26;2026;0601550-64.2026.6.00.0000;14/08/2026;#NULO#;DF;3;DF;3;14/08/2026;S;Por sorteio;301846;RICARDO VILLAS BÔAS CUEVA;4;Ministro;11532;RCand;REGISTRO DE CANDIDATURA;12044;Registro de Candidatura - DRAP Partido/Coligação;0;2;26/08/2026;Decisão;https://consultaunificadapje.tse.jus.br/#/public/resultado/0601550-64.2026.6.00.0000;11634 | 11641 | 11645 | 12044;Cargo - Presidente da República | Cargo - Vice-Presidente da República | Eleições - Eleição Majoritária | Registro de Candidatura - DRAP Partido/Coligação;REQUERENTE: PARTIDO SOCIAL DEMOCRÁTICO (PSD) - NACIONAL;;;1;2026-08-26;2026-08-26;0;0;0
01/10/2026;06:01:26;2026;0601551-49.2026.6.00.0000;14/08/2026;#NULO#;DF;3;DF;3;14/08/2026;PD;Por dependência;301846;RICARDO VILLAS BÔAS CUEVA;4;Ministro;11532;RCand;REGISTRO DE CANDIDATURA;11618;Registro de Candidatura - RRC - Candidato;0;2;26/08/2026;Decisão;https://consultaunificadapje.tse.jus.br/#/public/resultado/0601551-49.2026.6.00.0000;11618 | 11641 | 11645;Cargo - Vice-Presidente da República | Eleições - Eleição Majoritária | Registro de Candidatura - RRC - Candidato;REQUERENTE: GILBERTO KASSAB | REQUERENTE: PARTIDO SOCIAL DEMOCRÁTICO (PSD) - NACIONAL;;;1;2026-08-26;2026-08-26;0;0;0
01/10/2026;06:01:26;2026;0601552-34.2026.6.00.0000;14/08/2026;#NULO#;DF;3;DF;3;14/08/2026;PD;Por dependência;301846;RICARDO VILLAS BÔAS CUEVA;4;Ministro;11532;RCand;REGISTRO DE CANDIDATURA;11618;Registro de Candidatura - RRC - Candidato;0;4;01/09/2026;Despacho;https://consultaunificadapje.tse.jus.br/#/public/resultado/0601552-34.2026.6.00.0000;11618 | 11634 | 11645;Cargo - Presidente da República | Eleições - Eleição Majoritária | Registro de Candidatura - RRC - Candidato;REQUERENTE: PARTIDO SOCIAL DEMOCRÁTICO (PSD) - NACIONAL | REQUERENTE: RONALDO RAMOS CAIADO;;;1;2026-08-26;2026-08-26;0;0;0
01/10/2026;06:01:26;2026;0601554-04.2026.6.00.0000;14/08/2026;08/09/2026;DF;3;DF;3;14/08/2026;S;Por sorteio;202679;NUNES MARQUES;78;Ministro;241;PetCiv;PETIÇÃO CÍVEL;12362;Autorização de Divulgação de Publicidade Institucional;0;2;04/09/2026;Decisão;https://consultaunificadapje.tse.jus.br/#/public/resultado/0601554-04.2026.6.00.0000;12362;Autorização de Divulgação de Publicidade Institucional;REQUERENTE: SECRETARIA DE COMUNICAÇÃO SOCIAL DA PRESIDÊNCIA DA REPÚBLICA;;;2;2026-08-20;2026-09-04;0;0;0
01/10/2026;06:01:26;2026;0601555-86.2026.6.00.0000;14/08/2026;27/08/2026;DF;3;DF;3;14/08/2026;S;Por sorteio;202679;NUNES MARQUES;78;Ministro;241;PetCiv;PETIÇÃO CÍVEL;12362;Autorização de Divulgação de Publicidade Institucional;0;1;19/08/2026;Decisão;https://consultaunificadapje.tse.jus.br/#/public/resultado/0601555-86.2026.6.00.0000;12362;Autorização de Divulgação de Publicidade Institucional;REQUERENTE: SECRETARIA DE COMUNICAÇÃO SOCIAL DA PRESIDÊNCIA DA REPÚBLICA;;;1;2026-08-19;2026-08-19;0;0;0
01/10/2026;06:01:26;2026;0601556-71.2026.6.00.0000;14/08/2026;25/08/2026;DF;3;DF;3;14/08/2026;S;Por sorteio;202679;NUNES MARQUES;78;Ministro;241;PetCiv;PETIÇÃO CÍVEL;12362;Autorização de Divulgação de Publicidade Institucional;0;1;20/08/2026;Decisão;https://consultaunificadapje.tse.jus.br/#/public/resultado/0601556-71.2026.6.00.0000;12362;Autorização de Divulgação de Publicidade Institucional;REQUERENTE: SECRETARIA DE COMUNICAÇÃO SOCIAL DA PRESIDÊNCIA DA REPÚBLICA;;;1;2026-08-20;2026-08-20;0;0;0
01/10/2026;06:01:26;2026;0601572-25.2026.6.00.0000;14/08/2026;#NULO#;DF;3;DF;3;14/08/2026;S;Por sorteio;301846;RICARDO VILLAS BÔAS CUEVA;4;Ministro;120;MSCiv;MANDADO DE SEGURANÇA CÍVEL;11766;Partido Político - Órgão de Direção Estadual;0;3;01/09/2026;Despacho;https://consultaunificadapje.tse.jus.br/#/public/resultado/0601572-25.2026.6.00.0000;11766 | 11768;Partido Político - Órgão de Direção Estadual | Partido Político - Órgão de Direção Nacional;IMPETRANTE: MARIVALDO SANTOS DAS NEVES | IMPETRANTE: ROIDE CARNEIRO PIRES;COATOR: ANTÔNIO CARLOS BOSCO MASSAROLLO | IMPETRADO: ANTONIO CARLOS BOSCO MASSAROLLO;;1;2026-08-24;2026-08-24;0;0;0
01/10/2026;06:01:26;2026;0601574-92.2026.6.00.0000;15/08/2026;#NULO#;DF;3;DF;3;15/08/2026;S;Por sorteio;301846;RICARDO VILLAS BÔAS CUEVA;4;Ministro;11532;RCand;REGISTRO DE CANDIDATURA;12044;Registro de Candidatura - DRAP Partido/Coligação;0;2;26/08/2026;Decisão;https://consultaunificadapje.tse.jus.br/#/public/resultado/0601574-92.2026.6.00.0000;11634 | 11641 | 11645 | 12044;Cargo - Presidente da República | Cargo - Vice-Presidente da República | Eleições - Eleição Majoritária | Registro de Candidatura - DRAP Partido/Coligação;REQUERENTE: PARTIDO DA CAUSA OPERÁRIA (PCO) - NACIONAL;;;1;2026-08-26;2026-08-26;0;0;0
01/10/2026;06:01:26;2026;0601575-77.2026.6.00.0000;15/08/2026;#NULO#;DF;3;DF;3;15/08/2026;S;Por sorteio;285510;ANTONIO CARLOS FERREIRA;11;Ministro;11532;RCand;REGISTRO DE CANDIDATURA;12044;Registro de Candidatura - DRAP Partido/Coligação;0;2;14/09/2026;Acórdão;https://consultaunificadapje.tse.jus.br/#/public/resultado/0601575-77.2026.6.00.0000;11634 | 11641 | 11645 | 12044;Cargo - Presidente da República | Cargo - Vice-Presidente da República | Eleições - Eleição Majoritária | Registro de Candidatura - DRAP Partido/Coligação;REQUERENTE: DEMOCRACIA CRISTÃ (DC) - NACIONAL;;;1;2026-09-14;2026-09-14;0;0;0
01/10/2026;06:01:26;2026;0601576-62.2026.6.00.0000;15/08/2026;#NULO#;DF;3;DF;3;15/08/2026;PD;Por dependência;285510;ANTONIO CARLOS FERREIRA;11;Ministro;11532;RCand;REGISTRO DE CANDIDATURA;11618;Registro de Candidatura - RRC - Candidato;0;2;14/09/2026;Acórdão;https://consultaunificadapje.tse.jus.br/#/public/resultado/0601576-62.2026.6.00.0000;11618 | 11634 | 11645;Cargo - Presidente da República | Eleições - Eleição Majoritária | Registro de Candidatura - RRC - Candidato;REQUERENTE: CLARIANA ZACARKIM BARAO | REQUERENTE: DEMOCRACIA CRISTÃ (DC) - NACIONAL;;;1;2026-09-14;2026-09-14;0;0;0
01/10/2026;06:01:26;2026;0601577-47.2026.6.00.0000;15/08/2026;#NULO#;DF;3;DF;3;15/08/2026;PD;Por dependência;301846;RICARDO VILLAS BÔAS CUEVA;4;Ministro;11532;RCand;REGISTRO DE CANDIDATURA;11618;Registro de Candidatura - RRC - Candidato;0;3;01/09/2026;Despacho;https://consultaunificadapje.tse.jus.br/#/public/resultado/0601577-47.2026.6.00.0000;11618 | 11641 | 11645;Cargo - Vice-Presidente da República | Eleições - Eleição Majoritária | Registro de Candidatura - RRC - Candidato;REQUERENTE: ANTONIO CARLOS SILVA | REQUERENTE: PARTIDO DA CAUSA OPERÁRIA (PCO) - NACIONAL;;;1;2026-08-26;2026-08-26;0;0;0
01/10/2026;06:01:26;2026;0601578-32.2026.6.00.0000;15/08/2026;#NULO#;DF;3;DF;3;15/08/2026;PD;Por dependência;301846;RICARDO VILLAS BÔAS CUEVA;4;Ministro;11532;RCand;REGISTRO DE CANDIDATURA;11618;Registro de Candidatura - RRC - Candidato;0;4;10/09/2026;Despacho;https://consultaunificadapje.tse.jus.br/#/public/resultado/0601578-32.2026.6.00.0000;11618 | 11634 | 11645;Cargo - Presidente da República | Eleições - Eleição Majoritária | Registro de Candidatura - RRC - Candidato;REQUERENTE: PARTIDO DA CAUSA OPERÁRIA (PCO) - NACIONAL | REQUERENTE: RUI COSTA PIMENTA;;;1;2026-08-26;2026-08-26;0;0;0
01/10/2026;06:01:26;2026;0601579-17.2026.6.00.0000;15/08/2026;#NULO#;DF;3;DF;3;15/08/2026;PD;Por dependência;285510;ANTONIO CARLOS FERREIRA;11;Ministro;11532;RCand;REGISTRO DE CANDIDATURA;11618;Registro de Candidatura - RRC - Candidato;0;2;14/09/2026;Acórdão;https://consultaunificadapje.tse.jus.br/#/public/resultado/0601579-17.2026.6.00.0000;11618 | 11641 | 11645;Cargo - Vice-Presidente da República | Eleições - Eleição Majoritária | Registro de Candidatura - RRC - Candidato;REQUERENTE: DEMOCRACIA CRISTÃ (DC) - NACIONAL | REQUERENTE: FABIANA CRISTINA TAVARES TORQUATO;;;1;2026-09-14;2026-09-14;0;0;0
01/10/2026;06:01:26;2026;0601580-02.2026.6.00.0000;15/08/2026;27/08/2026;DF;3;DF;3;15/08/2026;S;Por sorteio;301846;RICARDO VILLAS BÔAS CUEVA;4;Ministro;120;MSCiv;MANDADO DE SEGURANÇA CÍVEL;11778;Requerimento;0;1;18/08/2026;Decisão;https://consultaunificadapje.tse.jus.br/#/public/resultado/0601580-02.2026.6.00.0000;11778;Requerimento;IMPETRANTE: GILBERTO MONTEIRO MAZOT;AUTORIDADE: órgãos de mídia e imprensa em geral | IMPETRADO: PARTIDO DA SOCIAL DEMOCRACIA BRASILEIRA (PSDB) - NACIONAL | IMPETRADO: PRINCIPAIS VEÍCULOS DE MÍDIA E CONCESSIONÁRIAS DE RADIODIFUSÃO DO BRASIL;;1;2026-08-18;2026-08-18;0;0;0
01/10/2026;06:01:26;2026;0601582-69.2026.6.00.0000;15/08/2026;24/08/2026;DF;3;DF;3;15/08/2026;S;Por sorteio;6276;DIAS TOFFOLI;3;Ministro;120;MSCiv;MANDADO DE SEGURANÇA CÍVEL;12392;Inelegibilidade - Renúncia a cargo político na pendência de representação ou petição que possa levar a outra causa de inelegibilidade;0;1;16/08/2026;Decisão;https://consultaunificadapje.tse.jus.br/#/public/resultado/0601582-69.2026.6.00.0000;11616 | 11632 | 11645 | 12392;Cargo - Governador | Eleições - Eleição Majoritária | Impugnação ao Registro de Candidatura | Inelegibilidade - Renúncia a cargo político na pendência de representação ou petição que possa levar a outra causa de inelegibilidade;IMPETRANTE: PATRICK JHUAN DA SILVA SOUZA;AUTORIDADE COATORA: DESEMBARGADOR AGOSTINO SILVÉRIO JUNIOR | AUTORIDADE COATORA: JUIZ VICE-PRESIDENTE DO TRIBUNAL REGIONAL ELEITORAL DO AMAPÁ, DR. AGOSTINO SILVÉRIO JUNIOR | LITISCONSORTE: ANTONIO PAULO DE OLIVEIRA FURLAN;;1;2026-08-16;2026-08-16;0;0;0
01/10/2026;06:01:26;2026;0601584-39.2026.6.00.0000;15/08/2026;#NULO#;DF;3;DF;3;15/08/2026;S;Por sorteio;350140;ESTELA ARANHA;7;Ministro;11532;RCand;REGISTRO DE CANDIDATURA;12044;Registro de Candidatura - DRAP Partido/Coligação;0;2;14/09/2026;Acórdão;https://consultaunificadapje.tse.jus.br/#/public/resultado/0601584-39.2026.6.00.0000;11634 | 11641 | 11645 | 12044;Cargo - Presidente da República | Cargo - Vice-Presidente da República | Eleições - Eleição Majoritária | Registro de Candidatura - DRAP Partido/Coligação;REQUERENTE: PARTIDO RENOVADOR TRABALHISTA BRASILEIRO (PRTB) - NACIONAL;;;1;2026-09-14;2026-09-14;0;0;0
01/10/2026;06:01:26;2026;0601585-24.2026.6.00.0000;15/08/2026;#NULO#;DF;3;DF;3;15/08/2026;PD;Por dependência;350140;ESTELA ARANHA;7;Ministro;11532;RCand;REGISTRO DE CANDIDATURA;11618;Registro de Candidatura - RRC - Candidato;0;3;14/09/2026;Decisão;https://consultaunificadapje.tse.jus.br/#/public/resultado/0601585-24.2026.6.00.0000;11618 | 11641 | 11645;Cargo - Vice-Presidente da República | Eleições - Eleição Majoritária | Registro de Candidatura - RRC - Candidato;IMPUGNANTE: ERCILEY PIRES SANTANA | REQUERENTE: PARTIDO RENOVADOR TRABALHISTA BRASILEIRO (PRTB) - NACIONAL;IMPUGNADO: LEONARDO ALVES DE ARAUJO;;3;2026-09-02;2026-09-14;0;0;0
01/10/2026;06:01:26;2026;0601586-09.2026.6.00.0000;15/08/2026;#NULO#;DF;3;DF;3;15/08/2026;PD;Por dependência;350140;ESTELA ARANHA;7;Ministro;11532;RCand;REGISTRO DE CANDIDATURA;11616;Impugnação ao Registro de Candidatura;0;4;14/09/2026;Acórdão;https://consultaunificadapje.tse.jus.br/#/public/resultado/0601586-09.2026.6.00.0000;11616 | 11618 | 11634 | 11645;Cargo - Presidente da República | Eleições - Eleição Majoritária | Impugnação ao Registro de Candidatura | Registro de Candidatura - RRC - Candidato;IMPUGNANTE: ERCILEY PIRES SANTANA | IMPUGNANTE: GUILHERME DA COSTA AGUIAR CORTEZ | IMPUGNANTE: Ministério Público Eleitoral | IMPUGNANTE: PAULA NUNES DOS SANTOS | IMPUGNANTE: TABATA CLAUDIA AMARAL DE PONTES | REQUERENTE: PARTIDO RENOVADOR TRABALHISTA BRASILEIRO (PRTB) - NACIONAL;IMPUGNADO: PABLO HENRIQUE COSTA MARCAL;;3;2026-08-27;2026-09-14;0;0;0
01/10/2026;06:01:26;2026;0601590-46.2026.6.00.0000;17/08/2026;#NULO#;DF;3;DF;3;17/08/2026;S;Por sorteio;202679;NUNES MARQUES;60;Juíz Auxiliar;11541;Rp;REPRESENTAÇÃO;11651;Pesquisa Eleitoral - Registro de Pesquisa Eleitoral;0;1;17/09/2026;Decisão;https://consultaunificadapje.tse.jus.br/#/public/resultado/0601590-46.2026.6.00.0000;11634 | 11651;Cargo - Presidente da República | Pesquisa Eleitoral - Registro de Pesquisa Eleitoral;REPRESENTANTE: ELEICAO 2026 WILSON GRASSI JUNIOR PRESIDENTE | REPRESENTANTE: WILSON GRASSI JUNIOR;REPRESENTADA: CELIO RICARDO SILVA DA COSTA COMUNICACAO;;1;2026-09-17;2026-09-17;0;0;0
01/10/2026;06:01:26;2026;0601593-98.2026.6.00.0000;17/08/2026;#NULO#;DF;3;DF;3;17/08/2026;S;Por sorteio;202679;NUNES MARQUES;60;Juíz Auxiliar;11541;Rp;REPRESENTAÇÃO;11651;Pesquisa Eleitoral - Registro de Pesquisa Eleitoral;0;1;22/09/2026;Decisão;https://consultaunificadapje.tse.jus.br/#/public/resultado/0601593-98.2026.6.00.0000;11634 | 11651;Cargo - Presidente da República | Pesquisa Eleitoral - Registro de Pesquisa Eleitoral;REPRESENTANTE: ELEICAO 2026 WILSON GRASSI JUNIOR PRESIDENTE | REPRESENTANTE: WILSON GRASSI JUNIOR;REPRESENTADA: INSTITUTO DATATRENDS LTDA;;1;2026-09-22;2026-09-22;0;0;0
01/10/2026;06:01:26;2026;0601594-83.2026.6.00.0000;17/08/2026;#NULO#;DF;3;DF;3;17/08/2026;S;Por sorteio;350140;ESTELA ARANHA;59;Juíz Auxiliar;11541;Rp;REPRESENTAÇÃO;11651;Pesquisa Eleitoral - Registro de Pesquisa Eleitoral;0;1;11/09/2026;Decisão;https://consultaunificadapje.tse.jus.br/#/public/resultado/0601594-83.2026.6.00.0000;11634 | 11651;Cargo - Presidente da República | Pesquisa Eleitoral - Registro de Pesquisa Eleitoral;INTERESSADO: WILSON GRASSI JUNIOR | REPRESENTANTE: ELEICAO 2026 WILSON GRASSI JUNIOR PRESIDENTE;REPRESENTADA: REAL TIME MIDIA LTDA;;1;2026-09-11;2026-09-11;0;0;0
01/10/2026;06:01:26;2026;0601595-08.2026.6.13.0000;25/09/2026;#NULO#;MG;2;DF;3;25/09/2026;S;Por sorteio;6276;DIAS TOFFOLI;3;Ministro;11550;RO-El;RECURSO ORDINÁRIO ELEITORAL;11598;Inelegibilidade - Condenação Criminal por órgão colegiado ou Transitada em Julgado;1;1;27/09/2026;Decisão;https://consultaunificadapje.tse.jus.br/#/public/resultado/0601595-08.2026.6.13.0000;11598 | 11618 | 11630;Cargo - Deputado Estadual | Inelegibilidade - Condenação Criminal por órgão colegiado ou Transitada em Julgado | Registro de Candidatura - RRC - Candidato;AGRAVANTE: PARTIDO LIBERAL (PL) - ESTADUAL | RECORRENTE: RINALDO DANIEL DA SILVA;;REPRESENTANTE: Procuradoria Regional Eleitoral | TERCEIRO INTERESSADO: PROCURADOR REGIONAL ELEITORAL;1;2026-09-27;2026-09-27;0;0;0
01/10/2026;06:01:26;2026;0601595-68.2026.6.00.0000;17/08/2026;#NULO#;DF;3;DF;3;17/08/2026;S;Por sorteio;202679;NUNES MARQUES;60;Juíz Auxiliar;11541;Rp;REPRESENTAÇÃO;11651;Pesquisa Eleitoral - Registro de Pesquisa Eleitoral;0;1;30/09/2026;Decisão;https://consultaunificadapje.tse.jus.br/#/public/resultado/0601595-68.2026.6.00.0000;11634 | 11651;Cargo - Presidente da República | Pesquisa Eleitoral - Registro de Pesquisa Eleitoral;REPRESENTANTE: ELEICAO 2026 WILSON GRASSI JUNIOR PRESIDENTE | REPRESENTANTE: WILSON GRASSI JUNIOR;REPRESENTADA: INSTITUTO VOX BRASIL OPINIAO E PESQUISAS LTDA;;1;2026-09-30;2026-09-30;0;0;0
01/10/2026;06:01:26;2026;0601596-53.2026.6.00.0000;17/08/2026;#NULO#;DF;3;DF;3;17/08/2026;S;Por sorteio;223256;ANDRÉ MENDONÇA;72;Juiz Auxiliar;11541;Rp;REPRESENTAÇÃO;11651;Pesquisa Eleitoral - Registro de Pesquisa Eleitoral;0;2;16/09/2026;Acórdão;https://consultaunificadapje.tse.jus.br/#/public/resultado/0601596-53.2026.6.00.0000;11651;Pesquisa Eleitoral - Registro de Pesquisa Eleitoral;REPRESENTANTE: ELEICAO 2026 WILSON GRASSI JUNIOR PRESIDENTE | REPRESENTANTE: WILSON GRASSI JUNIOR;REPRESENTADA: JS PORTAIS, COMUNICACAO E PUBLICIDADE LTDA;;2;2026-08-19;2026-09-16;0;0;0
01/10/2026;06:01:26;2026;0601597-38.2026.6.00.0000;17/08/2026;#NULO#;DF;3;DF;3;17/08/2026;S;Por sorteio;202679;NUNES MARQUES;60;Juíz Auxiliar;11541;Rp;REPRESENTAÇÃO;11651;Pesquisa Eleitoral - Registro de Pesquisa Eleitoral;0;1;30/09/2026;Decisão;https://consultaunificadapje.tse.jus.br/#/public/resultado/0601597-38.2026.6.00.0000;11634 | 11651;Cargo - Presidente da República | Pesquisa Eleitoral - Registro de Pesquisa Eleitoral;REPRESENTANTE: ELEICAO 2026 WILSON GRASSI JUNIOR PRESIDENTE | REPRESENTANTE: WILSON GRASSI JUNIOR;REPRESENTADA: DMP PESQUISA E EVENTOS LTDA;;1;2026-09-30;2026-09-30;0;0;0
01/10/2026;06:01:26;2026;0601598-23.2026.6.00.0000;17/08/2026;#NULO#;DF;3;DF;3;17/08/2026;S;Por sorteio;223256;ANDRÉ MENDONÇA;72;Juiz Auxiliar;11541;Rp;REPRESENTAÇÃO;11651;Pesquisa Eleitoral - Registro de Pesquisa Eleitoral;0;2;16/09/2026;Acórdão;https://consultaunificadapje.tse.jus.br/#/public/resultado/0601598-23.2026.6.00.0000;11634 | 11651;Cargo - Presidente da República | Pesquisa Eleitoral - Registro de Pesquisa Eleitoral;REPRESENTANTE: ELEICAO 2026 WILSON GRASSI JUNIOR PRESIDENTE | REPRESENTANTE: WILSON GRASSI JUNIOR;REPRESENTADA: NEXUS PESQUISA E INTELIGENCIA DE DADOS LTDA;;2;2026-08-19;2026-09-16;0;0;0
01/10/2026;06:01:26;2026;0601599-08.2026.6.00.0000;17/08/2026;#NULO#;DF;3;DF;3;17/08/2026;S;Por sorteio;223256;ANDRÉ MENDONÇA;72;Juiz Auxiliar;11541;Rp;REPRESENTAÇÃO;11651;Pesquisa Eleitoral - Registro de Pesquisa Eleitoral;0;2;16/09/2026;Acórdão;https://consultaunificadapje.tse.jus.br/#/public/resultado/0601599-08.2026.6.00.0000;11634 | 11651;Cargo - Presidente da República | Pesquisa Eleitoral - Registro de Pesquisa Eleitoral;REPRESENTANTE: ELEICAO 2026 WILSON GRASSI JUNIOR PRESIDENTE | REPRESENTANTE: WILSON GRASSI JUNIOR;REPRESENTADA: REAL TIME MIDIA LTDA;;2;2026-08-19;2026-09-16;0;0;0
01/10/2026;06:01:26;2026;0601600-90.2026.6.00.0000;17/08/2026;#NULO#;DF;3;DF;3;17/08/2026;S;Por sorteio;223256;ANDRÉ MENDONÇA;72;Juiz Auxiliar;11541;Rp;REPRESENTAÇÃO;11651;Pesquisa Eleitoral - Registro de Pesquisa Eleitoral;0;2;16/09/2026;Acórdão;https://consultaunificadapje.tse.jus.br/#/public/resultado/0601600-90.2026.6.00.0000;11634 | 11651;Cargo - Presidente da República | Pesquisa Eleitoral - Registro de Pesquisa Eleitoral;REPRESENTANTE: ELEICAO 2026 WILSON GRASSI JUNIOR PRESIDENTE | REPRESENTANTE: WILSON GRASSI JUNIOR;REPRESENTADA: DMP PESQUISA E EVENTOS LTDA | REPRESENTADO: PERFIL PESQUISAS TECNICAS LTDA;;2;2026-08-19;2026-09-16;0;0;0
01/10/2026;06:01:26;2026;0601601-75.2026.6.00.0000;17/08/2026;#NULO#;DF;3;DF;3;17/08/2026;S;Por sorteio;202679;NUNES MARQUES;60;Juíz Auxiliar;11541;Rp;REPRESENTAÇÃO;11651;Pesquisa Eleitoral - Registro de Pesquisa Eleitoral;0;1;28/09/2026;Decisão;https://consultaunificadapje.tse.jus.br/#/public/resultado/0601601-75.2026.6.00.0000;11630 | 11631 | 11632 | 11651;Cargo - Deputado Estadual | Cargo - Deputado Federal | Cargo - Governador | Pesquisa Eleitoral - Registro de Pesquisa Eleitoral;REPRESENTANTE: GABRIEL BANDARRA JOFFILY DE SOUZA;REPRESENTADA: IVONEIDE SOUZA CAETANO | REPRESENTADA: LIDICE DA MATA E SOUZA | REPRESENTADO: JERONIMO RODRIGUES SOUZA | REPRESENTADO: JOSE RAIMUNDO FONTES | REPRESENTADO: WALDENOR ALVES PEREIRA FILHO;;1;2026-09-28;2026-09-28;0;0;0
01/10/2026;06:01:26;2026;0601603-45.2026.6.00.0000;17/08/2026;#NULO#;DF;3;DF;3;17/08/2026;S;Por sorteio;202679;NUNES MARQUES;60;Juíz Auxiliar;11541;Rp;REPRESENTAÇÃO;11651;Pesquisa Eleitoral - Registro de Pesquisa Eleitoral;0;1;26/09/2026;Decisão;https://consultaunificadapje.tse.jus.br/#/public/resultado/0601603-45.2026.6.00.0000;11634 | 11651;Cargo - Presidente da República | Pesquisa Eleitoral - Registro de Pesquisa Eleitoral;REPRESENTANTE: ELEICAO 2026 WILSON GRASSI JUNIOR PRESIDENTE | REPRESENTANTE: WILSON GRASSI JUNIOR;REPRESENTADA: ESTIMATIVA INSTITUTO DE OPINIAO PUBLICA EIRELI;;1;2026-09-26;2026-09-26;0;0;0
01/10/2026;06:01:26;2026;0601604-30.2026.6.00.0000;17/08/2026;#NULO#;DF;3;DF;3;17/08/2026;S;Por sorteio;223256;ANDRÉ MENDONÇA;72;Juiz Auxiliar;11541;Rp;REPRESENTAÇÃO;11651;Pesquisa Eleitoral - Registro de Pesquisa Eleitoral;0;2;16/09/2026;Acórdão;https://consultaunificadapje.tse.jus.br/#/public/resultado/0601604-30.2026.6.00.0000;11634 | 11651;Cargo - Presidente da República | Pesquisa Eleitoral - Registro de Pesquisa Eleitoral;REPRESENTANTE: ELEICAO 2026 WILSON GRASSI JUNIOR PRESIDENTE | REPRESENTANTE: WILSON GRASSI JUNIOR;REPRESENTADA: INSTITUTO PIAUIENSE DE OPINIAO PUBLICA LTDA - EPP;;2;2026-08-19;2026-09-16;0;0;0
01/10/2026;06:01:26;2026;0601605-15.2026.6.00.0000;17/08/2026;#NULO#;DF;3;DF;3;17/08/2026;S;Por sorteio;223256;ANDRÉ MENDONÇA;72;Juiz Auxiliar;11541;Rp;REPRESENTAÇÃO;11651;Pesquisa Eleitoral - Registro de Pesquisa Eleitoral;0;2;12/09/2026;Acórdão;https://consultaunificadapje.tse.jus.br/#/public/resultado/0601605-15.2026.6.00.0000;11634 | 11651;Cargo - Presidente da República | Pesquisa Eleitoral - Registro de Pesquisa Eleitoral;REPRESENTANTE: ELEICAO 2026 WILSON GRASSI JUNIOR PRESIDENTE | REPRESENTANTE: WILSON GRASSI JUNIOR;REPRESENTADA: ATLASINTEL TECNOLOGIA DE DADOS LTDA;;2;2026-08-19;2026-09-12;0;0;0
01/10/2026;06:01:26;2026;0601607-82.2026.6.00.0000;17/08/2026;#NULO#;DF;3;DF;3;17/08/2026;S;Por sorteio;223256;ANDRÉ MENDONÇA;72;Juiz Auxiliar;11541;Rp;REPRESENTAÇÃO;11651;Pesquisa Eleitoral - Registro de Pesquisa Eleitoral;0;2;12/09/2026;Acórdão;https://consultaunificadapje.tse.jus.br/#/public/resultado/0601607-82.2026.6.00.0000;11634 | 11651;Cargo - Presidente da República | Pesquisa Eleitoral - Registro de Pesquisa Eleitoral;REPRESENTANTE: ELEICAO 2026 WILSON GRASSI JUNIOR PRESIDENTE | REPRESENTANTE: WILSON GRASSI JUNIOR;REPRESENTADA: ECM - EDICAO, COMUNICACAO & MARKETING EIRELI;;2;2026-08-19;2026-09-12;0;0;0
01/10/2026;06:01:26;2026;0601609-52.2026.6.00.0000;17/08/2026;#NULO#;DF;3;DF;3;17/08/2026;S;Por sorteio;202679;NUNES MARQUES;60;Juíz Auxiliar;11541;Rp;REPRESENTAÇÃO;11651;Pesquisa Eleitoral - Registro de Pesquisa Eleitoral;0;1;30/09/2026;Decisão;https://consultaunificadapje.tse.jus.br/#/public/resultado/0601609-52.2026.6.00.0000;11634 | 11651;Cargo - Presidente da República | Pesquisa Eleitoral - Registro de Pesquisa Eleitoral;REPRESENTANTE: ELEICAO 2026 WILSON GRASSI JUNIOR PRESIDENTE | REPRESENTANTE: WILSON GRASSI JUNIOR;REPRESENTADA: INSTITUTO DATATRENDS LTDA;;1;2026-09-30;2026-09-30;0;0;0
01/10/2026;06:01:26;2026;0601611-22.2026.6.00.0000;17/08/2026;22/08/2026;DF;3;DF;3;17/08/2026;S;Por sorteio;223256;ANDRÉ MENDONÇA;72;Juiz Auxiliar;11541;Rp;REPRESENTAÇÃO;11655;Propaganda Política - Propaganda Eleitoral - Banner/Cartaz/Faixa;0;1;20/08/2026;Decisão;https://consultaunificadapje.tse.jus.br/#/public/resultado/0601611-22.2026.6.00.0000;11655;Propaganda Política - Propaganda Eleitoral - Banner/Cartaz/Faixa;REPRESENTANTE: PARTIDO DOS TRABALHADORES (PT) - ESTADUAL;REPRESENTADO: ROBSON JOSE PEREIRA ALFAIA;;1;2026-08-20;2026-08-20;1;0;1
01/10/2026;06:01:26;2026;0601616-44.2026.6.00.0000;18/08/2026;#NULO#;DF;3;DF;3;18/08/2026;S;Por sorteio;202679;NUNES MARQUES;60;Juíz Auxiliar;11541;Rp;REPRESENTAÇÃO;11667;Propaganda Política - Propaganda Eleitoral - Extemporânea/Antecipada;0;1;26/09/2026;Decisão;https://consultaunificadapje.tse.jus.br/#/public/resultado/0601616-44.2026.6.00.0000;11667;Propaganda Política - Propaganda Eleitoral - Extemporânea/Antecipada;REPRESENTANTE: PARTIDO LIBERAL (PL) - NACIONAL;REPRESENTADO: RENATO DE ALMEIDA FREITAS JÚNIOR;;1;2026-09-26;2026-09-26;1;0;1
01/10/2026;06:01:26;2026;0601617-29.2026.6.00.0000;18/08/2026;#NULO#;DF;3;DF;3;18/08/2026;S;Por sorteio;223256;ANDRÉ MENDONÇA;72;Juiz Auxiliar;11541;Rp;REPRESENTAÇÃO;11667;Propaganda Política - Propaganda Eleitoral - Extemporânea/Antecipada;0;1;20/08/2026;Decisão;https://consultaunificadapje.tse.jus.br/#/public/resultado/0601617-29.2026.6.00.0000;11667 | 15429 | 15524;Propaganda Política - Propaganda Eleitoral - Deep Fake | Propaganda Política - Propaganda Eleitoral - Extemporânea/Antecipada | Propaganda Política - Propaganda Eleitoral - Uso de Inteligência Artificial;REPRESENTANTE: ELEICAO 2026 FLAVIO NANTES BOLSONARO PRESIDENTE | REPRESENTANTE: FLAVIO NANTES BOLSONARO;"REPRESENTADO: RESPONSÁVEL PELO PERFIL ""@brasilsatiradopoder"" | REPRESENTADO: Responsável pelo perfil @brasilsatiradopoder no Instagram";;1;2026-08-20;2026-08-20;1;0;1
01/10/2026;06:01:26;2026;0601620-81.2026.6.00.0000;19/08/2026;#NULO#;DF;3;DF;3;19/08/2026;S;Por sorteio;202679;NUNES MARQUES;60;Juíz Auxiliar;11541;Rp;REPRESENTAÇÃO;11651;Pesquisa Eleitoral - Registro de Pesquisa Eleitoral;0;1;22/09/2026;Decisão;https://consultaunificadapje.tse.jus.br/#/public/resultado/0601620-81.2026.6.00.0000;11634 | 11651;Cargo - Presidente da República | Pesquisa Eleitoral - Registro de Pesquisa Eleitoral;REPRESENTANTE: ELEICAO 2026 WILSON GRASSI JUNIOR PRESIDENTE | REPRESENTANTE: WILSON GRASSI JUNIOR;REPRESENTADA: V. C. H. A. SERVICOS LTDA.;;1;2026-09-22;2026-09-22;0;0;0
01/10/2026;06:01:26;2026;0601623-36.2026.6.00.0000;19/08/2026;#NULO#;DF;3;DF;3;19/08/2026;S;Por sorteio;301846;RICARDO VILLAS BÔAS CUEVA;4;Ministro;120;MSCiv;MANDADO DE SEGURANÇA CÍVEL;15591;Fundo Especial de Financiamento de Campanha (FEFC);0;2;31/08/2026;Despacho;https://consultaunificadapje.tse.jus.br/#/public/resultado/0601623-36.2026.6.00.0000;11778 | 15591;Fundo Especial de Financiamento de Campanha (FEFC) | Requerimento;IMPETRANTE: INSTITUTO JOSE DO PATROCINIO | IMPETRANTE: LEONARDO JOSE DO PATROCINIO ARAGAO DOS SANTOS LAU;AUTORIDADE COATORA: ANTONIO CARLOS BOSCO MASSAROLLO | AUTORIDADE COATORA: MINISTRO NUNES MARQUES, PRESIDENTE DO TSE | AUTORIDADE COATORA: PARTIDO MOBILIZAÇÃO NACIONAL (PMN) - MUNICIPAL | AUTORIDADE: TRIBUNAL SUPERIOR ELEITORAL - TSE | LITISCONSORTE: AGIR (AGIR) - NACIONAL | LITISCONSORTE: AVANTE (AVANTE) - NACIONAL | LITISCONSORTE: CIDADANIA (CIDADANIA) - NACIONAL | LITISCONSORTE: DEMOCRACIA CRISTÃ (DC) - NACIONAL | LITISCONSORTE: MOBILIZAÇÃO NACIONAL (MOBILIZA) - NACIONAL | LITISCONSORTE: MOVIMENTO DEMOCRÁTICO BRASILEIRO (MDB) - NACIONAL | LITISCONSORTE: PARTIDO COMUNISTA BRASILEIRO (PCB) - NACIONAL | LITISCONSORTE: PARTIDO COMUNISTA DO BRASIL (PC DO B) - NACIONAL | LITISCONSORTE: PARTIDO DA CAUSA OPERÁRIA (PCO) - NACIONAL | LITISCONSORTE: PARTIDO DA SOCIAL DEMOCRACIA BRASILEIRA (PSDB) - NACIONAL | LITISCONSORTE: PARTIDO DEMOCRÁTICO TRABALHISTA (PDT) - NACIONAL | LITISCONSORTE: PARTIDO DOS TRABALHADORES (PT) - NACIONAL | LITISCONSORTE: PARTIDO LIBERAL (PL) - NACIONAL | LITISCONSORTE: PARTIDO MISSÃO (MISSÃO) - NACIONAL | LITISCONSORTE: PARTIDO NOVO (NOVO) - NACIONAL | LITISCONSORTE: PARTIDO RENOVADOR TRABALHISTA BRASILEIRO (PRTB) - NACIONAL | LITISCONSORTE: PARTIDO RENOVAÇÃO DEMOCRÁTICA (PRD) - NACIONAL | LITISCONSORTE: PARTIDO SOCIAL DEMOCRÁTICO (PSD) - NACIONAL | LITISCONSORTE: PARTIDO SOCIALISMO E LIBERDADE (PSOL) - NACIONAL | LITISCONSORTE: PARTIDO SOCIALISTA BRASILEIRO (PSB) - NACIONAL | LITISCONSORTE: PARTIDO SOCIALISTA DOS TRABALHADORES UNIFICADO (PSTU) - NACIONAL | LITISCONSORTE: PARTIDO VERDE (PV) - NACIONAL | LITISCONSORTE: PODEMOS (PODE) - NACIONAL | LITISCONSORTE: PROGRESSISTAS (PP) - NACIONAL | LITISCONSORTE: REDE SUSTENTABILIDADE (REDE) - NACIONAL | LITISCONSORTE: REPUBLICANOS (REPUBLICANOS) - NACIONAL | LITISCONSORTE: SOLIDARIEDADE (SOLIDARIEDADE) - NACIONAL | LITISCONSORTE: UNIAO BRASIL (UNIÃO) - NACIONAL | LITISCONSORTE: UNIDADE POPULAR (UP) - NACIONAL;;1;2026-08-21;2026-08-21;0;0;0
01/10/2026;06:01:26;2026;0601627-73.2026.6.00.0000;19/08/2026;#NULO#;DF;3;DF;3;19/08/2026;S;Por sorteio;223256;ANDRÉ MENDONÇA;72;Juiz Auxiliar;11541;Rp;REPRESENTAÇÃO;11667;Propaganda Política - Propaganda Eleitoral - Extemporânea/Antecipada;0;2;01/09/2026;Despacho;https://consultaunificadapje.tse.jus.br/#/public/resultado/0601627-73.2026.6.00.0000;11667;Propaganda Política - Propaganda Eleitoral - Extemporânea/Antecipada;REPRESENTANTE: ALFREDO GASPAR DE MENDONCA NETO | REPRESENTANTE: FLAVIO NANTES BOLSONARO;REPRESENTADA: COLIGAÇÃO BRASIL PRONTO PRA MAIS | REPRESENTADA: FEDERAÇÃO BRASIL DA ESPERANÇA (FE BRASIL) - NACIONAL | REPRESENTADO: PARTIDO DOS TRABALHADORES (PT) - NACIONAL;;1;2026-08-28;2026-08-28;1;0;1
01/10/2026;06:01:26;2026;0601628-58.2026.6.00.0000;20/08/2026;17/09/2026;DF;3;DF;3;20/08/2026;S;Por sorteio;202679;NUNES MARQUES;78;Ministro;1298;PA;PROCESSO ADMINISTRATIVO;11573;Requisição de Força Federal;0;1;10/09/2026;Acórdão;https://consultaunificadapje.tse.jus.br/#/public/resultado/0601628-58.2026.6.00.0000;11573;Requisição de Força Federal;INTERESSADO: TRIBUNAL REGIONAL ELEITORAL DE MATO GROSSO DO SUL;;;1;2026-09-10;2026-09-10;0;0;0
01/10/2026;06:01:26;2026;0601633-80.2026.6.00.0000;20/08/2026;#NULO#;DF;3;DF;3;21/08/2026;S;Por sorteio;202679;NUNES MARQUES;78;Ministro;241;PetCiv;PETIÇÃO CÍVEL;15591;Fundo Especial de Financiamento de Campanha (FEFC);0;2;26/09/2026;Decisão;https://consultaunificadapje.tse.jus.br/#/public/resultado/0601633-80.2026.6.00.0000;11768 | 15591;Fundo Especial de Financiamento de Campanha (FEFC) | Partido Político - Órgão de Direção Nacional;REQUERENTE: DEMOCRATA (DEMOCRATA) - NACIONAL;;;1;2026-09-26;2026-09-26;0;0;0
01/10/2026;06:01:26;2026;0601634-65.2026.6.00.0000;20/08/2026;#NULO#;DF;3;DF;3;20/08/2026;S;Por sorteio;202679;NUNES MARQUES;60;Juíz Auxiliar;11541;Rp;REPRESENTAÇÃO;11667;Propaganda Política - Propaganda Eleitoral - Extemporânea/Antecipada;0;1;26/09/2026;Decisão;https://consultaunificadapje.tse.jus.br/#/public/resultado/0601634-65.2026.6.00.0000;11667 | 15429;Propaganda Política - Propaganda Eleitoral - Extemporânea/Antecipada | Propaganda Política - Propaganda Eleitoral - Uso de Inteligência Artificial;REPRESENTANTE: FLAVIO NANTES BOLSONARO;REPRESENTADO: GETULIO DE ARAUJO;;1;2026-09-26;2026-09-26;1;0;1
01/10/2026;06:01:26;2026;0601635-50.2026.6.00.0000;21/08/2026;#NULO#;DF;3;DF;3;21/08/2026;S;Por sorteio;202679;NUNES MARQUES;60;Juíz Auxiliar;11541;Rp;REPRESENTAÇÃO;12364;Debate Eleitoral;0;1;22/08/2026;Decisão;https://consultaunificadapje.tse.jus.br/#/public/resultado/0601635-50.2026.6.00.0000;11634 | 12364;Cargo - Presidente da República | Debate Eleitoral;REPRESENTANTE: DEMOCRACIA CRISTÃ (DC) - NACIONAL;REPRESENTADA: RADIO PANAMERICANA S A | REPRESENTADO: FUND PE ANCHIETA CENTRO PAULISTA RADIO E TV EDUCATIVAS | REPRESENTADO: FUNDACAO CASPER LIBERO | REPRESENTADO: RADIO E TELEVISAO BANDEIRANTES S.A.;;1;2026-08-22;2026-08-22;0;0;0
01/10/2026;06:01:26;2026;0601636-35.2026.6.00.0000;21/08/2026;#NULO#;DF;3;DF;3;21/08/2026;S;Por sorteio;223256;ANDRÉ MENDONÇA;72;Juiz Auxiliar;11541;Rp;REPRESENTAÇÃO;12364;Debate Eleitoral;0;2;11/09/2026;Acórdão;https://consultaunificadapje.tse.jus.br/#/public/resultado/0601636-35.2026.6.00.0000;11613 | 11778 | 12364;Debate Eleitoral | Nome do Candidato - Variação Nominal | Requerimento;REPRESENTANTE: ELEICAO 2026 WILSON GRASSI JUNIOR PRESIDENTE | REPRESENTANTE: WILSON GRASSI JUNIOR;REPRESENTADA: GLOBO COMUNICACAO E PARTICIPACOES S/A;;2;2026-08-25;2026-09-11;0;0;0
01/10/2026;06:01:26;2026;0601637-20.2026.6.00.0000;21/08/2026;#NULO#;DF;3;DF;3;21/08/2026;S;Por sorteio;202679;NUNES MARQUES;60;Juíz Auxiliar;11541;Rp;REPRESENTAÇÃO;11667;Propaganda Política - Propaganda Eleitoral - Extemporânea/Antecipada;0;1;26/09/2026;Decisão;https://consultaunificadapje.tse.jus.br/#/public/resultado/0601637-20.2026.6.00.0000;11667 | 15429;Propaganda Política - Propaganda Eleitoral - Extemporânea/Antecipada | Propaganda Política - Propaganda Eleitoral - Uso de Inteligência Artificial;REPRESENTANTE: FLAVIO NANTES BOLSONARO;"REPRESENTADA: RESPONSÁVEL PELO PERFIL ""@ideiasvermelhas"" | REPRESENTADO: RESPONSÁVEL PELO PERFIL @ideiasvermelhas | REPRESENTADO: Responsável pelo perfil no instagram @ideiasvermelhas";;1;2026-09-26;2026-09-26;1;0;1
01/10/2026;06:01:26;2026;0601638-05.2026.6.00.0000;21/08/2026;#NULO#;DF;3;DF;3;21/08/2026;S;Por sorteio;202679;NUNES MARQUES;60;Juíz Auxiliar;11541;Rp;REPRESENTAÇÃO;11667;Propaganda Política - Propaganda Eleitoral - Extemporânea/Antecipada;0;1;17/09/2026;Decisão;https://consultaunificadapje.tse.jus.br/#/public/resultado/0601638-05.2026.6.00.0000;11667 | 15429 | 15524;Propaganda Política - Propaganda Eleitoral - Deep Fake | Propaganda Política - Propaganda Eleitoral - Extemporânea/Antecipada | Propaganda Política - Propaganda Eleitoral - Uso de Inteligência Artificial;REPRESENTANTE: ALFREDO GASPAR DE MENDONCA NETO | REPRESENTANTE: FLAVIO NANTES BOLSONARO;"REPRESENTADA: responsável pela conta @lucianocarvaIho no ""X"" e @Lucianocarvalhosp no ""Instagram"" | REPRESENTADO: Responsável pelo perfil @lucianocarvaIho no X | REPRESENTADO: Responsável pelo perfil @lucianocarvaIho no X e @Lucianocarvalhosp no Instagram";;1;2026-09-17;2026-09-17;1;0;1
01/10/2026;06:01:26;2026;0601639-87.2026.6.00.0000;21/08/2026;#NULO#;DF;3;DF;3;21/08/2026;S;Por sorteio;202679;NUNES MARQUES;78;Ministro;241;PetCiv;PETIÇÃO CÍVEL;12364;Debate Eleitoral;0;1;22/09/2026;Decisão;https://consultaunificadapje.tse.jus.br/#/public/resultado/0601639-87.2026.6.00.0000;11778 | 12364;Debate Eleitoral | Requerimento;REQUERENTE: RADIO E TELEVISAO BANDEIRANTES S.A.;;;1;2026-09-22;2026-09-22;0;0;0
01/10/2026;06:01:26;2026;0601640-72.2026.6.00.0000;21/08/2026;24/08/2026;DF;3;DF;3;21/08/2026;S;Por sorteio;202679;NUNES MARQUES;60;Juíz Auxiliar;11541;Rp;REPRESENTAÇÃO;12364;Debate Eleitoral;0;1;22/08/2026;Decisão;https://consultaunificadapje.tse.jus.br/#/public/resultado/0601640-72.2026.6.00.0000;11634 | 12364;Cargo - Presidente da República | Debate Eleitoral;REPRESENTANTE: SAMARA MARTINS DA SILVA | REPRESENTANTE: UNIDADE POPULAR (UP) - NACIONAL;REPRESENTADA: RADIO E TELEVISAO BANDEIRANTES S.A.;;1;2026-08-22;2026-08-22;0;0;0
01/10/2026;06:01:26;2026;0601642-42.2026.6.00.0000;21/08/2026;#NULO#;DF;3;DF;3;21/08/2026;S;Por sorteio;223256;ANDRÉ MENDONÇA;72;Juiz Auxiliar;11541;Rp;REPRESENTAÇÃO;11667;Propaganda Política - Propaganda Eleitoral - Extemporânea/Antecipada;0;5;16/09/2026;Acórdão;https://consultaunificadapje.tse.jus.br/#/public/resultado/0601642-42.2026.6.00.0000;11667 | 15429;Propaganda Política - Propaganda Eleitoral - Extemporânea/Antecipada | Propaganda Política - Propaganda Eleitoral - Uso de Inteligência Artificial;REPRESENTANTE: FLAVIO NANTES BOLSONARO;REPRESENTADO: Responsável pelo perfil @forabolsonaronacional no instagram;;2;2026-08-25;2026-09-16;1;0;1
01/10/2026;06:01:26;2026;0601644-12.2026.6.00.0000;21/08/2026;#NULO#;DF;3;DF;3;22/08/2026;S;Por sorteio;202679;NUNES MARQUES;60;Juíz Auxiliar;11541;Rp;REPRESENTAÇÃO;11651;Pesquisa Eleitoral - Registro de Pesquisa Eleitoral;0;1;22/09/2026;Decisão;https://consultaunificadapje.tse.jus.br/#/public/resultado/0601644-12.2026.6.00.0000;11634 | 11651;Cargo - Presidente da República | Pesquisa Eleitoral - Registro de Pesquisa Eleitoral;REPRESENTANTE: ELEICAO 2026 WILSON GRASSI JUNIOR PRESIDENTE | REPRESENTANTE: WILSON GRASSI JUNIOR;REPRESENTADA: JOTA JORNALISMO S/A;;1;2026-09-22;2026-09-22;0;0;0
01/10/2026;06:01:26;2026;0601645-94.2026.6.00.0000;22/08/2026;#NULO#;DF;3;DF;3;22/08/2026;S;Por sorteio;223256;ANDRÉ MENDONÇA;72;Juiz Auxiliar;11541;Rp;REPRESENTAÇÃO;12365;Enquete;0;3;16/09/2026;Acórdão;https://consultaunificadapje.tse.jus.br/#/public/resultado/0601645-94.2026.6.00.0000;11634 | 12365;Cargo - Presidente da República | Enquete;REPRESENTANTE: ELEICAO 2026 WILSON GRASSI JUNIOR PRESIDENTE | REPRESENTANTE: WILSON GRASSI JUNIOR;REPRESENTADA: EDITORA GLOBO S/A | REPRESENTADA: INFOGLOBO COMUNICACAO E PARTICIPACOES S.A.;;2;2026-08-25;2026-09-16;0;0;0
01/10/2026;06:01:26;2026;0601646-41.2026.6.05.0000;29/08/2026;14/09/2026;BA;2;DF;3;29/08/2026;S;Por sorteio;285510;ANTONIO CARLOS FERREIRA;11;Ministro;11549;REspEl;RECURSO ESPECIAL ELEITORAL;12044;Registro de Candidatura - DRAP Partido/Coligação;1;1;14/09/2026;Acórdão;https://consultaunificadapje.tse.jus.br/#/public/resultado/0601646-41.2026.6.05.0000;11630 | 12044 | 15146;Cargo - Deputado Estadual | Dissidência Partidária ou Federativa | Registro de Candidatura - DRAP Partido/Coligação;RECORRENTE: DEMOCRACIA CRISTÃ (DC) - ESTADUAL;;REPRESENTANTE: Procuradoria Regional Eleitoral BA | TERCEIRO INTERESSADO: PROCURADORIA REGIONAL ELEITORAL;1;2026-09-14;2026-09-14;0;0;0
01/10/2026;06:01:26;2026;0601646-79.2026.6.00.0000;22/08/2026;#NULO#;DF;3;DF;3;22/08/2026;S;Por sorteio;223256;ANDRÉ MENDONÇA;72;Juiz Auxiliar;11541;Rp;REPRESENTAÇÃO;15429;Propaganda Política - Propaganda Eleitoral - Uso de Inteligência Artificial;0;4;11/09/2026;Acórdão;https://consultaunificadapje.tse.jus.br/#/public/resultado/0601646-79.2026.6.00.0000;11667 | 15429;Propaganda Política - Propaganda Eleitoral - Extemporânea/Antecipada | Propaganda Política - Propaganda Eleitoral - Uso de Inteligência Artificial;REPRESENTANTE: FLAVIO NANTES BOLSONARO;"REPRESENTADA: Responsável pelo perfil ""@OIAIOI.BRASIL"" | REPRESENTADO: ALESSANDRO GONDIM COELHO | REPRESENTADO: Responsável pelo perfil @oiaioi.brasil no Instagram, no Youtube e no TikTok";;2;2026-08-28;2026-09-11;1;0;1
01/10/2026;06:01:26;2026;0601649-34.2026.6.00.0000;22/08/2026;#NULO#;DF;3;DF;3;22/08/2026;S;Por sorteio;202679;NUNES MARQUES;60;Juíz Auxiliar;12630;RepEsp;REPRESENTAÇÃO ESPECIAL;12063;Conduta Vedada ao Agente Público;0;1;22/09/2026;Decisão;https://consultaunificadapje.tse.jus.br/#/public/resultado/0601649-34.2026.6.00.0000;11634 | 11641 | 12063;Cargo - Presidente da República | Cargo - Vice-Presidente da República | Conduta Vedada ao Agente Público;REPRESENTANTE: ELEICAO 2026 RONALDO RAMOS CAIADO PRESIDENTE | REPRESENTANTE: RONALDO RAMOS CAIADO;REPRESENTADA: CAMILA DE CARLI CARDOSO DE OLIVEIRA | REPRESENTADA: CAROLINA DA ROCHA BIZARRO | REPRESENTADA: GABRIELA MEDEIROS DE ARAÚJO MENDES | REPRESENTADA: IZABELLA BONTEMPO DE FREITAS | REPRESENTADA: LUIZA CARLA NAVAES SANTOS | REPRESENTADA: MARIAH QUEIROZ COSTA SILVA | REPRESENTADA: MÁRCIA LUIZA DE ARAÚJO E SOUZA | REPRESENTADA: NINA FERNANDES DOS SANTOS | REPRESENTADO: ALAN COELHO DIAS DOS SANTOS | REPRESENTADO: FRANCISLAIDE DE OLIVEIRA SANTOS ESPINOLA | REPRESENTADO: GABRIEL DELLA GIUSTINA DE OLIVEIRA | REPRESENTADO: GERALDO JOSE RODRIGUES ALCKMIN FILHO | REPRESENTADO: JOÃO CALDEIRA BRANT MONTEIRO DE CASTRO | REPRESENTADO: LUIZ INACIO LULA DA SILVA | REPRESENTADO: PAULO VENÍCIUS BRITO DA SILVA | REPRESENTADO: PEDRO LERNER GARCIA | REPRESENTADO: SIDONIO CARDOSO PALMEIRA;;1;2026-09-22;2026-09-22;0;0;0
01/10/2026;06:01:26;2026;0601650-19.2026.6.00.0000;22/08/2026;04/09/2026;DF;3;DF;3;22/08/2026;S;Por sorteio;223256;ANDRÉ MENDONÇA;14;Ministro;241;PetCiv;PETIÇÃO CÍVEL;15591;Fundo Especial de Financiamento de Campanha (FEFC);0;2;27/08/2026;Decisão;https://consultaunificadapje.tse.jus.br/#/public/resultado/0601650-19.2026.6.00.0000;11631 | 15591;Cargo - Deputado Federal | Fundo Especial de Financiamento de Campanha (FEFC);;REQUERIDO: PARTIDO SOCIALISTA BRASILEIRO (PSB) - NACIONAL;;1;2026-08-27;2026-08-27;0;0;0
01/10/2026;06:01:26;2026;0601652-32.2026.6.02.0000;28/09/2026;#NULO#;AL;2;DF;3;28/09/2026;S;Por sorteio;202679;NUNES MARQUES;78;Ministro;1298;PA;PROCESSO ADMINISTRATIVO;11573;Requisição de Força Federal;1;1;30/09/2026;Acórdão;https://consultaunificadapje.tse.jus.br/#/public/resultado/0601652-32.2026.6.02.0000;11573;Requisição de Força Federal;REQUERENTE: COLIGAÇÃO ALAGOAS GIGANTE;;REPRESENTANTE: MINISTERIO PUBLICO DA UNIAO | TERCEIRO INTERESSADO: MINISTÉRIO PÚBLICO ELEITORAL;1;2026-09-30;2026-09-30;0;0;0
01/10/2026;06:01:26;2026;0601674-47.2026.6.00.0000;24/08/2026;#NULO#;DF;3;DF;3;24/08/2026;S;Por sorteio;223256;ANDRÉ MENDONÇA;72;Juiz Auxiliar;11541;Rp;REPRESENTAÇÃO;12637;Propaganda Política - Propaganda Eleitoral - Redes Sociais;0;6;23/09/2026;Despacho;https://consultaunificadapje.tse.jus.br/#/public/resultado/0601674-47.2026.6.00.0000;11634 | 11679 | 12635 | 12637;Cargo - Presidente da República | Propaganda Política - Propaganda Eleitoral - Divulgação de Notícia  Sabidamente Falsa | Propaganda Política - Propaganda Eleitoral - Internet | Propaganda Política - Propaganda Eleitoral - Redes Sociais;REPRESENTANTE: FLAVIO NANTES BOLSONARO;"REPRESENTADO: Responsável pelo perfil ""@fransbras1"" na plataforma ""X"" | REPRESENTADO: Responsável pelo perfil @fransbras1 no X | REPRESENTADO: Responsável pelo perfil @fransbrasil1 no X";;2;2026-08-28;2026-09-10;1;0;1
01/10/2026;06:01:26;2026;0601680-54.2026.6.00.0000;24/08/2026;#NULO#;DF;3;DF;3;24/08/2026;S;Por sorteio;223256;ANDRÉ MENDONÇA;72;Juiz Auxiliar;11541;Rp;REPRESENTAÇÃO;11651;Pesquisa Eleitoral - Registro de Pesquisa Eleitoral;0;2;16/09/2026;Acórdão;https://consultaunificadapje.tse.jus.br/#/public/resultado/0601680-54.2026.6.00.0000;11634 | 11651;Cargo - Presidente da República | Pesquisa Eleitoral - Registro de Pesquisa Eleitoral;REPRESENTANTE: ELEICAO 2026 WILSON GRASSI JUNIOR PRESIDENTE | REPRESENTANTE: WILSON GRASSI JUNIOR;REPRESENTADO: INSTITUTO DATATRENDS LTDA;;2;2026-08-25;2026-09-16;0;0;0
01/10/2026;06:01:26;2026;0601682-24.2026.6.00.0000;24/08/2026;#NULO#;DF;3;DF;3;24/08/2026;S;Por sorteio;223256;ANDRÉ MENDONÇA;72;Juiz Auxiliar;11541;Rp;REPRESENTAÇÃO;11651;Pesquisa Eleitoral - Registro de Pesquisa Eleitoral;0;2;16/09/2026;Acórdão;https://consultaunificadapje.tse.jus.br/#/public/resultado/0601682-24.2026.6.00.0000;11634 | 11651;Cargo - Presidente da República | Pesquisa Eleitoral - Registro de Pesquisa Eleitoral;REPRESENTANTE: ELEICAO 2026 WILSON GRASSI JUNIOR PRESIDENTE | REPRESENTANTE: WILSON GRASSI JUNIOR;REPRESENTADO: INSTITUTO DATATRENDS LTDA;;2;2026-08-25;2026-09-16;0;0;0
01/10/2026;06:01:26;2026;0601683-09.2026.6.00.0000;24/08/2026;#NULO#;DF;3;DF;3;24/08/2026;S;Por sorteio;202679;NUNES MARQUES;60;Juíz Auxiliar;11541;Rp;REPRESENTAÇÃO;11651;Pesquisa Eleitoral - Registro de Pesquisa Eleitoral;0;1;22/09/2026;Decisão;https://consultaunificadapje.tse.jus.br/#/public/resultado/0601683-09.2026.6.00.0000;11634 | 11651;Cargo - Presidente da República | Pesquisa Eleitoral - Registro de Pesquisa Eleitoral;REPRESENTANTE: ELEICAO 2026 WILSON GRASSI JUNIOR PRESIDENTE | REPRESENTANTE: WILSON GRASSI JUNIOR;REPRESENTADA: RANKING BRASIL INTELIGENCIA LTDA;;1;2026-09-22;2026-09-22;0;0;0
01/10/2026;06:01:26;2026;0601685-76.2026.6.00.0000;24/08/2026;#NULO#;DF;3;DF;3;24/08/2026;S;Por sorteio;202679;NUNES MARQUES;60;Juíz Auxiliar;11541;Rp;REPRESENTAÇÃO;11651;Pesquisa Eleitoral - Registro de Pesquisa Eleitoral;0;1;28/09/2026;Decisão;https://consultaunificadapje.tse.jus.br/#/public/resultado/0601685-76.2026.6.00.0000;11634 | 11651;Cargo - Presidente da República | Pesquisa Eleitoral - Registro de Pesquisa Eleitoral;REPRESENTANTE: ELEICAO 2026 WILSON GRASSI JUNIOR PRESIDENTE | REPRESENTANTE: WILSON GRASSI JUNIOR;REPRESENTADO: INSTITUTO NOVO PERFIL PESQUISAS LTDA;;1;2026-09-28;2026-09-28;0;0;0
01/10/2026;06:01:26;2026;0601686-23.2026.6.05.0000;21/08/2026;28/08/2026;BA;2;DF;3;21/08/2026;S;Por sorteio;223256;ANDRÉ MENDONÇA;72;Juiz Auxiliar;11541;Rp;REPRESENTAÇÃO;11650;Pesquisa Eleitoral - Divulgação de Pesquisa Eleitoral Sem Prévio Registro;1;1;25/08/2026;Decisão;https://consultaunificadapje.tse.jus.br/#/public/resultado/0601686-23.2026.6.05.0000;11637 | 11650;Cargo - Senador | Pesquisa Eleitoral - Divulgação de Pesquisa Eleitoral Sem Prévio Registro;REPRESENTANTE: GABRIEL BANDARRA JOFFILY DE SOUZA;REPRESENTADO: RUI COSTA DOS SANTOS;REPRESENTANTE: Procuradoria Regional Eleitoral BA | TERCEIRO INTERESSADO: PROCURADORIA REGIONAL ELEITORAL;1;2026-08-25;2026-08-25;0;0;0
01/10/2026;06:01:26;2026;0601686-61.2026.6.00.0000;24/08/2026;#NULO#;DF;3;DF;3;24/08/2026;S;Por sorteio;202679;NUNES MARQUES;60;Juíz Auxiliar;11541;Rp;REPRESENTAÇÃO;12635;Propaganda Política - Propaganda Eleitoral - Divulgação de Notícia  Sabidamente Falsa;0;1;17/09/2026;Decisão;https://consultaunificadapje.tse.jus.br/#/public/resultado/0601686-61.2026.6.00.0000;11634 | 11641 | 12635 | 12637;Cargo - Presidente da República | Cargo - Vice-Presidente da República | Propaganda Política - Propaganda Eleitoral - Divulgação de Notícia  Sabidamente Falsa | Propaganda Política - Propaganda Eleitoral - Redes Sociais;REPRESENTANTE: ALFREDO GASPAR DE MENDONCA NETO | REPRESENTANTE: FLAVIO NANTES BOLSONARO;REPRESENTADO: COLIGAÇÃO BRASIL PRONTO PRA MAIS | REPRESENTADO: FEDERAÇÃO BRASIL DA ESPERANÇA (FE BRASIL) - NACIONAL | REPRESENTADO: PARTIDO DOS TRABALHADORES (PT) - NACIONAL;;1;2026-09-17;2026-09-17;1;0;1
01/10/2026;06:01:26;2026;0601690-98.2026.6.00.0000;24/08/2026;#NULO#;DF;3;DF;3;24/08/2026;S;Por sorteio;223256;ANDRÉ MENDONÇA;72;Juiz Auxiliar;11541;Rp;REPRESENTAÇÃO;12635;Propaganda Política - Propaganda Eleitoral - Divulgação de Notícia  Sabidamente Falsa;0;2;11/09/2026;Acórdão;https://consultaunificadapje.tse.jus.br/#/public/resultado/0601690-98.2026.6.00.0000;11634 | 11641 | 12635 | 15429;Cargo - Presidente da República | Cargo - Vice-Presidente da República | Propaganda Política - Propaganda Eleitoral - Divulgação de Notícia  Sabidamente Falsa | Propaganda Política - Propaganda Eleitoral - Uso de Inteligência Artificial;REPRESENTANTE: ALFREDO GASPAR DE MENDONCA NETO | REPRESENTANTE: FLAVIO NANTES BOLSONARO;REPRESENTADA: COLIGAÇÃO BRASIL PRONTO PRA MAIS | REPRESENTADO: EDSON ANTONIO EDINHO DA SILVA | REPRESENTADO: FABIANO E SILVA LEITAO DUARTE | REPRESENTADO: FEDERAÇÃO BRASIL DA ESPERANÇA (FE BRASIL) - NACIONAL | REPRESENTADO: LUIZ LINDBERGH FARIAS FILHO | REPRESENTADO: PARTIDO DOS TRABALHADORES (PT) - ESTADUAL | REPRESENTADO: PARTIDO DOS TRABALHADORES (PT) - NACIONAL | REPRESENTADO: ROGERIO CORREIA DE MOURA BAPTISTA;;2;2026-08-28;2026-09-11;1;0;1
01/10/2026;06:01:26;2026;0601691-83.2026.6.00.0000;24/08/2026;04/09/2026;DF;3;DF;3;24/08/2026;S;Por sorteio;6276;DIAS TOFFOLI;3;Ministro;120;MSCiv;MANDADO DE SEGURANÇA CÍVEL;11778;Requerimento;0;1;26/08/2026;Decisão;https://consultaunificadapje.tse.jus.br/#/public/resultado/0601691-83.2026.6.00.0000;11778;Requerimento;IMPETRANTE / PACIENTE: Sinal Brasileiro de Comunicação LTDA;AUTORIDADE COATORA: JUIZ ALEX LAMY | AUTORIDADE COATORA: PRESIDENTE DO TRIBUNAL REGIONAL ELEITORAL DO AMAPÁ | AUTORIDADE: Juiz Membro do TRE/AP relator 0600557- 37.2026.6.03.0000 | LITISCONSORTE: RADIO TV DO AMAZONAS LTDA;;1;2026-08-26;2026-08-26;0;0;0
01/10/2026;06:01:26;2026;0601692-68.2026.6.00.0000;24/08/2026;04/09/2026;DF;3;DF;3;24/08/2026;S;Por sorteio;6276;DIAS TOFFOLI;3;Ministro;120;MSCiv;MANDADO DE SEGURANÇA CÍVEL;11778;Requerimento;0;1;26/08/2026;Decisão;https://consultaunificadapje.tse.jus.br/#/public/resultado/0601692-68.2026.6.00.0000;11778;Requerimento;IMPETRANTE / PACIENTE: Fundação Educadora São José | IMPETRANTE: FUNDACAO EDUCADORA SAO JOSE;AUTORIDADE: JUIZ ALEX LAMY | AUTORIDADE: PRESIDENTE DO TRIBUNAL REGIONAL ELEITORAL DO AMAPÁ | LITISCONSORTE: FUNDACAO CULTURAL E ASSISTENCIAL DIARIO DO AMAPA;;1;2026-08-26;2026-08-26;0;0;0
01/10/2026;06:01:26;2026;0601693-53.2026.6.00.0000;24/08/2026;#NULO#;DF;3;DF;3;24/08/2026;S;Por sorteio;202679;NUNES MARQUES;60;Juíz Auxiliar;11541;Rp;REPRESENTAÇÃO;15429;Propaganda Política - Propaganda Eleitoral - Uso de Inteligência Artificial;0;1;22/09/2026;Decisão;https://consultaunificadapje.tse.jus.br/#/public/resultado/0601693-53.2026.6.00.0000;11634 | 11641 | 11679 | 12637 | 15429;Cargo - Presidente da República | Cargo - Vice-Presidente da República | Propaganda Política - Propaganda Eleitoral - Internet | Propaganda Política - Propaganda Eleitoral - Redes Sociais | Propaganda Política - Propaganda Eleitoral - Uso de Inteligência Artificial;REPRESENTANTE: COLIGAÇÃO BRASIL PRONTO PRA MAIS;REPRESENTADO: LUIS EDUARDO GRANGEIRO GIRAO | REPRESENTADO: ROMEU ZEMA NETO;;1;2026-09-22;2026-09-22;1;0;1
01/10/2026;06:01:26;2026;0601699-97.2026.6.13.0000;14/09/2026;#NULO#;MG;2;DF;3;14/09/2026;S;Por sorteio;223256;ANDRÉ MENDONÇA;14;Ministro;11550;RO-El;RECURSO ORDINÁRIO ELEITORAL;11616;Impugnação ao Registro de Candidatura;1;1;21/09/2026;Decisão;https://consultaunificadapje.tse.jus.br/#/public/resultado/0601699-97.2026.6.13.0000;11616 | 11631 | 12396;Cargo - Deputado Federal | Impugnação ao Registro de Candidatura | Inelegibilidade - Demissão do serviço público;RECORRENTE: COLIGAÇÃO CUIDAR DE MINAS;RECORRIDA: COLIGAÇÃO FEDERAÇÃO UNIÃO PROGRESSISTA | RECORRIDO: JOAO BATISTA DA SILVA;REPRESENTANTE: Procuradoria Regional Eleitoral | TERCEIRO INTERESSADO: PROCURADOR REGIONAL ELEITORAL;1;2026-09-21;2026-09-21;0;0;0
01/10/2026;06:01:26;2026;0601700-45.2026.6.00.0000;25/08/2026;23/09/2026;DF;3;DF;3;25/08/2026;S;Por sorteio;285510;ANTONIO CARLOS FERREIRA;11;Ministro;241;PetCiv;PETIÇÃO CÍVEL;11778;Requerimento;0;2;15/09/2026;Decisão;https://consultaunificadapje.tse.jus.br/#/public/resultado/0601700-45.2026.6.00.0000;11766 | 11778;Partido Político - Órgão de Direção Estadual | Requerimento;REQUERENTE: JOAO BALTAR FREIRE | REQUERENTE: RUBENS RODRIGUES DA SILVA JUNIOR;REQUERIDA: FEDERAÇÃO PSDB CIDADANIA - NACIONAL;;2;2026-08-26;2026-09-15;0;0;0
01/10/2026;06:01:26;2026;0601715-14.2026.6.00.0000;25/08/2026;09/09/2026;DF;3;DF;3;25/08/2026;S;Por sorteio;202679;NUNES MARQUES;78;Ministro;241;PetCiv;PETIÇÃO CÍVEL;12362;Autorização de Divulgação de Publicidade Institucional;0;1;04/09/2026;Decisão;https://consultaunificadapje.tse.jus.br/#/public/resultado/0601715-14.2026.6.00.0000;12362;Autorização de Divulgação de Publicidade Institucional;REQUERENTE: SECRETARIA DE COMUNICAÇÃO SOCIAL DA PRESIDÊNCIA DA REPÚBLICA;;;1;2026-09-04;2026-09-04;0;0;0
01/10/2026;06:01:26;2026;0601725-58.2026.6.00.0000;25/08/2026;#NULO#;DF;3;DF;3;25/08/2026;S;Por sorteio;202679;NUNES MARQUES;60;Juíz Auxiliar;11541;Rp;REPRESENTAÇÃO;11667;Propaganda Política - Propaganda Eleitoral - Extemporânea/Antecipada;0;1;30/09/2026;Decisão;https://consultaunificadapje.tse.jus.br/#/public/resultado/0601725-58.2026.6.00.0000;11667 | 11679 | 12637 | 15429 | 15524;Propaganda Política - Propaganda Eleitoral - Deep Fake | Propaganda Política - Propaganda Eleitoral - Extemporânea/Antecipada | Propaganda Política - Propaganda Eleitoral - Internet | Propaganda Política - Propaganda Eleitoral - Redes Sociais | Propaganda Política - Propaganda Eleitoral - Uso de Inteligência Artificial;REPRESENTANTE: FLAVIO NANTES BOLSONARO;"REPRESENTADA: ATR - ALTO TIETÊ & REGIÃO | REPRESENTADA: MARIA DA CONCEICAO CARNEIRO OLIVEIRA | REPRESENTADO: Responsável pelo perfil ""@AltoTieteRegiao"" na plataforma YouTube | REPRESENTADO: Responsável pelo perfil ""@altotieteregiao"" na plataforma Instagram | REPRESENTADO: Responsável pelo sítio eletrônico https://altotieteregiao.com.br";;1;2026-09-30;2026-09-30;1;0;1
01/10/2026;06:01:26;2026;0601728-13.2026.6.00.0000;26/08/2026;25/09/2026;DF;3;DF;3;26/08/2026;S;Por sorteio;285510;ANTONIO CARLOS FERREIRA;11;Ministro;272;RpCrNotCrim;REPRESENTAÇÃO CRIMINAL/NOTÍCIA DE CRIME;11490;Impedimento do Exercício da Propaganda;0;1;07/09/2026;Decisão;https://consultaunificadapje.tse.jus.br/#/public/resultado/0601728-13.2026.6.00.0000;11489 | 11490 | 11778;Impedimento do Exercício da Propaganda | Inutilização, Alteração ou Perturbação de Propaganda | Requerimento;REPRESENTANTE: PARTIDO NOVO (NOVO) - NACIONAL;REPRESENTADO: LUIZ INÁCIO LULA DA SILVA | REPRESENTADO: ROLFF KEVEN SANTOS FERREIRA;;1;2026-09-07;2026-09-07;0;0;0
01/10/2026;06:01:26;2026;0601733-35.2026.6.00.0000;26/08/2026;#NULO#;DF;3;DF;3;26/08/2026;S;Por sorteio;223256;ANDRÉ MENDONÇA;72;Juiz Auxiliar;241;PetCiv;PETIÇÃO CÍVEL;12637;Propaganda Política - Propaganda Eleitoral - Redes Sociais;0;3;16/09/2026;Despacho;https://consultaunificadapje.tse.jus.br/#/public/resultado/0601733-35.2026.6.00.0000;12637;Propaganda Política - Propaganda Eleitoral - Redes Sociais;REQUERENTE: COLIGAÇÃO BRASIL PRONTO PRA MAIS;REQUERIDO: X BRASIL INTERNET LTDA.;;1;2026-08-27;2026-08-27;1;0;1
01/10/2026;06:01:26;2026;0601735-05.2026.6.00.0000;26/08/2026;#NULO#;DF;3;DF;3;27/08/2026;S;Por sorteio;223256;ANDRÉ MENDONÇA;72;Juiz Auxiliar;11541;Rp;REPRESENTAÇÃO;11651;Pesquisa Eleitoral - Registro de Pesquisa Eleitoral;0;2;11/09/2026;Acórdão;https://consultaunificadapje.tse.jus.br/#/public/resultado/0601735-05.2026.6.00.0000;11634 | 11651;Cargo - Presidente da República | Pesquisa Eleitoral - Registro de Pesquisa Eleitoral;REPRESENTANTE: ELEICAO 2026 WILSON GRASSI JUNIOR PRESIDENTE | REPRESENTANTE: WILSON GRASSI JUNIOR;REPRESENTADA: MENSURY PESQUISAS LTDA;;2;2026-08-28;2026-09-11;0;0;0
01/10/2026;06:01:26;2026;0601737-72.2026.6.00.0000;27/08/2026;#NULO#;DF;3;DF;3;27/08/2026;S;Por sorteio;223256;ANDRÉ MENDONÇA;72;Juiz Auxiliar;11541;Rp;REPRESENTAÇÃO;11651;Pesquisa Eleitoral - Registro de Pesquisa Eleitoral;0;2;16/09/2026;Acórdão;https://consultaunificadapje.tse.jus.br/#/public/resultado/0601737-72.2026.6.00.0000;11634 | 11651;Cargo - Presidente da República | Pesquisa Eleitoral - Registro de Pesquisa Eleitoral;REPRESENTANTE: ELEICAO 2026 WILSON GRASSI JUNIOR PRESIDENTE | REPRESENTANTE: WILSON GRASSI JUNIOR;REPRESENTADA: INSTITUTO DATATRENDS LTDA;;2;2026-08-28;2026-09-16;0;0;0
01/10/2026;06:01:26;2026;0601738-57.2026.6.00.0000;27/08/2026;#NULO#;DF;3;DF;3;27/08/2026;S;Por sorteio;223256;ANDRÉ MENDONÇA;72;Juiz Auxiliar;11541;Rp;REPRESENTAÇÃO;11651;Pesquisa Eleitoral - Registro de Pesquisa Eleitoral;0;2;11/09/2026;Acórdão;https://consultaunificadapje.tse.jus.br/#/public/resultado/0601738-57.2026.6.00.0000;11634 | 11651;Cargo - Presidente da República | Pesquisa Eleitoral - Registro de Pesquisa Eleitoral;REPRESENTANTE: ELEICAO 2026 WILSON GRASSI JUNIOR PRESIDENTE | REPRESENTANTE: WILSON GRASSI JUNIOR;REPRESENTADA: ERIVALDO TRINDADE DE ARAUJO;;2;2026-08-28;2026-09-11;0;0;0
01/10/2026;06:01:26;2026;0601740-27.2026.6.00.0000;27/08/2026;#NULO#;DF;3;DF;3;27/08/2026;S;Por sorteio;202679;NUNES MARQUES;60;Juíz Auxiliar;12630;RepEsp;REPRESENTAÇÃO ESPECIAL;12063;Conduta Vedada ao Agente Público;0;1;26/09/2026;Decisão;https://consultaunificadapje.tse.jus.br/#/public/resultado/0601740-27.2026.6.00.0000;11634 | 12063;Cargo - Presidente da República | Conduta Vedada ao Agente Público;REPRESENTANTE: FLAVIO NANTES BOLSONARO;REPRESENTADO: LUIZ INACIO LULA DA SILVA;;1;2026-09-26;2026-09-26;0;0;0
01/10/2026;06:01:26;2026;0601742-94.2026.6.00.0000;27/08/2026;#NULO#;DF;3;DF;3;29/09/2026;S;Por sorteio;349772;SEBASTIÃO REIS JUNIOR;11;Ministro;12375;Rcl;RECLAMAÇÃO;12044;Registro de Candidatura - DRAP Partido/Coligação;0;2;30/09/2026;Acórdão;https://consultaunificadapje.tse.jus.br/#/public/resultado/0601742-94.2026.6.00.0000;11632 | 11645 | 12044 | 15586;Anulação de Convenção Partidária | Cargo - Governador | Eleições - Eleição Majoritária | Registro de Candidatura - DRAP Partido/Coligação;RECLAMANTE: COLIGAÇÃO FRENTE POPULAR DE PERNAMBUCO;RECLAMADA: Tribunal Regional Eleitoral de Pernambuco | RECLAMADO: TRIBUNAL REGIONAL ELEITORAL DE PERNAMBUCO;;2;2026-08-29;2026-09-30;0;0;0
01/10/2026;06:01:26;2026;0601744-64.2026.6.00.0000;27/08/2026;08/09/2026;DF;3;DF;3;28/08/2026;S;Por sorteio;223256;ANDRÉ MENDONÇA;14;Ministro;12134;TutCautAnt;TUTELA CAUTELAR ANTECEDENTE;15591;Fundo Especial de Financiamento de Campanha (FEFC);0;1;28/08/2026;Decisão;https://consultaunificadapje.tse.jus.br/#/public/resultado/0601744-64.2026.6.00.0000;11631 | 15591;Cargo - Deputado Federal | Fundo Especial de Financiamento de Campanha (FEFC);;REQUERIDO: PARTIDO SOCIALISTA BRASILEIRO (PSB) - NACIONAL;;1;2026-08-28;2026-08-28;0;0;0
01/10/2026;06:01:26;2026;0601745-49.2026.6.00.0000;28/08/2026;#NULO#;DF;3;DF;3;28/08/2026;S;Por sorteio;233218;FLORIANO DE AZEVEDO MARQUES;13;Ministro;12375;Rcl;RECLAMAÇÃO;11618;Registro de Candidatura - RRC - Candidato;0;3;30/09/2026;Despacho;https://consultaunificadapje.tse.jus.br/#/public/resultado/0601745-49.2026.6.00.0000;11591 | 11618 | 11632 | 11645;Cargo - Governador | Condição de Elegibilidade - Pleno Exercício dos Direitos Políticos | Eleições - Eleição Majoritária | Registro de Candidatura - RRC - Candidato;INTERESSADO: COLIGAÇÃO JUNTOS PARA MUDAR CORAGEM PARA RECONSTRUIR | RECLAMANTE: ANTHONY WILLIAM GAROTINHO MATHEUS DE OLIVEIRA;RECLAMADO: TRIBUNAL REGIONAL ELEITORAL DO RIO DE JANEIRO;;2;2026-08-28;2026-09-26;0;0;0
01/10/2026;06:01:26;2026;0601746-34.2026.6.00.0000;28/08/2026;14/09/2026;DF;3;DF;3;28/08/2026;PD;Por dependência;223256;ANDRÉ MENDONÇA;14;Ministro;241;PetCiv;PETIÇÃO CÍVEL;15591;Fundo Especial de Financiamento de Campanha (FEFC);0;2;04/09/2026;Decisão;https://consultaunificadapje.tse.jus.br/#/public/resultado/0601746-34.2026.6.00.0000;11631 | 15591;Cargo - Deputado Federal | Fundo Especial de Financiamento de Campanha (FEFC);REQUERENTE: GLEUCE CLARENA FERREIRA COSTA;REQUERIDO: PARTIDO SOCIALISTA BRASILEIRO (PSB) - NACIONAL;;2;2026-08-28;2026-09-04;0;0;0
01/10/2026;06:01:26;2026;0601749-86.2026.6.00.0000;28/08/2026;#NULO#;DF;3;DF;3;28/08/2026;S;Por sorteio;223256;ANDRÉ MENDONÇA;72;Juiz Auxiliar;11541;Rp;REPRESENTAÇÃO;11680;Propaganda Política - Propaganda Eleitoral - Omissão de Informações Obrigatórias;0;2;16/09/2026;Acórdão;https://consultaunificadapje.tse.jus.br/#/public/resultado/0601749-86.2026.6.00.0000;11634 | 11641 | 11671 | 11680;Cargo - Presidente da República | Cargo - Vice-Presidente da República | Propaganda Política - Propaganda Eleitoral - Horário Eleitoral Gratuito/Inserções de Propaganda | Propaganda Política - Propaganda Eleitoral - Omissão de Informações Obrigatórias;REPRESENTANTE: FLAVIO NANTES BOLSONARO;REPRESENTADA: COLIGAÇÃO BRASIL PRONTO PRA MAIS | REPRESENTADO: GERALDO JOSE RODRIGUES ALCKMIN FILHO | REPRESENTADO: LUIZ INACIO LULA DA SILVA;;2;2026-09-01;2026-09-16;1;0;1
01/10/2026;06:01:26;2026;0601751-56.2026.6.00.0000;28/08/2026;15/09/2026;DF;3;DF;3;28/08/2026;S;Por sorteio;202679;NUNES MARQUES;78;Ministro;1298;PA;PROCESSO ADMINISTRATIVO;11563;Afastamento de Magistrado;0;1;10/09/2026;Acórdão;https://consultaunificadapje.tse.jus.br/#/public/resultado/0601751-56.2026.6.00.0000;11563;Afastamento de Magistrado;INTERESSADA: GILDA MARIA CARNEIRO SIGMARINGA SEIXAS | INTERESSADO: TRIBUNAL REGIONAL ELEITORAL DO DISTRITO FEDERAL;;;1;2026-09-10;2026-09-10;0;0;0
01/10/2026;06:01:26;2026;0601752-41.2026.6.00.0000;28/08/2026;#NULO#;DF;3;DF;3;28/08/2026;S;Por sorteio;202679;NUNES MARQUES;60;Juíz Auxiliar;12625;DR;DIREITO DE RESPOSTA;11593;Direito de Resposta;0;1;26/09/2026;Decisão;https://consultaunificadapje.tse.jus.br/#/public/resultado/0601752-41.2026.6.00.0000;11593 | 11634;Cargo - Presidente da República | Direito de Resposta;REQUERENTE: PARTIDO LIBERAL (PL) - NACIONAL;REQUERENTE: LUIZ INACIO LULA DA SILVA | REQUERIDO: GLOBO COMUNICACAO E PARTICIPACOES S/A;;1;2026-09-26;2026-09-26;0;1;1
01/10/2026;06:01:26;2026;0601753-26.2026.6.00.0000;28/08/2026;#NULO#;DF;3;DF;3;28/08/2026;S;Por sorteio;223256;ANDRÉ MENDONÇA;72;Juiz Auxiliar;11541;Rp;REPRESENTAÇÃO;15429;Propaganda Política - Propaganda Eleitoral - Uso de Inteligência Artificial;0;2;19/09/2026;Acórdão;https://consultaunificadapje.tse.jus.br/#/public/resultado/0601753-26.2026.6.00.0000;11631 | 11634 | 12637 | 15429;Cargo - Deputado Federal | Cargo - Presidente da República | Propaganda Política - Propaganda Eleitoral - Redes Sociais | Propaganda Política - Propaganda Eleitoral - Uso de Inteligência Artificial;REPRESENTANTE: FLAVIO NANTES BOLSONARO;REPRESENTADO: LUIZ LINDBERGH FARIAS FILHO;;2;2026-09-01;2026-09-19;1;0;1
01/10/2026;06:01:26;2026;0601755-93.2026.6.00.0000;29/08/2026;#NULO#;DF;3;DF;3;29/08/2026;S;Por sorteio;350140;ESTELA ARANHA;59;Juíz Auxiliar;12625;DR;DIREITO DE RESPOSTA;11593;Direito de Resposta;0;2;11/09/2026;Acórdão;https://consultaunificadapje.tse.jus.br/#/public/resultado/0601755-93.2026.6.00.0000;11593 | 11634;Cargo - Presidente da República | Direito de Resposta;REQUERENTE: FLAVIO NANTES BOLSONARO;REQUERIDA: COLIGAÇÃO BRASIL PRONTO PRA MAIS | REQUERIDO: LUIZ INACIO LULA DA SILVA;;2;2026-08-30;2026-09-11;0;1;1
01/10/2026;06:01:26;2026;0601756-78.2026.6.00.0000;29/08/2026;#NULO#;DF;3;DF;3;29/08/2026;S;Por sorteio;223256;ANDRÉ MENDONÇA;72;Juiz Auxiliar;11541;Rp;REPRESENTAÇÃO;15429;Propaganda Política - Propaganda Eleitoral - Uso de Inteligência Artificial;0;1;09/09/2026;Decisão;https://consultaunificadapje.tse.jus.br/#/public/resultado/0601756-78.2026.6.00.0000;11634 | 11679 | 12637 | 15429;Cargo - Presidente da República | Propaganda Política - Propaganda Eleitoral - Internet | Propaganda Política - Propaganda Eleitoral - Redes Sociais | Propaganda Política - Propaganda Eleitoral - Uso de Inteligência Artificial;REPRESENTANTE: AUGUSTO JORGE CURY | SOCIEDADE: MARCELO ROSENTHAL ADVOGADOS ASSOCIADOS;REPRESENTADO: RODRIGO BRAGA CORTES FIALHO DOS REIS | REPRESENTADO: Rodrigo Braga Côrtes Reis;;1;2026-09-09;2026-09-09;1;0;1
01/10/2026;06:01:26;2026;0601757-63.2026.6.00.0000;29/08/2026;#NULO#;DF;3;DF;3;29/08/2026;S;Por sorteio;285510;ANTONIO CARLOS FERREIRA;42;Ministro;11527;AIJE;AÇÃO DE INVESTIGAÇÃO JUDICIAL ELEITORAL;11718;Abuso - De Poder Econômico;0;1;07/09/2026;Decisão;https://consultaunificadapje.tse.jus.br/#/public/resultado/0601757-63.2026.6.00.0000;11634 | 11641 | 11718;Abuso - De Poder Econômico | Cargo - Presidente da República | Cargo - Vice-Presidente da República;REPRESENTANTE: COLIGAÇÃO BRASIL PRONTO PRA MAIS;REPRESENTADO: ALFREDO GASPAR DE MENDONCA NETO | REPRESENTADO: FLAVIO NANTES BOLSONARO;;1;2026-09-07;2026-09-07;0;0;0
01/10/2026;06:01:26;2026;0601760-18.2026.6.00.0000;29/08/2026;#NULO#;DF;3;DF;3;29/08/2026;S;Por sorteio;350140;ESTELA ARANHA;7;Ministro;11532;RCand;REGISTRO DE CANDIDATURA;12044;Registro de Candidatura - DRAP Partido/Coligação;0;2;14/09/2026;Acórdão;https://consultaunificadapje.tse.jus.br/#/public/resultado/0601760-18.2026.6.00.0000;11634 | 11645 | 11750 | 12044;Cargo - Presidente da República | Coligação Partidária - Majoritária | Eleições - Eleição Majoritária | Registro de Candidatura - DRAP Partido/Coligação;REQUERENTE: COLIGAÇÃO BRASIL DOS NOSSOS SONHOS;;;1;2026-09-14;2026-09-14;0;0;0
01/10/2026;06:01:26;2026;0601763-70.2026.6.00.0000;29/08/2026;#NULO#;DF;3;DF;3;30/08/2026;S;Por sorteio;350140;ESTELA ARANHA;59;Juíz Auxiliar;11541;Rp;REPRESENTAÇÃO;11671;Propaganda Política - Propaganda Eleitoral - Horário Eleitoral Gratuito/Inserções de Propaganda;0;2;14/09/2026;Acórdão;https://consultaunificadapje.tse.jus.br/#/public/resultado/0601763-70.2026.6.00.0000;11634 | 11641 | 11671 | 11673 | 11675;Cargo - Presidente da República | Cargo - Vice-Presidente da República | Propaganda Política - Propaganda Eleitoral - Horário Eleitoral Gratuito/Inserções de Propaganda | Propaganda Política - Propaganda Eleitoral - Rádio | Propaganda Política - Propaganda Eleitoral - Televisão;REPRESENTANTE: FLAVIO NANTES BOLSONARO;REPRESENTADA: COLIGAÇÃO BRASIL PRONTO PRA MAIS | REPRESENTADO: GERALDO JOSE RODRIGUES ALCKMIN FILHO | REPRESENTADO: LUIZ INACIO LULA DA SILVA;;2;2026-09-02;2026-09-14;1;0;1
01/10/2026;06:01:26;2026;0601765-40.2026.6.00.0000;29/08/2026;#NULO#;DF;3;DF;3;29/08/2026;S;Por sorteio;350140;ESTELA ARANHA;59;Juíz Auxiliar;11541;Rp;REPRESENTAÇÃO;11634;Cargo - Presidente da República;0;1;11/09/2026;Decisão;https://consultaunificadapje.tse.jus.br/#/public/resultado/0601765-40.2026.6.00.0000;11634 | 11641 | 11671 | 12638;Cargo - Presidente da República | Cargo - Vice-Presidente da República | Propaganda Política - Propaganda Eleitoral - Horário Eleitoral Gratuito/Inserções de Propaganda | Propaganda Política - Propaganda Eleitoral - Impulsionamento;REPRESENTANTE: FLAVIO NANTES BOLSONARO;REPRESENTADA: COLIGAÇÃO BRASIL PRONTO PRA MAIS | REPRESENTADO: GERALDO JOSE RODRIGUES ALCKMIN FILHO | REPRESENTADO: LUIZ INACIO LULA DA SILVA;;1;2026-09-11;2026-09-11;1;0;1
01/10/2026;06:01:26;2026;0601766-25.2026.6.00.0000;30/08/2026;#NULO#;DF;3;DF;3;30/08/2026;S;Por sorteio;350140;ESTELA ARANHA;59;Juíz Auxiliar;12625;DR;DIREITO DE RESPOSTA;11634;Cargo - Presidente da República;0;2;11/09/2026;Acórdão;https://consultaunificadapje.tse.jus.br/#/public/resultado/0601766-25.2026.6.00.0000;11593 | 11634;Cargo - Presidente da República | Direito de Resposta;REQUERENTE: FLAVIO NANTES BOLSONARO;INTERESSADO: GERALDO JOSE RODRIGUES ALCKMIN FILHO | REQUERIDA: COLIGAÇÃO BRASIL PRONTO PRA MAIS | REQUERIDO: LUIZ INACIO LULA DA SILVA;;2;2026-09-02;2026-09-11;0;1;1
01/10/2026;06:01:26;2026;0601767-10.2026.6.00.0000;30/08/2026;#NULO#;DF;3;DF;3;30/08/2026;S;Por sorteio;202679;NUNES MARQUES;60;Juíz Auxiliar;12625;DR;DIREITO DE RESPOSTA;11593;Direito de Resposta;0;1;01/09/2026;Decisão;https://consultaunificadapje.tse.jus.br/#/public/resultado/0601767-10.2026.6.00.0000;11593 | 11634;Cargo - Presidente da República | Direito de Resposta;REQUERENTE: FLAVIO NANTES BOLSONARO;REQUERIDA: COLIGAÇÃO BRASIL PRONTO PRA MAIS | REQUERIDO: LUIZ INACIO LULA DA SILVA;;1;2026-09-01;2026-09-01;0;1;1
01/10/2026;06:01:26;2026;0601768-92.2026.6.00.0000;30/08/2026;#NULO#;DF;3;DF;3;30/08/2026;S;Por sorteio;202679;NUNES MARQUES;60;Juíz Auxiliar;12625;DR;DIREITO DE RESPOSTA;11593;Direito de Resposta;0;1;01/09/2026;Decisão;https://consultaunificadapje.tse.jus.br/#/public/resultado/0601768-92.2026.6.00.0000;11593 | 11634;Cargo - Presidente da República | Direito de Resposta;REQUERENTE: FLAVIO NANTES BOLSONARO;REQUERIDA: COLIGAÇÃO BRASIL PRONTO PRA MAIS | REQUERIDO: LUIZ INACIO LULA DA SILVA;;1;2026-09-01;2026-09-01;0;1;1
01/10/2026;06:01:26;2026;0601769-77.2026.6.00.0000;30/08/2026;#NULO#;DF;3;DF;3;30/08/2026;S;Por sorteio;202679;NUNES MARQUES;60;Juíz Auxiliar;11541;Rp;REPRESENTAÇÃO;15524;Propaganda Política - Propaganda Eleitoral - Deep Fake;0;1;22/09/2026;Decisão;https://consultaunificadapje.tse.jus.br/#/public/resultado/0601769-77.2026.6.00.0000;11634 | 11679 | 12637 | 15429 | 15524;Cargo - Presidente da República | Propaganda Política - Propaganda Eleitoral - Deep Fake | Propaganda Política - Propaganda Eleitoral - Internet | Propaganda Política - Propaganda Eleitoral - Redes Sociais | Propaganda Política - Propaganda Eleitoral - Uso de Inteligência Artificial;REPRESENTANTE: FLAVIO NANTES BOLSONARO;REPRESENTADO: Responsável pelo perfil @piadadigital | REPRESENTADO: Responsável pelo perfil @piadadigital no Instagram;;1;2026-09-22;2026-09-22;1;0;1
01/10/2026;06:01:26;2026;0601770-62.2026.6.00.0000;30/08/2026;#NULO#;DF;3;DF;3;30/08/2026;S;Por sorteio;301846;RICARDO VILLAS BÔAS CUEVA;4;Ministro;12135;TutAntAnt;TUTELA ANTECIPADA ANTECEDENTE;11651;Pesquisa Eleitoral - Registro de Pesquisa Eleitoral;0;1;01/09/2026;Decisão;https://consultaunificadapje.tse.jus.br/#/public/resultado/0601770-62.2026.6.00.0000;11651 | 60022;Pesquisa Eleitoral - Registro de Pesquisa Eleitoral | Representação;REQUERENTE: PARTIDO SOCIAL DEMOCRATICO (PSD) - ESTADUAL;REQUERIDA: MAPA MARKETING E PARTICIPACOES LTDA | REQUERIDA: RADIO CANOINHAS LTDA | SOCIEDADE: FARAH, GOMES E ADVOGADOS - SOCIEDADE SIMPLES (S/S);;1;2026-09-01;2026-09-01;0;0;0
01/10/2026;06:01:26;2026;0601771-47.2026.6.00.0000;30/08/2026;#NULO#;DF;3;DF;3;30/08/2026;S;Por sorteio;223256;ANDRÉ MENDONÇA;72;Juiz Auxiliar;11541;Rp;REPRESENTAÇÃO;11683;Propaganda Política - Propaganda Eleitoral - Truncagem, Montagem, Utilização de Gravação Externa, Computação Gráfica, Desenho Animado ou Efeito Especial;0;1;03/09/2026;Decisão;https://consultaunificadapje.tse.jus.br/#/public/resultado/0601771-47.2026.6.00.0000;11630 | 11634 | 11675 | 11679 | 11683;Cargo - Deputado Estadual | Cargo - Presidente da República | Propaganda Política - Propaganda Eleitoral - Internet | Propaganda Política - Propaganda Eleitoral - Televisão | Propaganda Política - Propaganda Eleitoral - Truncagem, Montagem, Utilização de Gravação Externa, Computação Gráfica, Desenho Animado ou Efeito Especial;REPRESENTANTE: BRUNO ABREU GOMES | REPRESENTANTE: ELEICAO 2026 BRUNO ABREU GOMES DEPUTADO ESTADUAL;REPRESENTADO: ELEICAO 2026 RONALDO RAMOS CAIADO PRESIDENTE | REPRESENTADO: PARTIDO SOCIAL DEMOCRÁTICO (PSD) - NACIONAL | REPRESENTADO: RONALDO RAMOS CAIADO;;1;2026-09-03;2026-09-03;1;0;1
01/10/2026;06:01:26;2026;0601772-32.2026.6.00.0000;30/08/2026;12/09/2026;DF;3;DF;3;30/08/2026;S;Por sorteio;223256;ANDRÉ MENDONÇA;72;Juiz Auxiliar;12625;DR;DIREITO DE RESPOSTA;11593;Direito de Resposta;0;1;10/09/2026;Decisão;https://consultaunificadapje.tse.jus.br/#/public/resultado/0601772-32.2026.6.00.0000;11593 | 11634;Cargo - Presidente da República | Direito de Resposta;REQUERENTE: BRUNO ABREU GOMES | REQUERENTE: ELEICAO 2026 BRUNO ABREU GOMES DEPUTADO ESTADUAL;REQUERIDO: ELEICAO 2026 RONALDO RAMOS CAIADO PRESIDENTE | REQUERIDO: PARTIDO SOCIAL DEMOCRÁTICO (PSD) - NACIONAL | REQUERIDO: RONALDO RAMOS CAIADO;;1;2026-09-10;2026-09-10;0;1;1
01/10/2026;06:01:26;2026;0601773-17.2026.6.00.0000;30/08/2026;#NULO#;DF;3;DF;3;30/08/2026;S;Por sorteio;202679;NUNES MARQUES;60;Juíz Auxiliar;12625;DR;DIREITO DE RESPOSTA;11593;Direito de Resposta;0;1;26/09/2026;Decisão;https://consultaunificadapje.tse.jus.br/#/public/resultado/0601773-17.2026.6.00.0000;11593 | 11634;Cargo - Presidente da República | Direito de Resposta;REQUERENTE: COLIGAÇÃO BRASIL PRONTO PRA MAIS;REQUERIDA: GLOBO COMUNICACAO E PARTICIPACOES S/A | REQUERIDO: FLAVIO NANTES BOLSONARO;;1;2026-09-26;2026-09-26;0;1;1
01/10/2026;06:01:26;2026;0601775-84.2026.6.00.0000;30/08/2026;#NULO#;DF;3;DF;3;30/08/2026;S;Por sorteio;223256;ANDRÉ MENDONÇA;72;Juiz Auxiliar;11541;Rp;REPRESENTAÇÃO;11667;Propaganda Política - Propaganda Eleitoral - Extemporânea/Antecipada;0;4;29/09/2026;Despacho;https://consultaunificadapje.tse.jus.br/#/public/resultado/0601775-84.2026.6.00.0000;11667 | 15429;Propaganda Política - Propaganda Eleitoral - Extemporânea/Antecipada | Propaganda Política - Propaganda Eleitoral - Uso de Inteligência Artificial;REPRESENTANTE: FLAVIO NANTES BOLSONARO;REPRESENTADO: Responsável pelo perfil @brasilsatiradopoder | REPRESENTADO: Responsável pelo perfil @brasilsatiradopoder no Instagram;;1;2026-09-03;2026-09-03;1;0;1
01/10/2026;06:01:26;2026;0601776-69.2026.6.00.0000;30/08/2026;#NULO#;DF;3;DF;3;30/08/2026;S;Por sorteio;202679;NUNES MARQUES;60;Juíz Auxiliar;11541;Rp;REPRESENTAÇÃO;12638;Propaganda Política - Propaganda Eleitoral - Impulsionamento;0;1;28/09/2026;Decisão;https://consultaunificadapje.tse.jus.br/#/public/resultado/0601776-69.2026.6.00.0000;11634 | 11679 | 12637 | 12638;Cargo - Presidente da República | Propaganda Política - Propaganda Eleitoral - Impulsionamento | Propaganda Política - Propaganda Eleitoral - Internet | Propaganda Política - Propaganda Eleitoral - Redes Sociais;REPRESENTANTE: FLAVIO NANTES BOLSONARO;REPRESENTADO: CARLOS HENRIQUE BAQUETA FAVARO;;1;2026-09-28;2026-09-28;1;0;1
01/10/2026;06:01:26;2026;0601777-91.2026.6.13.0000;10/09/2026;27/09/2026;MG;2;DF;3;10/09/2026;S;Por sorteio;6276;DIAS TOFFOLI;3;Ministro;11549;REspEl;RECURSO ESPECIAL ELEITORAL;11616;Impugnação ao Registro de Candidatura;1;2;22/09/2026;Decisão;https://consultaunificadapje.tse.jus.br/#/public/resultado/0601777-91.2026.6.13.0000;11591 | 11616 | 11631;Cargo - Deputado Federal | Condição de Elegibilidade - Pleno Exercício dos Direitos Políticos | Impugnação ao Registro de Candidatura;RECORRENTE: ALBERTO JUNIO DA SILVA | RECORRENTE: AVANTE (AVANTE) - ESTADUAL | REPRESENTANTE: Procuradoria Regional Eleitoral;RECORRIDO: Ministério Público Eleitoral | RECORRIDO: Procuradoria Regional Eleitoral de Minas Gerais;REPRESENTANTE: Procuradoria Regional Eleitoral | TERCEIRO INTERESSADO: PROCURADOR REGIONAL ELEITORAL;2;2026-09-16;2026-09-22;0;0;0
01/10/2026;06:01:26;2026;0601778-39.2026.6.00.0000;30/08/2026;11/09/2026;DF;3;DF;3;31/08/2026;PP;Por prevenção;233218;FLORIANO DE AZEVEDO MARQUES;13;Ministro;120;MSCiv;MANDADO DE SEGURANÇA CÍVEL;11592;Condição de Elegibilidade - Quitação Eleitoral;0;1;03/09/2026;Decisão;https://consultaunificadapje.tse.jus.br/#/public/resultado/0601778-39.2026.6.00.0000;11592 | 11618 | 11631;Cargo - Deputado Federal | Condição de Elegibilidade - Quitação Eleitoral | Registro de Candidatura - RRC - Candidato;IMPETRANTE: ANTONIO CARLOS GOMES DE CERQUEIRA;AUTORIDADE COATORA: #- TRE-BA - Tribunal Regional Eleitoral da Bahia | ÓRGÃO COATOR: TRIBUNAL REGIONAL ELEITORAL DA BAHIA;;1;2026-09-03;2026-09-03;0;0;0
01/10/2026;06:01:26;2026;0601780-09.2026.6.00.0000;31/08/2026;#NULO#;DF;3;DF;3;16/09/2026;S;Por sorteio;285510;ANTONIO CARLOS FERREIRA;42;Ministro;12134;TutCautAnt;TUTELA CAUTELAR ANTECEDENTE;12062;Captação ou Gasto Ilícito de Recursos Financeiros de Campanha Eleitoral;0;3;19/09/2026;Decisão;https://consultaunificadapje.tse.jus.br/#/public/resultado/0601780-09.2026.6.00.0000;11738 | 12062;Captação ou Gasto Ilícito de Recursos Financeiros de Campanha Eleitoral | Cautelar Inominada - Preparatória;REQUERENTE: COLIGAÇÃO BRASIL PRONTO PRA MAIS;REQUERIDO: INSTITUTO ALVARO VALLE DE ESTUDOS POLITICOS E SOCIAIS - INSTITUTO ALVARO VALLE | REQUERIDO: PARTIDO LIBERAL (PL) - NACIONAL;;2;2026-09-14;2026-09-19;0;0;0
01/10/2026;06:01:26;2026;0601781-91.2026.6.00.0000;31/08/2026;#NULO#;DF;3;DF;3;31/08/2026;S;Por sorteio;350140;ESTELA ARANHA;59;Juíz Auxiliar;12625;DR;DIREITO DE RESPOSTA;11593;Direito de Resposta;0;1;02/09/2026;Decisão;https://consultaunificadapje.tse.jus.br/#/public/resultado/0601781-91.2026.6.00.0000;11593 | 11634;Cargo - Presidente da República | Direito de Resposta;REQUERENTE: FLAVIO NANTES BOLSONARO;REQUERIDA: COLIGAÇÃO BRASIL PRONTO PRA MAIS | REQUERIDO: LUIZ INACIO LULA DA SILVA;;1;2026-09-02;2026-09-02;0;1;1
01/10/2026;06:01:26;2026;0601782-76.2026.6.00.0000;31/08/2026;26/09/2026;DF;3;DF;3;31/08/2026;S;Por sorteio;350140;ESTELA ARANHA;7;Ministro;12375;Rcl;RECLAMAÇÃO;60020;Reclamação;0;1;18/09/2026;Decisão;https://consultaunificadapje.tse.jus.br/#/public/resultado/0601782-76.2026.6.00.0000;11632 | 12063 | 60020 | 60022;Cargo - Governador | Conduta Vedada ao Agente Público | Reclamação | Representação;RECLAMANTE: ROBERTO MAIA CIDADE FILHO;RECLAMADA: COLIGAÇÃO MAJORITÁRIA MUDAR É URGENTE! | RECLAMADA: COLIGAÇÃO PRA CIMA AMAZONAS | RECLAMADO: TRIBUNAL REGIONAL ELEITORAL DO AMAZONAS;;1;2026-09-18;2026-09-18;0;0;0
01/10/2026;06:01:26;2026;0601786-16.2026.6.00.0000;31/08/2026;#NULO#;DF;3;DF;3;31/08/2026;S;Por sorteio;202679;NUNES MARQUES;60;Juíz Auxiliar;11541;Rp;REPRESENTAÇÃO;11673;Propaganda Política - Propaganda Eleitoral - Rádio;0;1;26/09/2026;Decisão;https://consultaunificadapje.tse.jus.br/#/public/resultado/0601786-16.2026.6.00.0000;11634 | 11641 | 11671 | 11673;Cargo - Presidente da República | Cargo - Vice-Presidente da República | Propaganda Política - Propaganda Eleitoral - Horário Eleitoral Gratuito/Inserções de Propaganda | Propaganda Política - Propaganda Eleitoral - Rádio;REPRESENTANTE: FLAVIO NANTES BOLSONARO;REPRESENTADA: COLIGAÇÃO BRASIL PRONTO PRA MAIS | REPRESENTADO: GERALDO JOSE RODRIGUES ALCKMIN FILHO | REPRESENTADO: LUIZ INACIO LULA DA SILVA;;1;2026-09-26;2026-09-26;1;0;1
01/10/2026;06:01:26;2026;0601788-83.2026.6.00.0000;31/08/2026;#NULO#;DF;3;DF;3;31/08/2026;S;Por sorteio;202679;NUNES MARQUES;60;Juíz Auxiliar;12625;DR;DIREITO DE RESPOSTA;11593;Direito de Resposta;0;1;30/09/2026;Decisão;https://consultaunificadapje.tse.jus.br/#/public/resultado/0601788-83.2026.6.00.0000;11593 | 11634;Cargo - Presidente da República | Direito de Resposta;REQUERENTE: FLAVIO NANTES BOLSONARO;REQUERIDA: COLIGAÇÃO BRASIL PRONTO PRA MAIS | REQUERIDO: LUIZ INACIO LULA DA SILVA;;1;2026-09-30;2026-09-30;0;1;1
01/10/2026;06:01:26;2026;0601789-68.2026.6.00.0000;31/08/2026;#NULO#;DF;3;DF;3;31/08/2026;S;Por sorteio;202679;NUNES MARQUES;60;Juíz Auxiliar;12625;DR;DIREITO DE RESPOSTA;11593;Direito de Resposta;0;1;30/09/2026;Decisão;https://consultaunificadapje.tse.jus.br/#/public/resultado/0601789-68.2026.6.00.0000;11593 | 11634;Cargo - Presidente da República | Direito de Resposta;REQUERENTE: FLAVIO NANTES BOLSONARO;REQUERIDO: LUIZ INACIO LULA DA SILVA;;1;2026-09-30;2026-09-30;0;1;1
01/10/2026;06:01:26;2026;0601791-38.2026.6.00.0000;01/09/2026;#NULO#;DF;3;DF;3;01/09/2026;S;Por sorteio;301846;RICARDO VILLAS BÔAS CUEVA;4;Ministro;12375;Rcl;RECLAMAÇÃO;60018;Mandado de Segurança;0;2;11/09/2026;Despacho;https://consultaunificadapje.tse.jus.br/#/public/resultado/0601791-38.2026.6.00.0000;11630 | 12586 | 60018;Cargo - Deputado Estadual | Filiação Partidária - Lista Especial | Mandado de Segurança;RECLAMANTE: JOAO BATISTA DOS SANTOS FILHO;RECLAMADA: JUIZ ELEITORAL TRE-MA - NEIAN MILHOMEM CRUZ | RECLAMADA: PLENÁRIO DO TRE-MA | RECLAMADO: JUIZ ELEITORAL DO TRIBUNAL REGIONAL ELEITORAL DO MARANHÃO - NEIAN MILHOMEM CRUZ | RECLAMADO: PLENÁRIO DO TRIBUNAL REGIONAL ELEITORAL DO MARANHÃO;;1;2026-09-02;2026-09-02;0;0;0
01/10/2026;06:01:26;2026;0601794-90.2026.6.00.0000;01/09/2026;10/09/2026;DF;3;DF;3;01/09/2026;S;Por sorteio;285510;ANTONIO CARLOS FERREIRA;11;Ministro;120;MSCiv;MANDADO DE SEGURANÇA CÍVEL;11618;Registro de Candidatura - RRC - Candidato;0;1;04/09/2026;Decisão;https://consultaunificadapje.tse.jus.br/#/public/resultado/0601794-90.2026.6.00.0000;11618 | 11634 | 11641 | 11645 | 12044;Cargo - Presidente da República | Cargo - Vice-Presidente da República | Eleições - Eleição Majoritária | Registro de Candidatura - DRAP Partido/Coligação | Registro de Candidatura - RRC - Candidato;IMPETRANTE: AROLDO MEDINA | IMPETRANTE: PARTIDO MISSÃO (MISSÃO) - NACIONAL | IMPETRANTE: RENAN ANTONIO FERREIRA DOS SANTOS;AUTORIDADE COATORA: MINISTRO DIAS TOFFOLI | AUTORIDADE: DIAS TOFFOLI, MINISTRO PRESIDENTE DO TRIBUNAL SUPERIOR ELEITORAL;;1;2026-09-04;2026-09-04;0;0;0
01/10/2026;06:01:26;2026;0601798-30.2026.6.00.0000;01/09/2026;30/09/2026;DF;3;DF;3;01/09/2026;S;Por sorteio;202679;NUNES MARQUES;78;Ministro;241;PetCiv;PETIÇÃO CÍVEL;12362;Autorização de Divulgação de Publicidade Institucional;0;1;28/09/2026;Decisão;https://consultaunificadapje.tse.jus.br/#/public/resultado/0601798-30.2026.6.00.0000;12362;Autorização de Divulgação de Publicidade Institucional;REQUERENTE: SECRETARIA DE COMUNICAÇÃO SOCIAL DA PRESIDÊNCIA DA REPÚBLICA;;;1;2026-09-28;2026-09-28;0;0;0
01/10/2026;06:01:26;2026;0601802-67.2026.6.00.0000;01/09/2026;13/09/2026;DF;3;DF;3;01/09/2026;S;Por sorteio;202679;NUNES MARQUES;78;Ministro;241;PetCiv;PETIÇÃO CÍVEL;12362;Autorização de Divulgação de Publicidade Institucional;0;1;09/09/2026;Decisão;https://consultaunificadapje.tse.jus.br/#/public/resultado/0601802-67.2026.6.00.0000;12362;Autorização de Divulgação de Publicidade Institucional;REQUERENTE: SECRETARIA DE COMUNICAÇÃO SOCIAL DA PRESIDÊNCIA DA REPÚBLICA;;;1;2026-09-09;2026-09-09;0;0;0
01/10/2026;06:01:26;2026;0601803-52.2026.6.00.0000;01/09/2026;#NULO#;DF;3;DF;3;01/09/2026;S;Por sorteio;223256;ANDRÉ MENDONÇA;72;Juiz Auxiliar;11541;Rp;REPRESENTAÇÃO;12638;Propaganda Política - Propaganda Eleitoral - Impulsionamento;0;1;03/09/2026;Decisão;https://consultaunificadapje.tse.jus.br/#/public/resultado/0601803-52.2026.6.00.0000;11634 | 11679 | 12637 | 12638;Cargo - Presidente da República | Propaganda Política - Propaganda Eleitoral - Impulsionamento | Propaganda Política - Propaganda Eleitoral - Internet | Propaganda Política - Propaganda Eleitoral - Redes Sociais;REPRESENTANTE: COLIGAÇÃO BRASIL PRONTO PRA MAIS;REPRESENTADO: PARTIDO SOCIAL DEMOCRÁTICO (PSD) - NACIONAL | REPRESENTADO: RONALDO RAMOS CAIADO;;1;2026-09-03;2026-09-03;1;0;1
01/10/2026;06:01:26;2026;0601805-22.2026.6.00.0000;01/09/2026;#NULO#;DF;3;DF;3;01/09/2026;S;Por sorteio;223256;ANDRÉ MENDONÇA;72;Juiz Auxiliar;12625;DR;DIREITO DE RESPOSTA;11593;Direito de Resposta;0;1;03/09/2026;Decisão;https://consultaunificadapje.tse.jus.br/#/public/resultado/0601805-22.2026.6.00.0000;11593 | 11634;Cargo - Presidente da República | Direito de Resposta;REQUERENTE: RONALDO RAMOS CAIADO;REQUERIDA: REVISTA TIMELINE | REQUERIDA: Revista Timeline;;1;2026-09-03;2026-09-03;0;1;1
01/10/2026;06:01:26;2026;0601806-07.2026.6.00.0000;01/09/2026;#NULO#;DF;3;DF;3;01/09/2026;S;Por sorteio;202679;NUNES MARQUES;60;Juíz Auxiliar;11541;Rp;REPRESENTAÇÃO;11679;Propaganda Política - Propaganda Eleitoral - Internet;0;1;26/09/2026;Decisão;https://consultaunificadapje.tse.jus.br/#/public/resultado/0601806-07.2026.6.00.0000;11634 | 11679 | 12635;Cargo - Presidente da República | Propaganda Política - Propaganda Eleitoral - Divulgação de Notícia  Sabidamente Falsa | Propaganda Política - Propaganda Eleitoral - Internet;REPRESENTANTE: FLAVIO NANTES BOLSONARO;REPRESENTADO: COLIGAÇÃO BRASIL PRONTO PRA MAIS | REPRESENTADO: GERALDO JOSE RODRIGUES ALCKMIN FILHO | REPRESENTADO: LUIZ INACIO LULA DA SILVA;;1;2026-09-26;2026-09-26;1;0;1
01/10/2026;06:01:26;2026;0601807-89.2026.6.00.0000;01/09/2026;#NULO#;DF;3;DF;3;01/09/2026;S;Por sorteio;202679;NUNES MARQUES;60;Juíz Auxiliar;12625;DR;DIREITO DE RESPOSTA;11634;Cargo - Presidente da República;0;2;30/09/2026;Decisão;https://consultaunificadapje.tse.jus.br/#/public/resultado/0601807-89.2026.6.00.0000;11593 | 11634;Cargo - Presidente da República | Direito de Resposta;REQUERENTE: RONALDO RAMOS CAIADO;REQUERIDO: JUNIO ALVES ARAUJO;;2;2026-09-17;2026-09-30;0;1;1
01/10/2026;06:01:26;2026;0601808-74.2026.6.00.0000;01/09/2026;#NULO#;DF;3;DF;3;01/09/2026;S;Por sorteio;350140;ESTELA ARANHA;59;Juíz Auxiliar;12625;DR;DIREITO DE RESPOSTA;11593;Direito de Resposta;0;2;14/09/2026;Despacho;https://consultaunificadapje.tse.jus.br/#/public/resultado/0601808-74.2026.6.00.0000;11593 | 11634;Cargo - Presidente da República | Direito de Resposta;REQUERENTE: FLAVIO NANTES BOLSONARO;REQUERIDA: COLIGAÇÃO BRASIL PRONTO PRA MAIS | REQUERIDO: LUIZ INACIO LULA DA SILVA;;1;2026-09-11;2026-09-11;0;1;1
01/10/2026;06:01:26;2026;0601810-44.2026.6.00.0000;01/09/2026;#NULO#;DF;3;DF;3;01/09/2026;S;Por sorteio;202679;NUNES MARQUES;60;Juíz Auxiliar;12625;DR;DIREITO DE RESPOSTA;11593;Direito de Resposta;0;3;30/09/2026;Decisão;https://consultaunificadapje.tse.jus.br/#/public/resultado/0601810-44.2026.6.00.0000;11593 | 11634;Cargo - Presidente da República | Direito de Resposta;REQUERENTE: RONALDO RAMOS CAIADO;REQUERIDA: DANIELLA MONTEIRO DA SILVA;;3;2026-09-17;2026-09-30;0;1;1
01/10/2026;06:01:26;2026;0601811-29.2026.6.00.0000;01/09/2026;#NULO#;DF;3;DF;3;01/09/2026;S;Por sorteio;223256;ANDRÉ MENDONÇA;72;Juiz Auxiliar;11541;Rp;REPRESENTAÇÃO;11680;Propaganda Política - Propaganda Eleitoral - Omissão de Informações Obrigatórias;0;1;03/09/2026;Decisão;https://consultaunificadapje.tse.jus.br/#/public/resultado/0601811-29.2026.6.00.0000;11634 | 11641 | 11680;Cargo - Presidente da República | Cargo - Vice-Presidente da República | Propaganda Política - Propaganda Eleitoral - Omissão de Informações Obrigatórias;REPRESENTANTE: FLAVIO NANTES BOLSONARO;REPRESENTADA: COLIGAÇÃO BRASIL PRONTO PRA MAIS | REPRESENTADO: GERALDO JOSE RODRIGUES ALCKMIN FILHO | REPRESENTADO: LUIZ INACIO LULA DA SILVA;;1;2026-09-03;2026-09-03;1;0;1
01/10/2026;06:01:26;2026;0601813-96.2026.6.00.0000;01/09/2026;#NULO#;DF;3;DF;3;01/09/2026;S;Por sorteio;202679;NUNES MARQUES;60;Juíz Auxiliar;12625;DR;DIREITO DE RESPOSTA;11593;Direito de Resposta;0;1;30/09/2026;Decisão;https://consultaunificadapje.tse.jus.br/#/public/resultado/0601813-96.2026.6.00.0000;11593 | 11634;Cargo - Presidente da República | Direito de Resposta;REQUERENTE: FLAVIO NANTES BOLSONARO;REQUERIDA: COLIGAÇÃO BRASIL PRONTO PRA MAIS | REQUERIDO: LUIZ INACIO LULA DA SILVA;;1;2026-09-30;2026-09-30;0;1;1
01/10/2026;06:01:26;2026;0601816-51.2026.6.00.0000;01/09/2026;18/09/2026;DF;3;DF;3;01/09/2026;S;Por sorteio;350140;ESTELA ARANHA;7;Ministro;120;MSCiv;MANDADO DE SEGURANÇA CÍVEL;11634;Cargo - Presidente da República;0;1;14/09/2026;Decisão;https://consultaunificadapje.tse.jus.br/#/public/resultado/0601816-51.2026.6.00.0000;11618 | 11634 | 11679 | 11680 | 12637;Cargo - Presidente da República | Propaganda Política - Propaganda Eleitoral - Internet | Propaganda Política - Propaganda Eleitoral - Omissão de Informações Obrigatórias | Propaganda Política - Propaganda Eleitoral - Redes Sociais | Registro de Candidatura - RRC - Candidato;IMPETRANTE: ELEICAO 2026 WILSON GRASSI JUNIOR PRESIDENTE | IMPETRANTE: WILSON GRASSI JUNIOR;AUTORIDADE COATORA: MINISTRO DIAS TOFFOLI | AUTORIDADE COATORA: MINISTRO DIAS TOFFOLLI | AUTORIDADE: DIAS TOFFOLI, MINISTRO PRESIDENTE DO TRIBUNAL SUPERIOR ELEITORAL;;1;2026-09-14;2026-09-14;1;0;1
01/10/2026;06:01:26;2026;0601817-36.2026.6.00.0000;01/09/2026;#NULO#;DF;3;DF;3;01/09/2026;S;Por sorteio;202679;NUNES MARQUES;60;Juíz Auxiliar;12625;DR;DIREITO DE RESPOSTA;11634;Cargo - Presidente da República;0;1;28/09/2026;Decisão;https://consultaunificadapje.tse.jus.br/#/public/resultado/0601817-36.2026.6.00.0000;11593 | 11634;Cargo - Presidente da República | Direito de Resposta;REQUERENTE: FLAVIO NANTES BOLSONARO;REQUERIDA: COLIGAÇÃO BRASIL PRONTO PRA MAIS | REQUERIDO: GERALDO JOSE RODRIGUES ALCKMIN FILHO | REQUERIDO: LUIZ INACIO LULA DA SILVA;;1;2026-09-28;2026-09-28;0;1;1
01/10/2026;06:01:26;2026;0601818-21.2026.6.00.0000;01/09/2026;22/09/2026;DF;3;DF;3;01/09/2026;S;Por sorteio;350140;ESTELA ARANHA;7;Ministro;12134;TutCautAnt;TUTELA CAUTELAR ANTECEDENTE;11593;Direito de Resposta;0;1;18/09/2026;Decisão;https://consultaunificadapje.tse.jus.br/#/public/resultado/0601818-21.2026.6.00.0000;11593 | 11637;Cargo - Senador | Direito de Resposta;REQUERENTE: JOSE PEDRO GONCALVES TAQUES;REQUERIDO: MAURO MENDES FERREIRA;INTERESSADO: TELEVISAO CENTRO AMERICA LTDA;1;2026-09-18;2026-09-18;0;0;0
01/10/2026;06:01:26;2026;0601823-43.2026.6.00.0000;02/09/2026;#NULO#;DF;3;DF;3;02/09/2026;S;Por sorteio;223256;ANDRÉ MENDONÇA;72;Juiz Auxiliar;11541;Rp;REPRESENTAÇÃO;11651;Pesquisa Eleitoral - Registro de Pesquisa Eleitoral;0;1;03/09/2026;Decisão;https://consultaunificadapje.tse.jus.br/#/public/resultado/0601823-43.2026.6.00.0000;11634 | 11651;Cargo - Presidente da República | Pesquisa Eleitoral - Registro de Pesquisa Eleitoral;REPRESENTANTE: ELEICAO 2026 WILSON GRASSI JUNIOR PRESIDENTE | REPRESENTANTE: WILSON GRASSI JUNIOR;REPRESENTADA: ANDRE CAVALCANTE FALABELLA LTDA;;1;2026-09-03;2026-09-03;0;0;0
01/10/2026;06:01:26;2026;0601825-13.2026.6.00.0000;02/09/2026;#NULO#;DF;3;DF;3;02/09/2026;S;Por sorteio;223256;ANDRÉ MENDONÇA;72;Juiz Auxiliar;11541;Rp;REPRESENTAÇÃO;11679;Propaganda Política - Propaganda Eleitoral - Internet;0;1;10/09/2026;Decisão;https://consultaunificadapje.tse.jus.br/#/public/resultado/0601825-13.2026.6.00.0000;11641 | 11679 | 12637;Cargo - Vice-Presidente da República | Propaganda Política - Propaganda Eleitoral - Internet | Propaganda Política - Propaganda Eleitoral - Redes Sociais;INTERESSADO: MINISTERIO PUBLICO FEDERAL | REPRESENTANTE: Ministério Público Eleitoral;REPRESENTADO: AROLDO MEDINA;;1;2026-09-10;2026-09-10;1;0;1
01/10/2026;06:01:26;2026;0601829-50.2026.6.00.0000;02/09/2026;#NULO#;DF;3;DF;3;02/09/2026;S;Por sorteio;202679;NUNES MARQUES;78;Ministro;241;PetCiv;PETIÇÃO CÍVEL;12362;Autorização de Divulgação de Publicidade Institucional;0;1;26/09/2026;Decisão;https://consultaunificadapje.tse.jus.br/#/public/resultado/0601829-50.2026.6.00.0000;12362;Autorização de Divulgação de Publicidade Institucional;REQUERENTE: SECRETARIA DE COMUNICAÇÃO SOCIAL DA PRESIDÊNCIA DA REPÚBLICA;;;1;2026-09-26;2026-09-26;0;0;0
01/10/2026;06:01:26;2026;0601832-05.2026.6.00.0000;02/09/2026;#NULO#;DF;3;DF;3;02/09/2026;S;Por sorteio;202679;NUNES MARQUES;60;Juíz Auxiliar;12625;DR;DIREITO DE RESPOSTA;11593;Direito de Resposta;0;1;30/09/2026;Decisão;https://consultaunificadapje.tse.jus.br/#/public/resultado/0601832-05.2026.6.00.0000;11593 | 11634;Cargo - Presidente da República | Direito de Resposta;REQUERENTE: RONALDO RAMOS CAIADO | SOCIEDADE: MALHEIROS, PENTEADO E TOLEDO - ADVOGADOS;REQUERIDO: Responsável pelo perfil: https://x.com/advmoreira_ue/status/2088433534012629004;;1;2026-09-30;2026-09-30;0;1;1
01/10/2026;06:01:26;2026;0601833-87.2026.6.00.0000;02/09/2026;#NULO#;DF;3;DF;3;02/09/2026;S;Por sorteio;223256;ANDRÉ MENDONÇA;72;Juiz Auxiliar;12625;DR;DIREITO DE RESPOSTA;11593;Direito de Resposta;0;4;23/09/2026;Despacho;https://consultaunificadapje.tse.jus.br/#/public/resultado/0601833-87.2026.6.00.0000;11593 | 11634;Cargo - Presidente da República | Direito de Resposta;REQUERENTE: RONALDO RAMOS CAIADO;REQUERIDO: Reponsável pelo perfil @n4rddr no X | REQUERIDO: Responsável pelo perfil: https://x.com/n4rddr/status/2092406010153402501;;1;2026-09-03;2026-09-03;0;1;1
01/10/2026;06:01:26;2026;0601834-72.2026.6.00.0000;02/09/2026;#NULO#;DF;3;DF;3;02/09/2026;S;Por sorteio;223256;ANDRÉ MENDONÇA;72;Juiz Auxiliar;12625;DR;DIREITO DE RESPOSTA;11593;Direito de Resposta;0;1;03/09/2026;Decisão;https://consultaunificadapje.tse.jus.br/#/public/resultado/0601834-72.2026.6.00.0000;11593 | 11634;Cargo - Presidente da República | Direito de Resposta;REQUERENTE: RONALDO RAMOS CAIADO;REQUERIDO: MARCOS ANGELI;;1;2026-09-03;2026-09-03;0;1;1
01/10/2026;06:01:26;2026;0601835-57.2026.6.00.0000;02/09/2026;#NULO#;DF;3;DF;3;02/09/2026;S;Por sorteio;202679;NUNES MARQUES;60;Juíz Auxiliar;12625;DR;DIREITO DE RESPOSTA;11593;Direito de Resposta;0;1;30/09/2026;Decisão;https://consultaunificadapje.tse.jus.br/#/public/resultado/0601835-57.2026.6.00.0000;11593 | 11634;Cargo - Presidente da República | Direito de Resposta;REQUERENTE: RONALDO RAMOS CAIADO;REQUERIDO: Responsável pelo perfil: https://x.com/eipabs/status/2092413516653166616;;1;2026-09-30;2026-09-30;0;1;1
01/10/2026;06:01:26;2026;0601836-42.2026.6.00.0000;02/09/2026;#NULO#;DF;3;DF;3;02/09/2026;S;Por sorteio;223256;ANDRÉ MENDONÇA;72;Juiz Auxiliar;12625;DR;DIREITO DE RESPOSTA;11593;Direito de Resposta;0;1;03/09/2026;Decisão;https://consultaunificadapje.tse.jus.br/#/public/resultado/0601836-42.2026.6.00.0000;11593 | 11634;Cargo - Presidente da República | Direito de Resposta;REQUERENTE: RONALDO RAMOS CAIADO;REQUERIDO: Responsável pelo perfil @superbrasil4 no X | REQUERIDO: Responsável pelo perfil: https://x.com/superbrasil4/status/2090968883175870805;;1;2026-09-03;2026-09-03;0;1;1
01/10/2026;06:01:26;2026;0601838-12.2026.6.00.0000;02/09/2026;#NULO#;DF;3;DF;3;02/09/2026;S;Por sorteio;202679;NUNES MARQUES;60;Juíz Auxiliar;12625;DR;DIREITO DE RESPOSTA;11634;Cargo - Presidente da República;0;1;30/09/2026;Decisão;https://consultaunificadapje.tse.jus.br/#/public/resultado/0601838-12.2026.6.00.0000;11593 | 11634 | 11641;Cargo - Presidente da República | Cargo - Vice-Presidente da República | Direito de Resposta;REQUERENTE: FLAVIO NANTES BOLSONARO;REQUERIDO: COLIGAÇÃO BRASIL PRONTO PRA MAIS | REQUERIDO: GERALDO JOSE RODRIGUES ALCKMIN FILHO | REQUERIDO: LUIZ INACIO LULA DA SILVA;;1;2026-09-30;2026-09-30;0;1;1
01/10/2026;06:01:26;2026;0601839-94.2026.6.00.0000;02/09/2026;#NULO#;DF;3;DF;3;02/09/2026;S;Por sorteio;223256;ANDRÉ MENDONÇA;72;Juiz Auxiliar;12625;DR;DIREITO DE RESPOSTA;11593;Direito de Resposta;0;1;03/09/2026;Decisão;https://consultaunificadapje.tse.jus.br/#/public/resultado/0601839-94.2026.6.00.0000;11593 | 11634;Cargo - Presidente da República | Direito de Resposta;REQUERENTE: RONALDO RAMOS CAIADO;REQUERIDO: J P TOLENTINO FILHO - ME;;1;2026-09-03;2026-09-03;0;1;1
01/10/2026;06:01:26;2026;0601840-79.2026.6.00.0000;02/09/2026;#NULO#;DF;3;DF;3;02/09/2026;S;Por sorteio;202679;NUNES MARQUES;60;Juíz Auxiliar;12625;DR;DIREITO DE RESPOSTA;11593;Direito de Resposta;0;1;30/09/2026;Decisão;https://consultaunificadapje.tse.jus.br/#/public/resultado/0601840-79.2026.6.00.0000;11593 | 11634;Cargo - Presidente da República | Direito de Resposta;REQUERENTE: RONALDO RAMOS CAIADO;REQUERIDO: FILIPE DE DAVID ILHA;;1;2026-09-30;2026-09-30;0;1;1
01/10/2026;06:01:26;2026;0601841-64.2026.6.00.0000;02/09/2026;#NULO#;DF;3;DF;3;02/09/2026;S;Por sorteio;202679;NUNES MARQUES;60;Juíz Auxiliar;12625;DR;DIREITO DE RESPOSTA;11593;Direito de Resposta;0;1;30/09/2026;Decisão;https://consultaunificadapje.tse.jus.br/#/public/resultado/0601841-64.2026.6.00.0000;11593 | 11634;Cargo - Presidente da República | Direito de Resposta;REQUERENTE: RONALDO RAMOS CAIADO | SOCIEDADE: MALHEIROS, PENTEADO E TOLEDO - ADVOGADOS;REQUERIDO: Responsável pelo perfil: https://x.com/RafaelFontana/status/2081429487409832248;;1;2026-09-30;2026-09-30;0;1;1
01/10/2026;06:01:26;2026;0601842-49.2026.6.00.0000;02/09/2026;#NULO#;DF;3;DF;3;02/09/2026;S;Por sorteio;223256;ANDRÉ MENDONÇA;72;Juiz Auxiliar;12625;DR;DIREITO DE RESPOSTA;11593;Direito de Resposta;0;2;09/09/2026;Decisão;https://consultaunificadapje.tse.jus.br/#/public/resultado/0601842-49.2026.6.00.0000;11593 | 11634;Cargo - Presidente da República | Direito de Resposta;REQUERENTE: RONALDO RAMOS CAIADO;REQUERIDO: RENATO AMOEDO NADIER RODRIGUES;;1;2026-09-09;2026-09-09;0;1;1
01/10/2026;06:01:26;2026;0601843-34.2026.6.00.0000;02/09/2026;17/09/2026;DF;3;DF;3;02/09/2026;S;Por sorteio;233218;FLORIANO DE AZEVEDO MARQUES;13;Ministro;12134;TutCautAnt;TUTELA CAUTELAR ANTECEDENTE;11619;Registro de Candidatura - RRCI - Candidato Individual;0;1;10/09/2026;Decisão;https://consultaunificadapje.tse.jus.br/#/public/resultado/0601843-34.2026.6.00.0000;11619 | 11631;Cargo - Deputado Federal | Registro de Candidatura - RRCI - Candidato Individual;REQUERENTE: ODAIR JOSE DA CRUZ SILVA;REQUERIDO: PARTIDO DEMOCRÁTICO TRABALHISTA (PDT) - ESTADUAL | REQUERIDO: PARTIDO DEMOCRÁTICO TRABALHISTA (PDT) - NACIONAL;;1;2026-09-10;2026-09-10;0;0;0
01/10/2026;06:01:26;2026;0601844-19.2026.6.00.0000;02/09/2026;#NULO#;DF;3;DF;3;02/09/2026;S;Por sorteio;223256;ANDRÉ MENDONÇA;72;Juiz Auxiliar;12625;DR;DIREITO DE RESPOSTA;11593;Direito de Resposta;0;1;03/09/2026;Decisão;https://consultaunificadapje.tse.jus.br/#/public/resultado/0601844-19.2026.6.00.0000;11593 | 11634;Cargo - Presidente da República | Direito de Resposta;REQUERENTE: RONALDO RAMOS CAIADO | SOCIEDADE: MALHEIROS, PENTEADO E TOLEDO - ADVOGADOS;REQUERIDO: RICARDO LUIZ ROVERAN;;1;2026-09-03;2026-09-03;0;1;1
01/10/2026;06:01:26;2026;0601845-04.2026.6.00.0000;02/09/2026;#NULO#;DF;3;DF;3;02/09/2026;S;Por sorteio;350140;ESTELA ARANHA;59;Juíz Auxiliar;12625;DR;DIREITO DE RESPOSTA;11593;Direito de Resposta;0;1;11/09/2026;Decisão;https://consultaunificadapje.tse.jus.br/#/public/resultado/0601845-04.2026.6.00.0000;11593 | 11634;Cargo - Presidente da República | Direito de Resposta;REQUERENTE: FLAVIO NANTES BOLSONARO;REQUERIDA: COLIGAÇÃO BRASIL PRONTO PRA MAIS | REQUERIDO: LUIZ INACIO LULA DA SILVA;;1;2026-09-11;2026-09-11;0;1;1
01/10/2026;06:01:26;2026;0601847-71.2026.6.00.0000;02/09/2026;#NULO#;DF;3;DF;3;02/09/2026;S;Por sorteio;223256;ANDRÉ MENDONÇA;72;Juiz Auxiliar;12625;DR;DIREITO DE RESPOSTA;11593;Direito de Resposta;0;1;09/09/2026;Decisão;https://consultaunificadapje.tse.jus.br/#/public/resultado/0601847-71.2026.6.00.0000;11593 | 11634;Cargo - Presidente da República | Direito de Resposta;REQUERENTE: COLIGAÇÃO BRASIL PRONTO PRA MAIS;REQUERIDO: PARTIDO SOCIAL DEMOCRÁTICO (PSD) - NACIONAL | REQUERIDO: RONALDO RAMOS CAIADO;;1;2026-09-09;2026-09-09;0;1;1
01/10/2026;06:01:26;2026;0601849-41.2026.6.00.0000;02/09/2026;#NULO#;DF;3;DF;3;02/09/2026;S;Por sorteio;202679;NUNES MARQUES;60;Juíz Auxiliar;12625;DR;DIREITO DE RESPOSTA;11593;Direito de Resposta;0;1;17/09/2026;Decisão;https://consultaunificadapje.tse.jus.br/#/public/resultado/0601849-41.2026.6.00.0000;11593 | 11634;Cargo - Presidente da República | Direito de Resposta;REQUERENTE: COLIGAÇÃO BRASIL PRONTO PRA MAIS;REQUERIDO: FLAVIO NANTES BOLSONARO | REQUERIDO: PARTIDO LIBERAL (PL) - NACIONAL;;1;2026-09-17;2026-09-17;0;1;1
01/10/2026;06:01:26;2026;0601850-26.2026.6.00.0000;02/09/2026;#NULO#;DF;3;DF;3;03/09/2026;S;Por sorteio;202679;NUNES MARQUES;60;Juíz Auxiliar;12625;DR;DIREITO DE RESPOSTA;11593;Direito de Resposta;0;1;17/09/2026;Decisão;https://consultaunificadapje.tse.jus.br/#/public/resultado/0601850-26.2026.6.00.0000;11593 | 11634;Cargo - Presidente da República | Direito de Resposta;REQUERENTE: COLIGAÇÃO BRASIL PRONTO PRA MAIS;REQUERIDO: FLAVIO NANTES BOLSONARO | REQUERIDO: PARTIDO LIBERAL (PL) - NACIONAL;;1;2026-09-17;2026-09-17;0;1;1
01/10/2026;06:01:26;2026;0601853-78.2026.6.00.0000;03/09/2026;08/09/2026;DF;3;DF;3;03/09/2026;S;Por sorteio;223256;ANDRÉ MENDONÇA;14;Ministro;120;MSCiv;MANDADO DE SEGURANÇA CÍVEL;11778;Requerimento;0;1;03/09/2026;Decisão;https://consultaunificadapje.tse.jus.br/#/public/resultado/0601853-78.2026.6.00.0000;11630 | 11778;Cargo - Deputado Estadual | Requerimento;IMPETRANTE: VINICIUS VENADES MONTEIRO;AUTORIDADE: Edson Antônio da Silva - EDINHO | IMPETRADA: GLEIDE ANDRADE DE OLIVEIRA | IMPETRADO: EDSON ANTÔNIO DA SILVA | INTERESSADO: PARTIDO DOS TRABALHADORES (PT) - NACIONAL;;1;2026-09-03;2026-09-03;0;0;0
01/10/2026;06:01:26;2026;0601857-18.2026.6.00.0000;04/09/2026;#NULO#;DF;3;DF;3;04/09/2026;S;Por sorteio;301846;RICARDO VILLAS BÔAS CUEVA;4;Ministro;12134;TutCautAnt;TUTELA CAUTELAR ANTECEDENTE;11616;Impugnação ao Registro de Candidatura;0;1;09/09/2026;Decisão;https://consultaunificadapje.tse.jus.br/#/public/resultado/0601857-18.2026.6.00.0000;11589 | 11616 | 11632 | 11645;Cargo - Governador | Condição de Elegibilidade - Filiação Partidária | Eleições - Eleição Majoritária | Impugnação ao Registro de Candidatura;REQUERENTE: LARIANE TELLES MENDONCA;REQUERIDO: PARTIDO RENOVADOR TRABALHISTA BRASILEIRO (PRTB) - ESTADUAL | REQUERIDO: ROBERTO COELHO ROCHA;;1;2026-09-09;2026-09-09;0;0;0
01/10/2026;06:01:26;2026;0601858-03.2026.6.00.0000;04/09/2026;09/09/2026;DF;3;DF;3;04/09/2026;S;Por sorteio;202679;NUNES MARQUES;78;Ministro;241;PetCiv;PETIÇÃO CÍVEL;12362;Autorização de Divulgação de Publicidade Institucional;0;1;04/09/2026;Decisão;https://consultaunificadapje.tse.jus.br/#/public/resultado/0601858-03.2026.6.00.0000;12362;Autorização de Divulgação de Publicidade Institucional;REQUERENTE: SECRETARIA DE COMUNICAÇÃO SOCIAL DA PRESIDÊNCIA DA REPÚBLICA;;;1;2026-09-04;2026-09-04;0;0;0
01/10/2026;06:01:26;2026;0601862-40.2026.6.00.0000;04/09/2026;#NULO#;DF;3;DF;3;04/09/2026;S;Por sorteio;202679;NUNES MARQUES;60;Juíz Auxiliar;12625;DR;DIREITO DE RESPOSTA;11593;Direito de Resposta;0;1;17/09/2026;Decisão;https://consultaunificadapje.tse.jus.br/#/public/resultado/0601862-40.2026.6.00.0000;11593 | 11634;Cargo - Presidente da República | Direito de Resposta;REQUERENTE: COLIGAÇÃO BRASIL PRONTO PRA MAIS;REQUERIDO: FLAVIO NANTES BOLSONARO | REQUERIDO: PARTIDO LIBERAL (PL) - NACIONAL;;1;2026-09-17;2026-09-17;0;1;1
01/10/2026;06:01:26;2026;0601863-25.2026.6.00.0000;04/09/2026;22/09/2026;DF;3;DF;3;04/09/2026;S;Por sorteio;202679;NUNES MARQUES;78;Ministro;241;PetCiv;PETIÇÃO CÍVEL;12362;Autorização de Divulgação de Publicidade Institucional;0;1;14/09/2026;Decisão;https://consultaunificadapje.tse.jus.br/#/public/resultado/0601863-25.2026.6.00.0000;12362;Autorização de Divulgação de Publicidade Institucional;REQUERENTE: SECRETARIA DE COMUNICAÇÃO SOCIAL DA PRESIDÊNCIA DA REPÚBLICA;;;1;2026-09-14;2026-09-14;0;0;0
01/10/2026;06:01:26;2026;0601864-10.2026.6.00.0000;04/09/2026;#NULO#;DF;3;DF;3;04/09/2026;S;Por sorteio;223256;ANDRÉ MENDONÇA;72;Juiz Auxiliar;11541;Rp;REPRESENTAÇÃO;15429;Propaganda Política - Propaganda Eleitoral - Uso de Inteligência Artificial;0;1;09/09/2026;Decisão;https://consultaunificadapje.tse.jus.br/#/public/resultado/0601864-10.2026.6.00.0000;11634 | 11679 | 12637 | 15429 | 15524;Cargo - Presidente da República | Propaganda Política - Propaganda Eleitoral - Deep Fake | Propaganda Política - Propaganda Eleitoral - Internet | Propaganda Política - Propaganda Eleitoral - Redes Sociais | Propaganda Política - Propaganda Eleitoral - Uso de Inteligência Artificial;REPRESENTANTE: FLAVIO NANTES BOLSONARO;REPRESENTADO: IVAN CARLOS CARDOSO;;1;2026-09-09;2026-09-09;1;0;1
01/10/2026;06:01:26;2026;0601866-77.2026.6.00.0000;04/09/2026;#NULO#;DF;3;DF;3;04/09/2026;S;Por sorteio;350140;ESTELA ARANHA;59;Juíz Auxiliar;11541;Rp;REPRESENTAÇÃO;12635;Propaganda Política - Propaganda Eleitoral - Divulgação de Notícia  Sabidamente Falsa;0;1;11/09/2026;Decisão;https://consultaunificadapje.tse.jus.br/#/public/resultado/0601866-77.2026.6.00.0000;11634 | 11641 | 11671 | 12635;Cargo - Presidente da República | Cargo - Vice-Presidente da República | Propaganda Política - Propaganda Eleitoral - Divulgação de Notícia  Sabidamente Falsa | Propaganda Política - Propaganda Eleitoral - Horário Eleitoral Gratuito/Inserções de Propaganda;REPRESENTANTE: FLAVIO NANTES BOLSONARO;REPRESENTADA: COLIGAÇÃO BRASIL PRONTO PRA MAIS | REPRESENTADO: GERALDO JOSE RODRIGUES ALCKMIN FILHO | REPRESENTADO: LUIZ INACIO LULA DA SILVA;;1;2026-09-11;2026-09-11;1;0;1
01/10/2026;06:01:26;2026;0601867-62.2026.6.00.0000;04/09/2026;#NULO#;DF;3;DF;3;04/09/2026;S;Por sorteio;223256;ANDRÉ MENDONÇA;14;Ministro;12134;TutCautAnt;TUTELA CAUTELAR ANTECEDENTE;11778;Requerimento;0;1;06/09/2026;Decisão;https://consultaunificadapje.tse.jus.br/#/public/resultado/0601867-62.2026.6.00.0000;11778;Requerimento;REQUERENTE: FLAMARION DE OLIVEIRA AMARAL | REQUERENTE: JACIMAR DIAS DE SOUSA JOVENCIO;RÉU: PARTIDO VERDE (PV) - NACIONAL;;1;2026-09-06;2026-09-06;0;0;0
01/10/2026;06:01:26;2026;0601868-47.2026.6.00.0000;04/09/2026;#NULO#;DF;3;DF;3;04/09/2026;S;Por sorteio;350140;ESTELA ARANHA;59;Juíz Auxiliar;12625;DR;DIREITO DE RESPOSTA;11634;Cargo - Presidente da República;0;1;11/09/2026;Decisão;https://consultaunificadapje.tse.jus.br/#/public/resultado/0601868-47.2026.6.00.0000;11593 | 11634;Cargo - Presidente da República | Direito de Resposta;REQUERENTE: FLAVIO NANTES BOLSONARO;REQUERIDA: COLIGAÇÃO BRASIL PRONTO PRA MAIS | REQUERIDO: LUIZ INACIO LULA DA SILVA;;1;2026-09-11;2026-09-11;0;1;1
01/10/2026;06:01:26;2026;0601871-02.2026.6.00.0000;05/09/2026;#NULO#;DF;3;DF;3;06/09/2026;S;Por sorteio;350140;ESTELA ARANHA;59;Juíz Auxiliar;11541;Rp;REPRESENTAÇÃO;12635;Propaganda Política - Propaganda Eleitoral - Divulgação de Notícia  Sabidamente Falsa;0;1;11/09/2026;Decisão;https://consultaunificadapje.tse.jus.br/#/public/resultado/0601871-02.2026.6.00.0000;11634 | 11641 | 11671 | 12635;Cargo - Presidente da República | Cargo - Vice-Presidente da República | Propaganda Política - Propaganda Eleitoral - Divulgação de Notícia  Sabidamente Falsa | Propaganda Política - Propaganda Eleitoral - Horário Eleitoral Gratuito/Inserções de Propaganda;REPRESENTANTE: FLAVIO NANTES BOLSONARO;REPRESENTADA: COLIGAÇÃO BRASIL PRONTO PRA MAIS | REPRESENTADO: GERALDO JOSE RODRIGUES ALCKMIN FILHO | REPRESENTADO: LUIZ INACIO LULA DA SILVA;;1;2026-09-11;2026-09-11;1;0;1
01/10/2026;06:01:26;2026;0601872-84.2026.6.00.0000;06/09/2026;#NULO#;DF;3;DF;3;06/09/2026;S;Por sorteio;350140;ESTELA ARANHA;59;Juíz Auxiliar;11541;Rp;REPRESENTAÇÃO;11671;Propaganda Política - Propaganda Eleitoral - Horário Eleitoral Gratuito/Inserções de Propaganda;0;1;11/09/2026;Decisão;https://consultaunificadapje.tse.jus.br/#/public/resultado/0601872-84.2026.6.00.0000;11634 | 11641 | 11671 | 11673 | 11675;Cargo - Presidente da República | Cargo - Vice-Presidente da República | Propaganda Política - Propaganda Eleitoral - Horário Eleitoral Gratuito/Inserções de Propaganda | Propaganda Política - Propaganda Eleitoral - Rádio | Propaganda Política - Propaganda Eleitoral - Televisão;REPRESENTANTE: FLAVIO NANTES BOLSONARO;REPRESENTADA: COLIGAÇÃO BRASIL PRONTO PRA MAIS | REPRESENTADO: GERALDO JOSE RODRIGUES ALCKMIN FILHO | REPRESENTADO: LUIZ INACIO LULA DA SILVA;;1;2026-09-11;2026-09-11;1;0;1
01/10/2026;06:01:26;2026;0601873-69.2026.6.00.0000;06/09/2026;27/09/2026;DF;3;DF;3;06/09/2026;S;Por sorteio;233218;FLORIANO DE AZEVEDO MARQUES;13;Ministro;120;MSCiv;MANDADO DE SEGURANÇA CÍVEL;11593;Direito de Resposta;0;2;25/09/2026;Acórdão;https://consultaunificadapje.tse.jus.br/#/public/resultado/0601873-69.2026.6.00.0000;11593 | 11632;Cargo - Governador | Direito de Resposta;IMPETRANTE: SERGIO FERNANDO MORO;AUTORIDADE COATORA: TRIBUNAL REGIONAL ELEITORAL DO PARANÁ | LITISCONSORTE: CARLOS ROBERTO MASSA JUNIOR;;2;2026-09-07;2026-09-25;0;0;0
01/10/2026;06:01:26;2026;0601876-24.2026.6.00.0000;06/09/2026;#NULO#;DF;3;DF;3;06/09/2026;S;Por sorteio;350140;ESTELA ARANHA;59;Juíz Auxiliar;12625;DR;DIREITO DE RESPOSTA;11593;Direito de Resposta;0;1;11/09/2026;Decisão;https://consultaunificadapje.tse.jus.br/#/public/resultado/0601876-24.2026.6.00.0000;11593 | 11634;Cargo - Presidente da República | Direito de Resposta;REQUERENTE: FLAVIO NANTES BOLSONARO;REQUERIDA: COLIGAÇÃO BRASIL PRONTO PRA MAIS | REQUERIDO: LUIZ INACIO LULA DA SILVA;;1;2026-09-11;2026-09-11;0;1;1
01/10/2026;06:01:26;2026;0601877-09.2026.6.00.0000;06/09/2026;#NULO#;DF;3;DF;3;06/09/2026;S;Por sorteio;350140;ESTELA ARANHA;59;Juíz Auxiliar;12625;DR;DIREITO DE RESPOSTA;11593;Direito de Resposta;0;1;11/09/2026;Decisão;https://consultaunificadapje.tse.jus.br/#/public/resultado/0601877-09.2026.6.00.0000;11593 | 11634;Cargo - Presidente da República | Direito de Resposta;REQUERENTE: FLAVIO NANTES BOLSONARO;REQUERIDO: GERALDO JOSE RODRIGUES ALCKMIN FILHO | REQUERIDO: LUIZ INACIO LULA DA SILVA;;1;2026-09-11;2026-09-11;0;1;1
01/10/2026;06:01:26;2026;0601878-91.2026.6.00.0000;06/09/2026;#NULO#;DF;3;DF;3;06/09/2026;S;Por sorteio;350140;ESTELA ARANHA;59;Juíz Auxiliar;12625;DR;DIREITO DE RESPOSTA;11593;Direito de Resposta;0;1;11/09/2026;Decisão;https://consultaunificadapje.tse.jus.br/#/public/resultado/0601878-91.2026.6.00.0000;11593 | 11634;Cargo - Presidente da República | Direito de Resposta;REQUERENTE: FLAVIO NANTES BOLSONARO;REQUERIDA: COLIGAÇÃO BRASIL PRONTO PRA MAIS | REQUERIDO: LUIZ INACIO LULA DA SILVA;;1;2026-09-11;2026-09-11;0;1;1
01/10/2026;06:01:26;2026;0601879-76.2026.6.00.0000;06/09/2026;#NULO#;DF;3;DF;3;06/09/2026;S;Por sorteio;350140;ESTELA ARANHA;59;Juíz Auxiliar;12625;DR;DIREITO DE RESPOSTA;11593;Direito de Resposta;0;1;11/09/2026;Decisão;https://consultaunificadapje.tse.jus.br/#/public/resultado/0601879-76.2026.6.00.0000;11593 | 11634;Cargo - Presidente da República | Direito de Resposta;REQUERENTE: FLAVIO NANTES BOLSONARO;REQUERIDA: COLIGAÇÃO BRASIL PRONTO PRA MAIS | REQUERIDO: LUIZ INACIO LULA DA SILVA;;1;2026-09-11;2026-09-11;0;1;1
01/10/2026;06:01:26;2026;0601880-61.2026.6.00.0000;06/09/2026;#NULO#;DF;3;DF;3;06/09/2026;S;Por sorteio;202679;NUNES MARQUES;60;Juíz Auxiliar;12630;RepEsp;REPRESENTAÇÃO ESPECIAL;12063;Conduta Vedada ao Agente Público;0;1;22/09/2026;Decisão;https://consultaunificadapje.tse.jus.br/#/public/resultado/0601880-61.2026.6.00.0000;11634 | 11641 | 12063;Cargo - Presidente da República | Cargo - Vice-Presidente da República | Conduta Vedada ao Agente Público;REPRESENTANTE: FLAVIO NANTES BOLSONARO;REPRESENTADO: GERALDO JOSE RODRIGUES ALCKMIN FILHO | REPRESENTADO: LUIZ INACIO LULA DA SILVA;;1;2026-09-22;2026-09-22;0;0;0
01/10/2026;06:01:26;2026;0601882-31.2026.6.00.0000;06/09/2026;#NULO#;DF;3;DF;3;06/09/2026;S;Por sorteio;202679;NUNES MARQUES;60;Juíz Auxiliar;12625;DR;DIREITO DE RESPOSTA;11593;Direito de Resposta;0;1;26/09/2026;Decisão;https://consultaunificadapje.tse.jus.br/#/public/resultado/0601882-31.2026.6.00.0000;11593 | 11634;Cargo - Presidente da República | Direito de Resposta;REQUERENTE: FLAVIO NANTES BOLSONARO;REQUERIDA: COLIGAÇÃO BRASIL PRONTO PRA MAIS | REQUERIDO: LUIZ INACIO LULA DA SILVA;;1;2026-09-26;2026-09-26;0;1;1
01/10/2026;06:01:26;2026;0601883-16.2026.6.00.0000;06/09/2026;#NULO#;DF;3;DF;3;06/09/2026;S;Por sorteio;350140;ESTELA ARANHA;59;Juíz Auxiliar;12625;DR;DIREITO DE RESPOSTA;11593;Direito de Resposta;0;1;11/09/2026;Decisão;https://consultaunificadapje.tse.jus.br/#/public/resultado/0601883-16.2026.6.00.0000;11593 | 11634;Cargo - Presidente da República | Direito de Resposta;REQUERENTE: FLAVIO NANTES BOLSONARO;REQUERIDA: COLIGAÇÃO BRASIL PRONTO PRA MAIS | REQUERIDO: LUIZ INACIO LULA DA SILVA;;1;2026-09-11;2026-09-11;0;1;1
01/10/2026;06:01:26;2026;0601885-83.2026.6.00.0000;06/09/2026;#NULO#;DF;3;DF;3;06/09/2026;S;Por sorteio;223256;ANDRÉ MENDONÇA;72;Juiz Auxiliar;11541;Rp;REPRESENTAÇÃO;15524;Propaganda Política - Propaganda Eleitoral - Deep Fake;0;1;09/09/2026;Decisão;https://consultaunificadapje.tse.jus.br/#/public/resultado/0601885-83.2026.6.00.0000;15524;Propaganda Política - Propaganda Eleitoral - Deep Fake;REPRESENTANTE: COLIGAÇÃO BRASIL PRONTO PRA MAIS;REPRESENTADO: HUGO ROGERIO SARMANHO BARRA;;1;2026-09-09;2026-09-09;1;0;1
01/10/2026;06:01:26;2026;0601888-38.2026.6.00.0000;07/09/2026;#NULO#;DF;3;DF;3;07/09/2026;S;Por sorteio;223256;ANDRÉ MENDONÇA;72;Juiz Auxiliar;11541;Rp;REPRESENTAÇÃO;11634;Cargo - Presidente da República;0;4;25/09/2026;Despacho;https://consultaunificadapje.tse.jus.br/#/public/resultado/0601888-38.2026.6.00.0000;11634 | 11679 | 12635 | 12637;Cargo - Presidente da República | Propaganda Política - Propaganda Eleitoral - Divulgação de Notícia  Sabidamente Falsa | Propaganda Política - Propaganda Eleitoral - Internet | Propaganda Política - Propaganda Eleitoral - Redes Sociais;REPRESENTANTE: FLAVIO NANTES BOLSONARO;REPRESENTADA: KAYLANNY LEITE DA SILVA | REPRESENTADO: Responsável pelo perfil @Kay_ysx | REPRESENTADO: Responsável pelo perfil @Kay_ysx no X | REPRESENTADO: Responsável pelo perfil@eclipseofthe S2 | REPRESENTADO: Responsável pelo perfil@eclipseofthe S2 no X | REPRESENTADO: titular do perfil @Kay_ysx | REPRESENTADO: titular do perfil @eclipseoftheS2;;1;2026-09-09;2026-09-09;1;0;1
01/10/2026;06:01:26;2026;0601889-23.2026.6.00.0000;07/09/2026;#NULO#;DF;3;DF;3;07/09/2026;S;Por sorteio;350140;ESTELA ARANHA;59;Juíz Auxiliar;12625;DR;DIREITO DE RESPOSTA;11634;Cargo - Presidente da República;0;1;11/09/2026;Decisão;https://consultaunificadapje.tse.jus.br/#/public/resultado/0601889-23.2026.6.00.0000;11593 | 11634;Cargo - Presidente da República | Direito de Resposta;REQUERENTE: FLAVIO NANTES BOLSONARO;REQUERIDA: COLIGAÇÃO BRASIL PRONTO PRA MAIS | REQUERIDO: LUIZ INACIO LULA DA SILVA;;1;2026-09-11;2026-09-11;0;1;1
01/10/2026;06:01:26;2026;0601890-08.2026.6.00.0000;07/09/2026;#NULO#;DF;3;DF;3;07/09/2026;S;Por sorteio;350140;ESTELA ARANHA;59;Juíz Auxiliar;12625;DR;DIREITO DE RESPOSTA;11593;Direito de Resposta;0;1;11/09/2026;Decisão;https://consultaunificadapje.tse.jus.br/#/public/resultado/0601890-08.2026.6.00.0000;11593 | 11634;Cargo - Presidente da República | Direito de Resposta;REQUERENTE: FLAVIO NANTES BOLSONARO;REQUERIDA: COLIGAÇÃO BRASIL PRONTO PRA MAIS | REQUERIDO: LUIZ INACIO LULA DA SILVA;;1;2026-09-11;2026-09-11;0;1;1
01/10/2026;06:01:26;2026;0601892-75.2026.6.00.0000;07/09/2026;#NULO#;DF;3;DF;3;07/09/2026;S;Por sorteio;350140;ESTELA ARANHA;59;Juíz Auxiliar;12625;DR;DIREITO DE RESPOSTA;11593;Direito de Resposta;0;1;11/09/2026;Decisão;https://consultaunificadapje.tse.jus.br/#/public/resultado/0601892-75.2026.6.00.0000;11593 | 11634;Cargo - Presidente da República | Direito de Resposta;REQUERENTE: FLAVIO NANTES BOLSONARO;REQUERIDO: COLIGAÇÃO BRASIL PRONTO PRA MAIS | REQUERIDO: LUIZ INACIO LULA DA SILVA;;1;2026-09-11;2026-09-11;0;1;1
01/10/2026;06:01:26;2026;0601894-45.2026.6.00.0000;07/09/2026;#NULO#;DF;3;DF;3;07/09/2026;S;Por sorteio;350140;ESTELA ARANHA;59;Juíz Auxiliar;12625;DR;DIREITO DE RESPOSTA;11593;Direito de Resposta;0;1;11/09/2026;Decisão;https://consultaunificadapje.tse.jus.br/#/public/resultado/0601894-45.2026.6.00.0000;11593 | 11634;Cargo - Presidente da República | Direito de Resposta;REQUERENTE: COLIGAÇÃO BRASIL PRONTO PRA MAIS;REQUERIDO: ELEICAO 2026 FLAVIO NANTES BOLSONARO PRESIDENTE | REQUERIDO: FLAVIO NANTES BOLSONARO | REQUERIDO: PARTIDO LIBERAL (PL) - NACIONAL;;1;2026-09-11;2026-09-11;0;1;1
01/10/2026;06:01:26;2026;0601895-30.2026.6.00.0000;07/09/2026;#NULO#;DF;3;DF;3;07/09/2026;S;Por sorteio;350140;ESTELA ARANHA;59;Juíz Auxiliar;12625;DR;DIREITO DE RESPOSTA;11593;Direito de Resposta;0;1;11/09/2026;Decisão;https://consultaunificadapje.tse.jus.br/#/public/resultado/0601895-30.2026.6.00.0000;11593 | 11634;Cargo - Presidente da República | Direito de Resposta;REQUERENTE: COLIGAÇÃO BRASIL PRONTO PRA MAIS;REQUERIDO: ELEICAO 2026 FLAVIO NANTES BOLSONARO PRESIDENTE | REQUERIDO: FLAVIO NANTES BOLSONARO | REQUERIDO: PARTIDO LIBERAL (PL) - NACIONAL;;1;2026-09-11;2026-09-11;0;1;1
01/10/2026;06:01:26;2026;0601897-97.2026.6.00.0000;07/09/2026;#NULO#;DF;3;DF;3;07/09/2026;S;Por sorteio;350140;ESTELA ARANHA;59;Juíz Auxiliar;11541;Rp;REPRESENTAÇÃO;11651;Pesquisa Eleitoral - Registro de Pesquisa Eleitoral;0;1;11/09/2026;Decisão;https://consultaunificadapje.tse.jus.br/#/public/resultado/0601897-97.2026.6.00.0000;11634 | 11651;Cargo - Presidente da República | Pesquisa Eleitoral - Registro de Pesquisa Eleitoral;REPRESENTANTE: ELEICAO 2026 WILSON GRASSI JUNIOR PRESIDENTE | REPRESENTANTE: WILSON GRASSI JUNIOR;REPRESENTADA: DATA CONTROL INSTITUTO DE PESQUISA LTDA;;1;2026-09-11;2026-09-11;0;0;0
01/10/2026;06:01:26;2026;0601899-67.2026.6.00.0000;08/09/2026;#NULO#;DF;3;DF;3;08/09/2026;S;Por sorteio;285510;ANTONIO CARLOS FERREIRA;42;Ministro;11527;AIJE;AÇÃO DE INVESTIGAÇÃO JUDICIAL ELEITORAL;11720;Abuso - Uso Indevido de Meio de Comunicação Social;0;1;18/09/2026;Decisão;https://consultaunificadapje.tse.jus.br/#/public/resultado/0601899-67.2026.6.00.0000;11634 | 11641 | 11718 | 11720;Abuso - De Poder Econômico | Abuso - Uso Indevido de Meio de Comunicação Social | Cargo - Presidente da República | Cargo - Vice-Presidente da República;REPRESENTANTE: OTONI MOURA DE PAULO JUNIOR;REPRESENTADO: AUGUSTO JORGE CURY | REPRESENTADO: JULIO CESAR DELGADO;;1;2026-09-18;2026-09-18;0;0;0
01/10/2026;06:01:26;2026;0601902-22.2026.6.00.0000;08/09/2026;#NULO#;DF;3;DF;3;08/09/2026;S;Por sorteio;350140;ESTELA ARANHA;59;Juíz Auxiliar;12625;DR;DIREITO DE RESPOSTA;11593;Direito de Resposta;0;1;11/09/2026;Decisão;https://consultaunificadapje.tse.jus.br/#/public/resultado/0601902-22.2026.6.00.0000;11593 | 11634;Cargo - Presidente da República | Direito de Resposta;REQUERENTE: COLIGAÇÃO BRASIL PRONTO PRA MAIS;REQUERIDO: ELEICAO 2026 FLAVIO NANTES BOLSONARO PRESIDENTE | REQUERIDO: FLAVIO NANTES BOLSONARO | REQUERIDO: PARTIDO LIBERAL (PL) - NACIONAL;;1;2026-09-11;2026-09-11;0;1;1
01/10/2026;06:01:26;2026;0601904-89.2026.6.00.0000;08/09/2026;#NULO#;DF;3;DF;3;08/09/2026;S;Por sorteio;285510;ANTONIO CARLOS FERREIRA;42;Ministro;11527;AIJE;AÇÃO DE INVESTIGAÇÃO JUDICIAL ELEITORAL;11719;Abuso - De Poder Político/Autoridade;0;1;18/09/2026;Decisão;https://consultaunificadapje.tse.jus.br/#/public/resultado/0601904-89.2026.6.00.0000;10788 | 11634 | 11641 | 11719 | 11720;Abuso - De Poder Político/Autoridade | Abuso - Uso Indevido de Meio de Comunicação Social | Abuso do poder econômico | Cargo - Presidente da República | Cargo - Vice-Presidente da República;REPRESENTANTE: ALFREDO GASPAR DE MENDONCA NETO | REPRESENTANTE: FLAVIO NANTES BOLSONARO;REPRESENTADA: ROSANGELA DA SILVA | REPRESENTADO: GERALDO JOSE RODRIGUES ALCKMIN FILHO | REPRESENTADO: LUIZ INACIO LULA DA SILVA | REPRESENTADO: MARCELO RIBEIRO FREIXO | REPRESENTADO: RODRIGO NEVES BARRETO;;1;2026-09-18;2026-09-18;0;0;0
01/10/2026;06:01:26;2026;0601908-29.2026.6.00.0000;08/09/2026;#NULO#;DF;3;DF;3;09/09/2026;S;Por sorteio;350140;ESTELA ARANHA;59;Juíz Auxiliar;12625;DR;DIREITO DE RESPOSTA;11593;Direito de Resposta;0;1;11/09/2026;Decisão;https://consultaunificadapje.tse.jus.br/#/public/resultado/0601908-29.2026.6.00.0000;11593 | 11634;Cargo - Presidente da República | Direito de Resposta;REQUERENTE: FLAVIO NANTES BOLSONARO;REQUERIDA: COLIGAÇÃO BRASIL PRONTO PRA MAIS | REQUERIDO: LUIZ INACIO LULA DA SILVA;;1;2026-09-11;2026-09-11;0;1;1
01/10/2026;06:01:26;2026;0601911-81.2026.6.00.0000;08/09/2026;#NULO#;DF;3;DF;3;09/09/2026;S;Por sorteio;350140;ESTELA ARANHA;59;Juíz Auxiliar;12625;DR;DIREITO DE RESPOSTA;11593;Direito de Resposta;0;1;11/09/2026;Decisão;https://consultaunificadapje.tse.jus.br/#/public/resultado/0601911-81.2026.6.00.0000;11593 | 11634;Cargo - Presidente da República | Direito de Resposta;REQUERENTE: FLAVIO NANTES BOLSONARO;REQUERIDO: COLIGAÇÃO BRASIL PRONTO PRA MAIS | REQUERIDO: LUIZ INACIO LULA DA SILVA;;1;2026-09-11;2026-09-11;0;1;1
01/10/2026;06:01:26;2026;0601912-66.2026.6.00.0000;08/09/2026;#NULO#;DF;3;DF;3;09/09/2026;S;Por sorteio;350140;ESTELA ARANHA;59;Juíz Auxiliar;12625;DR;DIREITO DE RESPOSTA;11593;Direito de Resposta;0;1;11/09/2026;Decisão;https://consultaunificadapje.tse.jus.br/#/public/resultado/0601912-66.2026.6.00.0000;11593 | 11634;Cargo - Presidente da República | Direito de Resposta;REQUERENTE: FLAVIO NANTES BOLSONARO;REQUERIDA: COLIGAÇÃO BRASIL PRONTO PRA MAIS | REQUERIDO: LUIZ INACIO LULA DA SILVA;;1;2026-09-11;2026-09-11;0;1;1
01/10/2026;06:01:26;2026;0601913-51.2026.6.00.0000;08/09/2026;#NULO#;DF;3;DF;3;08/09/2026;S;Por sorteio;350140;ESTELA ARANHA;59;Juíz Auxiliar;12625;DR;DIREITO DE RESPOSTA;11593;Direito de Resposta;0;1;11/09/2026;Decisão;https://consultaunificadapje.tse.jus.br/#/public/resultado/0601913-51.2026.6.00.0000;11593 | 11634;Cargo - Presidente da República | Direito de Resposta;REQUERENTE: FLAVIO NANTES BOLSONARO;REQUERIDA: COLIGAÇÃO BRASIL PRONTO PRA MAIS | REQUERIDO: LUIZ INACIO LULA DA SILVA;;1;2026-09-11;2026-09-11;0;1;1
01/10/2026;06:01:26;2026;0601915-90.2026.6.19.0000;14/09/2026;28/09/2026;RJ;2;DF;3;14/09/2026;S;Por sorteio;285510;ANTONIO CARLOS FERREIRA;11;Ministro;11549;REspEl;RECURSO ESPECIAL ELEITORAL;11618;Registro de Candidatura - RRC - Candidato;1;1;23/09/2026;Decisão;https://consultaunificadapje.tse.jus.br/#/public/resultado/0601915-90.2026.6.19.0000;11591 | 11618 | 11631;Cargo - Deputado Federal | Condição de Elegibilidade - Pleno Exercício dos Direitos Políticos | Registro de Candidatura - RRC - Candidato;RECORRENTE: DEMOCRACIA CRISTÃ (DC) - ESTADUAL | RECORRENTE: ROGERIO VERISSIMO RODRIGUES;;REPRESENTANTE: Procuradoria Regional Eleitoral no Rio de Janeiro | TERCEIRO INTERESSADO: Procuradoria Regional Eleitoral1.;1;2026-09-23;2026-09-23;0;0;0
01/10/2026;06:01:26;2026;0601919-58.2026.6.00.0000;09/09/2026;21/09/2026;DF;3;DF;3;09/09/2026;PP;Por prevenção;6276;DIAS TOFFOLI;3;Ministro;120;MSCiv;MANDADO DE SEGURANÇA CÍVEL;15591;Fundo Especial de Financiamento de Campanha (FEFC);0;1;11/09/2026;Decisão;https://consultaunificadapje.tse.jus.br/#/public/resultado/0601919-58.2026.6.00.0000;11631 | 15591;Cargo - Deputado Federal | Fundo Especial de Financiamento de Campanha (FEFC);;AUTORIDADE COATORA: DESEMBARGADOR MHÉRCIO CERQUEIRA MONTEIRO | AUTORIDADE COATORA: MHERCIO CERQUEIRA MONTEIRO;;1;2026-09-11;2026-09-11;0;0;0
01/10/2026;06:01:26;2026;0601926-50.2026.6.00.0000;09/09/2026;#NULO#;DF;3;DF;3;09/09/2026;S;Por sorteio;350140;ESTELA ARANHA;59;Juíz Auxiliar;12625;DR;DIREITO DE RESPOSTA;11593;Direito de Resposta;0;1;11/09/2026;Decisão;https://consultaunificadapje.tse.jus.br/#/public/resultado/0601926-50.2026.6.00.0000;11593 | 11634;Cargo - Presidente da República | Direito de Resposta;REQUERENTE: FLAVIO NANTES BOLSONARO;REQUERIDA: COLIGAÇÃO BRASIL PRONTO PRA MAIS | REQUERIDO: LUIZ INACIO LULA DA SILVA;;1;2026-09-11;2026-09-11;0;1;1
01/10/2026;06:01:26;2026;0601927-35.2026.6.00.0000;09/09/2026;#NULO#;DF;3;DF;3;09/09/2026;S;Por sorteio;350140;ESTELA ARANHA;59;Juíz Auxiliar;12625;DR;DIREITO DE RESPOSTA;11634;Cargo - Presidente da República;0;1;11/09/2026;Decisão;https://consultaunificadapje.tse.jus.br/#/public/resultado/0601927-35.2026.6.00.0000;11593 | 11634;Cargo - Presidente da República | Direito de Resposta;REQUERENTE: FLAVIO NANTES BOLSONARO;REQUERIDA: COLIGAÇÃO BRASIL PRONTO PRA MAIS | REQUERIDO: LUIZ INACIO LULA DA SILVA;;1;2026-09-11;2026-09-11;0;1;1
01/10/2026;06:01:26;2026;0601928-20.2026.6.00.0000;09/09/2026;#NULO#;DF;3;DF;3;10/09/2026;S;Por sorteio;350140;ESTELA ARANHA;59;Juíz Auxiliar;11541;Rp;REPRESENTAÇÃO;11683;Propaganda Política - Propaganda Eleitoral - Truncagem, Montagem, Utilização de Gravação Externa, Computação Gráfica, Desenho Animado ou Efeito Especial;0;1;11/09/2026;Decisão;https://consultaunificadapje.tse.jus.br/#/public/resultado/0601928-20.2026.6.00.0000;11634 | 11641 | 11671 | 11683 | 12635;Cargo - Presidente da República | Cargo - Vice-Presidente da República | Propaganda Política - Propaganda Eleitoral - Divulgação de Notícia  Sabidamente Falsa | Propaganda Política - Propaganda Eleitoral - Horário Eleitoral Gratuito/Inserções de Propaganda | Propaganda Política - Propaganda Eleitoral - Truncagem, Montagem, Utilização de Gravação Externa, Computação Gráfica, Desenho Animado ou Efeito Especial;REPRESENTANTE: FLAVIO NANTES BOLSONARO;REPRESENTADO: COLIGAÇÃO BRASIL PRONTO PRA MAIS | REPRESENTADO: GERALDO JOSE RODRIGUES ALCKMIN FILHO | REPRESENTADO: LUIZ INACIO LULA DA SILVA;;1;2026-09-11;2026-09-11;1;0;1
01/10/2026;06:01:26;2026;0601929-05.2026.6.00.0000;09/09/2026;#NULO#;DF;3;DF;3;10/09/2026;S;Por sorteio;350140;ESTELA ARANHA;59;Juíz Auxiliar;12625;DR;DIREITO DE RESPOSTA;11593;Direito de Resposta;0;1;11/09/2026;Decisão;https://consultaunificadapje.tse.jus.br/#/public/resultado/0601929-05.2026.6.00.0000;11593 | 11634;Cargo - Presidente da República | Direito de Resposta;REQUERENTE: FLAVIO NANTES BOLSONARO;REQUERIDA: COLIGAÇÃO BRASIL PRONTO PRA MAIS | REQUERIDO: LUIZ INACIO LULA DA SILVA;;1;2026-09-11;2026-09-11;0;1;1
01/10/2026;06:01:26;2026;0601930-87.2026.6.00.0000;09/09/2026;#NULO#;DF;3;DF;3;09/09/2026;S;Por sorteio;350140;ESTELA ARANHA;59;Juíz Auxiliar;12625;DR;DIREITO DE RESPOSTA;11593;Direito de Resposta;0;1;11/09/2026;Decisão;https://consultaunificadapje.tse.jus.br/#/public/resultado/0601930-87.2026.6.00.0000;11593 | 11634;Cargo - Presidente da República | Direito de Resposta;REQUERENTE: FLAVIO NANTES BOLSONARO;REQUERIDA: COLIGAÇÃO BRASIL PRONTO PRA MAIS | REQUERIDO: LUIZ INACIO LULA DA SILVA;;1;2026-09-11;2026-09-11;0;1;1
01/10/2026;06:01:26;2026;0601931-72.2026.6.00.0000;09/09/2026;#NULO#;DF;3;DF;3;09/09/2026;S;Por sorteio;202679;NUNES MARQUES;60;Juíz Auxiliar;12625;DR;DIREITO DE RESPOSTA;11634;Cargo - Presidente da República;0;1;30/09/2026;Decisão;https://consultaunificadapje.tse.jus.br/#/public/resultado/0601931-72.2026.6.00.0000;11593 | 11634;Cargo - Presidente da República | Direito de Resposta;REQUERENTE: FLAVIO NANTES BOLSONARO;REQUERIDA: COLIGAÇÃO BRASIL PRONTO PRA MAIS | REQUERIDO: LUIZ INACIO LULA DA SILVA;;1;2026-09-30;2026-09-30;0;1;1
01/10/2026;06:01:26;2026;0601933-42.2026.6.00.0000;10/09/2026;#NULO#;DF;3;DF;3;10/09/2026;S;Por sorteio;223256;ANDRÉ MENDONÇA;14;Ministro;12134;TutCautAnt;TUTELA CAUTELAR ANTECEDENTE;11616;Impugnação ao Registro de Candidatura;0;2;12/09/2026;Decisão;https://consultaunificadapje.tse.jus.br/#/public/resultado/0601933-42.2026.6.00.0000;11613 | 11616 | 11630;Cargo - Deputado Estadual | Impugnação ao Registro de Candidatura | Nome do Candidato - Variação Nominal;REQUERENTE: GIOVANNI GIUDICE CALDERON;REQUERIDA: ANDREA VIEGAS BUENO | REQUERIDO: TEONILIO MONTEIRO DA COSTA;;1;2026-09-12;2026-09-12;0;0;0
01/10/2026;06:01:26;2026;0601937-79.2026.6.00.0000;10/09/2026;#NULO#;DF;3;DF;3;10/09/2026;S;Por sorteio;350140;ESTELA ARANHA;59;Juíz Auxiliar;12625;DR;DIREITO DE RESPOSTA;11593;Direito de Resposta;0;1;11/09/2026;Decisão;https://consultaunificadapje.tse.jus.br/#/public/resultado/0601937-79.2026.6.00.0000;11593 | 11634;Cargo - Presidente da República | Direito de Resposta;REQUERENTE: COLIGAÇÃO BRASIL PRONTO PRA MAIS;REQUERIDO: ELEICAO 2026 FLAVIO NANTES BOLSONARO PRESIDENTE | REQUERIDO: FLAVIO NANTES BOLSONARO | REQUERIDO: PARTIDO LIBERAL (PL) - NACIONAL;;1;2026-09-11;2026-09-11;0;1;1
01/10/2026;06:01:26;2026;0601943-86.2026.6.00.0000;10/09/2026;#NULO#;DF;3;DF;3;10/09/2026;S;Por sorteio;350140;ESTELA ARANHA;59;Juíz Auxiliar;11541;Rp;REPRESENTAÇÃO;12635;Propaganda Política - Propaganda Eleitoral - Divulgação de Notícia  Sabidamente Falsa;0;1;11/09/2026;Decisão;https://consultaunificadapje.tse.jus.br/#/public/resultado/0601943-86.2026.6.00.0000;11634 | 11641 | 11671 | 12635;Cargo - Presidente da República | Cargo - Vice-Presidente da República | Propaganda Política - Propaganda Eleitoral - Divulgação de Notícia  Sabidamente Falsa | Propaganda Política - Propaganda Eleitoral - Horário Eleitoral Gratuito/Inserções de Propaganda;REPRESENTANTE: FLAVIO NANTES BOLSONARO;REPRESENTADA: COLIGAÇÃO BRASIL PRONTO PRA MAIS | REPRESENTADO: GERALDO JOSE RODRIGUES ALCKMIN FILHO | REPRESENTADO: LUIZ INACIO LULA DA SILVA;;1;2026-09-11;2026-09-11;1;0;1
01/10/2026;06:01:26;2026;0601944-71.2026.6.00.0000;10/09/2026;#NULO#;DF;3;DF;3;10/09/2026;S;Por sorteio;350140;ESTELA ARANHA;59;Juíz Auxiliar;12625;DR;DIREITO DE RESPOSTA;11593;Direito de Resposta;0;1;11/09/2026;Decisão;https://consultaunificadapje.tse.jus.br/#/public/resultado/0601944-71.2026.6.00.0000;11593 | 11634;Cargo - Presidente da República | Direito de Resposta;REQUERENTE: FLAVIO NANTES BOLSONARO;REQUERIDA: COLIGAÇÃO BRASIL PRONTO PRA MAIS | REQUERIDO: LUIZ INACIO LULA DA SILVA;;1;2026-09-11;2026-09-11;0;1;1
01/10/2026;06:01:26;2026;0601947-26.2026.6.00.0000;10/09/2026;#NULO#;DF;3;DF;3;10/09/2026;S;Por sorteio;350140;ESTELA ARANHA;59;Juíz Auxiliar;12625;DR;DIREITO DE RESPOSTA;11593;Direito de Resposta;0;1;11/09/2026;Decisão;https://consultaunificadapje.tse.jus.br/#/public/resultado/0601947-26.2026.6.00.0000;11593 | 11634;Cargo - Presidente da República | Direito de Resposta;REQUERENTE: FLAVIO NANTES BOLSONARO;REQUERIDA: COLIGAÇÃO BRASIL PRONTO PRA MAIS | REQUERIDO: LUIZ INACIO LULA DA SILVA;;1;2026-09-11;2026-09-11;0;1;1
01/10/2026;06:01:26;2026;0601949-93.2026.6.00.0000;10/09/2026;20/09/2026;DF;3;DF;3;10/09/2026;S;Por sorteio;6276;DIAS TOFFOLI;3;Ministro;12134;TutCautAnt;TUTELA CAUTELAR ANTECEDENTE;11616;Impugnação ao Registro de Candidatura;0;1;16/09/2026;Decisão;https://consultaunificadapje.tse.jus.br/#/public/resultado/0601949-93.2026.6.00.0000;11600 | 11616 | 11630;Cargo - Deputado Estadual | Impugnação ao Registro de Candidatura | Inelegibilidade - Desincompatibilização;REQUERENTE: RAFAEL MARRA E SILVA;REQUERIDO: RANNIERI CAVALCANTI LOPES;;1;2026-09-16;2026-09-16;0;0;0
01/10/2026;06:01:26;2026;0601951-63.2026.6.00.0000;11/09/2026;#NULO#;DF;3;DF;3;11/09/2026;S;Por sorteio;6276;DIAS TOFFOLI;3;Ministro;12134;TutCautAnt;TUTELA CAUTELAR ANTECEDENTE;11637;Cargo - Senador;0;1;17/09/2026;Decisão;https://consultaunificadapje.tse.jus.br/#/public/resultado/0601951-63.2026.6.00.0000;11618 | 11637 | 11778;Cargo - Senador | Registro de Candidatura - RRC - Candidato | Requerimento;REQUERENTE: WALTER CORREIA DE BRITO NETO;REQUERIDO: PARTIDO NOVO (NOVO) - ESTADUAL;LITISCONSORTE: PARTIDO NOVO (NOVO) - NACIONAL;1;2026-09-17;2026-09-17;0;0;0
01/10/2026;06:01:26;2026;0601953-33.2026.6.00.0000;11/09/2026;24/09/2026;DF;3;DF;3;11/09/2026;S;Por sorteio;233218;FLORIANO DE AZEVEDO MARQUES;13;Ministro;120;MSCiv;MANDADO DE SEGURANÇA CÍVEL;60018;Mandado de Segurança;0;1;17/09/2026;Decisão;https://consultaunificadapje.tse.jus.br/#/public/resultado/0601953-33.2026.6.00.0000;11778 | 60018;Mandado de Segurança | Requerimento;;AUTORIDADE COATORA: MINISTRO ANTÔNIO CARLOS FERREIRA | AUTORIDADE: ANTÔNIO CARLOS FERREIRA;;1;2026-09-17;2026-09-17;0;0;0
01/10/2026;06:01:26;2026;0601956-85.2026.6.00.0000;11/09/2026;#NULO#;DF;3;DF;3;11/09/2026;S;Por sorteio;285510;ANTONIO CARLOS FERREIRA;42;Ministro;11527;AIJE;AÇÃO DE INVESTIGAÇÃO JUDICIAL ELEITORAL;11720;Abuso - Uso Indevido de Meio de Comunicação Social;0;1;19/09/2026;Decisão;https://consultaunificadapje.tse.jus.br/#/public/resultado/0601956-85.2026.6.00.0000;11634 | 11720;Abuso - Uso Indevido de Meio de Comunicação Social | Cargo - Presidente da República;REPRESENTANTE: ELEICAO 2026 LEONARDO JOSE DO PATROCINIO ARAGAO DOS SANTOS LAU DEPUTADO ESTADUAL;REPRESENTADO: PABLO HENRIQUE COSTA MARCAL;;1;2026-09-19;2026-09-19;0;0;0
01/10/2026;06:01:26;2026;0601959-40.2026.6.00.0000;11/09/2026;#NULO#;DF;3;DF;3;11/09/2026;S;Por sorteio;202679;NUNES MARQUES;78;Ministro;1298;PA;PROCESSO ADMINISTRATIVO;11563;Afastamento de Magistrado;0;1;22/09/2026;Acórdão;https://consultaunificadapje.tse.jus.br/#/public/resultado/0601959-40.2026.6.00.0000;11563;Afastamento de Magistrado;INTERESSADO: TRIBUNAL REGIONAL ELEITORAL DA BAHIA;;;1;2026-09-22;2026-09-22;0;0;0
01/10/2026;06:01:26;2026;0601962-92.2026.6.00.0000;11/09/2026;#NULO#;DF;3;DF;3;11/09/2026;S;Por sorteio;202679;NUNES MARQUES;60;Juíz Auxiliar;11541;Rp;REPRESENTAÇÃO;11662;Propaganda Política - Propaganda Eleitoral - Comício/Showmício;0;1;28/09/2026;Decisão;https://consultaunificadapje.tse.jus.br/#/public/resultado/0601962-92.2026.6.00.0000;11634 | 11641 | 11662 | 11678 | 11679 | 11680 | 12637;Cargo - Presidente da República | Cargo - Vice-Presidente da República | Propaganda Política - Propaganda Eleitoral - Comício/Showmício | Propaganda Política - Propaganda Eleitoral - Inobservância do Limite Legal | Propaganda Política - Propaganda Eleitoral - Internet | Propaganda Política - Propaganda Eleitoral - Omissão de Informações Obrigatórias | Propaganda Política - Propaganda Eleitoral - Redes Sociais;REPRESENTANTE: FLAVIO NANTES BOLSONARO;REPRESENTADA: COLIGAÇÃO BRASIL PRONTO PRA MAIS | REPRESENTADO: GERALDO JOSE RODRIGUES ALCKMIN FILHO | REPRESENTADO: LUIZ INACIO LULA DA SILVA;;1;2026-09-28;2026-09-28;1;0;1
01/10/2026;06:01:26;2026;0601977-61.2026.6.00.0000;12/09/2026;23/09/2026;DF;3;DF;3;12/09/2026;S;Por sorteio;6276;DIAS TOFFOLI;3;Ministro;11541;Rp;REPRESENTAÇÃO;15591;Fundo Especial de Financiamento de Campanha (FEFC);0;1;16/09/2026;Decisão;https://consultaunificadapje.tse.jus.br/#/public/resultado/0601977-61.2026.6.00.0000;11630 | 15591;Cargo - Deputado Estadual | Fundo Especial de Financiamento de Campanha (FEFC);;REPRESENTADO: REPUBLICANOS (REPUBLICANOS) - NACIONAL;;1;2026-09-16;2026-09-16;0;0;0
01/10/2026;06:01:26;2026;0601979-31.2026.6.00.0000;12/09/2026;#NULO#;DF;3;DF;3;12/09/2026;S;Por sorteio;350140;ESTELA ARANHA;7;Ministro;12135;TutAntAnt;TUTELA ANTECIPADA ANTECEDENTE;11655;Propaganda Política - Propaganda Eleitoral - Banner/Cartaz/Faixa;0;1;15/09/2026;Decisão;https://consultaunificadapje.tse.jus.br/#/public/resultado/0601979-31.2026.6.00.0000;11630 | 11655 | 11658 | 60022;Cargo - Deputado Estadual | Propaganda Política - Propaganda Eleitoral - Banner/Cartaz/Faixa | Propaganda Política - Propaganda Eleitoral - Bem Público | Representação;REQUERENTE: MARIA EDUARDA ALENCAR HIDALGO;REQUERIDO: LUCAS DIEZ BOVE;;1;2026-09-15;2026-09-15;1;0;1
01/10/2026;06:01:26;2026;0601986-23.2026.6.00.0000;12/09/2026;18/09/2026;DF;3;DF;3;14/09/2026;S;Por sorteio;350140;ESTELA ARANHA;7;Ministro;12134;TutCautAnt;TUTELA CAUTELAR ANTECEDENTE;11598;Inelegibilidade - Condenação Criminal por órgão colegiado ou Transitada em Julgado;0;1;14/09/2026;Decisão;https://consultaunificadapje.tse.jus.br/#/public/resultado/0601986-23.2026.6.00.0000;11598 | 11616 | 11635;Cargo - Primeiro Suplente de Senador | Impugnação ao Registro de Candidatura | Inelegibilidade - Condenação Criminal por órgão colegiado ou Transitada em Julgado;REQUERENTE: COLIGAÇÃO JUNTOS PARA A PARAÍBA DAR O PRÓXIMO PASSO;REQUERIDO: TRIBUNAL REGIONAL ELEITORAL DA PARAÍBA;;1;2026-09-14;2026-09-14;0;0;0
01/10/2026;06:01:26;2026;0602011-36.2026.6.00.0000;13/09/2026;#NULO#;DF;3;DF;3;13/09/2026;S;Por sorteio;202679;NUNES MARQUES;60;Juíz Auxiliar;11541;Rp;REPRESENTAÇÃO;15429;Propaganda Política - Propaganda Eleitoral - Uso de Inteligência Artificial;0;1;26/09/2026;Decisão;https://consultaunificadapje.tse.jus.br/#/public/resultado/0602011-36.2026.6.00.0000;11634 | 11679 | 12637 | 15429;Cargo - Presidente da República | Propaganda Política - Propaganda Eleitoral - Internet | Propaganda Política - Propaganda Eleitoral - Redes Sociais | Propaganda Política - Propaganda Eleitoral - Uso de Inteligência Artificial;REPRESENTANTE: FLAVIO NANTES BOLSONARO;REPRESENTADA: CIDYA MARA | REPRESENTADA: Cídya Mara - Responsável pelo perfil verificado @arc_maiana | REPRESENTADA: Responsável pelo perfil @arc_maiana no X;;1;2026-09-26;2026-09-26;1;0;1
01/10/2026;06:01:26;2026;0602025-20.2026.6.00.0000;14/09/2026;#NULO#;DF;3;DF;3;14/09/2026;S;Por sorteio;223256;ANDRÉ MENDONÇA;72;Juiz Auxiliar;11541;Rp;REPRESENTAÇÃO;12638;Propaganda Política - Propaganda Eleitoral - Impulsionamento;0;2;25/09/2026;Decisão;https://consultaunificadapje.tse.jus.br/#/public/resultado/0602025-20.2026.6.00.0000;11634 | 11679 | 12637 | 12638;Cargo - Presidente da República | Propaganda Política - Propaganda Eleitoral - Impulsionamento | Propaganda Política - Propaganda Eleitoral - Internet | Propaganda Política - Propaganda Eleitoral - Redes Sociais;REPRESENTANTE: FLAVIO NANTES BOLSONARO;REPRESENTADA: COLIGAÇÃO BRASIL PRONTO PRA MAIS | REPRESENTADO: LUIZ INACIO LULA DA SILVA;;1;2026-09-25;2026-09-25;1;0;1
01/10/2026;06:01:26;2026;0602026-05.2026.6.00.0000;14/09/2026;#NULO#;DF;3;DF;3;14/09/2026;S;Por sorteio;202679;NUNES MARQUES;78;Ministro;1298;PA;PROCESSO ADMINISTRATIVO;11573;Requisição de Força Federal;0;1;26/09/2026;Acórdão;https://consultaunificadapje.tse.jus.br/#/public/resultado/0602026-05.2026.6.00.0000;11573;Requisição de Força Federal;INTERESSADO: TRIBUNAL REGIONAL ELEITORAL DO PARA;;;1;2026-09-26;2026-09-26;0;0;0
01/10/2026;06:01:26;2026;0602027-87.2026.6.00.0000;14/09/2026;#NULO#;DF;3;DF;3;14/09/2026;S;Por sorteio;301846;RICARDO VILLAS BÔAS CUEVA;4;Ministro;272;RpCrNotCrim;REPRESENTAÇÃO CRIMINAL/NOTÍCIA DE CRIME;11473;Falsidade Ideológica;0;1;14/09/2026;Decisão;https://consultaunificadapje.tse.jus.br/#/public/resultado/0602027-87.2026.6.00.0000;11473;Falsidade Ideológica;REPRESENTANTE: PARTIDO MISSÃO (MISSÃO) - NACIONAL | REPRESENTANTE: RENAN ANTONIO FERREIRA DOS SANTOS;LITISCONSORTE: PERFIL RENAN SANTOS 14 | LITISCONSORTE: Responsável pelo perfil @Renan-Santos-14 no Facebook | REPRESENTADO: Responsável pelo perfil Renan-Santos-14 no Facebook;;1;2026-09-14;2026-09-14;0;0;0
01/10/2026;06:01:26;2026;0602028-72.2026.6.00.0000;14/09/2026;#NULO#;DF;3;DF;3;14/09/2026;S;Por sorteio;223256;ANDRÉ MENDONÇA;72;Juiz Auxiliar;11541;Rp;REPRESENTAÇÃO;12637;Propaganda Política - Propaganda Eleitoral - Redes Sociais;0;4;29/09/2026;Despacho;https://consultaunificadapje.tse.jus.br/#/public/resultado/0602028-72.2026.6.00.0000;11679 | 11683 | 12637 | 15429;Propaganda Política - Propaganda Eleitoral - Internet | Propaganda Política - Propaganda Eleitoral - Redes Sociais | Propaganda Política - Propaganda Eleitoral - Truncagem, Montagem, Utilização de Gravação Externa, Computação Gráfica, Desenho Animado ou Efeito Especial | Propaganda Política - Propaganda Eleitoral - Uso de Inteligência Artificial;REPRESENTANTE: COLIGAÇÃO BRASIL PRONTO PRA MAIS;"REPRESENTADO: Responsável pelo perfil @paginaestudo no X | REPRESENTADO: responsável(is) pelo(s) perfl(is) e/ou página ""Página Seriamente Estudada"", na rede social X1, @paginaestudo";;1;2026-09-16;2026-09-16;1;0;1
01/10/2026;06:01:26;2026;0602031-27.2026.6.00.0000;14/09/2026;#NULO#;DF;3;DF;3;14/09/2026;S;Por sorteio;223256;ANDRÉ MENDONÇA;72;Juiz Auxiliar;11541;Rp;REPRESENTAÇÃO;11679;Propaganda Política - Propaganda Eleitoral - Internet;0;1;16/09/2026;Decisão;https://consultaunificadapje.tse.jus.br/#/public/resultado/0602031-27.2026.6.00.0000;11679 | 12637 | 15429;Propaganda Política - Propaganda Eleitoral - Internet | Propaganda Política - Propaganda Eleitoral - Redes Sociais | Propaganda Política - Propaganda Eleitoral - Uso de Inteligência Artificial;REPRESENTANTE: COLIGAÇÃO BRASIL PRONTO PRA MAIS;REPRESENTADO: ARTHUR MOLEDO DO VAL | REPRESENTADO: AUGUSTO ZACARIAS CORREA LEITE | REPRESENTADO: SERGIO RENATO DA SILVA JUNIOR;;1;2026-09-16;2026-09-16;1;0;1
01/10/2026;06:01:26;2026;0602034-79.2026.6.00.0000;14/09/2026;#NULO#;DF;3;DF;3;29/09/2026;S;Por sorteio;349772;SEBASTIÃO REIS JUNIOR;11;Ministro;12134;TutCautAnt;TUTELA CAUTELAR ANTECEDENTE;12635;Propaganda Política - Propaganda Eleitoral - Divulgação de Notícia  Sabidamente Falsa;0;1;19/09/2026;Decisão;https://consultaunificadapje.tse.jus.br/#/public/resultado/0602034-79.2026.6.00.0000;11632 | 12635 | 12637 | 15429 | 15524 | 60022;Cargo - Governador | Propaganda Política - Propaganda Eleitoral - Deep Fake | Propaganda Política - Propaganda Eleitoral - Divulgação de Notícia  Sabidamente Falsa | Propaganda Política - Propaganda Eleitoral - Redes Sociais | Propaganda Política - Propaganda Eleitoral - Uso de Inteligência Artificial | Representação;REQUERENTE: .COLIGAÇÃO A MUDANÇA CONTINUA;REQUERIDO: JEFFREY CHIQUINI DA COSTA | REQUERIDO: PRESIDENTE DO TRIBUNAL REGIONAL ELEITORAL DO PARANA1 | REQUERIDO: SERGIO FERNANDO MORO;;1;2026-09-19;2026-09-19;1;0;1
01/10/2026;06:01:26;2026;0602037-34.2026.6.00.0000;14/09/2026;#NULO#;DF;3;DF;3;14/09/2026;S;Por sorteio;6276;DIAS TOFFOLI;3;Ministro;12134;TutCautAnt;TUTELA CAUTELAR ANTECEDENTE;11778;Requerimento;0;1;16/09/2026;Decisão;https://consultaunificadapje.tse.jus.br/#/public/resultado/0602037-34.2026.6.00.0000;11632 | 11778 | 60022;Cargo - Governador | Representação | Requerimento;REQUERENTE: COLIGAÇÃO CORAGEM PARA MUDAR | REQUERENTE: COLIGAÇÃO CORAGEM PARA MUDAR, integrada por PDT/PSB/Federação Brasil da Esperança - FE Brasil (PT/PCdoB/PV)/Federação PSOL REDE (PSOL/REDE) | REQUERENTE: GELSON LUIZ MERISIO;REQUERIDO: NC COMUNICACOES SA;;1;2026-09-16;2026-09-16;0;0;0
01/10/2026;06:01:26;2026;0602041-71.2026.6.00.0000;15/09/2026;#NULO#;DF;3;DF;3;15/09/2026;S;Por sorteio;202679;NUNES MARQUES;60;Juíz Auxiliar;11541;Rp;REPRESENTAÇÃO;11651;Pesquisa Eleitoral - Registro de Pesquisa Eleitoral;0;1;28/09/2026;Decisão;https://consultaunificadapje.tse.jus.br/#/public/resultado/0602041-71.2026.6.00.0000;11651;Pesquisa Eleitoral - Registro de Pesquisa Eleitoral;REPRESENTANTE: MOBILIZAÇÃO NACIONAL (MOBILIZA) - ESTADUAL;REPRESENTADO: DMP PESQUISA E EVENTOS LTDA;;1;2026-09-28;2026-09-28;0;0;0
01/10/2026;06:01:26;2026;0602043-41.2026.6.00.0000;15/09/2026;16/09/2026;DF;3;DF;3;15/09/2026;S;Por sorteio;301846;RICARDO VILLAS BÔAS CUEVA;4;Ministro;12134;TutCautAnt;TUTELA CAUTELAR ANTECEDENTE;11632;Cargo - Governador;0;1;16/09/2026;Decisão;https://consultaunificadapje.tse.jus.br/#/public/resultado/0602043-41.2026.6.00.0000;11618 | 11632 | 11645;Cargo - Governador | Eleições - Eleição Majoritária | Registro de Candidatura - RRC - Candidato;REQUERENTE: GUSTAVO HENRIQUE LEITE FEIJO;REQUERIDA: COLIGAÇÃO A FORÇA DA FÉ | REQUERIDO: ELIZEU MORAIS DE AGUIAR;;1;2026-09-16;2026-09-16;0;0;0
01/10/2026;06:01:26;2026;0602044-26.2026.6.00.0000;15/09/2026;#NULO#;DF;3;DF;3;15/09/2026;S;Por sorteio;223256;ANDRÉ MENDONÇA;14;Ministro;12134;TutCautAnt;TUTELA CAUTELAR ANTECEDENTE;11618;Registro de Candidatura - RRC - Candidato;0;1;16/09/2026;Decisão;https://consultaunificadapje.tse.jus.br/#/public/resultado/0602044-26.2026.6.00.0000;11613 | 11618 | 11631;Cargo - Deputado Federal | Nome do Candidato - Variação Nominal | Registro de Candidatura - RRC - Candidato;REQUERENTE: JAIR DE FIGUEIREDO MONTE JUNIOR;;;1;2026-09-16;2026-09-16;0;0;0
01/10/2026;06:01:26;2026;0602045-11.2026.6.00.0000;15/09/2026;#NULO#;DF;3;DF;3;15/09/2026;S;Por sorteio;285510;ANTONIO CARLOS FERREIRA;42;Ministro;11527;AIJE;AÇÃO DE INVESTIGAÇÃO JUDICIAL ELEITORAL;11719;Abuso - De Poder Político/Autoridade;0;1;19/09/2026;Decisão;https://consultaunificadapje.tse.jus.br/#/public/resultado/0602045-11.2026.6.00.0000;11718 | 11719;Abuso - De Poder Econômico | Abuso - De Poder Político/Autoridade;REPRESENTANTE: RODRIGO PIRES FERREIRA LAGO;REPRESENTADA: ALINE RIBEIRO DUAILIBE BARROS | REPRESENTADA: ANELIZE LENZI RUAS DE ALMEIDA | REPRESENTADA: TARCIANA PAULA GOMES MEDEIROS | REPRESENTADO: CARLOS ORLEANS BRANDAO JUNIOR | REPRESENTADO: DANIEL ITAPARY BRANDAO | REPRESENTADO: DARIO CARNEVALLI DURIGAN | REPRESENTADO: DAVID REBELO ATHAYDE | REPRESENTADO: MAX WENDELL REBOUCAS DA COSTA | REPRESENTADO: VINICIUS CESAR FERRO CASTRO;;1;2026-09-19;2026-09-19;0;0;0
01/10/2026;06:01:26;2026;0602055-55.2026.6.00.0000;16/09/2026;#NULO#;DF;3;DF;3;30/09/2026;S;Por sorteio;223256;ANDRÉ MENDONÇA;14;Ministro;12134;TutCautAnt;TUTELA CAUTELAR ANTECEDENTE;11778;Requerimento;0;5;29/09/2026;Despacho;https://consultaunificadapje.tse.jus.br/#/public/resultado/0602055-55.2026.6.00.0000;11632 | 11637 | 11639 | 11778 | 15146;Cargo - Governador | Cargo - Senador | Cargo - Vice-Governador | Dissidência Partidária ou Federativa | Requerimento;REQUERENTE: PROGRESSISTAS (PP) - ESTADUAL | REQUERENTE: UNIÃO BRASIL (UNIÃO) - ESTADUAL;REQUERIDA: COLIGAÇÃO UNIR PARA MUDAR | REQUERIDA: FEDERAÇÃO UNIÃO PROGRESSISTA - ESTADUAL / CE | REQUERIDO: CIRO FERREIRA GOMES | REQUERIDO: FEDERAÇÃO UNIÃO PROGRESSISTA - NACIONAL | REQUERIDO: ROBERTO CLAUDIO RODRIGUES BEZERRA | REQUERIDO: WAGNER SOUSA GOMES;;1;2026-09-28;2026-09-28;0;0;0
01/10/2026;06:01:26;2026;0602057-25.2026.6.00.0000;16/09/2026;23/09/2026;DF;3;DF;3;16/09/2026;S;Por sorteio;6276;DIAS TOFFOLI;3;Ministro;12134;TutCautAnt;TUTELA CAUTELAR ANTECEDENTE;11593;Direito de Resposta;0;1;17/09/2026;Decisão;https://consultaunificadapje.tse.jus.br/#/public/resultado/0602057-25.2026.6.00.0000;11593 | 11632;Cargo - Governador | Direito de Resposta;REQUERENTE: VALMIR DOS SANTOS COSTA;REQUERIDO: FABIO CRUZ MITIDIERI;;1;2026-09-17;2026-09-17;0;0;0
01/10/2026;06:01:26;2026;0602058-10.2026.6.00.0000;16/09/2026;#NULO#;DF;3;DF;3;16/09/2026;S;Por sorteio;301846;RICARDO VILLAS BÔAS CUEVA;4;Ministro;241;PetCiv;PETIÇÃO CÍVEL;15591;Fundo Especial de Financiamento de Campanha (FEFC);0;1;18/09/2026;Decisão;https://consultaunificadapje.tse.jus.br/#/public/resultado/0602058-10.2026.6.00.0000;11778 | 15591;Fundo Especial de Financiamento de Campanha (FEFC) | Requerimento;REQUERENTE: AGIR (AGIR) - ESTADUAL | REQUERENTE: CLOVIS FERREIRA DA COSTA | REQUERENTE: KARLO RODRIGO LÚCIO VIEIRA | REQUERENTE: MARIA SOCORRO BATISTA DA CRUZ | REQUERENTE: WENDELL BATISTA DOS SANTOS;REQUERIDO: AGIR (AGIR) - NACIONAL;;1;2026-09-18;2026-09-18;0;0;0
01/10/2026;06:01:26;2026;0602060-77.2026.6.00.0000;16/09/2026;#NULO#;DF;3;DF;3;29/09/2026;S;Por sorteio;349772;SEBASTIÃO REIS JUNIOR;11;Ministro;12134;TutCautAnt;TUTELA CAUTELAR ANTECEDENTE;11593;Direito de Resposta;0;2;23/09/2026;Despacho;https://consultaunificadapje.tse.jus.br/#/public/resultado/0602060-77.2026.6.00.0000;11593 | 11631;Cargo - Deputado Federal | Direito de Resposta;REQUERENTE: RR COMERCIO E SERVICOS LTDA | REQUERENTE: RUDIMAR RAMON DOS SANTOS;REQUERIDO: EVANDRO GONCALVES DA SILVA JUNIOR;;1;2026-09-19;2026-09-19;0;0;0
01/10/2026;06:01:26;2026;0602061-62.2026.6.00.0000;16/09/2026;20/09/2026;DF;3;DF;3;16/09/2026;S;Por sorteio;223256;ANDRÉ MENDONÇA;72;Juiz Auxiliar;11541;Rp;REPRESENTAÇÃO;11651;Pesquisa Eleitoral - Registro de Pesquisa Eleitoral;0;1;17/09/2026;Decisão;https://consultaunificadapje.tse.jus.br/#/public/resultado/0602061-62.2026.6.00.0000;11651;Pesquisa Eleitoral - Registro de Pesquisa Eleitoral;REPRESENTANTE: MOBILIZAÇÃO NACIONAL (MOBILIZA) - ESTADUAL;REPRESENTADA: DMP PESQUISA E EVENTOS LTDA;;1;2026-09-17;2026-09-17;0;0;0
01/10/2026;06:01:26;2026;0602062-47.2026.6.00.0000;16/09/2026;#NULO#;DF;3;DF;3;16/09/2026;S;Por sorteio;202679;NUNES MARQUES;60;Juíz Auxiliar;12625;DR;DIREITO DE RESPOSTA;11593;Direito de Resposta;0;1;28/09/2026;Decisão;https://consultaunificadapje.tse.jus.br/#/public/resultado/0602062-47.2026.6.00.0000;11593 | 11634;Cargo - Presidente da República | Direito de Resposta;REQUERENTE: COLIGAÇÃO BRASIL PRONTO PRA MAIS;REQUERIDO: FLAVIO NANTES BOLSONARO | REQUERIDO: PARTIDO LIBERAL (PL) - NACIONAL;;1;2026-09-28;2026-09-28;0;1;1
01/10/2026;06:01:26;2026;0602072-91.2026.6.00.0000;17/09/2026;26/09/2026;DF;3;DF;3;17/09/2026;S;Por sorteio;223256;ANDRÉ MENDONÇA;72;Juiz Auxiliar;12630;RepEsp;REPRESENTAÇÃO ESPECIAL;12063;Conduta Vedada ao Agente Público;0;1;17/09/2026;Decisão;https://consultaunificadapje.tse.jus.br/#/public/resultado/0602072-91.2026.6.00.0000;11634 | 12063;Cargo - Presidente da República | Conduta Vedada ao Agente Público;REPRESENTANTE: MARCOS ANTONIO PEREIRA GOMES;REPRESENTADO: LUIZ INÁCIO LULA DA SILVA;;1;2026-09-17;2026-09-17;0;0;0
01/10/2026;06:01:26;2026;0602073-76.2026.6.00.0000;17/09/2026;26/09/2026;DF;3;DF;3;17/09/2026;S;Por sorteio;285510;ANTONIO CARLOS FERREIRA;42;Ministro;11527;AIJE;AÇÃO DE INVESTIGAÇÃO JUDICIAL ELEITORAL;11718;Abuso - De Poder Econômico;0;1;19/09/2026;Decisão;https://consultaunificadapje.tse.jus.br/#/public/resultado/0602073-76.2026.6.00.0000;11634 | 11718;Abuso - De Poder Econômico | Cargo - Presidente da República;REPRESENTANTE: LUCIENE CAVALCANTE DA SILVA;REPRESENTADO: FLAVIO NANTES BOLSONARO | REPRESENTADO: WILLER TOMAZ;;1;2026-09-19;2026-09-19;0;0;0
01/10/2026;06:01:26;2026;0602075-46.2026.6.00.0000;17/09/2026;#NULO#;DF;3;DF;3;17/09/2026;S;Por sorteio;223256;ANDRÉ MENDONÇA;14;Ministro;120;MSCiv;MANDADO DE SEGURANÇA CÍVEL;15591;Fundo Especial de Financiamento de Campanha (FEFC);0;2;25/09/2026;Decisão;https://consultaunificadapje.tse.jus.br/#/public/resultado/0602075-46.2026.6.00.0000;11631 | 15591;Cargo - Deputado Federal | Fundo Especial de Financiamento de Campanha (FEFC);;IMPETRADO: MOVIMENTO DEMOCRÁTICO BRASILEIRO (MDB) - NACIONAL;;2;2026-09-18;2026-09-25;0;0;0
01/10/2026;06:01:26;2026;0602076-31.2026.6.00.0000;17/09/2026;#NULO#;DF;3;DF;3;17/09/2026;S;Por sorteio;6276;DIAS TOFFOLI;3;Ministro;12134;TutCautAnt;TUTELA CAUTELAR ANTECEDENTE;11679;Propaganda Política - Propaganda Eleitoral - Internet;0;2;28/09/2026;Decisão;https://consultaunificadapje.tse.jus.br/#/public/resultado/0602076-31.2026.6.00.0000;11637 | 11679 | 12635 | 12637 | 60022;Cargo - Senador | Propaganda Política - Propaganda Eleitoral - Divulgação de Notícia  Sabidamente Falsa | Propaganda Política - Propaganda Eleitoral - Internet | Propaganda Política - Propaganda Eleitoral - Redes Sociais | Representação;REQUERENTE: GLEISI HELENA HOFFMANN;REQUERIDO: FILIPE BARROS BAPTISTA DE TOLEDO RIBEIRO;;2;2026-09-21;2026-09-28;1;0;1
01/10/2026;06:01:26;2026;0602078-98.2026.6.00.0000;17/09/2026;#NULO#;DF;3;DF;3;17/09/2026;S;Por sorteio;233218;FLORIANO DE AZEVEDO MARQUES;13;Ministro;12134;TutCautAnt;TUTELA CAUTELAR ANTECEDENTE;11679;Propaganda Política - Propaganda Eleitoral - Internet;0;2;23/09/2026;Decisão;https://consultaunificadapje.tse.jus.br/#/public/resultado/0602078-98.2026.6.00.0000;11637 | 11679 | 12635 | 12637 | 60022;Cargo - Senador | Propaganda Política - Propaganda Eleitoral - Divulgação de Notícia  Sabidamente Falsa | Propaganda Política - Propaganda Eleitoral - Internet | Propaganda Política - Propaganda Eleitoral - Redes Sociais | Representação;REQUERENTE: GLEISI HELENA HOFFMANN;REQUERIDO: FILIPE BARROS BAPTISTA DE TOLEDO RIBEIRO;;1;2026-09-23;2026-09-23;1;0;1
01/10/2026;06:01:26;2026;0602080-68.2026.6.00.0000;17/09/2026;#NULO#;DF;3;DF;3;17/09/2026;S;Por sorteio;202679;NUNES MARQUES;60;Juíz Auxiliar;11541;Rp;REPRESENTAÇÃO;11634;Cargo - Presidente da República;0;1;28/09/2026;Decisão;https://consultaunificadapje.tse.jus.br/#/public/resultado/0602080-68.2026.6.00.0000;11634 | 11671 | 11675 | 12635;Cargo - Presidente da República | Propaganda Política - Propaganda Eleitoral - Divulgação de Notícia  Sabidamente Falsa | Propaganda Política - Propaganda Eleitoral - Horário Eleitoral Gratuito/Inserções de Propaganda | Propaganda Política - Propaganda Eleitoral - Televisão;REPRESENTANTE: FLAVIO NANTES BOLSONARO;REPRESENTADA: COLIGAÇÃO BRASIL PRONTO PRA MAIS | REPRESENTADO: GERALDO JOSE RODRIGUES ALCKMIN FILHO | REPRESENTADO: LUIZ INACIO LULA DA SILVA;;1;2026-09-28;2026-09-28;1;0;1
01/10/2026;06:01:26;2026;0602086-75.2026.6.00.0000;17/09/2026;#NULO#;DF;3;DF;3;18/09/2026;S;Por sorteio;202679;NUNES MARQUES;78;Ministro;241;PetCiv;PETIÇÃO CÍVEL;12362;Autorização de Divulgação de Publicidade Institucional;0;1;30/09/2026;Decisão;https://consultaunificadapje.tse.jus.br/#/public/resultado/0602086-75.2026.6.00.0000;12362;Autorização de Divulgação de Publicidade Institucional;REQUERENTE: SECRETARIA DE COMUNICAÇÃO SOCIAL DA PRESIDÊNCIA DA REPÚBLICA;;;1;2026-09-30;2026-09-30;0;0;0
01/10/2026;06:01:26;2026;0602087-60.2026.6.00.0000;17/09/2026;#NULO#;DF;3;DF;3;18/09/2026;S;Por sorteio;202679;NUNES MARQUES;78;Ministro;241;PetCiv;PETIÇÃO CÍVEL;12362;Autorização de Divulgação de Publicidade Institucional;0;1;30/09/2026;Decisão;https://consultaunificadapje.tse.jus.br/#/public/resultado/0602087-60.2026.6.00.0000;12362;Autorização de Divulgação de Publicidade Institucional;REQUERENTE: SECRETARIA DE COMUNICAÇÃO SOCIAL DA PRESIDÊNCIA DA REPÚBLICA;;;1;2026-09-30;2026-09-30;0;0;0
01/10/2026;06:01:26;2026;0602088-45.2026.6.00.0000;18/09/2026;#NULO#;DF;3;DF;3;18/09/2026;S;Por sorteio;202679;NUNES MARQUES;78;Ministro;241;PetCiv;PETIÇÃO CÍVEL;12362;Autorização de Divulgação de Publicidade Institucional;0;1;30/09/2026;Decisão;https://consultaunificadapje.tse.jus.br/#/public/resultado/0602088-45.2026.6.00.0000;12362;Autorização de Divulgação de Publicidade Institucional;REQUERENTE: SECRETARIA DE COMUNICAÇÃO SOCIAL DA PRESIDÊNCIA DA REPÚBLICA;;;1;2026-09-30;2026-09-30;0;0;0
01/10/2026;06:01:26;2026;0602090-15.2026.6.00.0000;18/09/2026;#NULO#;DF;3;DF;3;18/09/2026;S;Por sorteio;202679;NUNES MARQUES;78;Ministro;241;PetCiv;PETIÇÃO CÍVEL;12362;Autorização de Divulgação de Publicidade Institucional;0;1;30/09/2026;Decisão;https://consultaunificadapje.tse.jus.br/#/public/resultado/0602090-15.2026.6.00.0000;12362;Autorização de Divulgação de Publicidade Institucional;REQUERENTE: SECRETARIA DE COMUNICAÇÃO SOCIAL DA PRESIDÊNCIA DA REPÚBLICA;;;1;2026-09-30;2026-09-30;0;0;0
01/10/2026;06:01:26;2026;0602091-97.2026.6.00.0000;18/09/2026;#NULO#;DF;3;DF;3;18/09/2026;S;Por sorteio;301846;RICARDO VILLAS BÔAS CUEVA;4;Ministro;241;PetCiv;PETIÇÃO CÍVEL;15591;Fundo Especial de Financiamento de Campanha (FEFC);0;1;22/09/2026;Decisão;https://consultaunificadapje.tse.jus.br/#/public/resultado/0602091-97.2026.6.00.0000;15591;Fundo Especial de Financiamento de Campanha (FEFC);REQUERENTE: MARCIA TAPIGLIANI BAPTISTA;REQUERIDO: MOVIMENTO DEMOCRÁTICO BRASILEIRO (MDB) - NACIONAL;;1;2026-09-22;2026-09-22;0;0;0
01/10/2026;06:01:26;2026;0602099-74.2026.6.00.0000;18/09/2026;#NULO#;DF;3;DF;3;18/09/2026;S;Por sorteio;223256;ANDRÉ MENDONÇA;72;Juiz Auxiliar;12625;DR;DIREITO DE RESPOSTA;11593;Direito de Resposta;0;1;23/09/2026;Decisão;https://consultaunificadapje.tse.jus.br/#/public/resultado/0602099-74.2026.6.00.0000;11593;Direito de Resposta;REQUERENTE: COLIGAÇÃO BRASIL PRONTO PRA MAIS;REQUERIDO: FLAVIO NANTES BOLSONARO | REQUERIDO: PARTIDO LIBERAL (PL) - NACIONAL;;1;2026-09-23;2026-09-23;0;1;1
01/10/2026;06:01:26;2026;0602105-53.2026.6.19.0000;23/09/2026;29/09/2026;RJ;2;DF;3;23/09/2026;S;Por sorteio;6276;DIAS TOFFOLI;3;Ministro;11550;RO-El;RECURSO ORDINÁRIO ELEITORAL;15584;Notícia de Inelegibilidade;1;1;29/09/2026;Decisão;https://consultaunificadapje.tse.jus.br/#/public/resultado/0602105-53.2026.6.19.0000;11598 | 11631 | 15584;Cargo - Deputado Federal | Inelegibilidade - Condenação Criminal por órgão colegiado ou Transitada em Julgado | Notícia de Inelegibilidade;AGRAVANTE: MINISTERIO PUBLICO ELEITORAL | AGRAVANTE: PARTIDO DA MOBILIZAÇÃO NACIONAL (PMN) - ESTADUAL | REPRESENTANTE: Procuradoria Regional Eleitoral no Rio de Janeiro;AGRAVADO: PAULO SERGIO NUNES LOMENHA | RECORRIDO: Ministério Público Eleitoral;REPRESENTANTE: Procuradoria Regional Eleitoral no Rio de Janeiro | TERCEIRO INTERESSADO: Procuradoria Regional Eleitoral1.;1;2026-09-29;2026-09-29;0;0;0
01/10/2026;06:01:26;2026;0602109-21.2026.6.00.0000;18/09/2026;#NULO#;DF;3;DF;3;18/09/2026;S;Por sorteio;202679;NUNES MARQUES;60;Juíz Auxiliar;12625;DR;DIREITO DE RESPOSTA;11593;Direito de Resposta;0;1;28/09/2026;Decisão;https://consultaunificadapje.tse.jus.br/#/public/resultado/0602109-21.2026.6.00.0000;11593 | 11634;Cargo - Presidente da República | Direito de Resposta;REQUERENTE: COLIGAÇÃO BRASIL PRONTO PRA MAIS;REQUERIDO: FLAVIO NANTES BOLSONARO | REQUERIDO: PARTIDO LIBERAL (PL) - NACIONAL | REQUERIDO: VALDEMAR COSTA NETO;;1;2026-09-28;2026-09-28;0;1;1
01/10/2026;06:01:26;2026;0602111-88.2026.6.00.0000;18/09/2026;#NULO#;DF;3;DF;3;18/09/2026;S;Por sorteio;350140;ESTELA ARANHA;59;Juíz Auxiliar;12625;DR;DIREITO DE RESPOSTA;11593;Direito de Resposta;0;1;25/09/2026;Decisão;https://consultaunificadapje.tse.jus.br/#/public/resultado/0602111-88.2026.6.00.0000;11593;Direito de Resposta;REQUERENTE: COLIGAÇÃO BRASIL PRONTO PRA MAIS;REQUERIDO: PARTIDO LIBERAL (PL) - NACIONAL;;1;2026-09-25;2026-09-25;0;1;1
01/10/2026;06:01:26;2026;0602112-73.2026.6.00.0000;18/09/2026;#NULO#;DF;3;DF;3;18/09/2026;S;Por sorteio;6276;DIAS TOFFOLI;3;Ministro;12135;TutAntAnt;TUTELA ANTECIPADA ANTECEDENTE;11616;Impugnação ao Registro de Candidatura;0;2;28/09/2026;Decisão;https://consultaunificadapje.tse.jus.br/#/public/resultado/0602112-73.2026.6.00.0000;11613 | 11616 | 11637;Cargo - Senador | Impugnação ao Registro de Candidatura | Nome do Candidato - Variação Nominal;REQUERENTE: BRUNO SCHEID | REQUERENTE: ELEICAO 2026 BRUNO SCHEID SENADOR;REQUERIDA: Procuradoria Regional Eleitoral de Rondônia | REQUERIDO: Ministério Público Eleitoral;;2;2026-09-21;2026-09-28;0;0;0
01/10/2026;06:01:26;2026;0602114-43.2026.6.00.0000;18/09/2026;#NULO#;DF;3;DF;3;18/09/2026;S;Por sorteio;350140;ESTELA ARANHA;59;Juíz Auxiliar;12625;DR;DIREITO DE RESPOSTA;11593;Direito de Resposta;0;1;25/09/2026;Decisão;https://consultaunificadapje.tse.jus.br/#/public/resultado/0602114-43.2026.6.00.0000;11593 | 11634;Cargo - Presidente da República | Direito de Resposta;REQUERENTE: COLIGAÇÃO BRASIL PRONTO PRA MAIS;REQUERIDO: FLAVIO NANTES BOLSONARO | REQUERIDO: PARTIDO LIBERAL (PL) - NACIONAL;;1;2026-09-25;2026-09-25;0;1;1
01/10/2026;06:01:26;2026;0602117-95.2026.6.00.0000;18/09/2026;#NULO#;DF;3;DF;3;18/09/2026;S;Por sorteio;350140;ESTELA ARANHA;59;Juíz Auxiliar;12625;DR;DIREITO DE RESPOSTA;11593;Direito de Resposta;0;1;25/09/2026;Decisão;https://consultaunificadapje.tse.jus.br/#/public/resultado/0602117-95.2026.6.00.0000;11593 | 11634;Cargo - Presidente da República | Direito de Resposta;REQUERENTE: COLIGAÇÃO BRASIL PRONTO PRA MAIS;REQUERIDO: FLAVIO NANTES BOLSONARO | REQUERIDO: PARTIDO LIBERAL (PL) - NACIONAL;;1;2026-09-25;2026-09-25;0;1;1
01/10/2026;06:01:26;2026;0602126-57.2026.6.00.0000;18/09/2026;#NULO#;DF;3;DF;3;18/09/2026;S;Por sorteio;350140;ESTELA ARANHA;59;Juíz Auxiliar;11541;Rp;REPRESENTAÇÃO;15524;Propaganda Política - Propaganda Eleitoral - Deep Fake;0;1;25/09/2026;Decisão;https://consultaunificadapje.tse.jus.br/#/public/resultado/0602126-57.2026.6.00.0000;12637 | 15429 | 15524;Propaganda Política - Propaganda Eleitoral - Deep Fake | Propaganda Política - Propaganda Eleitoral - Redes Sociais | Propaganda Política - Propaganda Eleitoral - Uso de Inteligência Artificial;REPRESENTANTE: FLAVIO NANTES BOLSONARO;REPRESENTADO: AQUIAS SANTAREM MATOS SANTOS;;1;2026-09-25;2026-09-25;1;0;1
01/10/2026;06:01:26;2026;0602133-49.2026.6.00.0000;19/09/2026;29/09/2026;DF;3;DF;3;19/09/2026;S;Por sorteio;301846;RICARDO VILLAS BÔAS CUEVA;4;Ministro;120;MSCiv;MANDADO DE SEGURANÇA CÍVEL;15591;Fundo Especial de Financiamento de Campanha (FEFC);0;1;22/09/2026;Decisão;https://consultaunificadapje.tse.jus.br/#/public/resultado/0602133-49.2026.6.00.0000;11631 | 15591;Cargo - Deputado Federal | Fundo Especial de Financiamento de Campanha (FEFC);IMPETRANTE: RENATO DE ALMEIDA FREITAS JUNIOR | SOCIEDADE: QUEIROZ & ASSI SOCIEDADE DE ADVOGADOS;IMPETRADO: EDSON ANTONIO EDINHO DA SILVA | TERCEIRO INTERESSADO: PARTIDO DOS TRABALHADORES - PT;;1;2026-09-22;2026-09-22;0;0;0
01/10/2026;06:01:26;2026;0602134-34.2026.6.00.0000;19/09/2026;25/09/2026;DF;3;DF;3;19/09/2026;S;Por sorteio;285510;ANTONIO CARLOS FERREIRA;11;Ministro;120;MSCiv;MANDADO DE SEGURANÇA CÍVEL;11651;Pesquisa Eleitoral - Registro de Pesquisa Eleitoral;0;1;21/09/2026;Decisão;https://consultaunificadapje.tse.jus.br/#/public/resultado/0602134-34.2026.6.00.0000;11651 | 60022;Pesquisa Eleitoral - Registro de Pesquisa Eleitoral | Representação;IMPETRANTE: QUAEST PESQUISAS, CONSULTORIA E PROJETOS LTDA.;AUTORIDADE COATORA: PRESIDENTE DO TRIBUNAL REGIONAL ELEITORAL DO RIO GRANDE DO NORTE | IMPETRADA: JUIZ ELEITORAL LOURINALDO SILVESTRE DE LIMA FILHO | LITISCONSORTE: COLIGAÇÃO ESPERANÇA E TRABALHO | ÓRGÃO COATOR: TRIBUNAL REGIONAL ELEITORAL DO RIO GRANDE DO NORTE;;1;2026-09-21;2026-09-21;0;0;0
01/10/2026;06:01:26;2026;0602135-19.2026.6.00.0000;19/09/2026;26/09/2026;DF;3;DF;3;19/09/2026;S;Por sorteio;6276;DIAS TOFFOLI;3;Ministro;12134;TutCautAnt;TUTELA CAUTELAR ANTECEDENTE;11675;Propaganda Política - Propaganda Eleitoral - Televisão;0;1;21/09/2026;Decisão;https://consultaunificadapje.tse.jus.br/#/public/resultado/0602135-19.2026.6.00.0000;11632 | 11637 | 11675 | 12635 | 60022;Cargo - Governador | Cargo - Senador | Propaganda Política - Propaganda Eleitoral - Divulgação de Notícia  Sabidamente Falsa | Propaganda Política - Propaganda Eleitoral - Televisão | Representação;REQUERENTE: COLIGAÇÃO FORTALEZA PARANÁ | REQUERENTE: LUCAS ALVES DE LIMA BARROS DE GOES;REQUERIDA: COLIGAÇÃO A MUDANÇA CONTINUA | REQUERIDO: RAFAEL VALDOMIRO GRECA DE MACEDO | REQUERIDO: SANDRO ALEX CRUZ DE OLIVEIRA;;1;2026-09-21;2026-09-21;1;0;1
01/10/2026;06:01:26;2026;0602136-04.2026.6.00.0000;19/09/2026;26/09/2026;DF;3;DF;3;19/09/2026;S;Por sorteio;6276;DIAS TOFFOLI;3;Ministro;12134;TutCautAnt;TUTELA CAUTELAR ANTECEDENTE;11675;Propaganda Política - Propaganda Eleitoral - Televisão;0;1;21/09/2026;Decisão;https://consultaunificadapje.tse.jus.br/#/public/resultado/0602136-04.2026.6.00.0000;11632 | 11637 | 11675 | 12635 | 60022;Cargo - Governador | Cargo - Senador | Propaganda Política - Propaganda Eleitoral - Divulgação de Notícia  Sabidamente Falsa | Propaganda Política - Propaganda Eleitoral - Televisão | Representação;AUTOR: LUCAS ALVES DE LIMA BARROS DE GOES | REQUERENTE: COLIGAÇÃO FORTALEZA PARANÁ;REQUERIDA: COLIGAÇÃO A MUDANÇA CONTINUA | REQUERIDO: RAFAEL VALDOMIRO GRECA DE MACEDO | REQUERIDO: SANDRO ALEX CRUZ DE OLIVEIRA;;1;2026-09-21;2026-09-21;1;0;1
01/10/2026;06:01:26;2026;0602139-56.2026.6.00.0000;20/09/2026;#NULO#;DF;3;DF;3;20/09/2026;S;Por sorteio;350140;ESTELA ARANHA;59;Juíz Auxiliar;12625;DR;DIREITO DE RESPOSTA;11593;Direito de Resposta;0;1;25/09/2026;Decisão;https://consultaunificadapje.tse.jus.br/#/public/resultado/0602139-56.2026.6.00.0000;11593 | 11634;Cargo - Presidente da República | Direito de Resposta;REQUERENTE: FLAVIO NANTES BOLSONARO;REQUERIDA: S/A RADIO TUPI | REQUERIDO: LUIZ INACIO LULA DA SILVA;;1;2026-09-25;2026-09-25;0;1;1
01/10/2026;06:01:26;2026;0602140-41.2026.6.00.0000;20/09/2026;#NULO#;DF;3;DF;3;20/09/2026;S;Por sorteio;301846;RICARDO VILLAS BÔAS CUEVA;42;Ministro;11527;AIJE;AÇÃO DE INVESTIGAÇÃO JUDICIAL ELEITORAL;11718;Abuso - De Poder Econômico;0;4;27/09/2026;Despacho;https://consultaunificadapje.tse.jus.br/#/public/resultado/0602140-41.2026.6.00.0000;11631 | 11634 | 11641 | 11718 | 11719 | 11720;Abuso - De Poder Econômico | Abuso - De Poder Político/Autoridade | Abuso - Uso Indevido de Meio de Comunicação Social | Cargo - Deputado Federal | Cargo - Presidente da República | Cargo - Vice-Presidente da República;REPRESENTANTE: COLIGAÇÃO BRASIL PRONTO PRA MAIS;REPRESENTADO: ALFREDO GASPAR DE MENDONCA NETO | REPRESENTADO: FLAVIO NANTES BOLSONARO | REPRESENTADO: MARIO LUIS FRIAS;;1;2026-09-22;2026-09-22;0;0;0
01/10/2026;06:01:26;2026;0602144-78.2026.6.00.0000;20/09/2026;#NULO#;DF;3;DF;3;20/09/2026;S;Por sorteio;350140;ESTELA ARANHA;59;Juíz Auxiliar;11541;Rp;REPRESENTAÇÃO;11680;Propaganda Política - Propaganda Eleitoral - Omissão de Informações Obrigatórias;0;1;25/09/2026;Decisão;https://consultaunificadapje.tse.jus.br/#/public/resultado/0602144-78.2026.6.00.0000;11634 | 11675 | 11680;Cargo - Presidente da República | Propaganda Política - Propaganda Eleitoral - Omissão de Informações Obrigatórias | Propaganda Política - Propaganda Eleitoral - Televisão;REPRESENTANTE: COLIGAÇÃO BRASIL PRONTO PRA MAIS;REPRESENTADO: FLAVIO NANTES BOLSONARO | REPRESENTADO: PARTIDO LIBERAL (PL) - NACIONAL;;1;2026-09-25;2026-09-25;1;0;1
01/10/2026;06:01:26;2026;0602148-18.2026.6.00.0000;20/09/2026;#NULO#;DF;3;DF;3;22/09/2026;S;Por sorteio;202679;NUNES MARQUES;60;Juíz Auxiliar;12625;DR;DIREITO DE RESPOSTA;11593;Direito de Resposta;0;1;28/09/2026;Decisão;https://consultaunificadapje.tse.jus.br/#/public/resultado/0602148-18.2026.6.00.0000;11593 | 11634;Cargo - Presidente da República | Direito de Resposta;REQUERENTE: COLIGAÇÃO BRASIL PRONTO PRA MAIS;REQUERIDO: FLAVIO NANTES BOLSONARO | REQUERIDO: PARTIDO LIBERAL (PL) - NACIONAL;;1;2026-09-28;2026-09-28;0;1;1
01/10/2026;06:01:26;2026;0602153-40.2026.6.00.0000;21/09/2026;#NULO#;DF;3;DF;3;21/09/2026;S;Por sorteio;202679;NUNES MARQUES;78;Ministro;241;PetCiv;PETIÇÃO CÍVEL;12362;Autorização de Divulgação de Publicidade Institucional;0;1;30/09/2026;Decisão;https://consultaunificadapje.tse.jus.br/#/public/resultado/0602153-40.2026.6.00.0000;12362;Autorização de Divulgação de Publicidade Institucional;REQUERENTE: SECRETARIA DE COMUNICAÇÃO SOCIAL DA PRESIDÊNCIA DA REPÚBLICA | REQUERENTE: SECRETARIA ESPECIAL DE COMUNICACAO SOCIAL | REQUERENTE: SECRETARIA ESPECIAL DE COMUNICAÇÃO SOCIAL DA PRESIDÊNCIA DA REPÚBLICA;;;1;2026-09-30;2026-09-30;0;0;0
01/10/2026;06:01:26;2026;0602154-25.2026.6.00.0000;21/09/2026;#NULO#;DF;3;DF;3;21/09/2026;S;Por sorteio;202679;NUNES MARQUES;78;Ministro;241;PetCiv;PETIÇÃO CÍVEL;12362;Autorização de Divulgação de Publicidade Institucional;0;1;30/09/2026;Decisão;https://consultaunificadapje.tse.jus.br/#/public/resultado/0602154-25.2026.6.00.0000;12362;Autorização de Divulgação de Publicidade Institucional;REQUERENTE: SECRETARIA DE COMUNICAÇÃO SOCIAL DA PRESIDÊNCIA DA REPÚBLICA;;;1;2026-09-30;2026-09-30;0;0;0
01/10/2026;06:01:26;2026;0602155-10.2026.6.00.0000;21/09/2026;26/09/2026;DF;3;DF;3;21/09/2026;S;Por sorteio;223256;ANDRÉ MENDONÇA;14;Ministro;12134;TutCautAnt;TUTELA CAUTELAR ANTECEDENTE;11618;Registro de Candidatura - RRC - Candidato;0;1;22/09/2026;Decisão;https://consultaunificadapje.tse.jus.br/#/public/resultado/0602155-10.2026.6.00.0000;11591 | 11618 | 11631;Cargo - Deputado Federal | Condição de Elegibilidade - Pleno Exercício dos Direitos Políticos | Registro de Candidatura - RRC - Candidato;REQUERENTE: RENATO GARCIA DA SILVA;REQUERIDO: PRESIDENTE DO TRIBUNAL REGIONAL ELEITORAL DO RIO DE JANEIRO;;1;2026-09-22;2026-09-22;0;0;0
01/10/2026;06:01:26;2026;0602156-92.2026.6.00.0000;21/09/2026;#NULO#;DF;3;DF;3;21/09/2026;S;Por sorteio;301846;RICARDO VILLAS BÔAS CUEVA;4;Ministro;12134;TutCautAnt;TUTELA CAUTELAR ANTECEDENTE;11593;Direito de Resposta;0;2;23/09/2026;Decisão;https://consultaunificadapje.tse.jus.br/#/public/resultado/0602156-92.2026.6.00.0000;11593 | 11632;Cargo - Governador | Direito de Resposta;REQUERENTE: COLIGAÇÃO CEARÁ FORTE, DO LADO CERTO | REQUERENTE: Coligação CEARÁ FORTE, DO LADO CERTO [PSB/PDT/PODE/MOBILIZA/FEDERAÇÃO BRASIL DA ESPERANÇA - FE BRASIL(PT/PC do B/PV)/REPUBLICANOS/PSD/MDB/FEDERAÇÃO RENOVAÇÃO SOLIDÁRIA(25-PRD/77-SOLIDARIEDADE)/FEDERAÇÃO PSOL REDE(PSOL/REDE)] - CEARÁ;REQUERIDA: COLIGAÇÃO UNIR PARA MUDAR | REQUERIDO: CIRO FERREIRA GOMES | REQUERIDO: ELEICAO 2026 CIRO FERREIRA GOMES GOVERNADOR;;2;2026-09-22;2026-09-23;0;0;0
01/10/2026;06:01:26;2026;0602161-17.2026.6.00.0000;21/09/2026;#NULO#;DF;3;DF;3;21/09/2026;S;Por sorteio;350140;ESTELA ARANHA;59;Juíz Auxiliar;11541;Rp;REPRESENTAÇÃO;11671;Propaganda Política - Propaganda Eleitoral - Horário Eleitoral Gratuito/Inserções de Propaganda;0;1;25/09/2026;Decisão;https://consultaunificadapje.tse.jus.br/#/public/resultado/0602161-17.2026.6.00.0000;11634 | 11671 | 11675;Cargo - Presidente da República | Propaganda Política - Propaganda Eleitoral - Horário Eleitoral Gratuito/Inserções de Propaganda | Propaganda Política - Propaganda Eleitoral - Televisão;REPRESENTANTE: COLIGAÇÃO BRASIL PRONTO PRA MAIS;REPRESENTADO: FLAVIO NANTES BOLSONARO | REPRESENTADO: PARTIDO LIBERAL (PL) - NACIONAL;;1;2026-09-25;2026-09-25;1;0;1
01/10/2026;06:01:26;2026;0602167-24.2026.6.00.0000;21/09/2026;#NULO#;DF;3;DF;3;21/09/2026;S;Por sorteio;6276;DIAS TOFFOLI;3;Ministro;15323;RAEL;RECLAMAÇÃO ADMINISTRATIVA ELEITORAL;11778;Requerimento;0;1;25/09/2026;Decisão;https://consultaunificadapje.tse.jus.br/#/public/resultado/0602167-24.2026.6.00.0000;11778;Requerimento;RECLAMANTE: COLIGAÇÃO GOIÁS PODE MUITO MAIS | RECLAMANTE: MARCONI FERREIRA PERILLO JUNIOR;INTERESSADA: #- TRIBUNAL REGIONAL ELEITORAL DE GOIÁS | RECLAMADO: TRIBUNAL REGIONAL ELEITORAL DE GOIÁS;;1;2026-09-25;2026-09-25;0;0;0
01/10/2026;06:01:26;2026;0602169-91.2026.6.00.0000;22/09/2026;#NULO#;DF;3;DF;3;22/09/2026;S;Por sorteio;301846;RICARDO VILLAS BÔAS CUEVA;4;Ministro;12134;TutCautAnt;TUTELA CAUTELAR ANTECEDENTE;11593;Direito de Resposta;0;2;23/09/2026;Decisão;https://consultaunificadapje.tse.jus.br/#/public/resultado/0602169-91.2026.6.00.0000;11593 | 11632;Cargo - Governador | Direito de Resposta;REQUERENTE: COLIGAÇÃO CEARÁ FORTE, DO LADO CERTO | REQUERENTE: Coligação CEARÁ FORTE, DO LADO CERTO [PSB/PDT/PODE/MOBILIZA/FEDERAÇÃO BRASIL DA ESPERANÇA - FE BRASIL(PT/PC do B/PV)/REPUBLICANOS/PSD/MDB/FEDERAÇÃO RENOVAÇÃO SOLIDÁRIA(25-PRD/77-SOLIDARIEDADE)/FEDERAÇÃO PSOL REDE(PSOL/REDE)] - CEARÁ;REQUERIDA: COLIGAÇÃO UNIR PARA MUDAR | REQUERIDO: CIRO FERREIRA GOMES | REQUERIDO: COLIGAÇÃO UNIR PARA MUDAR | REQUERIDO: ELEICAO 2026 CIRO FERREIRA GOMES GOVERNADOR;;2;2026-09-22;2026-09-23;0;0;0
01/10/2026;06:01:26;2026;0602170-76.2026.6.00.0000;22/09/2026;27/09/2026;DF;3;DF;3;22/09/2026;S;Por sorteio;223256;ANDRÉ MENDONÇA;14;Ministro;12135;TutAntAnt;TUTELA ANTECIPADA ANTECEDENTE;11593;Direito de Resposta;0;1;23/09/2026;Decisão;https://consultaunificadapje.tse.jus.br/#/public/resultado/0602170-76.2026.6.00.0000;11593;Direito de Resposta;REQUERENTE: COLIGAÇÃO PERNAMBUCO DE CORAÇÃO;REQUERENTE: COLIGAÇÃO FRENTE POPULAR DE PERNAMBUCO | REQUERIDA: COLIGAÇÃO FRENTE POPULAR DE PERNAMBUCO;;1;2026-09-23;2026-09-23;0;0;0
01/10/2026;06:01:26;2026;0602171-61.2026.6.00.0000;22/09/2026;30/09/2026;DF;3;DF;3;22/09/2026;S;Por sorteio;223256;ANDRÉ MENDONÇA;14;Ministro;12135;TutAntAnt;TUTELA ANTECIPADA ANTECEDENTE;11593;Direito de Resposta;0;1;23/09/2026;Decisão;https://consultaunificadapje.tse.jus.br/#/public/resultado/0602171-61.2026.6.00.0000;11593;Direito de Resposta;REQUERENTE: COLIGAÇÃO PERNAMBUCO DE CORAÇÃO;REQUERIDA: COLIGAÇÃO FRENTE POPULAR DE PERNAMBUCO;;1;2026-09-23;2026-09-23;0;0;0
01/10/2026;06:01:26;2026;0602197-59.2026.6.00.0000;22/09/2026;#NULO#;DF;3;DF;3;22/09/2026;S;Por sorteio;350140;ESTELA ARANHA;59;Juíz Auxiliar;11541;Rp;REPRESENTAÇÃO;12638;Propaganda Política - Propaganda Eleitoral - Impulsionamento;0;1;25/09/2026;Decisão;https://consultaunificadapje.tse.jus.br/#/public/resultado/0602197-59.2026.6.00.0000;11634 | 11679 | 12637 | 12638;Cargo - Presidente da República | Propaganda Política - Propaganda Eleitoral - Impulsionamento | Propaganda Política - Propaganda Eleitoral - Internet | Propaganda Política - Propaganda Eleitoral - Redes Sociais;REPRESENTANTE: COLIGAÇÃO BRASIL PRONTO PRA MAIS;REPRESENTADO: FLAVIO NANTES BOLSONARO;;1;2026-09-25;2026-09-25;1;0;1
01/10/2026;06:01:26;2026;0602198-44.2026.6.00.0000;22/09/2026;#NULO#;DF;3;DF;3;22/09/2026;S;Por sorteio;350140;ESTELA ARANHA;59;Juíz Auxiliar;11541;Rp;REPRESENTAÇÃO;12638;Propaganda Política - Propaganda Eleitoral - Impulsionamento;0;1;25/09/2026;Decisão;https://consultaunificadapje.tse.jus.br/#/public/resultado/0602198-44.2026.6.00.0000;11634 | 11679 | 12637 | 12638;Cargo - Presidente da República | Propaganda Política - Propaganda Eleitoral - Impulsionamento | Propaganda Política - Propaganda Eleitoral - Internet | Propaganda Política - Propaganda Eleitoral - Redes Sociais;REPRESENTANTE: COLIGAÇÃO BRASIL PRONTO PRA MAIS | REPRESENTANTE: LUIZ INACIO LULA DA SILVA;REPRESENTADO: FLAVIO NANTES BOLSONARO;;1;2026-09-25;2026-09-25;1;0;1
01/10/2026;06:01:26;2026;0602199-29.2026.6.00.0000;22/09/2026;#NULO#;DF;3;DF;3;22/09/2026;S;Por sorteio;350140;ESTELA ARANHA;59;Juíz Auxiliar;11541;Rp;REPRESENTAÇÃO;12638;Propaganda Política - Propaganda Eleitoral - Impulsionamento;0;1;25/09/2026;Decisão;https://consultaunificadapje.tse.jus.br/#/public/resultado/0602199-29.2026.6.00.0000;11634 | 11679 | 12637 | 12638;Cargo - Presidente da República | Propaganda Política - Propaganda Eleitoral - Impulsionamento | Propaganda Política - Propaganda Eleitoral - Internet | Propaganda Política - Propaganda Eleitoral - Redes Sociais;REPRESENTANTE: COLIGAÇÃO BRASIL PRONTO PRA MAIS | REPRESENTANTE: LUIZ INACIO LULA DA SILVA;REPRESENTADO: FLAVIO NANTES BOLSONARO;;1;2026-09-25;2026-09-25;1;0;1
01/10/2026;06:01:26;2026;0602200-14.2026.6.00.0000;22/09/2026;#NULO#;DF;3;DF;3;22/09/2026;S;Por sorteio;350140;ESTELA ARANHA;59;Juíz Auxiliar;11541;Rp;REPRESENTAÇÃO;12638;Propaganda Política - Propaganda Eleitoral - Impulsionamento;0;1;25/09/2026;Decisão;https://consultaunificadapje.tse.jus.br/#/public/resultado/0602200-14.2026.6.00.0000;11634 | 11679 | 12637 | 12638;Cargo - Presidente da República | Propaganda Política - Propaganda Eleitoral - Impulsionamento | Propaganda Política - Propaganda Eleitoral - Internet | Propaganda Política - Propaganda Eleitoral - Redes Sociais;REPRESENTANTE: COLIGAÇÃO BRASIL PRONTO PRA MAIS | REPRESENTANTE: LUIZ INACIO LULA DA SILVA;REPRESENTADO: FLAVIO NANTES BOLSONARO;;1;2026-09-25;2026-09-25;1;0;1
01/10/2026;06:01:26;2026;0602204-23.2026.6.19.0000;13/09/2026;21/09/2026;RJ;2;DF;3;13/09/2026;S;Por sorteio;223256;ANDRÉ MENDONÇA;14;Ministro;11549;REspEl;RECURSO ESPECIAL ELEITORAL;11617;Registro de Candidatura - Preenchimento de Vaga Remanescente;1;1;16/09/2026;Decisão;https://consultaunificadapje.tse.jus.br/#/public/resultado/0602204-23.2026.6.19.0000;11591 | 11617 | 11630;Cargo - Deputado Estadual | Condição de Elegibilidade - Pleno Exercício dos Direitos Políticos | Registro de Candidatura - Preenchimento de Vaga Remanescente;RECORRENTE: PODEMOS (PODE) - ESTADUAL | RECORRENTE: VANESSA AFONSO DE OLIVEIRA;;REPRESENTANTE: Procuradoria Regional Eleitoral no Rio de Janeiro | TERCEIRO INTERESSADO: Procuradoria Regional Eleitoral1.;1;2026-09-16;2026-09-16;0;0;0
01/10/2026;06:01:26;2026;0602211-43.2026.6.00.0000;23/09/2026;30/09/2026;DF;3;DF;3;23/09/2026;S;Por sorteio;233218;FLORIANO DE AZEVEDO MARQUES;13;Ministro;12134;TutCautAnt;TUTELA CAUTELAR ANTECEDENTE;11593;Direito de Resposta;0;1;26/09/2026;Decisão;https://consultaunificadapje.tse.jus.br/#/public/resultado/0602211-43.2026.6.00.0000;11593 | 11632;Cargo - Governador | Direito de Resposta;REQUERENTE: COLIGAÇÃO ALAGOAS GIGANTE;REQUERIDA: COLIGAÇÃO PRA ALAGOAS FAZER HISTÓRIA DE NOVO | REQUERIDO: JOSE RENAN VASCONCELOS CALHEIROS FILHO | RÉU: ELEICAO 2026 JOSE RENAN VASCONCELOS CALHEIROS FILHO GOVERNADOR;;1;2026-09-26;2026-09-26;0;0;0
01/10/2026;06:01:26;2026;0602212-28.2026.6.00.0000;23/09/2026;#NULO#;DF;3;DF;3;23/09/2026;S;Por sorteio;223256;ANDRÉ MENDONÇA;14;Ministro;12135;TutAntAnt;TUTELA ANTECIPADA ANTECEDENTE;11593;Direito de Resposta;0;2;24/09/2026;Decisão;https://consultaunificadapje.tse.jus.br/#/public/resultado/0602212-28.2026.6.00.0000;11593 | 11632 | 11639;Cargo - Governador | Cargo - Vice-Governador | Direito de Resposta;REQUERENTE: ALLYSON LEANDRO BEZERRA SILVA | REQUERENTE: COLIGAÇÃO ESPERANÇA E TRABALHO | REQUERENTE: HERMANO DA COSTA MORAES;REQUERIDA: COLIGAÇÃO ENDIREITA RN | REQUERIDO: ALVARO COSTA DIAS;;2;2026-09-24;2026-09-24;0;0;0
01/10/2026;06:01:26;2026;0602216-65.2026.6.00.0000;23/09/2026;#NULO#;DF;3;DF;3;23/09/2026;S;Por sorteio;233218;FLORIANO DE AZEVEDO MARQUES;13;Ministro;12135;TutAntAnt;TUTELA ANTECIPADA ANTECEDENTE;11593;Direito de Resposta;0;1;30/09/2026;Decisão;https://consultaunificadapje.tse.jus.br/#/public/resultado/0602216-65.2026.6.00.0000;11593 | 11632 | 11639;Cargo - Governador | Cargo - Vice-Governador | Direito de Resposta;REQUERENTE: ALLYSON LEANDRO BEZERRA SILVA | REQUERENTE: COLIGAÇÃO ESPERANÇA E TRABALHO | REQUERENTE: HERMANO DA COSTA MORAES;REQUERIDA: COLIGAÇÃO ENDIREITA RN | REQUERIDA: COLIGAÇÃO TIME QUE CUIDA | REQUERIDO: CARLOS EDUARDO XAVIER | REQUERIDO: TIME QUE CUIDA [PDT/PSB/FEDERAÇÃO BRASIL DA ESPERANÇA - FE BRASIL(PT/PC DO B/PV)] - RIO GRANDE DO NORTE;;1;2026-09-30;2026-09-30;0;0;0
01/10/2026;06:01:26;2026;0602217-50.2026.6.00.0000;23/09/2026;#NULO#;DF;3;DF;3;23/09/2026;S;Por sorteio;301846;RICARDO VILLAS BÔAS CUEVA;4;Ministro;12135;TutAntAnt;TUTELA ANTECIPADA ANTECEDENTE;11593;Direito de Resposta;0;1;25/09/2026;Decisão;https://consultaunificadapje.tse.jus.br/#/public/resultado/0602217-50.2026.6.00.0000;11593 | 11632 | 11639;Cargo - Governador | Cargo - Vice-Governador | Direito de Resposta;REQUERENTE: ALLYSON LEANDRO BEZERRA SILVA | REQUERENTE: COLIGAÇÃO ESPERANÇA E TRABALHO | REQUERENTE: HERMANO DA COSTA MORAES;REQUERIDA: COLIGAÇÃO TIME QUE CUIDA | REQUERIDO: CARLOS EDUARDO XAVIER | REQUERIDO: TIME QUE CUIDA [PDT/PSB/FEDERAÇÃO BRASIL DA ESPERANÇA - FE BRASIL (PT/PC DO B/PV)] - RIO GRANDE DO NORTE;;1;2026-09-25;2026-09-25;0;0;0
01/10/2026;06:01:26;2026;0602218-35.2026.6.00.0000;23/09/2026;#NULO#;DF;3;DF;3;23/09/2026;S;Por sorteio;202679;NUNES MARQUES;78;Ministro;241;PetCiv;PETIÇÃO CÍVEL;12364;Debate Eleitoral;0;1;29/09/2026;Decisão;https://consultaunificadapje.tse.jus.br/#/public/resultado/0602218-35.2026.6.00.0000;11778 | 12364;Debate Eleitoral | Requerimento;REQUERENTE: PARTIDO NOVO (NOVO) - NACIONAL;;;1;2026-09-29;2026-09-29;0;0;0
01/10/2026;06:01:26;2026;0602220-05.2026.6.00.0000;23/09/2026;30/09/2026;DF;3;DF;3;23/09/2026;S;Por sorteio;233218;FLORIANO DE AZEVEDO MARQUES;13;Ministro;12134;TutCautAnt;TUTELA CAUTELAR ANTECEDENTE;11593;Direito de Resposta;0;1;26/09/2026;Decisão;https://consultaunificadapje.tse.jus.br/#/public/resultado/0602220-05.2026.6.00.0000;11593 | 11632;Cargo - Governador | Direito de Resposta;REQUERENTE: COLIGAÇÃO PRA ALAGOAS FAZER HISTÓRIA DE NOVO | REQUERENTE: ELEICAO 2026 JOSE RENAN VASCONCELOS CALHEIROS FILHO GOVERNADOR | REQUERENTE: JOSE RENAN VASCONCELOS CALHEIROS FILHO;REQUERIDA: COLIGAÇÃO ALAGOAS GIGANTE;;1;2026-09-26;2026-09-26;0;0;0
01/10/2026;06:01:26;2026;0602221-87.2026.6.00.0000;23/09/2026;25/09/2026;DF;3;DF;3;23/09/2026;PP;Por prevenção;301846;RICARDO VILLAS BÔAS CUEVA;4;Ministro;120;MSCiv;MANDADO DE SEGURANÇA CÍVEL;15146;Dissidência Partidária ou Federativa;0;1;25/09/2026;Decisão;https://consultaunificadapje.tse.jus.br/#/public/resultado/0602221-87.2026.6.00.0000;11618 | 11632 | 11637 | 11645 | 12044 | 15146;Cargo - Governador | Cargo - Senador | Dissidência Partidária ou Federativa | Eleições - Eleição Majoritária | Registro de Candidatura - DRAP Partido/Coligação | Registro de Candidatura - RRC - Candidato;IMPETRANTE / PACIENTE: GUSTAVO HENRIQUE LEITE FEIJO;AUTORIDADE COATORA: COLEGIADO DO TRIBUNAL REGIONAL ELEITORAL DO PIAUÍ | AUTORIDADE COATORA: DESEMBARGADOR OLÍMPIO JOSÉ PASSOS GALVÃO | LITISCONSORTE: ANTONIO JOSE DE FREITAS LIRA | LITISCONSORTE: AVANTE (AVANTE) - ESTADUAL | LITISCONSORTE: COLIGAÇÃO A FORÇA DA FÉ | LITISCONSORTE: ELIZEU MORAIS DE AGUIAR | LITISCONSORTE: ISMAR AGUIAR MARQUES | ÓRGÃO COATOR: TRIBUNAL REGIONAL ELEITORAL DO PIAUÍ;;1;2026-09-25;2026-09-25;0;0;0
01/10/2026;06:01:26;2026;0602223-57.2026.6.00.0000;23/09/2026;#NULO#;DF;3;DF;3;23/09/2026;S;Por sorteio;6276;DIAS TOFFOLI;3;Ministro;120;MSCiv;MANDADO DE SEGURANÇA CÍVEL;11593;Direito de Resposta;0;1;27/09/2026;Decisão;https://consultaunificadapje.tse.jus.br/#/public/resultado/0602223-57.2026.6.00.0000;11593 | 11634 | 60008;Ação Cautelar | Cargo - Presidente da República | Direito de Resposta;IMPETRANTE: CIRO FERREIRA GOMES | IMPETRANTE: COLIGAÇÃO UNIR PARA MUDAR | IMPETRANTE: ELEICAO 2026 CIRO FERREIRA GOMES GOVERNADOR;AUTORIDADE COATORA: MINISTRO RICARDO VILLAS BÔAS CUEVA | LITISCONSORTE: COLIGAÇÃO CEARÁ FORTE, DO LADO CERTO;;1;2026-09-27;2026-09-27;0;0;0
01/10/2026;06:01:26;2026;0602226-86.2026.6.26.0000;23/09/2026;#NULO#;SP;2;DF;3;23/09/2026;S;Por sorteio;223256;ANDRÉ MENDONÇA;14;Ministro;11550;RO-El;RECURSO ORDINÁRIO ELEITORAL;11616;Impugnação ao Registro de Candidatura;1;1;30/09/2026;Decisão;https://consultaunificadapje.tse.jus.br/#/public/resultado/0602226-86.2026.6.26.0000;11591 | 11616 | 11630;Cargo - Deputado Estadual | Condição de Elegibilidade - Pleno Exercício dos Direitos Políticos | Impugnação ao Registro de Candidatura;AGRAVANTE: AGIR (AGIR) - ESTADUAL | AGRAVANTE: PROCURADORIA REGIONAL ELEITORAL | RECORRENTE: MARCIO ROBERTO GARCIA LARRANHAGA | REPRESENTANTE: Procuradoria Regional Eleitoral;RECORRIDO: Ministério Público Eleitoral;REPRESENTANTE: Procuradoria Regional Eleitoral;1;2026-09-30;2026-09-30;0;0;0
01/10/2026;06:01:26;2026;0602230-49.2026.6.00.0000;23/09/2026;#NULO#;DF;3;DF;3;23/09/2026;S;Por sorteio;301846;RICARDO VILLAS BÔAS CUEVA;42;Ministro;11527;AIJE;AÇÃO DE INVESTIGAÇÃO JUDICIAL ELEITORAL;11719;Abuso - De Poder Político/Autoridade;0;1;28/09/2026;Decisão;https://consultaunificadapje.tse.jus.br/#/public/resultado/0602230-49.2026.6.00.0000;11634 | 11641 | 11719;Abuso - De Poder Político/Autoridade | Cargo - Presidente da República | Cargo - Vice-Presidente da República;REPRESENTANTE: FLAVIO NANTES BOLSONARO;REPRESENTADO: GERALDO JOSE RODRIGUES ALCKMIN FILHO | REPRESENTADO: LUIZ INACIO LULA DA SILVA;;1;2026-09-28;2026-09-28;0;0;0
01/10/2026;06:01:26;2026;0602233-04.2026.6.00.0000;24/09/2026;#NULO#;DF;3;DF;3;24/09/2026;S;Por sorteio;301846;RICARDO VILLAS BÔAS CUEVA;4;Ministro;12134;TutCautAnt;TUTELA CAUTELAR ANTECEDENTE;11593;Direito de Resposta;0;1;25/09/2026;Decisão;https://consultaunificadapje.tse.jus.br/#/public/resultado/0602233-04.2026.6.00.0000;11593 | 11634;Cargo - Presidente da República | Direito de Resposta;REQUERENTE: COLIGAÇÃO CEARÁ FORTE, DO LADO CERTO | REQUERENTE: Coligação CEARÁ FORTE, DO LADO CERTO [PSB/PDT/PODE/MOBILIZA/FEDERAÇÃO BRASIL DA ESPERANÇA - FE BRASIL(PT/PC do B/PV)/REPUBLICANOS/PSD/MDB/FEDERAÇÃO RENOVAÇÃO SOLIDÁRIA(25-PRD/77-SOLIDARIEDADE)/FEDERAÇÃO PSOL REDE(PSOL/REDE)] - CEARÁ;REQUERIDA: COLIGAÇÃO UNIR PARA MUDAR | REQUERIDO: CIRO FERREIRA GOMES;;1;2026-09-25;2026-09-25;0;0;0
01/10/2026;06:01:26;2026;0602236-56.2026.6.00.0000;24/09/2026;#NULO#;DF;3;DF;3;24/09/2026;S;Por sorteio;349772;SEBASTIÃO REIS JUNIOR;11;Ministro;11541;Rp;REPRESENTAÇÃO;15591;Fundo Especial de Financiamento de Campanha (FEFC);0;1;30/09/2026;Decisão;https://consultaunificadapje.tse.jus.br/#/public/resultado/0602236-56.2026.6.00.0000;11630 | 15591;Cargo - Deputado Estadual | Fundo Especial de Financiamento de Campanha (FEFC);REPRESENTANTE: CAIO GUSTAVO DOS SANTOS | REPRESENTANTE: ELEICAO 2026 CAIO GUSTAVO DOS SANTOS DEPUTADO ESTADUAL;REPRESENTADO: CIDADANIA (CIDADANIA) - NACIONAL;;1;2026-09-30;2026-09-30;0;0;0
01/10/2026;06:01:26;2026;0602238-26.2026.6.00.0000;24/09/2026;#NULO#;DF;3;DF;3;24/09/2026;S;Por sorteio;350140;ESTELA ARANHA;59;Juíz Auxiliar;11541;Rp;REPRESENTAÇÃO;12635;Propaganda Política - Propaganda Eleitoral - Divulgação de Notícia  Sabidamente Falsa;0;1;25/09/2026;Decisão;https://consultaunificadapje.tse.jus.br/#/public/resultado/0602238-26.2026.6.00.0000;11631 | 11634 | 11679 | 12635 | 12637;Cargo - Deputado Federal | Cargo - Presidente da República | Propaganda Política - Propaganda Eleitoral - Divulgação de Notícia  Sabidamente Falsa | Propaganda Política - Propaganda Eleitoral - Internet | Propaganda Política - Propaganda Eleitoral - Redes Sociais;REPRESENTANTE: FLAVIO NANTES BOLSONARO;REPRESENTADO: LUIZ LINDBERGH FARIAS FILHO | REPRESENTADO: PARTIDO DOS TRABALHADORES (PT) - NACIONAL | REPRESENTADO: ROGERIO CORREIA DE MOURA BAPTISTA;;1;2026-09-25;2026-09-25;1;0;1
01/10/2026;06:01:26;2026;0602239-11.2026.6.00.0000;24/09/2026;#NULO#;DF;3;DF;3;24/09/2026;S;Por sorteio;6276;DIAS TOFFOLI;3;Ministro;15323;RAEL;RECLAMAÇÃO ADMINISTRATIVA ELEITORAL;11778;Requerimento;0;1;25/09/2026;Decisão;https://consultaunificadapje.tse.jus.br/#/public/resultado/0602239-11.2026.6.00.0000;11778;Requerimento;RECLAMANTE: FEDERAÇÃO UNIÃO PROGRESSISTA - NACIONAL;INTERESSADA: TRIBUNAL REGIONAL ELEITORAL DE RORAIMA | RECLAMADO: TRIBUNAL REGIONAL ELEITORAL DE RORAIMA;;1;2026-09-25;2026-09-25;0;0;0
01/10/2026;06:01:26;2026;0602241-78.2026.6.00.0000;24/09/2026;#NULO#;DF;3;DF;3;24/09/2026;S;Por sorteio;223256;ANDRÉ MENDONÇA;14;Ministro;12134;TutCautAnt;TUTELA CAUTELAR ANTECEDENTE;11631;Cargo - Deputado Federal;0;1;25/09/2026;Decisão;https://consultaunificadapje.tse.jus.br/#/public/resultado/0602241-78.2026.6.00.0000;11631 | 11653 | 11655 | 60022;Cargo - Deputado Federal | Propaganda Política - Propaganda Eleitoral - Adesivo | Propaganda Política - Propaganda Eleitoral - Banner/Cartaz/Faixa | Representação;AUTOR: ELEICAO 2026 FERNANDO RODOLFO TENORIO DE VASCONCELOS DEPUTADO FEDERAL | REQUERENTE: FERNANDO RODOLFO TENORIO DE VASCONCELOS;REQUERIDO: IZAIAS REGIS NETO | RÉU: ELEICAO 2026 IZAIAS REGIS NETO DEPUTADO FEDERAL;;1;2026-09-25;2026-09-25;1;0;1
01/10/2026;06:01:26;2026;0602243-48.2026.6.00.0000;24/09/2026;#NULO#;DF;3;DF;3;24/09/2026;S;Por sorteio;350140;ESTELA ARANHA;59;Juíz Auxiliar;11541;Rp;REPRESENTAÇÃO;12637;Propaganda Política - Propaganda Eleitoral - Redes Sociais;0;1;25/09/2026;Decisão;https://consultaunificadapje.tse.jus.br/#/public/resultado/0602243-48.2026.6.00.0000;11679 | 12635 | 12637;Propaganda Política - Propaganda Eleitoral - Divulgação de Notícia  Sabidamente Falsa | Propaganda Política - Propaganda Eleitoral - Internet | Propaganda Política - Propaganda Eleitoral - Redes Sociais;REPRESENTANTE: FLAVIO NANTES BOLSONARO;REPRESENTADO: PARTIDO DOS TRABALHADORES (PT) - NACIONAL;;1;2026-09-25;2026-09-25;1;0;1
01/10/2026;06:01:26;2026;0602245-18.2026.6.00.0000;24/09/2026;#NULO#;DF;3;DF;3;24/09/2026;S;Por sorteio;350140;ESTELA ARANHA;59;Juíz Auxiliar;11541;Rp;REPRESENTAÇÃO;12637;Propaganda Política - Propaganda Eleitoral - Redes Sociais;0;1;25/09/2026;Decisão;https://consultaunificadapje.tse.jus.br/#/public/resultado/0602245-18.2026.6.00.0000;11631 | 11632 | 11637 | 11679 | 12637 | 15429;Cargo - Deputado Federal | Cargo - Governador | Cargo - Senador | Propaganda Política - Propaganda Eleitoral - Internet | Propaganda Política - Propaganda Eleitoral - Redes Sociais | Propaganda Política - Propaganda Eleitoral - Uso de Inteligência Artificial;REPRESENTANTE: FLAVIO NANTES BOLSONARO;REPRESENTADA: GLEISI HELENA HOFFMANN | REPRESENTADO: FERNANDO HADDAD | REPRESENTADO: PARTIDO DOS TRABALHADORES (PT) - NACIONAL | REPRESENTADO: PAULO ROBERTO SEVERO PIMENTA | REPRESENTADO: ROGERIO CORREIA DE MOURA BAPTISTA | SOCIEDADE: FELIX, FLORIANO, RONDON E RIBEIRO ADVOGADOS ASSOCIADOS;;1;2026-09-25;2026-09-25;1;0;1
01/10/2026;06:01:26;2026;0602250-40.2026.6.00.0000;24/09/2026;#NULO#;DF;3;DF;3;24/09/2026;S;Por sorteio;223256;ANDRÉ MENDONÇA;14;Ministro;12134;TutCautAnt;TUTELA CAUTELAR ANTECEDENTE;11593;Direito de Resposta;0;1;25/09/2026;Decisão;https://consultaunificadapje.tse.jus.br/#/public/resultado/0602250-40.2026.6.00.0000;11593 | 11632;Cargo - Governador | Direito de Resposta;REQUERENTE: VALMIR DOS SANTOS COSTA;REQUERIDO: FABIO CRUZ MITIDIERI;;1;2026-09-25;2026-09-25;0;0;0
01/10/2026;06:01:26;2026;0602260-84.2026.6.00.0000;25/09/2026;#NULO#;DF;3;DF;3;25/09/2026;S;Por sorteio;223256;ANDRÉ MENDONÇA;72;Juiz Auxiliar;11541;Rp;REPRESENTAÇÃO;12637;Propaganda Política - Propaganda Eleitoral - Redes Sociais;0;3;29/09/2026;Decisão;https://consultaunificadapje.tse.jus.br/#/public/resultado/0602260-84.2026.6.00.0000;11634 | 12635 | 12637;Cargo - Presidente da República | Propaganda Política - Propaganda Eleitoral - Divulgação de Notícia  Sabidamente Falsa | Propaganda Política - Propaganda Eleitoral - Redes Sociais;REPRESENTANTE: FLAVIO NANTES BOLSONARO;REPRESENTADO: ANTONIO PEDRO OSORIO TABET;;3;2026-09-25;2026-09-29;1;0;1
01/10/2026;06:01:26;2026;0602261-69.2026.6.00.0000;25/09/2026;#NULO#;DF;3;DF;3;25/09/2026;S;Por sorteio;350140;ESTELA ARANHA;59;Juíz Auxiliar;11541;Rp;REPRESENTAÇÃO;12638;Propaganda Política - Propaganda Eleitoral - Impulsionamento;0;1;25/09/2026;Decisão;https://consultaunificadapje.tse.jus.br/#/public/resultado/0602261-69.2026.6.00.0000;11634 | 11679 | 12637 | 12638;Cargo - Presidente da República | Propaganda Política - Propaganda Eleitoral - Impulsionamento | Propaganda Política - Propaganda Eleitoral - Internet | Propaganda Política - Propaganda Eleitoral - Redes Sociais;REPRESENTANTE: COLIGAÇÃO BRASIL PRONTO PRA MAIS;REPRESENTADO: FLAVIO NANTES BOLSONARO | REPRESENTADO: PARTIDO LIBERAL (PL) - NACIONAL;;1;2026-09-25;2026-09-25;1;0;1
01/10/2026;06:01:26;2026;0602263-39.2026.6.00.0000;25/09/2026;#NULO#;DF;3;DF;3;25/09/2026;S;Por sorteio;350140;ESTELA ARANHA;59;Juíz Auxiliar;11541;Rp;REPRESENTAÇÃO;12638;Propaganda Política - Propaganda Eleitoral - Impulsionamento;0;1;30/09/2026;Decisão;https://consultaunificadapje.tse.jus.br/#/public/resultado/0602263-39.2026.6.00.0000;11634 | 11679 | 12637 | 12638;Cargo - Presidente da República | Propaganda Política - Propaganda Eleitoral - Impulsionamento | Propaganda Política - Propaganda Eleitoral - Internet | Propaganda Política - Propaganda Eleitoral - Redes Sociais;REPRESENTANTE: COLIGAÇÃO BRASIL PRONTO PRA MAIS;REPRESENTADO: FLAVIO NANTES BOLSONARO;;1;2026-09-30;2026-09-30;1;0;1
01/10/2026;06:01:26;2026;0602265-09.2026.6.00.0000;25/09/2026;#NULO#;DF;3;DF;3;25/09/2026;S;Por sorteio;350140;ESTELA ARANHA;59;Juíz Auxiliar;11541;Rp;REPRESENTAÇÃO;12638;Propaganda Política - Propaganda Eleitoral - Impulsionamento;0;1;30/09/2026;Decisão;https://consultaunificadapje.tse.jus.br/#/public/resultado/0602265-09.2026.6.00.0000;11634 | 11679 | 12637 | 12638;Cargo - Presidente da República | Propaganda Política - Propaganda Eleitoral - Impulsionamento | Propaganda Política - Propaganda Eleitoral - Internet | Propaganda Política - Propaganda Eleitoral - Redes Sociais;REPRESENTANTE: COLIGAÇÃO BRASIL PRONTO PRA MAIS;REPRESENTADO: FLAVIO NANTES BOLSONARO;;1;2026-09-30;2026-09-30;1;0;1
01/10/2026;06:01:26;2026;0602266-91.2026.6.00.0000;25/09/2026;#NULO#;DF;3;DF;3;25/09/2026;S;Por sorteio;350140;ESTELA ARANHA;59;Juíz Auxiliar;11541;Rp;REPRESENTAÇÃO;12638;Propaganda Política - Propaganda Eleitoral - Impulsionamento;0;1;30/09/2026;Decisão;https://consultaunificadapje.tse.jus.br/#/public/resultado/0602266-91.2026.6.00.0000;11634 | 11679 | 12637 | 12638;Cargo - Presidente da República | Propaganda Política - Propaganda Eleitoral - Impulsionamento | Propaganda Política - Propaganda Eleitoral - Internet | Propaganda Política - Propaganda Eleitoral - Redes Sociais;REPRESENTANTE: COLIGAÇÃO BRASIL PRONTO PRA MAIS;REPRESENTADO: FLAVIO NANTES BOLSONARO;;1;2026-09-30;2026-09-30;1;0;1
01/10/2026;06:01:26;2026;0602267-76.2026.6.00.0000;25/09/2026;#NULO#;DF;3;DF;3;25/09/2026;S;Por sorteio;350140;ESTELA ARANHA;59;Juíz Auxiliar;11541;Rp;REPRESENTAÇÃO;12638;Propaganda Política - Propaganda Eleitoral - Impulsionamento;0;1;30/09/2026;Decisão;https://consultaunificadapje.tse.jus.br/#/public/resultado/0602267-76.2026.6.00.0000;11634 | 11679 | 12637 | 12638;Cargo - Presidente da República | Propaganda Política - Propaganda Eleitoral - Impulsionamento | Propaganda Política - Propaganda Eleitoral - Internet | Propaganda Política - Propaganda Eleitoral - Redes Sociais;REPRESENTANTE: COLIGAÇÃO BRASIL PRONTO PRA MAIS;REPRESENTADO: FLAVIO NANTES BOLSONARO;;1;2026-09-30;2026-09-30;1;0;1
01/10/2026;06:01:26;2026;0602268-61.2026.6.00.0000;25/09/2026;#NULO#;DF;3;DF;3;25/09/2026;S;Por sorteio;350140;ESTELA ARANHA;59;Juíz Auxiliar;11541;Rp;REPRESENTAÇÃO;12638;Propaganda Política - Propaganda Eleitoral - Impulsionamento;0;1;30/09/2026;Decisão;https://consultaunificadapje.tse.jus.br/#/public/resultado/0602268-61.2026.6.00.0000;11634 | 11679 | 12637 | 12638;Cargo - Presidente da República | Propaganda Política - Propaganda Eleitoral - Impulsionamento | Propaganda Política - Propaganda Eleitoral - Internet | Propaganda Política - Propaganda Eleitoral - Redes Sociais;REPRESENTANTE: COLIGAÇÃO BRASIL PRONTO PRA MAIS;REPRESENTADO: FLAVIO NANTES BOLSONARO;;1;2026-09-30;2026-09-30;1;0;1
01/10/2026;06:01:26;2026;0602269-46.2026.6.00.0000;25/09/2026;#NULO#;DF;3;DF;3;25/09/2026;S;Por sorteio;350140;ESTELA ARANHA;59;Juíz Auxiliar;11541;Rp;REPRESENTAÇÃO;12638;Propaganda Política - Propaganda Eleitoral - Impulsionamento;0;1;30/09/2026;Decisão;https://consultaunificadapje.tse.jus.br/#/public/resultado/0602269-46.2026.6.00.0000;11634 | 11679 | 12637 | 12638;Cargo - Presidente da República | Propaganda Política - Propaganda Eleitoral - Impulsionamento | Propaganda Política - Propaganda Eleitoral - Internet | Propaganda Política - Propaganda Eleitoral - Redes Sociais;REPRESENTANTE: COLIGAÇÃO BRASIL PRONTO PRA MAIS;REPRESENTADO: FLAVIO NANTES BOLSONARO;;1;2026-09-30;2026-09-30;1;0;1
01/10/2026;06:01:26;2026;0602273-83.2026.6.00.0000;25/09/2026;#NULO#;DF;3;DF;3;25/09/2026;S;Por sorteio;350140;ESTELA ARANHA;59;Juíz Auxiliar;11541;Rp;REPRESENTAÇÃO;11679;Propaganda Política - Propaganda Eleitoral - Internet;0;1;25/09/2026;Decisão;https://consultaunificadapje.tse.jus.br/#/public/resultado/0602273-83.2026.6.00.0000;11634 | 11679 | 11683 | 12635;Cargo - Presidente da República | Propaganda Política - Propaganda Eleitoral - Divulgação de Notícia  Sabidamente Falsa | Propaganda Política - Propaganda Eleitoral - Internet | Propaganda Política - Propaganda Eleitoral - Truncagem, Montagem, Utilização de Gravação Externa, Computação Gráfica, Desenho Animado ou Efeito Especial;REPRESENTANTE: FLAVIO NANTES BOLSONARO;REPRESENTADA: NATALIA BASTOS BONAVIDES | REPRESENTADO: FABIANO E SILVA LEITAO DUARTE | REPRESENTADO: LEONEL GUTERRES RADDE | REPRESENTADO: PARTIDO DOS TRABALHADORES (PT) - NACIONAL | SOCIEDADE: MORETH ADVOCACIA;;1;2026-09-25;2026-09-25;1;0;1
01/10/2026;06:01:26;2026;0602278-08.2026.6.00.0000;25/09/2026;#NULO#;DF;3;DF;3;25/09/2026;S;Por sorteio;301846;RICARDO VILLAS BÔAS CUEVA;4;Ministro;241;PetCiv;PETIÇÃO CÍVEL;15591;Fundo Especial de Financiamento de Campanha (FEFC);0;1;28/09/2026;Decisão;https://consultaunificadapje.tse.jus.br/#/public/resultado/0602278-08.2026.6.00.0000;11631 | 15591;Cargo - Deputado Federal | Fundo Especial de Financiamento de Campanha (FEFC);REQUERENTE: SERGIO RAFAEL BENTO GOMES;REQUERIDO: UNIAO BRASIL (UNIÃO) - NACIONAL | REQUERIDO: UNIÃO BRASIL (UNIÃO) - ESTADUAL;;1;2026-09-28;2026-09-28;0;0;0
01/10/2026;06:01:26;2026;0602289-37.2026.6.00.0000;25/09/2026;#NULO#;DF;3;DF;3;25/09/2026;S;Por sorteio;202679;NUNES MARQUES;78;Ministro;241;PetCiv;PETIÇÃO CÍVEL;12362;Autorização de Divulgação de Publicidade Institucional;0;1;30/09/2026;Decisão;https://consultaunificadapje.tse.jus.br/#/public/resultado/0602289-37.2026.6.00.0000;12362;Autorização de Divulgação de Publicidade Institucional;REQUERENTE: SECRETARIA DE COMUNICAÇÃO SOCIAL DA PRESIDÊNCIA DA REPÚBLICA;;;1;2026-09-30;2026-09-30;0;0;0
01/10/2026;06:01:26;2026;0602296-29.2026.6.00.0000;26/09/2026;#NULO#;DF;3;DF;3;26/09/2026;S;Por sorteio;223256;ANDRÉ MENDONÇA;14;Ministro;12134;TutCautAnt;TUTELA CAUTELAR ANTECEDENTE;11667;Propaganda Política - Propaganda Eleitoral - Extemporânea/Antecipada;0;1;28/09/2026;Decisão;https://consultaunificadapje.tse.jus.br/#/public/resultado/0602296-29.2026.6.00.0000;11667 | 60022;Propaganda Política - Propaganda Eleitoral - Extemporânea/Antecipada | Representação;REQUERENTE: PARTIDO RENOVAÇÃO DEMOCRÁTICA (PRD) - ESTADUAL;REQUERIDO: FRANCISCO PEDRO GONCALVES DE SOUZA XIMENES | REQUERIDO: META PLATFORMS, INC.;;1;2026-09-28;2026-09-28;1;0;1
01/10/2026;06:01:26;2026;0602318-87.2026.6.00.0000;26/09/2026;#NULO#;DF;3;DF;3;27/09/2026;S;Por sorteio;202679;NUNES MARQUES;78;Ministro;12375;Rcl;RECLAMAÇÃO;11573;Requisição de Força Federal;0;1;30/09/2026;Decisão;https://consultaunificadapje.tse.jus.br/#/public/resultado/0602318-87.2026.6.00.0000;11573;Requisição de Força Federal;RECLAMANTE: COLIGAÇÃO ALAGOAS GIGANTE;RECLAMADO: Desembargador Eleitoral Presidente do Tribunal Regional Eleitoral de Alagoas | RECLAMADO: TRIBUNAL REGIONAL ELEITORAL DE ALAGOAS;;1;2026-09-30;2026-09-30;0;0;0
01/10/2026;06:01:26;2026;0602330-04.2026.6.00.0000;27/09/2026;#NULO#;DF;3;DF;3;27/09/2026;S;Por sorteio;202679;NUNES MARQUES;78;Ministro;12059;SS-El;SUSPENSÃO DE SEGURANÇA - ELEITORAL;11720;Abuso - Uso Indevido de Meio de Comunicação Social;0;1;29/09/2026;Decisão;https://consultaunificadapje.tse.jus.br/#/public/resultado/0602330-04.2026.6.00.0000;11718 | 11720 | 60007;Abuso - De Poder Econômico | Abuso - Uso Indevido de Meio de Comunicação Social | Ação de Investigação Judicial Eleitoral;REQUERENTE: ALAGOAS COMUNICACAO LTDA | REQUERENTE: FUNDACAO QUILOMBO | REQUERENTE: RADIO PARAISO LTDA;;;1;2026-09-29;2026-09-29;0;0;0
01/10/2026;06:01:26;2026;0602335-26.2026.6.00.0000;27/09/2026;#NULO#;DF;3;DF;3;27/09/2026;S;Por sorteio;350140;ESTELA ARANHA;59;Juíz Auxiliar;11541;Rp;REPRESENTAÇÃO;12638;Propaganda Política - Propaganda Eleitoral - Impulsionamento;0;1;30/09/2026;Decisão;https://consultaunificadapje.tse.jus.br/#/public/resultado/0602335-26.2026.6.00.0000;11634 | 11679 | 12637 | 12638;Cargo - Presidente da República | Propaganda Política - Propaganda Eleitoral - Impulsionamento | Propaganda Política - Propaganda Eleitoral - Internet | Propaganda Política - Propaganda Eleitoral - Redes Sociais;REPRESENTANTE: RONALDO RAMOS CAIADO;REPRESENTADO: MARCELO CARVALHO CRUZ;;1;2026-09-30;2026-09-30;1;0;1
01/10/2026;06:01:26;2026;0602367-31.2026.6.00.0000;27/09/2026;#NULO#;DF;3;DF;3;27/09/2026;S;Por sorteio;350140;ESTELA ARANHA;59;Juíz Auxiliar;11541;Rp;REPRESENTAÇÃO;12638;Propaganda Política - Propaganda Eleitoral - Impulsionamento;0;1;30/09/2026;Decisão;https://consultaunificadapje.tse.jus.br/#/public/resultado/0602367-31.2026.6.00.0000;11634 | 11679 | 12637 | 12638;Cargo - Presidente da República | Propaganda Política - Propaganda Eleitoral - Impulsionamento | Propaganda Política - Propaganda Eleitoral - Internet | Propaganda Política - Propaganda Eleitoral - Redes Sociais;REPRESENTANTE: FLAVIO NANTES BOLSONARO;REPRESENTADA: COLIGAÇÃO BRASIL PRONTO PRA MAIS | REPRESENTADO: LUIZ INACIO LULA DA SILVA;;1;2026-09-30;2026-09-30;1;0;1
01/10/2026;06:01:26;2026;0602370-83.2026.6.00.0000;27/09/2026;#NULO#;DF;3;DF;3;28/09/2026;S;Por sorteio;350140;ESTELA ARANHA;59;Juíz Auxiliar;11541;Rp;REPRESENTAÇÃO;12635;Propaganda Política - Propaganda Eleitoral - Divulgação de Notícia  Sabidamente Falsa;0;1;30/09/2026;Decisão;https://consultaunificadapje.tse.jus.br/#/public/resultado/0602370-83.2026.6.00.0000;11634 | 11679 | 12635 | 12637;Cargo - Presidente da República | Propaganda Política - Propaganda Eleitoral - Divulgação de Notícia  Sabidamente Falsa | Propaganda Política - Propaganda Eleitoral - Internet | Propaganda Política - Propaganda Eleitoral - Redes Sociais;REPRESENTANTE: FLAVIO NANTES BOLSONARO;REPRESENTADA: COLIGAÇÃO BRASIL PRONTO PRA MAIS | REPRESENTADO: FABIANO E SILVA LEITAO DUARTE | REPRESENTADO: HUMBERTO SERGIO COSTA LIMA | REPRESENTADO: PARTIDO DOS TRABALHADORES (PT) - NACIONAL | REPRESENTADO: ROGERIO CORREIA DE MOURA BAPTISTA;;1;2026-09-30;2026-09-30;1;0;1
01/10/2026;06:01:26;2026;0602371-68.2026.6.00.0000;27/09/2026;#NULO#;DF;3;DF;3;27/09/2026;S;Por sorteio;350140;ESTELA ARANHA;59;Juíz Auxiliar;11541;Rp;REPRESENTAÇÃO;11675;Propaganda Política - Propaganda Eleitoral - Televisão;0;1;30/09/2026;Decisão;https://consultaunificadapje.tse.jus.br/#/public/resultado/0602371-68.2026.6.00.0000;11634 | 11675 | 12635;Cargo - Presidente da República | Propaganda Política - Propaganda Eleitoral - Divulgação de Notícia  Sabidamente Falsa | Propaganda Política - Propaganda Eleitoral - Televisão;REPRESENTANTE: COLIGAÇÃO BRASIL PRONTO PRA MAIS;REPRESENTADO: FLAVIO NANTES BOLSONARO | REPRESENTADO: PARTIDO LIBERAL (PL) - NACIONAL;;1;2026-09-30;2026-09-30;1;0;1
01/10/2026;06:01:26;2026;0602397-66.2026.6.00.0000;28/09/2026;#NULO#;DF;3;DF;3;28/09/2026;S;Por sorteio;223256;ANDRÉ MENDONÇA;72;Juiz Auxiliar;11541;Rp;REPRESENTAÇÃO;12635;Propaganda Política - Propaganda Eleitoral - Divulgação de Notícia  Sabidamente Falsa;0;1;29/09/2026;Decisão;https://consultaunificadapje.tse.jus.br/#/public/resultado/0602397-66.2026.6.00.0000;11634 | 11679 | 12635 | 12637 | 15429;Cargo - Presidente da República | Propaganda Política - Propaganda Eleitoral - Divulgação de Notícia  Sabidamente Falsa | Propaganda Política - Propaganda Eleitoral - Internet | Propaganda Política - Propaganda Eleitoral - Redes Sociais | Propaganda Política - Propaganda Eleitoral - Uso de Inteligência Artificial;REPRESENTANTE: COLIGAÇÃO BRASIL PRONTO PRA MAIS;REPRESENTADO: @Lucasgf2405 no X | REPRESENTADO: @rconstantino no X | REPRESENTADO: @resenhaleves no X | REPRESENTADO: Responsável pelo perfil @Lucasgf2405 no X | REPRESENTADO: Responsável pelo perfil @blognaointendo no X | REPRESENTADO: Responsável pelo perfil @rconstantino no X | REPRESENTADO: Responsável pelo perfil @resenhaleves no X;;1;2026-09-29;2026-09-29;1;0;1
01/10/2026;06:01:26;2026;0602436-63.2026.6.00.0000;28/09/2026;#NULO#;DF;3;DF;3;29/09/2026;S;Por sorteio;350140;ESTELA ARANHA;59;Juíz Auxiliar;11541;Rp;REPRESENTAÇÃO;11675;Propaganda Política - Propaganda Eleitoral - Televisão;0;1;30/09/2026;Decisão;https://consultaunificadapje.tse.jus.br/#/public/resultado/0602436-63.2026.6.00.0000;11634 | 11675 | 11680;Cargo - Presidente da República | Propaganda Política - Propaganda Eleitoral - Omissão de Informações Obrigatórias | Propaganda Política - Propaganda Eleitoral - Televisão;REPRESENTANTE: COLIGAÇÃO BRASIL PRONTO PRA MAIS;REPRESENTADO: FLAVIO NANTES BOLSONARO | REPRESENTADO: PARTIDO LIBERAL (PL) - NACIONAL;;1;2026-09-30;2026-09-30;1;0;1
01/10/2026;06:01:26;2026;0602438-33.2026.6.00.0000;28/09/2026;#NULO#;DF;3;DF;3;28/09/2026;PD;Por dependência;6276;DIAS TOFFOLI;3;Ministro;241;PetCiv;PETIÇÃO CÍVEL;11616;Impugnação ao Registro de Candidatura;0;1;30/09/2026;Decisão;https://consultaunificadapje.tse.jus.br/#/public/resultado/0602438-33.2026.6.00.0000;11616 | 11631 | 12044;Cargo - Deputado Federal | Impugnação ao Registro de Candidatura | Registro de Candidatura - DRAP Partido/Coligação;REQUERENTE: AVANTE (AVANTE) - ESTADUAL;REQUERIDO: Ministério Público Eleitoral;;1;2026-09-30;2026-09-30;0;0;0
01/10/2026;06:01:26;2026;0602456-54.2026.6.00.0000;29/09/2026;29/09/2026;DF;3;DF;3;29/09/2026;S;Por sorteio;223256;ANDRÉ MENDONÇA;14;Ministro;120;MSCiv;MANDADO DE SEGURANÇA CÍVEL;12364;Debate Eleitoral;0;1;29/09/2026;Decisão;https://consultaunificadapje.tse.jus.br/#/public/resultado/0602456-54.2026.6.00.0000;11632 | 12364 | 60022;Cargo - Governador | Debate Eleitoral | Representação;IMPETRANTE: ELEICAO 2026 JOAO HENRIQUE MIRANDA SOARES CATAN GOVERNADOR | IMPETRANTE: JOAO HENRIQUE MIRANDA SOARES CATAN;IMPETRADO: PRESIDENTE DO TRIBUNAL REGIONAL ELEITORAL DE MATO GROSSO DO SUL | LITISCONSORTE: TELEVISAO MORENA LIMITADA | ÓRGÃO COATOR: TRIBUNAL REGIONAL ELEITORAL DE MATO GROSSO DO SUL;;1;2026-09-29;2026-09-29;0;0;0
01/10/2026;06:01:26;2026;0602458-24.2026.6.00.0000;29/09/2026;#NULO#;DF;3;DF;3;29/09/2026;S;Por sorteio;223256;ANDRÉ MENDONÇA;14;Ministro;120;MSCiv;MANDADO DE SEGURANÇA CÍVEL;15146;Dissidência Partidária ou Federativa;0;1;30/09/2026;Decisão;https://consultaunificadapje.tse.jus.br/#/public/resultado/0602458-24.2026.6.00.0000;11632 | 11637 | 15146 | 60008;Ação Cautelar | Cargo - Governador | Cargo - Senador | Dissidência Partidária ou Federativa;IMPETRANTE / PACIENTE: FEDERAÇAO UNIÃO PROGRESSISTA - órgão estadual do C | IMPETRANTE: FEDERAÇÃO UNIÃO PROGRESSISTA - ESTADUAL / CE | IMPETRANTE: WAGNER SOUSA GOMES;AUTORIDADE COATORA: MINISTRO FLORIANO DE AZEVEDO MARQUES NETO;;1;2026-09-30;2026-09-30;0;0;0
01/10/2026;06:01:26;2026;0602460-91.2026.6.00.0000;29/09/2026;#NULO#;DF;3;DF;3;29/09/2026;S;Por sorteio;233218;FLORIANO DE AZEVEDO MARQUES;13;Ministro;12134;TutCautAnt;TUTELA CAUTELAR ANTECEDENTE;11593;Direito de Resposta;0;1;30/09/2026;Decisão;https://consultaunificadapje.tse.jus.br/#/public/resultado/0602460-91.2026.6.00.0000;11593 | 11632;Cargo - Governador | Direito de Resposta;REQUERENTE: COLIGAÇÃO FRENTE POPULAR DE PERNAMBUCO | REQUERENTE: JOAO HENRIQUE DE ANDRADE LIMA CAMPOS;REQUERIDA: COLIGAÇÃO PERNAMBUCO DE CORAÇÃO | REQUERIDA: RAQUEL TEIXEIRA LYRA LUCENA;;1;2026-09-30;2026-09-30;0;0;0
01/10/2026;06:01:26;2026;0602461-76.2026.6.00.0000;29/09/2026;#NULO#;DF;3;DF;3;29/09/2026;S;Por sorteio;350140;ESTELA ARANHA;59;Juíz Auxiliar;11541;Rp;REPRESENTAÇÃO;12635;Propaganda Política - Propaganda Eleitoral - Divulgação de Notícia  Sabidamente Falsa;0;1;30/09/2026;Decisão;https://consultaunificadapje.tse.jus.br/#/public/resultado/0602461-76.2026.6.00.0000;11679 | 12635 | 12637;Propaganda Política - Propaganda Eleitoral - Divulgação de Notícia  Sabidamente Falsa | Propaganda Política - Propaganda Eleitoral - Internet | Propaganda Política - Propaganda Eleitoral - Redes Sociais;REPRESENTANTE: COLIGAÇÃO BRASIL PRONTO PRA MAIS;REPRESENTADO: NIKOLAS FERREIRA DE OLIVEIRA;;1;2026-09-30;2026-09-30;1;0;1
01/10/2026;06:01:26;2026;0602463-46.2026.6.00.0000;29/09/2026;#NULO#;DF;3;DF;3;29/09/2026;S;Por sorteio;233218;FLORIANO DE AZEVEDO MARQUES;13;Ministro;12134;TutCautAnt;TUTELA CAUTELAR ANTECEDENTE;11593;Direito de Resposta;0;1;30/09/2026;Decisão;https://consultaunificadapje.tse.jus.br/#/public/resultado/0602463-46.2026.6.00.0000;11593 | 11632;Cargo - Governador | Direito de Resposta;REQUERENTE: COLIGAÇÃO FRENTE POPULAR DE PERNAMBUCO | REQUERENTE: JOAO HENRIQUE DE ANDRADE LIMA CAMPOS;REQUERIDA: COLIGAÇÃO PERNAMBUCO DE CORAÇÃO | REQUERIDA: RAQUEL TEIXEIRA LYRA LUCENA;;1;2026-09-30;2026-09-30;0;0;0
01/10/2026;06:01:26;2026;0602506-52.2026.6.19.0000;14/09/2026;#NULO#;RJ;2;DF;3;14/09/2026;S;Por sorteio;233218;FLORIANO DE AZEVEDO MARQUES;13;Ministro;11549;REspEl;RECURSO ESPECIAL ELEITORAL;11592;Condição de Elegibilidade - Quitação Eleitoral;1;2;30/09/2026;Decisão;https://consultaunificadapje.tse.jus.br/#/public/resultado/0602506-52.2026.6.19.0000;11591 | 11592 | 11618 | 11637;Cargo - Senador | Condição de Elegibilidade - Pleno Exercício dos Direitos Políticos | Condição de Elegibilidade - Quitação Eleitoral | Registro de Candidatura - RRC - Candidato;RECORRENTE: LUIZ EUGENIO HONORATO | RECORRENTE: PARTIDO DA CAUSA OPERARIA - RIO DE JANEIRO - RJ - ESTADUAL;;REPRESENTANTE: Procuradoria Regional Eleitoral no Rio de Janeiro | TERCEIRO INTERESSADO: Procuradoria Regional Eleitoral1.;1;2026-09-30;2026-09-30;0;0;0
01/10/2026;06:01:26;2026;0602506-80.2026.6.00.0000;30/09/2026;#NULO#;DF;3;DF;3;30/09/2026;S;Por sorteio;202679;NUNES MARQUES;60;Juíz Auxiliar;11541;Rp;REPRESENTAÇÃO;12364;Debate Eleitoral;0;1;30/09/2026;Decisão;https://consultaunificadapje.tse.jus.br/#/public/resultado/0602506-80.2026.6.00.0000;11634 | 12364;Cargo - Presidente da República | Debate Eleitoral;REPRESENTANTE: PARTIDO MISSÃO (MISSÃO) - NACIONAL | REPRESENTANTE: RENAN ANTONIO FERREIRA DOS SANTOS;REPRESENTADA: GLOBO COMUNICACAO E PARTICIPACOES S/A;;1;2026-09-30;2026-09-30;0;0;0
01/10/2026;06:01:26;2026;0602670-82.2026.6.13.0000;27/08/2026;#NULO#;MG;2;DF;3;27/08/2026;S;Por sorteio;6276;DIAS TOFFOLI;3;Ministro;11550;RO-El;RECURSO ORDINÁRIO ELEITORAL;60018;Mandado de Segurança;1;1;07/09/2026;Decisão;https://consultaunificadapje.tse.jus.br/#/public/resultado/0602670-82.2026.6.13.0000;60018;Mandado de Segurança;AGRAVANTE: JOSE ALBERTO BORGES DA SILVA;AGRAVADO: PRESIDENTE DO DIRETÓRIO ESTADUAL DO PODEMOS MINAS GERAIS | RECORRIDO: PODEMOS (PODE) - ESTADUAL | RECORRIDO: PRESIDENTE DO PODEMOS (PODE) - ESTADUAL;REPRESENTANTE: Procuradoria Regional Eleitoral | TERCEIRO INTERESSADO: PROCURADOR REGIONAL ELEITORAL;1;2026-09-07;2026-09-07;0;0;0
01/10/2026;06:01:26;2026;0602682-36.2026.6.26.0000;24/09/2026;#NULO#;SP;2;DF;3;24/09/2026;S;Por sorteio;223256;ANDRÉ MENDONÇA;14;Ministro;11550;RO-El;RECURSO ORDINÁRIO ELEITORAL;11592;Condição de Elegibilidade - Quitação Eleitoral;1;1;29/09/2026;Decisão;https://consultaunificadapje.tse.jus.br/#/public/resultado/0602682-36.2026.6.26.0000;11591 | 11592 | 11616 | 11631;Cargo - Deputado Federal | Condição de Elegibilidade - Pleno Exercício dos Direitos Políticos | Condição de Elegibilidade - Quitação Eleitoral | Impugnação ao Registro de Candidatura;AGRAVANTE: AGIR (AGIR) - ESTADUAL | AGRAVANTE: PROCURADORIA REGIONAL ELEITORAL | RECORRENTE: FLAVIO GOMES FREIRE | REPRESENTANTE: Procuradoria Regional Eleitoral;RECORRIDO: Ministério Público Eleitoral;REPRESENTANTE: Procuradoria Regional Eleitoral;1;2026-09-29;2026-09-29;0;0;0
01/10/2026;06:01:26;2026;0602685-88.2026.6.26.0000;25/09/2026;#NULO#;SP;2;DF;3;25/09/2026;S;Por sorteio;6276;DIAS TOFFOLI;3;Ministro;11550;RO-El;RECURSO ORDINÁRIO ELEITORAL;11591;Condição de Elegibilidade - Pleno Exercício dos Direitos Políticos;1;1;29/09/2026;Decisão;https://consultaunificadapje.tse.jus.br/#/public/resultado/0602685-88.2026.6.26.0000;11591 | 11616 | 11631;Cargo - Deputado Federal | Condição de Elegibilidade - Pleno Exercício dos Direitos Políticos | Impugnação ao Registro de Candidatura;AGRAVANTE: AGIR (AGIR) - ESTADUAL | RECORRENTE: JANETE PEREIRA DE ALMEIDA | REPRESENTANTE: Procuradoria Regional Eleitoral;RECORRIDO: Ministério Público Eleitoral;REPRESENTANTE: Procuradoria Regional Eleitoral | TERCEIRO INTERESSADO: PROCURADORIA REGIONAL ELEITORAL;1;2026-09-29;2026-09-29;0;0;0
01/10/2026;06:01:26;2026;0602705-79.2026.6.26.0000;21/09/2026;#NULO#;SP;2;DF;3;21/09/2026;S;Por sorteio;233218;FLORIANO DE AZEVEDO MARQUES;13;Ministro;11550;RO-El;RECURSO ORDINÁRIO ELEITORAL;11591;Condição de Elegibilidade - Pleno Exercício dos Direitos Políticos;1;1;30/09/2026;Decisão;https://consultaunificadapje.tse.jus.br/#/public/resultado/0602705-79.2026.6.26.0000;11591 | 11616 | 11631;Cargo - Deputado Federal | Condição de Elegibilidade - Pleno Exercício dos Direitos Políticos | Impugnação ao Registro de Candidatura;AGRAVANTE: AGIR (AGIR) - ESTADUAL | AGRAVANTE: PROCURADORIA REGIONAL ELEITORAL | RECORRENTE: HERBERTO REQUIAO DE OLIVEIRA | REPRESENTANTE: Procuradoria Regional Eleitoral;RECORRIDO: Ministério Público Eleitoral;REPRESENTANTE: Procuradoria Regional Eleitoral;1;2026-09-30;2026-09-30;0;0;0
01/10/2026;06:01:26;2026;0602710-04.2026.6.26.0000;25/09/2026;#NULO#;SP;2;DF;3;25/09/2026;S;Por sorteio;233218;FLORIANO DE AZEVEDO MARQUES;13;Ministro;11550;RO-El;RECURSO ORDINÁRIO ELEITORAL;11591;Condição de Elegibilidade - Pleno Exercício dos Direitos Políticos;1;1;30/09/2026;Decisão;https://consultaunificadapje.tse.jus.br/#/public/resultado/0602710-04.2026.6.26.0000;11591 | 11616 | 11631;Cargo - Deputado Federal | Condição de Elegibilidade - Pleno Exercício dos Direitos Políticos | Impugnação ao Registro de Candidatura;AGRAVANTE: AGIR (AGIR) - ESTADUAL | AGRAVANTE: PROCURADORIA REGIONAL ELEITORAL | RECORRENTE: MARCELO MARIANO ELIAS | REPRESENTANTE: Procuradoria Regional Eleitoral;RECORRIDO: Ministério Público Eleitoral;REPRESENTANTE: Procuradoria Regional Eleitoral;1;2026-09-30;2026-09-30;0;0;0
01/10/2026;06:01:26;2026;0602714-41.2026.6.26.0000;25/09/2026;#NULO#;SP;2;DF;3;25/09/2026;S;Por sorteio;233218;FLORIANO DE AZEVEDO MARQUES;13;Ministro;11550;RO-El;RECURSO ORDINÁRIO ELEITORAL;11616;Impugnação ao Registro de Candidatura;1;1;30/09/2026;Decisão;https://consultaunificadapje.tse.jus.br/#/public/resultado/0602714-41.2026.6.26.0000;11591 | 11616 | 11631;Cargo - Deputado Federal | Condição de Elegibilidade - Pleno Exercício dos Direitos Políticos | Impugnação ao Registro de Candidatura;AGRAVANTE: AGIR (AGIR) - ESTADUAL | AGRAVANTE: CLAUDEMIR BAPTISTA CRUZ | AGRAVANTE: PROCURADORIA REGIONAL ELEITORAL | REPRESENTANTE: Procuradoria Regional Eleitoral;RECORRIDO: Ministério Público Eleitoral;REPRESENTANTE: Procuradoria Regional Eleitoral;1;2026-09-30;2026-09-30;0;0;0
01/10/2026;06:01:26;2026;0602741-24.2026.6.26.0000;14/09/2026;#NULO#;SP;2;DF;3;14/09/2026;S;Por sorteio;223256;ANDRÉ MENDONÇA;14;Ministro;11549;REspEl;RECURSO ESPECIAL ELEITORAL;12044;Registro de Candidatura - DRAP Partido/Coligação;1;1;18/09/2026;Decisão;https://consultaunificadapje.tse.jus.br/#/public/resultado/0602741-24.2026.6.26.0000;11632 | 11639 | 11645 | 12044;Cargo - Governador | Cargo - Vice-Governador | Eleições - Eleição Majoritária | Registro de Candidatura - DRAP Partido/Coligação;RECORRENTE: PARTIDO DA CAUSA OPERARIA (PCO) - ESTADUAL;;REPRESENTANTE: Procuradoria Regional Eleitoral | TERCEIRO INTERESSADO: PROCURADORIA REGIONAL ELEITORAL;1;2026-09-18;2026-09-18;0;0;0
01/10/2026;06:01:26;2026;0602742-09.2026.6.26.0000;23/09/2026;#NULO#;SP;2;DF;3;23/09/2026;PP;Por prevenção;223256;ANDRÉ MENDONÇA;14;Ministro;11549;REspEl;RECURSO ESPECIAL ELEITORAL;11618;Registro de Candidatura - RRC - Candidato;1;1;30/09/2026;Decisão;https://consultaunificadapje.tse.jus.br/#/public/resultado/0602742-09.2026.6.26.0000;11618 | 11632 | 11645 | 15590;Cargo - Governador | Eleições - Eleição Majoritária | RRC Indeferido em Função do Indeferimento do DRAP | Registro de Candidatura - RRC - Candidato;RECORRENTE: IZADORA CRISTINA DIAS DA SILVA | RECORRENTE: PARTIDO DA CAUSA OPERARIA (PCO) - ESTADUAL;;REPRESENTANTE: Procuradoria Regional Eleitoral | TERCEIRO INTERESSADO: PROCURADORIA REGIONAL ELEITORAL;1;2026-09-30;2026-09-30;0;0;0
01/10/2026;06:01:26;2026;0602743-91.2026.6.26.0000;23/09/2026;#NULO#;SP;2;DF;3;23/09/2026;PP;Por prevenção;223256;ANDRÉ MENDONÇA;14;Ministro;11549;REspEl;RECURSO ESPECIAL ELEITORAL;11616;Impugnação ao Registro de Candidatura;1;1;30/09/2026;Decisão;https://consultaunificadapje.tse.jus.br/#/public/resultado/0602743-91.2026.6.26.0000;11591 | 11616 | 11639 | 11645 | 15590;Cargo - Vice-Governador | Condição de Elegibilidade - Pleno Exercício dos Direitos Políticos | Eleições - Eleição Majoritária | Impugnação ao Registro de Candidatura | RRC Indeferido em Função do Indeferimento do DRAP;RECORRENTE: NIVALDO ORLANDI | RECORRENTE: PARTIDO DA CAUSA OPERARIA (PCO) - ESTADUAL;RECORRIDO: Ministério Público Eleitoral | REPRESENTANTE: Procuradoria Regional Eleitoral;REPRESENTANTE: Procuradoria Regional Eleitoral | TERCEIRO INTERESSADO: PROCURADORIA REGIONAL ELEITORAL;1;2026-09-30;2026-09-30;0;0;0
01/10/2026;06:01:26;2026;0602758-60.2026.6.26.0000;17/09/2026;#NULO#;SP;2;DF;3;29/09/2026;S;Por sorteio;349772;SEBASTIÃO REIS JUNIOR;11;Ministro;11549;REspEl;RECURSO ESPECIAL ELEITORAL;11616;Impugnação ao Registro de Candidatura;1;2;30/09/2026;Decisão;https://consultaunificadapje.tse.jus.br/#/public/resultado/0602758-60.2026.6.26.0000;11591 | 11616 | 11630 | 15590;Cargo - Deputado Estadual | Condição de Elegibilidade - Pleno Exercício dos Direitos Políticos | Impugnação ao Registro de Candidatura | RRC Indeferido em Função do Indeferimento do DRAP;RECORRENTE: EDSON DA SILVA | RECORRENTE: MOBILIZAÇÃO NACIONAL (MOBILIZA) - ESTADUAL | REPRESENTANTE: Procuradoria Regional Eleitoral;RECORRIDO: Ministério Público Eleitoral;REPRESENTANTE: Procuradoria Regional Eleitoral | TERCEIRO INTERESSADO: PROCURADORIA REGIONAL ELEITORAL;2;2026-09-21;2026-09-30;0;0;0
01/10/2026;06:01:26;2026;0602767-22.2026.6.26.0000;17/09/2026;#NULO#;SP;2;DF;3;29/09/2026;S;Por sorteio;349772;SEBASTIÃO REIS JUNIOR;11;Ministro;11549;REspEl;RECURSO ESPECIAL ELEITORAL;15590;RRC Indeferido em Função do Indeferimento do DRAP;1;1;19/09/2026;Decisão;https://consultaunificadapje.tse.jus.br/#/public/resultado/0602767-22.2026.6.26.0000;11618 | 11630 | 15590;Cargo - Deputado Estadual | RRC Indeferido em Função do Indeferimento do DRAP | Registro de Candidatura - RRC - Candidato;RECORRENTE: ALESSANDRA ALVES | RECORRENTE: MOBILIZAÇÃO NACIONAL (MOBILIZA) - ESTADUAL;;REPRESENTANTE: Procuradoria Regional Eleitoral | TERCEIRO INTERESSADO: PROCURADORIA REGIONAL ELEITORAL;1;2026-09-19;2026-09-19;0;0;0
01/10/2026;06:01:26;2026;0602771-59.2026.6.26.0000;17/09/2026;#NULO#;SP;2;DF;3;17/09/2026;S;Por sorteio;285510;ANTONIO CARLOS FERREIRA;11;Ministro;11549;REspEl;RECURSO ESPECIAL ELEITORAL;11618;Registro de Candidatura - RRC - Candidato;1;1;19/09/2026;Decisão;https://consultaunificadapje.tse.jus.br/#/public/resultado/0602771-59.2026.6.26.0000;11618 | 11630 | 15590;Cargo - Deputado Estadual | RRC Indeferido em Função do Indeferimento do DRAP | Registro de Candidatura - RRC - Candidato;RECORRENTE: JULIANA DE OLIVEIRA MARTINS MACHADO | RECORRENTE: MOBILIZAÇÃO NACIONAL (MOBILIZA) - ESTADUAL;;REPRESENTANTE: Procuradoria Regional Eleitoral | TERCEIRO INTERESSADO: PROCURADORIA REGIONAL ELEITORAL;1;2026-09-19;2026-09-19;0;0;0
01/10/2026;06:01:26;2026;0602810-56.2026.6.26.0000;14/09/2026;#NULO#;SP;2;DF;3;15/09/2026;S;Por sorteio;223256;ANDRÉ MENDONÇA;14;Ministro;11549;REspEl;RECURSO ESPECIAL ELEITORAL;12044;Registro de Candidatura - DRAP Partido/Coligação;1;2;30/09/2026;Acórdão;https://consultaunificadapje.tse.jus.br/#/public/resultado/0602810-56.2026.6.26.0000;11635 | 11636 | 11637 | 12044;Cargo - Primeiro Suplente de Senador | Cargo - Segundo Suplente de Senador | Cargo - Senador | Registro de Candidatura - DRAP Partido/Coligação;RECORRENTE: PARTIDO DA CAUSA OPERARIA (PCO) - ESTADUAL;;REPRESENTANTE: Procuradoria Regional Eleitoral | TERCEIRO INTERESSADO: PROCURADORIA REGIONAL ELEITORAL;2;2026-09-18;2026-09-30;0;0;0
01/10/2026;06:01:26;2026;0602812-26.2026.6.26.0000;20/09/2026;#NULO#;SP;2;DF;3;20/09/2026;S;Por sorteio;223256;ANDRÉ MENDONÇA;14;Ministro;11549;REspEl;RECURSO ESPECIAL ELEITORAL;11618;Registro de Candidatura - RRC - Candidato;1;1;24/09/2026;Decisão;https://consultaunificadapje.tse.jus.br/#/public/resultado/0602812-26.2026.6.26.0000;11618 | 11636 | 15590;Cargo - Segundo Suplente de Senador | RRC Indeferido em Função do Indeferimento do DRAP | Registro de Candidatura - RRC - Candidato;RECORRENTE: ANDRE AMADO | RECORRENTE: PARTIDO DA CAUSA OPERARIA (PCO) - ESTADUAL;;REPRESENTANTE: Procuradoria Regional Eleitoral | TERCEIRO INTERESSADO: PROCURADORIA REGIONAL ELEITORAL;1;2026-09-24;2026-09-24;0;0;0
01/10/2026;06:01:26;2026;0602813-11.2026.6.26.0000;20/09/2026;#NULO#;SP;2;DF;3;20/09/2026;S;Por sorteio;223256;ANDRÉ MENDONÇA;14;Ministro;11549;REspEl;RECURSO ESPECIAL ELEITORAL;11618;Registro de Candidatura - RRC - Candidato;1;1;24/09/2026;Decisão;https://consultaunificadapje.tse.jus.br/#/public/resultado/0602813-11.2026.6.26.0000;11618 | 11635 | 15590;Cargo - Primeiro Suplente de Senador | RRC Indeferido em Função do Indeferimento do DRAP | Registro de Candidatura - RRC - Candidato;RECORRENTE: CARLOS AUGUSTO RODRIGUES | RECORRENTE: PARTIDO DA CAUSA OPERARIA (PCO) - ESTADUAL;;REPRESENTANTE: Procuradoria Regional Eleitoral | TERCEIRO INTERESSADO: PROCURADORIA REGIONAL ELEITORAL;1;2026-09-24;2026-09-24;0;0;0
01/10/2026;06:01:26;2026;0602814-93.2026.6.26.0000;20/09/2026;#NULO#;SP;2;DF;3;20/09/2026;S;Por sorteio;223256;ANDRÉ MENDONÇA;14;Ministro;11549;REspEl;RECURSO ESPECIAL ELEITORAL;11618;Registro de Candidatura - RRC - Candidato;1;1;22/09/2026;Decisão;https://consultaunificadapje.tse.jus.br/#/public/resultado/0602814-93.2026.6.26.0000;11618 | 11637 | 15590;Cargo - Senador | RRC Indeferido em Função do Indeferimento do DRAP | Registro de Candidatura - RRC - Candidato;RECORRENTE: EDNELSON CESARETTI | RECORRENTE: PARTIDO DA CAUSA OPERARIA (PCO) - ESTADUAL;;REPRESENTANTE: Procuradoria Regional Eleitoral | TERCEIRO INTERESSADO: PROCURADORIA REGIONAL ELEITORAL;1;2026-09-22;2026-09-22;0;0;0
01/10/2026;06:01:26;2026;0602890-20.2026.6.26.0000;14/09/2026;#NULO#;SP;2;DF;3;14/09/2026;S;Por sorteio;223256;ANDRÉ MENDONÇA;14;Ministro;11549;REspEl;RECURSO ESPECIAL ELEITORAL;12044;Registro de Candidatura - DRAP Partido/Coligação;1;1;18/09/2026;Decisão;https://consultaunificadapje.tse.jus.br/#/public/resultado/0602890-20.2026.6.26.0000;11631 | 12044;Cargo - Deputado Federal | Registro de Candidatura - DRAP Partido/Coligação;RECORRENTE: PARTIDO DA CAUSA OPERARIA (PCO) - ESTADUAL;;REPRESENTANTE: Procuradoria Regional Eleitoral | TERCEIRO INTERESSADO: PROCURADORIA REGIONAL ELEITORAL;1;2026-09-18;2026-09-18;0;0;0
01/10/2026;06:01:26;2026;0603002-86.2026.6.26.0000;14/09/2026;#NULO#;SP;2;DF;3;14/09/2026;S;Por sorteio;223256;ANDRÉ MENDONÇA;14;Ministro;11549;REspEl;RECURSO ESPECIAL ELEITORAL;12044;Registro de Candidatura - DRAP Partido/Coligação;1;1;18/09/2026;Decisão;https://consultaunificadapje.tse.jus.br/#/public/resultado/0603002-86.2026.6.26.0000;11630 | 12044;Cargo - Deputado Estadual | Registro de Candidatura - DRAP Partido/Coligação;RECORRENTE: PARTIDO DA CAUSA OPERARIA (PCO) - ESTADUAL;;REPRESENTANTE: Procuradoria Regional Eleitoral | TERCEIRO INTERESSADO: PROCURADORIA REGIONAL ELEITORAL;1;2026-09-18;2026-09-18;0;0;0
01/10/2026;06:01:26;2026;0603004-56.2026.6.26.0000;25/09/2026;#NULO#;SP;2;DF;3;25/09/2026;S;Por sorteio;223256;ANDRÉ MENDONÇA;14;Ministro;11549;REspEl;RECURSO ESPECIAL ELEITORAL;15590;RRC Indeferido em Função do Indeferimento do DRAP;1;1;30/09/2026;Decisão;https://consultaunificadapje.tse.jus.br/#/public/resultado/0603004-56.2026.6.26.0000;11592 | 11616 | 11630 | 15590;Cargo - Deputado Estadual | Condição de Elegibilidade - Quitação Eleitoral | Impugnação ao Registro de Candidatura | RRC Indeferido em Função do Indeferimento do DRAP;RECORRENTE: DOUGLAS MARTINS DE ANDRADE | RECORRENTE: PARTIDO DA CAUSA OPERARIA (PCO) - ESTADUAL | RECORRENTE: PROCURADORIA REGIONAL ELEITORAL | REPRESENTANTE: Procuradoria Regional Eleitoral;RECORRIDO: Ministério Público Eleitoral;REPRESENTANTE: Procuradoria Regional Eleitoral;1;2026-09-30;2026-09-30;0;0;0
01/10/2026;06:01:26;2026;0603100-71.2026.6.26.0000;16/09/2026;#NULO#;SP;2;DF;3;16/09/2026;S;Por sorteio;285510;ANTONIO CARLOS FERREIRA;11;Ministro;11550;RO-El;RECURSO ORDINÁRIO ELEITORAL;11627;Registro de Candidatura - Substituição de Candidato - Por Renúncia;1;1;19/09/2026;Decisão;https://consultaunificadapje.tse.jus.br/#/public/resultado/0603100-71.2026.6.26.0000;11600 | 11627 | 11635;Cargo - Primeiro Suplente de Senador | Inelegibilidade - Desincompatibilização | Registro de Candidatura - Substituição de Candidato - Por Renúncia;AGRAVANTE: PROCURADORIA REGIONAL ELEITORAL | RECORRENTE: Ministério Público Eleitoral | REPRESENTANTE: Procuradoria Regional Eleitoral;AGRAVADO: PODEMOS (PODE) - ESTADUAL | RECORRIDA: LUCIANA AVIGO FELIX;;1;2026-09-19;2026-09-19;0;0;0
01/10/2026;06:01:26;2026;0603606-32.2026.6.05.0000;21/09/2026;#NULO#;BA;2;DF;3;21/09/2026;S;Por sorteio;349772;SEBASTIÃO REIS JUNIOR;11;Ministro;120;MSCiv;MANDADO DE SEGURANÇA CÍVEL;15591;Fundo Especial de Financiamento de Campanha (FEFC);1;1;30/09/2026;Decisão;https://consultaunificadapje.tse.jus.br/#/public/resultado/0603606-32.2026.6.05.0000;11630 | 11778 | 15591;Cargo - Deputado Estadual | Fundo Especial de Financiamento de Campanha (FEFC) | Requerimento;IMPETRANTE: MIRANICE DA SILVA LIMA;IMPETRADO: LUIZ FELIPE BALEIA TENUTO ROSSI | IMPETRADO: MOVIMENTO DEMOCRÁTICO BRASILEIRO (MDB) - NACIONAL;REPRESENTANTE: Procuradoria Regional Eleitoral BA | TERCEIRO INTERESSADO: PROCURADORIA REGIONAL ELEITORAL;1;2026-09-30;2026-09-30;0;0;0
01/10/2026;06:01:26;2026;0603610-69.2026.6.05.0000;22/09/2026;#NULO#;BA;2;DF;3;22/09/2026;S;Por sorteio;6276;DIAS TOFFOLI;3;Ministro;120;MSCiv;MANDADO DE SEGURANÇA CÍVEL;15591;Fundo Especial de Financiamento de Campanha (FEFC);1;1;24/09/2026;Decisão;https://consultaunificadapje.tse.jus.br/#/public/resultado/0603610-69.2026.6.05.0000;11630 | 15591;Cargo - Deputado Estadual | Fundo Especial de Financiamento de Campanha (FEFC);IMPETRANTE: CRISTINA CORREIA PURIDADE;CANDIDATO: LUIZ FELIPE BALEIA TENUTO ROSSI | ÓRGÃO COATOR: MOVIMENTO DEMOCRÁTICO BRASILEIRO (MDB) - NACIONAL;REPRESENTANTE: Procuradoria Regional Eleitoral BA | TERCEIRO INTERESSADO: JAYME DE SOUZA VIEIRA LIMA FILHO | TERCEIRO INTERESSADO: PROCURADORIA REGIONAL ELEITORAL;1;2026-09-24;2026-09-24;0;0;0
